2026-01-10 14:02:57 - media_renamer_app - INFO - Application logging initialized - Log file: c:\Kiro\MediaUtils\logs\app_20260110_140257.log
2026-01-10 14:02:57 - media_renamer_app - INFO - Session logging initialized - Session file: c:\Kiro\MediaUtils\logs\session_20260110_140257.log
2026-01-10 14:02:57 - media_renamer_app - INFO - Application starting - Media File Renamer v2.0.0
2026-01-10 14:02:57 - media_renamer_app - INFO - City cache loaded with 88 entries
2026-01-10 14:02:57 - media_renamer_app - INFO - All application systems initialized successfully
2026-01-10 14:02:57 - media_renamer_app - INFO - GUI application starting up with integrated systems
2026-01-10 14:02:57 - media_renamer_app - INFO - MediaProcessor initialized with caching and error recovery
2026-01-10 14:02:57 - media_renamer_app - INFO - FileOperations initialized with 25 supported extensions
2026-01-10 14:02:57 - media_renamer_app - INFO - GUI window initialized with geometry: 1x1+153+180
2026-01-10 14:02:57 - media_renamer_app - INFO - GUI application initialization completed
2026-01-10 14:02:57 - media_renamer_app - INFO - Starting GUI application...
2026-01-10 14:03:02 - media_renamer_app - INFO - User initiated file discovery for folder: D:\Photos\Nef\Samos
2026-01-10 14:03:02 - media_renamer_app - INFO - Starting file discovery and metadata extraction
2026-01-10 14:03:02 - media_renamer_app - INFO - Starting file discovery in folder: D:\Photos\Nef\Samos
2026-01-10 14:03:02 - media_renamer_app - INFO - Found 286 total files in D:\Photos\Nef\Samos
2026-01-10 14:03:02 - media_renamer_app - INFO - Discovered 286 supported media files
2026-01-10 14:03:02 - media_renamer_app - INFO - Discovered 286 files in D:\Photos\Nef\Samos
2026-01-10 14:03:02 - media_renamer_app - INFO - Successfully extracted date from image D:\Photos\Nef\Samos\ 2024.08.09-19.34.35.001._c1.NEF: 2024-08-09 19:34:35
2026-01-10 14:03:02 - media_renamer_app - WARNING - exifread not available for RAW file GPS extraction: D:\Photos\Nef\Samos\ 2024.08.09-19.34.35.001._c1.NEF
2026-01-10 14:03:02 - media_renamer_app - WARNING - Install exifread for better RAW support: pip install exifread
2026-01-10 14:03:02 - media_renamer_app - INFO - Successfully extracted date from image D:\Photos\Nef\Samos\DSC_0457.NEF: 2024-08-09 19:35:13
2026-01-10 14:03:02 - media_renamer_app - WARNING - exifread not available for RAW file GPS extraction: D:\Photos\Nef\Samos\DSC_0457.NEF
2026-01-10 14:03:02 - media_renamer_app - WARNING - Install exifread for better RAW support: pip install exifread
2026-01-10 14:03:02 - media_renamer_app - INFO - Successfully extracted date from image D:\Photos\Nef\Samos\DSC_0458.NEF: 2024-08-09 19:35:19
2026-01-10 14:03:02 - media_renamer_app - WARNING - exifread not available for RAW file GPS extraction: D:\Photos\Nef\Samos\DSC_0458.NEF
2026-01-10 14:03:02 - media_renamer_app - WARNING - Install exifread for better RAW support: pip install exifread
2026-01-10 14:03:02 - media_renamer_app - INFO - Successfully extracted date from image D:\Photos\Nef\Samos\DSC_0459.NEF: 2024-08-09 19:35:31
2026-01-10 14:03:02 - media_renamer_app - WARNING - exifread not available for RAW file GPS extraction: D:\Photos\Nef\Samos\DSC_0459.NEF
2026-01-10 14:03:02 - media_renamer_app - WARNING - Install exifread for better RAW support: pip install exifread
2026-01-10 14:03:02 - media_renamer_app - INFO - Successfully extracted date from image D:\Photos\Nef\Samos\DSC_0460.NEF: 2024-08-09 19:36:22
2026-01-10 14:03:02 - media_renamer_app - WARNING - exifread not available for RAW file GPS extraction: D:\Photos\Nef\Samos\DSC_0460.NEF
2026-01-10 14:03:02 - media_renamer_app - WARNING - Install exifread for better RAW support: pip install exifread
2026-01-10 14:03:02 - media_renamer_app - INFO - Successfully extracted date from image D:\Photos\Nef\Samos\DSC_0461.NEF: 2024-08-09 19:36:32
2026-01-10 14:03:02 - media_renamer_app - WARNING - exifread not available for RAW file GPS extraction: D:\Photos\Nef\Samos\DSC_0461.NEF
2026-01-10 14:03:02 - media_renamer_app - WARNING - Install exifread for better RAW support: pip install exifread
2026-01-10 14:03:02 - media_renamer_app - INFO - Successfully extracted date from image D:\Photos\Nef\Samos\DSC_0464.NEF: 2024-08-09 19:38:38
2026-01-10 14:03:02 - media_renamer_app - WARNING - exifread not available for RAW file GPS extraction: D:\Photos\Nef\Samos\DSC_0464.NEF
2026-01-10 14:03:02 - media_renamer_app - WARNING - Install exifread for better RAW support: pip install exifread
2026-01-10 14:03:02 - media_renamer_app - INFO - Successfully extracted date from image D:\Photos\Nef\Samos\DSC_0465.NEF: 2024-08-09 19:38:53
2026-01-10 14:03:02 - media_renamer_app - WARNING - exifread not available for RAW file GPS extraction: D:\Photos\Nef\Samos\DSC_0465.NEF
2026-01-10 14:03:02 - media_renamer_app - WARNING - Install exifread for better RAW support: pip install exifread
2026-01-10 14:03:02 - media_renamer_app - INFO - Successfully extracted date from image D:\Photos\Nef\Samos\DSC_0466.NEF: 2024-08-09 19:39:02
2026-01-10 14:03:02 - media_renamer_app - WARNING - exifread not available for RAW file GPS extraction: D:\Photos\Nef\Samos\DSC_0466.NEF
2026-01-10 14:03:02 - media_renamer_app - WARNING - Install exifread for better RAW support: pip install exifread
2026-01-10 14:03:02 - media_renamer_app - INFO - Successfully extracted date from image D:\Photos\Nef\Samos\DSC_0467.NEF: 2024-08-09 19:39:20
2026-01-10 14:03:02 - media_renamer_app - WARNING - exifread not available for RAW file GPS extraction: D:\Photos\Nef\Samos\DSC_0467.NEF
2026-01-10 14:03:02 - media_renamer_app - WARNING - Install exifread for better RAW support: pip install exifread
2026-01-10 14:03:02 - media_renamer_app - INFO - Successfully extracted date from image D:\Photos\Nef\Samos\DSC_0468.NEF: 2024-08-09 19:39:53
2026-01-10 14:03:02 - media_renamer_app - WARNING - exifread not available for RAW file GPS extraction: D:\Photos\Nef\Samos\DSC_0468.NEF
2026-01-10 14:03:02 - media_renamer_app - WARNING - Install exifread for better RAW support: pip install exifread
2026-01-10 14:03:02 - media_renamer_app - INFO - Successfully extracted date from image D:\Photos\Nef\Samos\DSC_0469.NEF: 2024-08-09 19:40:32
2026-01-10 14:03:02 - media_renamer_app - WARNING - exifread not available for RAW file GPS extraction: D:\Photos\Nef\Samos\DSC_0469.NEF
2026-01-10 14:03:02 - media_renamer_app - WARNING - Install exifread for better RAW support: pip install exifread
2026-01-10 14:03:02 - media_renamer_app - INFO - Successfully extracted date from image D:\Photos\Nef\Samos\DSC_0470.NEF: 2024-08-09 19:40:49
2026-01-10 14:03:02 - media_renamer_app - WARNING - exifread not available for RAW file GPS extraction: D:\Photos\Nef\Samos\DSC_0470.NEF
2026-01-10 14:03:02 - media_renamer_app - WARNING - Install exifread for better RAW support: pip install exifread
2026-01-10 14:03:02 - media_renamer_app - INFO - Successfully extracted date from image D:\Photos\Nef\Samos\DSC_0471.NEF: 2024-08-09 19:40:55
2026-01-10 14:03:02 - media_renamer_app - WARNING - exifread not available for RAW file GPS extraction: D:\Photos\Nef\Samos\DSC_0471.NEF
2026-01-10 14:03:02 - media_renamer_app - WARNING - Install exifread for better RAW support: pip install exifread
2026-01-10 14:03:02 - media_renamer_app - INFO - Successfully extracted date from image D:\Photos\Nef\Samos\DSC_0473.NEF: 2024-08-09 19:44:27
2026-01-10 14:03:02 - media_renamer_app - WARNING - exifread not available for RAW file GPS extraction: D:\Photos\Nef\Samos\DSC_0473.NEF
2026-01-10 14:03:02 - media_renamer_app - WARNING - Install exifread for better RAW support: pip install exifread
2026-01-10 14:03:02 - media_renamer_app - INFO - Successfully extracted date from image D:\Photos\Nef\Samos\DSC_0484.NEF: 2024-08-09 19:45:14
2026-01-10 14:03:02 - media_renamer_app - WARNING - exifread not available for RAW file GPS extraction: D:\Photos\Nef\Samos\DSC_0484.NEF
2026-01-10 14:03:02 - media_renamer_app - WARNING - Install exifread for better RAW support: pip install exifread
2026-01-10 14:03:02 - media_renamer_app - INFO - Successfully extracted date from image D:\Photos\Nef\Samos\DSC_0486.NEF: 2024-08-09 19:45:17
2026-01-10 14:03:02 - media_renamer_app - WARNING - exifread not available for RAW file GPS extraction: D:\Photos\Nef\Samos\DSC_0486.NEF
2026-01-10 14:03:02 - media_renamer_app - WARNING - Install exifread for better RAW support: pip install exifread
2026-01-10 14:03:02 - media_renamer_app - INFO - Successfully extracted date from image D:\Photos\Nef\Samos\DSC_0512.NEF: 2024-08-09 19:46:19
2026-01-10 14:03:02 - media_renamer_app - WARNING - exifread not available for RAW file GPS extraction: D:\Photos\Nef\Samos\DSC_0512.NEF
2026-01-10 14:03:02 - media_renamer_app - WARNING - Install exifread for better RAW support: pip install exifread
2026-01-10 14:03:02 - media_renamer_app - INFO - Successfully extracted date from image D:\Photos\Nef\Samos\DSC_0514.NEF: 2024-08-09 19:46:20
2026-01-10 14:03:02 - media_renamer_app - WARNING - exifread not available for RAW file GPS extraction: D:\Photos\Nef\Samos\DSC_0514.NEF
2026-01-10 14:03:02 - media_renamer_app - WARNING - Install exifread for better RAW support: pip install exifread
2026-01-10 14:03:02 - media_renamer_app - INFO - Successfully extracted date from image D:\Photos\Nef\Samos\DSC_0523.NEF: 2024-08-09 19:48:13
2026-01-10 14:03:02 - media_renamer_app - WARNING - exifread not available for RAW file GPS extraction: D:\Photos\Nef\Samos\DSC_0523.NEF
2026-01-10 14:03:02 - media_renamer_app - WARNING - Install exifread for better RAW support: pip install exifread
2026-01-10 14:03:02 - media_renamer_app - INFO - Successfully extracted date from image D:\Photos\Nef\Samos\DSC_0526.NEF: 2024-08-09 19:48:49
2026-01-10 14:03:02 - media_renamer_app - WARNING - exifread not available for RAW file GPS extraction: D:\Photos\Nef\Samos\DSC_0526.NEF
2026-01-10 14:03:02 - media_renamer_app - WARNING - Install exifread for better RAW support: pip install exifread
2026-01-10 14:03:02 - media_renamer_app - INFO - Successfully extracted date from image D:\Photos\Nef\Samos\DSC_0528.NEF: 2024-08-09 19:59:09
2026-01-10 14:03:02 - media_renamer_app - WARNING - exifread not available for RAW file GPS extraction: D:\Photos\Nef\Samos\DSC_0528.NEF
2026-01-10 14:03:02 - media_renamer_app - WARNING - Install exifread for better RAW support: pip install exifread
2026-01-10 14:03:02 - media_renamer_app - INFO - Successfully extracted date from image D:\Photos\Nef\Samos\DSC_0529.NEF: 2024-08-09 19:59:20
2026-01-10 14:03:02 - media_renamer_app - WARNING - exifread not available for RAW file GPS extraction: D:\Photos\Nef\Samos\DSC_0529.NEF
2026-01-10 14:03:02 - media_renamer_app - WARNING - Install exifread for better RAW support: pip install exifread
2026-01-10 14:03:02 - media_renamer_app - INFO - Successfully extracted date from image D:\Photos\Nef\Samos\DSC_0530.NEF: 2024-08-09 19:59:32
2026-01-10 14:03:02 - media_renamer_app - WARNING - exifread not available for RAW file GPS extraction: D:\Photos\Nef\Samos\DSC_0530.NEF
2026-01-10 14:03:02 - media_renamer_app - WARNING - Install exifread for better RAW support: pip install exifread
2026-01-10 14:03:02 - media_renamer_app - INFO - Successfully extracted date from image D:\Photos\Nef\Samos\DSC_0532.NEF: 2024-08-09 20:00:20
2026-01-10 14:03:02 - media_renamer_app - WARNING - exifread not available for RAW file GPS extraction: D:\Photos\Nef\Samos\DSC_0532.NEF
2026-01-10 14:03:02 - media_renamer_app - WARNING - Install exifread for better RAW support: pip install exifread
2026-01-10 14:03:02 - media_renamer_app - INFO - Successfully extracted date from image D:\Photos\Nef\Samos\DSC_0540.NEF: 2024-08-09 20:03:10
2026-01-10 14:03:02 - media_renamer_app - WARNING - exifread not available for RAW file GPS extraction: D:\Photos\Nef\Samos\DSC_0540.NEF
2026-01-10 14:03:02 - media_renamer_app - WARNING - Install exifread for better RAW support: pip install exifread
2026-01-10 14:03:02 - media_renamer_app - INFO - Successfully extracted date from image D:\Photos\Nef\Samos\DSC_0541.NEF: 2024-08-09 20:03:35
2026-01-10 14:03:02 - media_renamer_app - WARNING - exifread not available for RAW file GPS extraction: D:\Photos\Nef\Samos\DSC_0541.NEF
2026-01-10 14:03:02 - media_renamer_app - WARNING - Install exifread for better RAW support: pip install exifread
2026-01-10 14:03:02 - media_renamer_app - INFO - Successfully extracted date from image D:\Photos\Nef\Samos\DSC_0542.NEF: 2024-08-09 20:03:37
2026-01-10 14:03:02 - media_renamer_app - WARNING - exifread not available for RAW file GPS extraction: D:\Photos\Nef\Samos\DSC_0542.NEF
2026-01-10 14:03:02 - media_renamer_app - WARNING - Install exifread for better RAW support: pip install exifread
2026-01-10 14:03:02 - media_renamer_app - INFO - Successfully extracted date from image D:\Photos\Nef\Samos\DSC_0543.NEF: 2024-08-09 20:03:37
2026-01-10 14:03:02 - media_renamer_app - WARNING - exifread not available for RAW file GPS extraction: D:\Photos\Nef\Samos\DSC_0543.NEF
2026-01-10 14:03:02 - media_renamer_app - WARNING - Install exifread for better RAW support: pip install exifread
2026-01-10 14:03:02 - media_renamer_app - INFO - Successfully extracted date from image D:\Photos\Nef\Samos\DSC_0548.NEF: 2024-08-10 10:04:53
2026-01-10 14:03:02 - media_renamer_app - WARNING - exifread not available for RAW file GPS extraction: D:\Photos\Nef\Samos\DSC_0548.NEF
2026-01-10 14:03:02 - media_renamer_app - WARNING - Install exifread for better RAW support: pip install exifread
2026-01-10 14:03:02 - media_renamer_app - INFO - Successfully extracted date from image D:\Photos\Nef\Samos\DSC_0556.NEF: 2024-08-10 10:04:55
2026-01-10 14:03:02 - media_renamer_app - WARNING - exifread not available for RAW file GPS extraction: D:\Photos\Nef\Samos\DSC_0556.NEF
2026-01-10 14:03:02 - media_renamer_app - WARNING - Install exifread for better RAW support: pip install exifread
2026-01-10 14:03:02 - media_renamer_app - INFO - Successfully extracted date from image D:\Photos\Nef\Samos\DSC_0569.NEF: 2024-08-10 10:10:25
2026-01-10 14:03:02 - media_renamer_app - WARNING - exifread not available for RAW file GPS extraction: D:\Photos\Nef\Samos\DSC_0569.NEF
2026-01-10 14:03:02 - media_renamer_app - WARNING - Install exifread for better RAW support: pip install exifread
2026-01-10 14:03:02 - media_renamer_app - INFO - Successfully extracted date from image D:\Photos\Nef\Samos\DSC_0573.NEF: 2024-08-10 10:11:27
2026-01-10 14:03:02 - media_renamer_app - WARNING - exifread not available for RAW file GPS extraction: D:\Photos\Nef\Samos\DSC_0573.NEF
2026-01-10 14:03:02 - media_renamer_app - WARNING - Install exifread for better RAW support: pip install exifread
2026-01-10 14:03:02 - media_renamer_app - INFO - Successfully extracted date from image D:\Photos\Nef\Samos\DSC_0574.NEF: 2024-08-10 10:11:50
2026-01-10 14:03:02 - media_renamer_app - WARNING - exifread not available for RAW file GPS extraction: D:\Photos\Nef\Samos\DSC_0574.NEF
2026-01-10 14:03:02 - media_renamer_app - WARNING - Install exifread for better RAW support: pip install exifread
2026-01-10 14:03:02 - media_renamer_app - INFO - Successfully extracted date from image D:\Photos\Nef\Samos\DSC_0575.NEF: 2024-08-10 10:11:56
2026-01-10 14:03:02 - media_renamer_app - WARNING - exifread not available for RAW file GPS extraction: D:\Photos\Nef\Samos\DSC_0575.NEF
2026-01-10 14:03:02 - media_renamer_app - WARNING - Install exifread for better RAW support: pip install exifread
2026-01-10 14:03:02 - media_renamer_app - INFO - Successfully extracted date from image D:\Photos\Nef\Samos\DSC_0576.NEF: 2024-08-10 10:14:25
2026-01-10 14:03:02 - media_renamer_app - WARNING - exifread not available for RAW file GPS extraction: D:\Photos\Nef\Samos\DSC_0576.NEF
2026-01-10 14:03:02 - media_renamer_app - WARNING - Install exifread for better RAW support: pip install exifread
2026-01-10 14:03:02 - media_renamer_app - INFO - Successfully extracted date from image D:\Photos\Nef\Samos\DSC_0577.NEF: 2024-08-10 10:15:32
2026-01-10 14:03:02 - media_renamer_app - WARNING - exifread not available for RAW file GPS extraction: D:\Photos\Nef\Samos\DSC_0577.NEF
2026-01-10 14:03:02 - media_renamer_app - WARNING - Install exifread for better RAW support: pip install exifread
2026-01-10 14:03:02 - media_renamer_app - INFO - Successfully extracted date from image D:\Photos\Nef\Samos\DSC_0578.NEF: 2024-08-10 10:15:50
2026-01-10 14:03:02 - media_renamer_app - WARNING - exifread not available for RAW file GPS extraction: D:\Photos\Nef\Samos\DSC_0578.NEF
2026-01-10 14:03:02 - media_renamer_app - WARNING - Install exifread for better RAW support: pip install exifread
2026-01-10 14:03:02 - media_renamer_app - INFO - Successfully extracted date from image D:\Photos\Nef\Samos\DSC_0579.NEF: 2024-08-10 10:16:01
2026-01-10 14:03:02 - media_renamer_app - WARNING - exifread not available for RAW file GPS extraction: D:\Photos\Nef\Samos\DSC_0579.NEF
2026-01-10 14:03:02 - media_renamer_app - WARNING - Install exifread for better RAW support: pip install exifread
2026-01-10 14:03:02 - media_renamer_app - INFO - Successfully extracted date from image D:\Photos\Nef\Samos\DSC_0580.NEF: 2024-08-10 10:16:31
2026-01-10 14:03:02 - media_renamer_app - WARNING - exifread not available for RAW file GPS extraction: D:\Photos\Nef\Samos\DSC_0580.NEF
2026-01-10 14:03:02 - media_renamer_app - WARNING - Install exifread for better RAW support: pip install exifread
2026-01-10 14:03:02 - media_renamer_app - INFO - Successfully extracted date from image D:\Photos\Nef\Samos\DSC_0581.NEF: 2024-08-10 10:16:39
2026-01-10 14:03:02 - media_renamer_app - WARNING - exifread not available for RAW file GPS extraction: D:\Photos\Nef\Samos\DSC_0581.NEF
2026-01-10 14:03:02 - media_renamer_app - WARNING - Install exifread for better RAW support: pip install exifread
2026-01-10 14:03:02 - media_renamer_app - INFO - Successfully extracted date from image D:\Photos\Nef\Samos\DSC_0583.NEF: 2024-08-10 10:17:16
2026-01-10 14:03:02 - media_renamer_app - WARNING - exifread not available for RAW file GPS extraction: D:\Photos\Nef\Samos\DSC_0583.NEF
2026-01-10 14:03:02 - media_renamer_app - WARNING - Install exifread for better RAW support: pip install exifread
2026-01-10 14:03:02 - media_renamer_app - INFO - Successfully extracted date from image D:\Photos\Nef\Samos\DSC_0590.NEF: 2024-08-10 10:18:21
2026-01-10 14:03:02 - media_renamer_app - WARNING - exifread not available for RAW file GPS extraction: D:\Photos\Nef\Samos\DSC_0590.NEF
2026-01-10 14:03:02 - media_renamer_app - WARNING - Install exifread for better RAW support: pip install exifread
2026-01-10 14:03:02 - media_renamer_app - INFO - Successfully extracted date from image D:\Photos\Nef\Samos\DSC_0591.NEF: 2024-08-10 10:18:23
2026-01-10 14:03:02 - media_renamer_app - WARNING - exifread not available for RAW file GPS extraction: D:\Photos\Nef\Samos\DSC_0591.NEF
2026-01-10 14:03:02 - media_renamer_app - WARNING - Install exifread for better RAW support: pip install exifread
2026-01-10 14:03:02 - media_renamer_app - INFO - Successfully extracted date from image D:\Photos\Nef\Samos\DSC_0593.NEF: 2024-08-10 10:18:51
2026-01-10 14:03:02 - media_renamer_app - WARNING - exifread not available for RAW file GPS extraction: D:\Photos\Nef\Samos\DSC_0593.NEF
2026-01-10 14:03:02 - media_renamer_app - WARNING - Install exifread for better RAW support: pip install exifread
2026-01-10 14:03:02 - media_renamer_app - INFO - Successfully extracted date from image D:\Photos\Nef\Samos\DSC_0594.NEF: 2024-08-10 10:18:55
2026-01-10 14:03:02 - media_renamer_app - WARNING - exifread not available for RAW file GPS extraction: D:\Photos\Nef\Samos\DSC_0594.NEF
2026-01-10 14:03:02 - media_renamer_app - WARNING - Install exifread for better RAW support: pip install exifread
2026-01-10 14:03:02 - media_renamer_app - INFO - Successfully extracted date from image D:\Photos\Nef\Samos\DSC_0595.NEF: 2024-08-10 10:18:56
2026-01-10 14:03:02 - media_renamer_app - WARNING - exifread not available for RAW file GPS extraction: D:\Photos\Nef\Samos\DSC_0595.NEF
2026-01-10 14:03:02 - media_renamer_app - WARNING - Install exifread for better RAW support: pip install exifread
2026-01-10 14:03:02 - media_renamer_app - INFO - Successfully extracted date from image D:\Photos\Nef\Samos\DSC_0596.NEF: 2024-08-10 10:19:08
2026-01-10 14:03:02 - media_renamer_app - WARNING - exifread not available for RAW file GPS extraction: D:\Photos\Nef\Samos\DSC_0596.NEF
2026-01-10 14:03:02 - media_renamer_app - WARNING - Install exifread for better RAW support: pip install exifread
2026-01-10 14:03:02 - media_renamer_app - INFO - Successfully extracted date from image D:\Photos\Nef\Samos\DSC_0597.NEF: 2024-08-10 10:19:10
2026-01-10 14:03:02 - media_renamer_app - WARNING - exifread not available for RAW file GPS extraction: D:\Photos\Nef\Samos\DSC_0597.NEF
2026-01-10 14:03:02 - media_renamer_app - WARNING - Install exifread for better RAW support: pip install exifread
2026-01-10 14:03:02 - media_renamer_app - INFO - Successfully extracted date from image D:\Photos\Nef\Samos\DSC_0598.NEF: 2024-08-10 10:19:37
2026-01-10 14:03:02 - media_renamer_app - WARNING - exifread not available for RAW file GPS extraction: D:\Photos\Nef\Samos\DSC_0598.NEF
2026-01-10 14:03:02 - media_renamer_app - WARNING - Install exifread for better RAW support: pip install exifread
2026-01-10 14:03:02 - media_renamer_app - INFO - Successfully extracted date from image D:\Photos\Nef\Samos\DSC_0599.NEF: 2024-08-10 10:19:48
2026-01-10 14:03:02 - media_renamer_app - WARNING - exifread not available for RAW file GPS extraction: D:\Photos\Nef\Samos\DSC_0599.NEF
2026-01-10 14:03:02 - media_renamer_app - WARNING - Install exifread for better RAW support: pip install exifread
2026-01-10 14:03:02 - media_renamer_app - INFO - Successfully extracted date from image D:\Photos\Nef\Samos\DSC_0600.NEF: 2024-08-10 10:20:23
2026-01-10 14:03:02 - media_renamer_app - WARNING - exifread not available for RAW file GPS extraction: D:\Photos\Nef\Samos\DSC_0600.NEF
2026-01-10 14:03:02 - media_renamer_app - WARNING - Install exifread for better RAW support: pip install exifread
2026-01-10 14:03:02 - media_renamer_app - INFO - Successfully extracted date from image D:\Photos\Nef\Samos\DSC_0601.NEF: 2024-08-10 10:20:34
2026-01-10 14:03:02 - media_renamer_app - WARNING - exifread not available for RAW file GPS extraction: D:\Photos\Nef\Samos\DSC_0601.NEF
2026-01-10 14:03:02 - media_renamer_app - WARNING - Install exifread for better RAW support: pip install exifread
2026-01-10 14:03:02 - media_renamer_app - INFO - Successfully extracted date from image D:\Photos\Nef\Samos\DSC_0602.NEF: 2024-08-10 10:21:03
2026-01-10 14:03:02 - media_renamer_app - WARNING - exifread not available for RAW file GPS extraction: D:\Photos\Nef\Samos\DSC_0602.NEF
2026-01-10 14:03:02 - media_renamer_app - WARNING - Install exifread for better RAW support: pip install exifread
2026-01-10 14:03:02 - media_renamer_app - INFO - Successfully extracted date from image D:\Photos\Nef\Samos\DSC_0603.NEF: 2024-08-10 10:21:40
2026-01-10 14:03:02 - media_renamer_app - WARNING - exifread not available for RAW file GPS extraction: D:\Photos\Nef\Samos\DSC_0603.NEF
2026-01-10 14:03:02 - media_renamer_app - WARNING - Install exifread for better RAW support: pip install exifread
2026-01-10 14:03:02 - media_renamer_app - INFO - Successfully extracted date from image D:\Photos\Nef\Samos\DSC_0604.NEF: 2024-08-10 10:21:44
2026-01-10 14:03:02 - media_renamer_app - WARNING - exifread not available for RAW file GPS extraction: D:\Photos\Nef\Samos\DSC_0604.NEF
2026-01-10 14:03:02 - media_renamer_app - WARNING - Install exifread for better RAW support: pip install exifread
2026-01-10 14:03:02 - media_renamer_app - INFO - Successfully extracted date from image D:\Photos\Nef\Samos\DSC_0605.NEF: 2024-08-10 10:21:47
2026-01-10 14:03:02 - media_renamer_app - WARNING - exifread not available for RAW file GPS extraction: D:\Photos\Nef\Samos\DSC_0605.NEF
2026-01-10 14:03:02 - media_renamer_app - WARNING - Install exifread for better RAW support: pip install exifread
2026-01-10 14:03:02 - media_renamer_app - INFO - Successfully extracted date from image D:\Photos\Nef\Samos\DSC_0608.NEF: 2024-08-10 10:24:03
2026-01-10 14:03:02 - media_renamer_app - WARNING - exifread not available for RAW file GPS extraction: D:\Photos\Nef\Samos\DSC_0608.NEF
2026-01-10 14:03:02 - media_renamer_app - WARNING - Install exifread for better RAW support: pip install exifread
2026-01-10 14:03:02 - media_renamer_app - INFO - Successfully extracted date from image D:\Photos\Nef\Samos\DSC_0609.NEF: 2024-08-10 10:24:15
2026-01-10 14:03:02 - media_renamer_app - WARNING - exifread not available for RAW file GPS extraction: D:\Photos\Nef\Samos\DSC_0609.NEF
2026-01-10 14:03:02 - media_renamer_app - WARNING - Install exifread for better RAW support: pip install exifread
2026-01-10 14:03:02 - media_renamer_app - INFO - Successfully extracted date from image D:\Photos\Nef\Samos\DSC_0610.NEF: 2024-08-10 10:25:09
2026-01-10 14:03:02 - media_renamer_app - WARNING - exifread not available for RAW file GPS extraction: D:\Photos\Nef\Samos\DSC_0610.NEF
2026-01-10 14:03:02 - media_renamer_app - WARNING - Install exifread for better RAW support: pip install exifread
2026-01-10 14:03:02 - media_renamer_app - INFO - Successfully extracted date from image D:\Photos\Nef\Samos\DSC_0611.NEF: 2024-08-10 10:25:42
2026-01-10 14:03:02 - media_renamer_app - WARNING - exifread not available for RAW file GPS extraction: D:\Photos\Nef\Samos\DSC_0611.NEF
2026-01-10 14:03:02 - media_renamer_app - WARNING - Install exifread for better RAW support: pip install exifread
2026-01-10 14:03:02 - media_renamer_app - INFO - Successfully extracted date from image D:\Photos\Nef\Samos\DSC_0612.NEF: 2024-08-10 10:26:35
2026-01-10 14:03:02 - media_renamer_app - WARNING - exifread not available for RAW file GPS extraction: D:\Photos\Nef\Samos\DSC_0612.NEF
2026-01-10 14:03:02 - media_renamer_app - WARNING - Install exifread for better RAW support: pip install exifread
2026-01-10 14:03:02 - media_renamer_app - INFO - Successfully extracted date from image D:\Photos\Nef\Samos\DSC_0613.NEF: 2024-08-10 10:26:38
2026-01-10 14:03:02 - media_renamer_app - WARNING - exifread not available for RAW file GPS extraction: D:\Photos\Nef\Samos\DSC_0613.NEF
2026-01-10 14:03:02 - media_renamer_app - WARNING - Install exifread for better RAW support: pip install exifread
2026-01-10 14:03:02 - media_renamer_app - INFO - Successfully extracted date from image D:\Photos\Nef\Samos\DSC_0614.NEF: 2024-08-10 10:27:40
2026-01-10 14:03:02 - media_renamer_app - WARNING - exifread not available for RAW file GPS extraction: D:\Photos\Nef\Samos\DSC_0614.NEF
2026-01-10 14:03:02 - media_renamer_app - WARNING - Install exifread for better RAW support: pip install exifread
2026-01-10 14:03:02 - media_renamer_app - INFO - Successfully extracted date from image D:\Photos\Nef\Samos\DSC_0615.NEF: 2024-08-10 10:28:05
2026-01-10 14:03:02 - media_renamer_app - WARNING - exifread not available for RAW file GPS extraction: D:\Photos\Nef\Samos\DSC_0615.NEF
2026-01-10 14:03:02 - media_renamer_app - WARNING - Install exifread for better RAW support: pip install exifread
2026-01-10 14:03:02 - media_renamer_app - INFO - Successfully extracted date from image D:\Photos\Nef\Samos\DSC_0616.NEF: 2024-08-10 10:30:46
2026-01-10 14:03:02 - media_renamer_app - WARNING - exifread not available for RAW file GPS extraction: D:\Photos\Nef\Samos\DSC_0616.NEF
2026-01-10 14:03:02 - media_renamer_app - WARNING - Install exifread for better RAW support: pip install exifread
2026-01-10 14:03:02 - media_renamer_app - INFO - Successfully extracted date from image D:\Photos\Nef\Samos\DSC_0617.NEF: 2024-08-10 10:31:58
2026-01-10 14:03:02 - media_renamer_app - WARNING - exifread not available for RAW file GPS extraction: D:\Photos\Nef\Samos\DSC_0617.NEF
2026-01-10 14:03:02 - media_renamer_app - WARNING - Install exifread for better RAW support: pip install exifread
2026-01-10 14:03:02 - media_renamer_app - INFO - Successfully extracted date from image D:\Photos\Nef\Samos\DSC_0618.NEF: 2024-08-10 10:32:00
2026-01-10 14:03:02 - media_renamer_app - WARNING - exifread not available for RAW file GPS extraction: D:\Photos\Nef\Samos\DSC_0618.NEF
2026-01-10 14:03:02 - media_renamer_app - WARNING - Install exifread for better RAW support: pip install exifread
2026-01-10 14:03:02 - media_renamer_app - INFO - Successfully extracted date from image D:\Photos\Nef\Samos\DSC_0619.NEF: 2024-08-10 10:32:06
2026-01-10 14:03:02 - media_renamer_app - WARNING - exifread not available for RAW file GPS extraction: D:\Photos\Nef\Samos\DSC_0619.NEF
2026-01-10 14:03:02 - media_renamer_app - WARNING - Install exifread for better RAW support: pip install exifread
2026-01-10 14:03:02 - media_renamer_app - INFO - Successfully extracted date from image D:\Photos\Nef\Samos\DSC_0620.NEF: 2024-08-10 10:35:37
2026-01-10 14:03:02 - media_renamer_app - WARNING - exifread not available for RAW file GPS extraction: D:\Photos\Nef\Samos\DSC_0620.NEF
2026-01-10 14:03:02 - media_renamer_app - WARNING - Install exifread for better RAW support: pip install exifread
2026-01-10 14:03:02 - media_renamer_app - INFO - Successfully extracted date from image D:\Photos\Nef\Samos\DSC_0621.NEF: 2024-08-10 10:35:41
2026-01-10 14:03:02 - media_renamer_app - WARNING - exifread not available for RAW file GPS extraction: D:\Photos\Nef\Samos\DSC_0621.NEF
2026-01-10 14:03:02 - media_renamer_app - WARNING - Install exifread for better RAW support: pip install exifread
2026-01-10 14:03:02 - media_renamer_app - INFO - Successfully extracted date from image D:\Photos\Nef\Samos\DSC_0622.NEF: 2024-08-11 12:27:53
2026-01-10 14:03:02 - media_renamer_app - WARNING - exifread not available for RAW file GPS extraction: D:\Photos\Nef\Samos\DSC_0622.NEF
2026-01-10 14:03:02 - media_renamer_app - WARNING - Install exifread for better RAW support: pip install exifread
2026-01-10 14:03:02 - media_renamer_app - INFO - Successfully extracted date from image D:\Photos\Nef\Samos\DSC_0623.NEF: 2024-08-11 12:28:16
2026-01-10 14:03:02 - media_renamer_app - WARNING - exifread not available for RAW file GPS extraction: D:\Photos\Nef\Samos\DSC_0623.NEF
2026-01-10 14:03:02 - media_renamer_app - WARNING - Install exifread for better RAW support: pip install exifread
2026-01-10 14:03:02 - media_renamer_app - INFO - Successfully extracted date from image D:\Photos\Nef\Samos\DSC_0624.NEF: 2024-08-11 12:31:26
2026-01-10 14:03:02 - media_renamer_app - WARNING - exifread not available for RAW file GPS extraction: D:\Photos\Nef\Samos\DSC_0624.NEF
2026-01-10 14:03:02 - media_renamer_app - WARNING - Install exifread for better RAW support: pip install exifread
2026-01-10 14:03:02 - media_renamer_app - INFO - Successfully extracted date from image D:\Photos\Nef\Samos\DSC_0625.NEF: 2024-08-11 12:33:30
2026-01-10 14:03:02 - media_renamer_app - WARNING - exifread not available for RAW file GPS extraction: D:\Photos\Nef\Samos\DSC_0625.NEF
2026-01-10 14:03:02 - media_renamer_app - WARNING - Install exifread for better RAW support: pip install exifread
2026-01-10 14:03:02 - media_renamer_app - INFO - Successfully extracted date from image D:\Photos\Nef\Samos\DSC_0626.NEF: 2024-08-11 12:33:36
2026-01-10 14:03:02 - media_renamer_app - WARNING - exifread not available for RAW file GPS extraction: D:\Photos\Nef\Samos\DSC_0626.NEF
2026-01-10 14:03:02 - media_renamer_app - WARNING - Install exifread for better RAW support: pip install exifread
2026-01-10 14:03:02 - media_renamer_app - INFO - Successfully extracted date from image D:\Photos\Nef\Samos\DSC_0627.NEF: 2024-08-11 12:33:38
2026-01-10 14:03:02 - media_renamer_app - WARNING - exifread not available for RAW file GPS extraction: D:\Photos\Nef\Samos\DSC_0627.NEF
2026-01-10 14:03:02 - media_renamer_app - WARNING - Install exifread for better RAW support: pip install exifread
2026-01-10 14:03:02 - media_renamer_app - INFO - Successfully extracted date from image D:\Photos\Nef\Samos\DSC_0628.NEF: 2024-08-11 12:33:54
2026-01-10 14:03:02 - media_renamer_app - WARNING - exifread not available for RAW file GPS extraction: D:\Photos\Nef\Samos\DSC_0628.NEF
2026-01-10 14:03:02 - media_renamer_app - WARNING - Install exifread for better RAW support: pip install exifread
2026-01-10 14:03:02 - media_renamer_app - INFO - Successfully extracted date from image D:\Photos\Nef\Samos\DSC_0629.NEF: 2024-08-11 12:34:00
2026-01-10 14:03:02 - media_renamer_app - WARNING - exifread not available for RAW file GPS extraction: D:\Photos\Nef\Samos\DSC_0629.NEF
2026-01-10 14:03:02 - media_renamer_app - WARNING - Install exifread for better RAW support: pip install exifread
2026-01-10 14:03:02 - media_renamer_app - INFO - Successfully extracted date from image D:\Photos\Nef\Samos\DSC_0630.NEF: 2024-08-11 12:34:27
2026-01-10 14:03:02 - media_renamer_app - WARNING - exifread not available for RAW file GPS extraction: D:\Photos\Nef\Samos\DSC_0630.NEF
2026-01-10 14:03:02 - media_renamer_app - WARNING - Install exifread for better RAW support: pip install exifread
2026-01-10 14:03:02 - media_renamer_app - INFO - Successfully extracted date from image D:\Photos\Nef\Samos\DSC_0631.NEF: 2024-08-11 12:35:35
2026-01-10 14:03:02 - media_renamer_app - WARNING - exifread not available for RAW file GPS extraction: D:\Photos\Nef\Samos\DSC_0631.NEF
2026-01-10 14:03:02 - media_renamer_app - WARNING - Install exifread for better RAW support: pip install exifread
2026-01-10 14:03:02 - media_renamer_app - INFO - Successfully extracted date from image D:\Photos\Nef\Samos\DSC_0632.NEF: 2024-08-11 12:36:30
2026-01-10 14:03:02 - media_renamer_app - WARNING - exifread not available for RAW file GPS extraction: D:\Photos\Nef\Samos\DSC_0632.NEF
2026-01-10 14:03:02 - media_renamer_app - WARNING - Install exifread for better RAW support: pip install exifread
2026-01-10 14:03:02 - media_renamer_app - INFO - Successfully extracted date from image D:\Photos\Nef\Samos\DSC_0633.NEF: 2024-08-11 12:36:34
2026-01-10 14:03:02 - media_renamer_app - WARNING - exifread not available for RAW file GPS extraction: D:\Photos\Nef\Samos\DSC_0633.NEF
2026-01-10 14:03:02 - media_renamer_app - WARNING - Install exifread for better RAW support: pip install exifread
2026-01-10 14:03:02 - media_renamer_app - INFO - Successfully extracted date from image D:\Photos\Nef\Samos\DSC_0634.NEF: 2024-08-11 12:39:26
2026-01-10 14:03:02 - media_renamer_app - WARNING - exifread not available for RAW file GPS extraction: D:\Photos\Nef\Samos\DSC_0634.NEF
2026-01-10 14:03:02 - media_renamer_app - WARNING - Install exifread for better RAW support: pip install exifread
2026-01-10 14:03:02 - media_renamer_app - INFO - Successfully extracted date from image D:\Photos\Nef\Samos\DSC_0635.NEF: 2024-08-11 12:39:36
2026-01-10 14:03:02 - media_renamer_app - WARNING - exifread not available for RAW file GPS extraction: D:\Photos\Nef\Samos\DSC_0635.NEF
2026-01-10 14:03:02 - media_renamer_app - WARNING - Install exifread for better RAW support: pip install exifread
2026-01-10 14:03:02 - media_renamer_app - INFO - Successfully extracted date from image D:\Photos\Nef\Samos\DSC_0636.NEF: 2024-08-11 12:41:25
2026-01-10 14:03:02 - media_renamer_app - WARNING - exifread not available for RAW file GPS extraction: D:\Photos\Nef\Samos\DSC_0636.NEF
2026-01-10 14:03:02 - media_renamer_app - WARNING - Install exifread for better RAW support: pip install exifread
2026-01-10 14:03:02 - media_renamer_app - INFO - Successfully extracted date from image D:\Photos\Nef\Samos\DSC_0637.NEF: 2024-08-11 12:41:27
2026-01-10 14:03:02 - media_renamer_app - WARNING - exifread not available for RAW file GPS extraction: D:\Photos\Nef\Samos\DSC_0637.NEF
2026-01-10 14:03:02 - media_renamer_app - WARNING - Install exifread for better RAW support: pip install exifread
2026-01-10 14:03:02 - media_renamer_app - INFO - Successfully extracted date from image D:\Photos\Nef\Samos\DSC_0638.NEF: 2024-08-11 12:41:37
2026-01-10 14:03:02 - media_renamer_app - WARNING - exifread not available for RAW file GPS extraction: D:\Photos\Nef\Samos\DSC_0638.NEF
2026-01-10 14:03:02 - media_renamer_app - WARNING - Install exifread for better RAW support: pip install exifread
2026-01-10 14:03:02 - media_renamer_app - INFO - Successfully extracted date from image D:\Photos\Nef\Samos\DSC_0639.NEF: 2024-08-11 12:41:41
2026-01-10 14:03:02 - media_renamer_app - WARNING - exifread not available for RAW file GPS extraction: D:\Photos\Nef\Samos\DSC_0639.NEF
2026-01-10 14:03:02 - media_renamer_app - WARNING - Install exifread for better RAW support: pip install exifread
2026-01-10 14:03:02 - media_renamer_app - INFO - Successfully extracted date from image D:\Photos\Nef\Samos\DSC_0640.NEF: 2024-08-11 12:41:43
2026-01-10 14:03:03 - media_renamer_app - WARNING - exifread not available for RAW file GPS extraction: D:\Photos\Nef\Samos\DSC_0640.NEF
2026-01-10 14:03:03 - media_renamer_app - WARNING - Install exifread for better RAW support: pip install exifread
2026-01-10 14:03:03 - media_renamer_app - INFO - Successfully extracted date from image D:\Photos\Nef\Samos\DSC_0641.NEF: 2024-08-11 12:41:50
2026-01-10 14:03:03 - media_renamer_app - WARNING - exifread not available for RAW file GPS extraction: D:\Photos\Nef\Samos\DSC_0641.NEF
2026-01-10 14:03:03 - media_renamer_app - WARNING - Install exifread for better RAW support: pip install exifread
2026-01-10 14:03:03 - media_renamer_app - INFO - Successfully extracted date from image D:\Photos\Nef\Samos\DSC_0642.NEF: 2024-08-11 12:41:53
2026-01-10 14:03:03 - media_renamer_app - WARNING - exifread not available for RAW file GPS extraction: D:\Photos\Nef\Samos\DSC_0642.NEF
2026-01-10 14:03:03 - media_renamer_app - WARNING - Install exifread for better RAW support: pip install exifread
2026-01-10 14:03:03 - media_renamer_app - INFO - Successfully extracted date from image D:\Photos\Nef\Samos\DSC_0643.NEF: 2024-08-11 12:42:22
2026-01-10 14:03:03 - media_renamer_app - WARNING - exifread not available for RAW file GPS extraction: D:\Photos\Nef\Samos\DSC_0643.NEF
2026-01-10 14:03:03 - media_renamer_app - WARNING - Install exifread for better RAW support: pip install exifread
2026-01-10 14:03:03 - media_renamer_app - INFO - Successfully extracted date from image D:\Photos\Nef\Samos\DSC_0644.NEF: 2024-08-11 12:42:23
2026-01-10 14:03:03 - media_renamer_app - WARNING - exifread not available for RAW file GPS extraction: D:\Photos\Nef\Samos\DSC_0644.NEF
2026-01-10 14:03:03 - media_renamer_app - WARNING - Install exifread for better RAW support: pip install exifread
2026-01-10 14:03:03 - media_renamer_app - INFO - Successfully extracted date from image D:\Photos\Nef\Samos\DSC_0645.NEF: 2024-08-11 12:42:28
2026-01-10 14:03:03 - media_renamer_app - WARNING - exifread not available for RAW file GPS extraction: D:\Photos\Nef\Samos\DSC_0645.NEF
2026-01-10 14:03:03 - media_renamer_app - WARNING - Install exifread for better RAW support: pip install exifread
2026-01-10 14:03:03 - media_renamer_app - INFO - Successfully extracted date from image D:\Photos\Nef\Samos\DSC_0646.NEF: 2024-08-11 12:42:30
2026-01-10 14:03:03 - media_renamer_app - WARNING - exifread not available for RAW file GPS extraction: D:\Photos\Nef\Samos\DSC_0646.NEF
2026-01-10 14:03:03 - media_renamer_app - WARNING - Install exifread for better RAW support: pip install exifread
2026-01-10 14:03:03 - media_renamer_app - INFO - Successfully extracted date from image D:\Photos\Nef\Samos\DSC_0647.NEF: 2024-08-11 12:42:32
2026-01-10 14:03:03 - media_renamer_app - WARNING - exifread not available for RAW file GPS extraction: D:\Photos\Nef\Samos\DSC_0647.NEF
2026-01-10 14:03:03 - media_renamer_app - WARNING - Install exifread for better RAW support: pip install exifread
2026-01-10 14:03:03 - media_renamer_app - INFO - Successfully extracted date from image D:\Photos\Nef\Samos\DSC_0648.NEF: 2024-08-11 12:47:53
2026-01-10 14:03:03 - media_renamer_app - WARNING - exifread not available for RAW file GPS extraction: D:\Photos\Nef\Samos\DSC_0648.NEF
2026-01-10 14:03:03 - media_renamer_app - WARNING - Install exifread for better RAW support: pip install exifread
2026-01-10 14:03:03 - media_renamer_app - INFO - Successfully extracted date from image D:\Photos\Nef\Samos\DSC_0649.NEF: 2024-08-11 12:47:55
2026-01-10 14:03:03 - media_renamer_app - WARNING - exifread not available for RAW file GPS extraction: D:\Photos\Nef\Samos\DSC_0649.NEF
2026-01-10 14:03:03 - media_renamer_app - WARNING - Install exifread for better RAW support: pip install exifread
2026-01-10 14:03:03 - media_renamer_app - INFO - Successfully extracted date from image D:\Photos\Nef\Samos\DSC_0650.NEF: 2024-08-11 12:47:58
2026-01-10 14:03:03 - media_renamer_app - WARNING - exifread not available for RAW file GPS extraction: D:\Photos\Nef\Samos\DSC_0650.NEF
2026-01-10 14:03:03 - media_renamer_app - WARNING - Install exifread for better RAW support: pip install exifread
2026-01-10 14:03:03 - media_renamer_app - INFO - Successfully extracted date from image D:\Photos\Nef\Samos\DSC_0651.NEF: 2024-08-11 12:48:21
2026-01-10 14:03:03 - media_renamer_app - WARNING - exifread not available for RAW file GPS extraction: D:\Photos\Nef\Samos\DSC_0651.NEF
2026-01-10 14:03:03 - media_renamer_app - WARNING - Install exifread for better RAW support: pip install exifread
2026-01-10 14:03:03 - media_renamer_app - INFO - Successfully extracted date from image D:\Photos\Nef\Samos\DSC_0652.NEF: 2024-08-11 12:48:24
2026-01-10 14:03:03 - media_renamer_app - WARNING - exifread not available for RAW file GPS extraction: D:\Photos\Nef\Samos\DSC_0652.NEF
2026-01-10 14:03:03 - media_renamer_app - WARNING - Install exifread for better RAW support: pip install exifread
2026-01-10 14:03:03 - media_renamer_app - INFO - Successfully extracted date from image D:\Photos\Nef\Samos\DSC_0653.NEF: 2024-08-11 12:51:08
2026-01-10 14:03:03 - media_renamer_app - WARNING - exifread not available for RAW file GPS extraction: D:\Photos\Nef\Samos\DSC_0653.NEF
2026-01-10 14:03:03 - media_renamer_app - WARNING - Install exifread for better RAW support: pip install exifread
2026-01-10 14:03:03 - media_renamer_app - INFO - Successfully extracted date from image D:\Photos\Nef\Samos\DSC_0654.NEF: 2024-08-11 12:51:28
2026-01-10 14:03:03 - media_renamer_app - WARNING - exifread not available for RAW file GPS extraction: D:\Photos\Nef\Samos\DSC_0654.NEF
2026-01-10 14:03:03 - media_renamer_app - WARNING - Install exifread for better RAW support: pip install exifread
2026-01-10 14:03:03 - media_renamer_app - INFO - Successfully extracted date from image D:\Photos\Nef\Samos\DSC_0655.NEF: 2024-08-11 12:51:48
2026-01-10 14:03:03 - media_renamer_app - WARNING - exifread not available for RAW file GPS extraction: D:\Photos\Nef\Samos\DSC_0655.NEF
2026-01-10 14:03:03 - media_renamer_app - WARNING - Install exifread for better RAW support: pip install exifread
2026-01-10 14:03:03 - media_renamer_app - INFO - Successfully extracted date from image D:\Photos\Nef\Samos\DSC_0656.NEF: 2024-08-11 12:51:51
2026-01-10 14:03:03 - media_renamer_app - WARNING - exifread not available for RAW file GPS extraction: D:\Photos\Nef\Samos\DSC_0656.NEF
2026-01-10 14:03:03 - media_renamer_app - WARNING - Install exifread for better RAW support: pip install exifread
2026-01-10 14:03:03 - media_renamer_app - INFO - Successfully extracted date from image D:\Photos\Nef\Samos\DSC_0657.NEF: 2024-08-11 12:51:59
2026-01-10 14:03:03 - media_renamer_app - WARNING - exifread not available for RAW file GPS extraction: D:\Photos\Nef\Samos\DSC_0657.NEF
2026-01-10 14:03:03 - media_renamer_app - WARNING - Install exifread for better RAW support: pip install exifread
2026-01-10 14:03:03 - media_renamer_app - INFO - Successfully extracted date from image D:\Photos\Nef\Samos\DSC_0658.NEF: 2024-08-11 12:52:02
2026-01-10 14:03:03 - media_renamer_app - WARNING - exifread not available for RAW file GPS extraction: D:\Photos\Nef\Samos\DSC_0658.NEF
2026-01-10 14:03:03 - media_renamer_app - WARNING - Install exifread for better RAW support: pip install exifread
2026-01-10 14:03:03 - media_renamer_app - INFO - Successfully extracted date from image D:\Photos\Nef\Samos\DSC_0659.NEF: 2024-08-11 12:52:04
2026-01-10 14:03:03 - media_renamer_app - WARNING - exifread not available for RAW file GPS extraction: D:\Photos\Nef\Samos\DSC_0659.NEF
2026-01-10 14:03:03 - media_renamer_app - WARNING - Install exifread for better RAW support: pip install exifread
2026-01-10 14:03:03 - media_renamer_app - INFO - Successfully extracted date from image D:\Photos\Nef\Samos\DSC_0660.NEF: 2024-08-11 12:52:05
2026-01-10 14:03:03 - media_renamer_app - WARNING - exifread not available for RAW file GPS extraction: D:\Photos\Nef\Samos\DSC_0660.NEF
2026-01-10 14:03:03 - media_renamer_app - WARNING - Install exifread for better RAW support: pip install exifread
2026-01-10 14:03:03 - media_renamer_app - INFO - Successfully extracted date from image D:\Photos\Nef\Samos\DSC_0661.NEF: 2024-08-11 12:52:07
2026-01-10 14:03:03 - media_renamer_app - WARNING - exifread not available for RAW file GPS extraction: D:\Photos\Nef\Samos\DSC_0661.NEF
2026-01-10 14:03:03 - media_renamer_app - WARNING - Install exifread for better RAW support: pip install exifread
2026-01-10 14:03:03 - media_renamer_app - INFO - Successfully extracted date from image D:\Photos\Nef\Samos\DSC_0662.NEF: 2024-08-11 12:52:08
2026-01-10 14:03:03 - media_renamer_app - WARNING - exifread not available for RAW file GPS extraction: D:\Photos\Nef\Samos\DSC_0662.NEF
2026-01-10 14:03:03 - media_renamer_app - WARNING - Install exifread for better RAW support: pip install exifread
2026-01-10 14:03:03 - media_renamer_app - INFO - Successfully extracted date from image D:\Photos\Nef\Samos\DSC_0663.NEF: 2024-08-11 13:05:41
2026-01-10 14:03:03 - media_renamer_app - WARNING - exifread not available for RAW file GPS extraction: D:\Photos\Nef\Samos\DSC_0663.NEF
2026-01-10 14:03:03 - media_renamer_app - WARNING - Install exifread for better RAW support: pip install exifread
2026-01-10 14:03:03 - media_renamer_app - INFO - Successfully extracted date from image D:\Photos\Nef\Samos\DSC_0664.NEF: 2024-08-11 13:05:43
2026-01-10 14:03:03 - media_renamer_app - WARNING - exifread not available for RAW file GPS extraction: D:\Photos\Nef\Samos\DSC_0664.NEF
2026-01-10 14:03:03 - media_renamer_app - WARNING - Install exifread for better RAW support: pip install exifread
2026-01-10 14:03:03 - media_renamer_app - INFO - Successfully extracted date from image D:\Photos\Nef\Samos\DSC_0665.NEF: 2024-08-11 13:06:04
2026-01-10 14:03:03 - media_renamer_app - WARNING - exifread not available for RAW file GPS extraction: D:\Photos\Nef\Samos\DSC_0665.NEF
2026-01-10 14:03:03 - media_renamer_app - WARNING - Install exifread for better RAW support: pip install exifread
2026-01-10 14:03:03 - media_renamer_app - INFO - Successfully extracted date from image D:\Photos\Nef\Samos\DSC_0666.NEF: 2024-08-11 13:06:07
2026-01-10 14:03:03 - media_renamer_app - WARNING - exifread not available for RAW file GPS extraction: D:\Photos\Nef\Samos\DSC_0666.NEF
2026-01-10 14:03:03 - media_renamer_app - WARNING - Install exifread for better RAW support: pip install exifread
2026-01-10 14:03:03 - media_renamer_app - INFO - Successfully extracted date from image D:\Photos\Nef\Samos\DSC_0667.NEF: 2024-08-11 13:07:08
2026-01-10 14:03:03 - media_renamer_app - WARNING - exifread not available for RAW file GPS extraction: D:\Photos\Nef\Samos\DSC_0667.NEF
2026-01-10 14:03:03 - media_renamer_app - WARNING - Install exifread for better RAW support: pip install exifread
2026-01-10 14:03:03 - media_renamer_app - INFO - Successfully extracted date from image D:\Photos\Nef\Samos\DSC_0668.NEF: 2024-08-11 13:07:19
2026-01-10 14:03:03 - media_renamer_app - WARNING - exifread not available for RAW file GPS extraction: D:\Photos\Nef\Samos\DSC_0668.NEF
2026-01-10 14:03:03 - media_renamer_app - WARNING - Install exifread for better RAW support: pip install exifread
2026-01-10 14:03:03 - media_renamer_app - INFO - Successfully extracted date from image D:\Photos\Nef\Samos\DSC_0669.NEF: 2024-08-11 13:07:20
2026-01-10 14:03:03 - media_renamer_app - WARNING - exifread not available for RAW file GPS extraction: D:\Photos\Nef\Samos\DSC_0669.NEF
2026-01-10 14:03:03 - media_renamer_app - WARNING - Install exifread for better RAW support: pip install exifread
2026-01-10 14:03:03 - media_renamer_app - INFO - Successfully extracted date from image D:\Photos\Nef\Samos\DSC_0670.NEF: 2024-08-11 13:10:14
2026-01-10 14:03:03 - media_renamer_app - WARNING - exifread not available for RAW file GPS extraction: D:\Photos\Nef\Samos\DSC_0670.NEF
2026-01-10 14:03:03 - media_renamer_app - WARNING - Install exifread for better RAW support: pip install exifread
2026-01-10 14:03:03 - media_renamer_app - INFO - Successfully extracted date from image D:\Photos\Nef\Samos\DSC_0671.NEF: 2024-08-11 13:10:19
2026-01-10 14:03:03 - media_renamer_app - WARNING - exifread not available for RAW file GPS extraction: D:\Photos\Nef\Samos\DSC_0671.NEF
2026-01-10 14:03:03 - media_renamer_app - WARNING - Install exifread for better RAW support: pip install exifread
2026-01-10 14:03:03 - media_renamer_app - INFO - Successfully extracted date from image D:\Photos\Nef\Samos\DSC_0672.NEF: 2024-08-11 13:10:21
2026-01-10 14:03:03 - media_renamer_app - WARNING - exifread not available for RAW file GPS extraction: D:\Photos\Nef\Samos\DSC_0672.NEF
2026-01-10 14:03:03 - media_renamer_app - WARNING - Install exifread for better RAW support: pip install exifread
2026-01-10 14:03:03 - media_renamer_app - INFO - Successfully extracted date from image D:\Photos\Nef\Samos\DSC_0673.NEF: 2024-08-11 13:10:34
2026-01-10 14:03:03 - media_renamer_app - WARNING - exifread not available for RAW file GPS extraction: D:\Photos\Nef\Samos\DSC_0673.NEF
2026-01-10 14:03:03 - media_renamer_app - WARNING - Install exifread for better RAW support: pip install exifread
2026-01-10 14:03:03 - media_renamer_app - INFO - Successfully extracted date from image D:\Photos\Nef\Samos\DSC_0674.NEF: 2024-08-11 13:10:37
2026-01-10 14:03:03 - media_renamer_app - WARNING - exifread not available for RAW file GPS extraction: D:\Photos\Nef\Samos\DSC_0674.NEF
2026-01-10 14:03:03 - media_renamer_app - WARNING - Install exifread for better RAW support: pip install exifread
2026-01-10 14:03:03 - media_renamer_app - INFO - Successfully extracted date from image D:\Photos\Nef\Samos\DSC_0675.NEF: 2024-08-11 13:10:39
2026-01-10 14:03:03 - media_renamer_app - WARNING - exifread not available for RAW file GPS extraction: D:\Photos\Nef\Samos\DSC_0675.NEF
2026-01-10 14:03:03 - media_renamer_app - WARNING - Install exifread for better RAW support: pip install exifread
2026-01-10 14:03:03 - media_renamer_app - INFO - Successfully extracted date from image D:\Photos\Nef\Samos\DSC_0676.NEF: 2024-08-11 13:10:59
2026-01-10 14:03:03 - media_renamer_app - WARNING - exifread not available for RAW file GPS extraction: D:\Photos\Nef\Samos\DSC_0676.NEF
2026-01-10 14:03:03 - media_renamer_app - WARNING - Install exifread for better RAW support: pip install exifread
2026-01-10 14:03:03 - media_renamer_app - INFO - Successfully extracted date from image D:\Photos\Nef\Samos\DSC_0677.NEF: 2024-08-11 13:11:02
2026-01-10 14:03:03 - media_renamer_app - WARNING - exifread not available for RAW file GPS extraction: D:\Photos\Nef\Samos\DSC_0677.NEF
2026-01-10 14:03:03 - media_renamer_app - WARNING - Install exifread for better RAW support: pip install exifread
2026-01-10 14:03:03 - media_renamer_app - INFO - Successfully extracted date from image D:\Photos\Nef\Samos\DSC_0678.NEF: 2024-08-11 13:11:04
2026-01-10 14:03:03 - media_renamer_app - WARNING - exifread not available for RAW file GPS extraction: D:\Photos\Nef\Samos\DSC_0678.NEF
2026-01-10 14:03:03 - media_renamer_app - WARNING - Install exifread for better RAW support: pip install exifread
2026-01-10 14:03:03 - media_renamer_app - INFO - Successfully extracted date from image D:\Photos\Nef\Samos\DSC_0679.NEF: 2024-08-11 13:11:16
2026-01-10 14:03:03 - media_renamer_app - WARNING - exifread not available for RAW file GPS extraction: D:\Photos\Nef\Samos\DSC_0679.NEF
2026-01-10 14:03:03 - media_renamer_app - WARNING - Install exifread for better RAW support: pip install exifread
2026-01-10 14:03:03 - media_renamer_app - INFO - Successfully extracted date from image D:\Photos\Nef\Samos\DSC_0680.NEF: 2024-08-11 13:11:18
2026-01-10 14:03:03 - media_renamer_app - WARNING - exifread not available for RAW file GPS extraction: D:\Photos\Nef\Samos\DSC_0680.NEF
2026-01-10 14:03:03 - media_renamer_app - WARNING - Install exifread for better RAW support: pip install exifread
2026-01-10 14:03:03 - media_renamer_app - INFO - Successfully extracted date from image D:\Photos\Nef\Samos\DSC_0681.NEF: 2024-08-11 13:11:21
2026-01-10 14:03:03 - media_renamer_app - WARNING - exifread not available for RAW file GPS extraction: D:\Photos\Nef\Samos\DSC_0681.NEF
2026-01-10 14:03:03 - media_renamer_app - WARNING - Install exifread for better RAW support: pip install exifread
2026-01-10 14:03:03 - media_renamer_app - INFO - Successfully extracted date from image D:\Photos\Nef\Samos\DSC_0682.NEF: 2024-08-11 13:11:22
2026-01-10 14:03:03 - media_renamer_app - WARNING - exifread not available for RAW file GPS extraction: D:\Photos\Nef\Samos\DSC_0682.NEF
2026-01-10 14:03:03 - media_renamer_app - WARNING - Install exifread for better RAW support: pip install exifread
2026-01-10 14:03:03 - media_renamer_app - INFO - Successfully extracted date from image D:\Photos\Nef\Samos\DSC_0683.NEF: 2024-08-11 13:11:24
2026-01-10 14:03:03 - media_renamer_app - WARNING - exifread not available for RAW file GPS extraction: D:\Photos\Nef\Samos\DSC_0683.NEF
2026-01-10 14:03:03 - media_renamer_app - WARNING - Install exifread for better RAW support: pip install exifread
2026-01-10 14:03:03 - media_renamer_app - INFO - Successfully extracted date from image D:\Photos\Nef\Samos\DSC_0684.NEF: 2024-08-11 13:11:35
2026-01-10 14:03:03 - media_renamer_app - WARNING - exifread not available for RAW file GPS extraction: D:\Photos\Nef\Samos\DSC_0684.NEF
2026-01-10 14:03:03 - media_renamer_app - WARNING - Install exifread for better RAW support: pip install exifread
2026-01-10 14:03:03 - media_renamer_app - INFO - Successfully extracted date from image D:\Photos\Nef\Samos\DSC_0685.NEF: 2024-08-11 13:11:40
2026-01-10 14:03:03 - media_renamer_app - WARNING - exifread not available for RAW file GPS extraction: D:\Photos\Nef\Samos\DSC_0685.NEF
2026-01-10 14:03:03 - media_renamer_app - WARNING - Install exifread for better RAW support: pip install exifread
2026-01-10 14:03:03 - media_renamer_app - INFO - Successfully extracted date from image D:\Photos\Nef\Samos\DSC_0686.NEF: 2024-08-11 13:12:12
2026-01-10 14:03:03 - media_renamer_app - WARNING - exifread not available for RAW file GPS extraction: D:\Photos\Nef\Samos\DSC_0686.NEF
2026-01-10 14:03:03 - media_renamer_app - WARNING - Install exifread for better RAW support: pip install exifread
2026-01-10 14:03:03 - media_renamer_app - INFO - Successfully extracted date from image D:\Photos\Nef\Samos\DSC_0687.NEF: 2024-08-11 13:12:19
2026-01-10 14:03:03 - media_renamer_app - WARNING - exifread not available for RAW file GPS extraction: D:\Photos\Nef\Samos\DSC_0687.NEF
2026-01-10 14:03:03 - media_renamer_app - WARNING - Install exifread for better RAW support: pip install exifread
2026-01-10 14:03:03 - media_renamer_app - INFO - Successfully extracted date from image D:\Photos\Nef\Samos\DSC_0688.NEF: 2024-08-11 13:12:21
2026-01-10 14:03:03 - media_renamer_app - WARNING - exifread not available for RAW file GPS extraction: D:\Photos\Nef\Samos\DSC_0688.NEF
2026-01-10 14:03:03 - media_renamer_app - WARNING - Install exifread for better RAW support: pip install exifread
2026-01-10 14:03:03 - media_renamer_app - INFO - Successfully extracted date from image D:\Photos\Nef\Samos\DSC_0689.NEF: 2024-08-11 13:39:10
2026-01-10 14:03:03 - media_renamer_app - WARNING - exifread not available for RAW file GPS extraction: D:\Photos\Nef\Samos\DSC_0689.NEF
2026-01-10 14:03:03 - media_renamer_app - WARNING - Install exifread for better RAW support: pip install exifread
2026-01-10 14:03:03 - media_renamer_app - INFO - Successfully extracted date from image D:\Photos\Nef\Samos\DSC_0690.NEF: 2024-08-11 13:39:14
2026-01-10 14:03:03 - media_renamer_app - WARNING - exifread not available for RAW file GPS extraction: D:\Photos\Nef\Samos\DSC_0690.NEF
2026-01-10 14:03:03 - media_renamer_app - WARNING - Install exifread for better RAW support: pip install exifread
2026-01-10 14:03:03 - media_renamer_app - INFO - Successfully extracted date from image D:\Photos\Nef\Samos\DSC_0691.NEF: 2024-08-11 13:39:18
2026-01-10 14:03:03 - media_renamer_app - WARNING - exifread not available for RAW file GPS extraction: D:\Photos\Nef\Samos\DSC_0691.NEF
2026-01-10 14:03:03 - media_renamer_app - WARNING - Install exifread for better RAW support: pip install exifread
2026-01-10 14:03:03 - media_renamer_app - INFO - Successfully extracted date from image D:\Photos\Nef\Samos\DSC_0692.NEF: 2024-08-11 13:39:53
2026-01-10 14:03:03 - media_renamer_app - WARNING - exifread not available for RAW file GPS extraction: D:\Photos\Nef\Samos\DSC_0692.NEF
2026-01-10 14:03:03 - media_renamer_app - WARNING - Install exifread for better RAW support: pip install exifread
2026-01-10 14:03:03 - media_renamer_app - INFO - Successfully extracted date from image D:\Photos\Nef\Samos\DSC_0693.NEF: 2024-08-11 13:40:03
2026-01-10 14:03:03 - media_renamer_app - WARNING - exifread not available for RAW file GPS extraction: D:\Photos\Nef\Samos\DSC_0693.NEF
2026-01-10 14:03:03 - media_renamer_app - WARNING - Install exifread for better RAW support: pip install exifread
2026-01-10 14:03:03 - media_renamer_app - INFO - Successfully extracted date from image D:\Photos\Nef\Samos\DSC_0694.NEF: 2024-08-11 13:40:04
2026-01-10 14:03:03 - media_renamer_app - WARNING - exifread not available for RAW file GPS extraction: D:\Photos\Nef\Samos\DSC_0694.NEF
2026-01-10 14:03:03 - media_renamer_app - WARNING - Install exifread for better RAW support: pip install exifread
2026-01-10 14:03:03 - media_renamer_app - INFO - Successfully extracted date from image D:\Photos\Nef\Samos\DSC_0695.NEF: 2024-08-11 13:40:05
2026-01-10 14:03:03 - media_renamer_app - WARNING - exifread not available for RAW file GPS extraction: D:\Photos\Nef\Samos\DSC_0695.NEF
2026-01-10 14:03:03 - media_renamer_app - WARNING - Install exifread for better RAW support: pip install exifread
2026-01-10 14:03:03 - media_renamer_app - INFO - Successfully extracted date from image D:\Photos\Nef\Samos\DSC_0696.NEF: 2024-08-11 13:40:08
2026-01-10 14:03:03 - media_renamer_app - WARNING - exifread not available for RAW file GPS extraction: D:\Photos\Nef\Samos\DSC_0696.NEF
2026-01-10 14:03:03 - media_renamer_app - WARNING - Install exifread for better RAW support: pip install exifread
2026-01-10 14:03:03 - media_renamer_app - INFO - Successfully extracted date from image D:\Photos\Nef\Samos\DSC_0697.NEF: 2024-08-11 13:40:08
2026-01-10 14:03:03 - media_renamer_app - WARNING - exifread not available for RAW file GPS extraction: D:\Photos\Nef\Samos\DSC_0697.NEF
2026-01-10 14:03:03 - media_renamer_app - WARNING - Install exifread for better RAW support: pip install exifread
2026-01-10 14:03:03 - media_renamer_app - INFO - Successfully extracted date from image D:\Photos\Nef\Samos\DSC_0698.NEF: 2024-08-11 13:40:14
2026-01-10 14:03:03 - media_renamer_app - WARNING - exifread not available for RAW file GPS extraction: D:\Photos\Nef\Samos\DSC_0698.NEF
2026-01-10 14:03:03 - media_renamer_app - WARNING - Install exifread for better RAW support: pip install exifread
2026-01-10 14:03:03 - media_renamer_app - INFO - Successfully extracted date from image D:\Photos\Nef\Samos\DSC_0699.NEF: 2024-08-11 13:40:15
2026-01-10 14:03:03 - media_renamer_app - WARNING - exifread not available for RAW file GPS extraction: D:\Photos\Nef\Samos\DSC_0699.NEF
2026-01-10 14:03:03 - media_renamer_app - WARNING - Install exifread for better RAW support: pip install exifread
2026-01-10 14:03:03 - media_renamer_app - INFO - Successfully extracted date from image D:\Photos\Nef\Samos\DSC_0700.NEF: 2024-08-11 13:40:17
2026-01-10 14:03:03 - media_renamer_app - WARNING - exifread not available for RAW file GPS extraction: D:\Photos\Nef\Samos\DSC_0700.NEF
2026-01-10 14:03:03 - media_renamer_app - WARNING - Install exifread for better RAW support: pip install exifread
2026-01-10 14:03:03 - media_renamer_app - INFO - Successfully extracted date from image D:\Photos\Nef\Samos\DSC_0701.NEF: 2024-08-11 13:40:43
2026-01-10 14:03:03 - media_renamer_app - WARNING - exifread not available for RAW file GPS extraction: D:\Photos\Nef\Samos\DSC_0701.NEF
2026-01-10 14:03:03 - media_renamer_app - WARNING - Install exifread for better RAW support: pip install exifread
2026-01-10 14:03:03 - media_renamer_app - INFO - Successfully extracted date from image D:\Photos\Nef\Samos\DSC_0702.NEF: 2024-08-11 13:40:59
2026-01-10 14:03:03 - media_renamer_app - WARNING - exifread not available for RAW file GPS extraction: D:\Photos\Nef\Samos\DSC_0702.NEF
2026-01-10 14:03:03 - media_renamer_app - WARNING - Install exifread for better RAW support: pip install exifread
2026-01-10 14:03:03 - media_renamer_app - INFO - Successfully extracted date from image D:\Photos\Nef\Samos\DSC_0703.NEF: 2024-08-11 13:40:59
2026-01-10 14:03:03 - media_renamer_app - WARNING - exifread not available for RAW file GPS extraction: D:\Photos\Nef\Samos\DSC_0703.NEF
2026-01-10 14:03:03 - media_renamer_app - WARNING - Install exifread for better RAW support: pip install exifread
2026-01-10 14:03:03 - media_renamer_app - INFO - Successfully extracted date from image D:\Photos\Nef\Samos\DSC_0704.NEF: 2024-08-11 13:41:12
2026-01-10 14:03:03 - media_renamer_app - WARNING - exifread not available for RAW file GPS extraction: D:\Photos\Nef\Samos\DSC_0704.NEF
2026-01-10 14:03:03 - media_renamer_app - WARNING - Install exifread for better RAW support: pip install exifread
2026-01-10 14:03:03 - media_renamer_app - INFO - Successfully extracted date from image D:\Photos\Nef\Samos\DSC_0705.NEF: 2024-08-11 13:41:13
2026-01-10 14:03:03 - media_renamer_app - WARNING - exifread not available for RAW file GPS extraction: D:\Photos\Nef\Samos\DSC_0705.NEF
2026-01-10 14:03:03 - media_renamer_app - WARNING - Install exifread for better RAW support: pip install exifread
2026-01-10 14:03:03 - media_renamer_app - INFO - Successfully extracted date from image D:\Photos\Nef\Samos\DSC_0706.NEF: 2024-08-11 13:41:14
2026-01-10 14:03:03 - media_renamer_app - WARNING - exifread not available for RAW file GPS extraction: D:\Photos\Nef\Samos\DSC_0706.NEF
2026-01-10 14:03:03 - media_renamer_app - WARNING - Install exifread for better RAW support: pip install exifread
2026-01-10 14:03:03 - media_renamer_app - INFO - Successfully extracted date from image D:\Photos\Nef\Samos\DSC_0707.NEF: 2024-08-11 13:41:14
2026-01-10 14:03:03 - media_renamer_app - WARNING - exifread not available for RAW file GPS extraction: D:\Photos\Nef\Samos\DSC_0707.NEF
2026-01-10 14:03:03 - media_renamer_app - WARNING - Install exifread for better RAW support: pip install exifread
2026-01-10 14:03:03 - media_renamer_app - INFO - Successfully extracted date from image D:\Photos\Nef\Samos\DSC_0708.NEF: 2024-08-11 13:41:14
2026-01-10 14:03:03 - media_renamer_app - WARNING - exifread not available for RAW file GPS extraction: D:\Photos\Nef\Samos\DSC_0708.NEF
2026-01-10 14:03:03 - media_renamer_app - WARNING - Install exifread for better RAW support: pip install exifread
2026-01-10 14:03:03 - media_renamer_app - INFO - Successfully extracted date from image D:\Photos\Nef\Samos\DSC_0709.NEF: 2024-08-11 13:41:15
2026-01-10 14:03:03 - media_renamer_app - WARNING - exifread not available for RAW file GPS extraction: D:\Photos\Nef\Samos\DSC_0709.NEF
2026-01-10 14:03:03 - media_renamer_app - WARNING - Install exifread for better RAW support: pip install exifread
2026-01-10 14:03:03 - media_renamer_app - INFO - Successfully extracted date from image D:\Photos\Nef\Samos\DSC_0710.NEF: 2024-08-11 13:41:16
2026-01-10 14:03:03 - media_renamer_app - WARNING - exifread not available for RAW file GPS extraction: D:\Photos\Nef\Samos\DSC_0710.NEF
2026-01-10 14:03:03 - media_renamer_app - WARNING - Install exifread for better RAW support: pip install exifread
2026-01-10 14:03:03 - media_renamer_app - INFO - Successfully extracted date from image D:\Photos\Nef\Samos\DSC_0714.NEF: 2024-08-11 13:41:20
2026-01-10 14:03:03 - media_renamer_app - WARNING - exifread not available for RAW file GPS extraction: D:\Photos\Nef\Samos\DSC_0714.NEF
2026-01-10 14:03:03 - media_renamer_app - WARNING - Install exifread for better RAW support: pip install exifread
2026-01-10 14:03:03 - media_renamer_app - INFO - Successfully extracted date from image D:\Photos\Nef\Samos\DSC_0715.NEF: 2024-08-11 13:42:52
2026-01-10 14:03:03 - media_renamer_app - WARNING - exifread not available for RAW file GPS extraction: D:\Photos\Nef\Samos\DSC_0715.NEF
2026-01-10 14:03:03 - media_renamer_app - WARNING - Install exifread for better RAW support: pip install exifread
2026-01-10 14:03:03 - media_renamer_app - INFO - Successfully extracted date from image D:\Photos\Nef\Samos\DSC_0716.NEF: 2024-08-11 13:42:57
2026-01-10 14:03:03 - media_renamer_app - WARNING - exifread not available for RAW file GPS extraction: D:\Photos\Nef\Samos\DSC_0716.NEF
2026-01-10 14:03:03 - media_renamer_app - WARNING - Install exifread for better RAW support: pip install exifread
2026-01-10 14:03:03 - media_renamer_app - INFO - Successfully extracted date from image D:\Photos\Nef\Samos\DSC_0717.NEF: 2024-08-11 13:43:02
2026-01-10 14:03:03 - media_renamer_app - WARNING - exifread not available for RAW file GPS extraction: D:\Photos\Nef\Samos\DSC_0717.NEF
2026-01-10 14:03:03 - media_renamer_app - WARNING - Install exifread for better RAW support: pip install exifread
2026-01-10 14:03:03 - media_renamer_app - INFO - Successfully extracted date from image D:\Photos\Nef\Samos\DSC_0718.NEF: 2024-08-11 13:43:13
2026-01-10 14:03:03 - media_renamer_app - WARNING - exifread not available for RAW file GPS extraction: D:\Photos\Nef\Samos\DSC_0718.NEF
2026-01-10 14:03:03 - media_renamer_app - WARNING - Install exifread for better RAW support: pip install exifread
2026-01-10 14:03:03 - media_renamer_app - INFO - Successfully extracted date from image D:\Photos\Nef\Samos\DSC_0719.NEF: 2024-08-11 15:59:35
2026-01-10 14:03:03 - media_renamer_app - WARNING - exifread not available for RAW file GPS extraction: D:\Photos\Nef\Samos\DSC_0719.NEF
2026-01-10 14:03:03 - media_renamer_app - WARNING - Install exifread for better RAW support: pip install exifread
2026-01-10 14:03:03 - media_renamer_app - INFO - Successfully extracted date from image D:\Photos\Nef\Samos\DSC_0721.NEF: 2024-08-11 17:07:53
2026-01-10 14:03:03 - media_renamer_app - WARNING - exifread not available for RAW file GPS extraction: D:\Photos\Nef\Samos\DSC_0721.NEF
2026-01-10 14:03:03 - media_renamer_app - WARNING - Install exifread for better RAW support: pip install exifread
2026-01-10 14:03:03 - media_renamer_app - INFO - Successfully extracted date from image D:\Photos\Nef\Samos\DSC_0722.NEF: 2024-08-11 17:07:57
2026-01-10 14:03:03 - media_renamer_app - WARNING - exifread not available for RAW file GPS extraction: D:\Photos\Nef\Samos\DSC_0722.NEF
2026-01-10 14:03:03 - media_renamer_app - WARNING - Install exifread for better RAW support: pip install exifread
2026-01-10 14:03:03 - media_renamer_app - INFO - Successfully extracted date from image D:\Photos\Nef\Samos\DSC_0723.NEF: 2024-08-11 17:08:00
2026-01-10 14:03:03 - media_renamer_app - WARNING - exifread not available for RAW file GPS extraction: D:\Photos\Nef\Samos\DSC_0723.NEF
2026-01-10 14:03:03 - media_renamer_app - WARNING - Install exifread for better RAW support: pip install exifread
2026-01-10 14:03:03 - media_renamer_app - INFO - Successfully extracted date from image D:\Photos\Nef\Samos\DSC_0725.NEF: 2024-08-11 17:08:17
2026-01-10 14:03:03 - media_renamer_app - WARNING - exifread not available for RAW file GPS extraction: D:\Photos\Nef\Samos\DSC_0725.NEF
2026-01-10 14:03:03 - media_renamer_app - WARNING - Install exifread for better RAW support: pip install exifread
2026-01-10 14:03:03 - media_renamer_app - INFO - Successfully extracted date from image D:\Photos\Nef\Samos\DSC_0727.NEF: 2024-08-11 17:09:38
2026-01-10 14:03:03 - media_renamer_app - WARNING - exifread not available for RAW file GPS extraction: D:\Photos\Nef\Samos\DSC_0727.NEF
2026-01-10 14:03:03 - media_renamer_app - WARNING - Install exifread for better RAW support: pip install exifread
2026-01-10 14:03:03 - media_renamer_app - INFO - Successfully extracted date from image D:\Photos\Nef\Samos\DSC_0728.NEF: 2024-08-11 17:09:42
2026-01-10 14:03:03 - media_renamer_app - WARNING - exifread not available for RAW file GPS extraction: D:\Photos\Nef\Samos\DSC_0728.NEF
2026-01-10 14:03:03 - media_renamer_app - WARNING - Install exifread for better RAW support: pip install exifread
2026-01-10 14:03:03 - media_renamer_app - INFO - Successfully extracted date from image D:\Photos\Nef\Samos\DSC_0729.NEF: 2024-08-11 17:09:44
2026-01-10 14:03:03 - media_renamer_app - WARNING - exifread not available for RAW file GPS extraction: D:\Photos\Nef\Samos\DSC_0729.NEF
2026-01-10 14:03:03 - media_renamer_app - WARNING - Install exifread for better RAW support: pip install exifread
2026-01-10 14:03:03 - media_renamer_app - INFO - Successfully extracted date from image D:\Photos\Nef\Samos\DSC_0730.NEF: 2024-08-11 17:09:45
2026-01-10 14:03:03 - media_renamer_app - WARNING - exifread not available for RAW file GPS extraction: D:\Photos\Nef\Samos\DSC_0730.NEF
2026-01-10 14:03:03 - media_renamer_app - WARNING - Install exifread for better RAW support: pip install exifread
2026-01-10 14:03:03 - media_renamer_app - INFO - Successfully extracted date from image D:\Photos\Nef\Samos\DSC_0731.NEF: 2024-08-11 17:09:49
2026-01-10 14:03:03 - media_renamer_app - WARNING - exifread not available for RAW file GPS extraction: D:\Photos\Nef\Samos\DSC_0731.NEF
2026-01-10 14:03:03 - media_renamer_app - WARNING - Install exifread for better RAW support: pip install exifread
2026-01-10 14:03:03 - media_renamer_app - INFO - Successfully extracted date from image D:\Photos\Nef\Samos\DSC_0732.NEF: 2024-08-12 11:19:21
2026-01-10 14:03:03 - media_renamer_app - WARNING - exifread not available for RAW file GPS extraction: D:\Photos\Nef\Samos\DSC_0732.NEF
2026-01-10 14:03:03 - media_renamer_app - WARNING - Install exifread for better RAW support: pip install exifread
2026-01-10 14:03:03 - media_renamer_app - INFO - Successfully extracted date from image D:\Photos\Nef\Samos\DSC_0733.NEF: 2024-08-12 11:19:39
2026-01-10 14:03:03 - media_renamer_app - WARNING - exifread not available for RAW file GPS extraction: D:\Photos\Nef\Samos\DSC_0733.NEF
2026-01-10 14:03:03 - media_renamer_app - WARNING - Install exifread for better RAW support: pip install exifread
2026-01-10 14:03:03 - media_renamer_app - INFO - Successfully extracted date from image D:\Photos\Nef\Samos\DSC_0734.NEF: 2024-08-12 11:20:00
2026-01-10 14:03:03 - media_renamer_app - WARNING - exifread not available for RAW file GPS extraction: D:\Photos\Nef\Samos\DSC_0734.NEF
2026-01-10 14:03:03 - media_renamer_app - WARNING - Install exifread for better RAW support: pip install exifread
2026-01-10 14:03:03 - media_renamer_app - INFO - Successfully extracted date from image D:\Photos\Nef\Samos\DSC_0735.NEF: 2024-08-12 11:21:50
2026-01-10 14:03:03 - media_renamer_app - WARNING - exifread not available for RAW file GPS extraction: D:\Photos\Nef\Samos\DSC_0735.NEF
2026-01-10 14:03:03 - media_renamer_app - WARNING - Install exifread for better RAW support: pip install exifread
2026-01-10 14:03:03 - media_renamer_app - INFO - Successfully extracted date from image D:\Photos\Nef\Samos\DSC_0737.NEF: 2024-08-12 11:22:18
2026-01-10 14:03:03 - media_renamer_app - WARNING - exifread not available for RAW file GPS extraction: D:\Photos\Nef\Samos\DSC_0737.NEF
2026-01-10 14:03:03 - media_renamer_app - WARNING - Install exifread for better RAW support: pip install exifread
2026-01-10 14:03:03 - media_renamer_app - INFO - Successfully extracted date from image D:\Photos\Nef\Samos\DSC_0744.JPG: 2024-08-12 11:24:37
2026-01-10 14:03:03 - media_renamer_app - INFO - Successfully extracted date from image D:\Photos\Nef\Samos\DSC_0746.JPG: 2024-08-12 11:25:05
2026-01-10 14:03:03 - media_renamer_app - INFO - Successfully extracted date from image D:\Photos\Nef\Samos\DSC_0747.JPG: 2024-08-12 11:25:06
2026-01-10 14:03:03 - media_renamer_app - INFO - Successfully extracted date from image D:\Photos\Nef\Samos\DSC_0748.JPG: 2024-08-12 11:25:13
2026-01-10 14:03:03 - media_renamer_app - INFO - Successfully extracted date from image D:\Photos\Nef\Samos\DSC_0749.JPG: 2024-08-12 11:25:34
2026-01-10 14:03:03 - media_renamer_app - INFO - Successfully extracted date from image D:\Photos\Nef\Samos\DSC_0761.NEF: 2024-08-12 11:31:36
2026-01-10 14:03:03 - media_renamer_app - WARNING - exifread not available for RAW file GPS extraction: D:\Photos\Nef\Samos\DSC_0761.NEF
2026-01-10 14:03:03 - media_renamer_app - WARNING - Install exifread for better RAW support: pip install exifread
2026-01-10 14:03:03 - media_renamer_app - INFO - Successfully extracted date from image D:\Photos\Nef\Samos\DSC_0763.NEF: 2024-08-12 11:31:53
2026-01-10 14:03:03 - media_renamer_app - WARNING - exifread not available for RAW file GPS extraction: D:\Photos\Nef\Samos\DSC_0763.NEF
2026-01-10 14:03:03 - media_renamer_app - WARNING - Install exifread for better RAW support: pip install exifread
2026-01-10 14:03:03 - media_renamer_app - INFO - Successfully extracted date from image D:\Photos\Nef\Samos\DSC_0764.NEF: 2024-08-12 11:31:59
2026-01-10 14:03:03 - media_renamer_app - WARNING - exifread not available for RAW file GPS extraction: D:\Photos\Nef\Samos\DSC_0764.NEF
2026-01-10 14:03:03 - media_renamer_app - WARNING - Install exifread for better RAW support: pip install exifread
2026-01-10 14:03:03 - media_renamer_app - INFO - Successfully extracted date from image D:\Photos\Nef\Samos\DSC_0772.NEF: 2024-08-12 11:40:34
2026-01-10 14:03:03 - media_renamer_app - WARNING - exifread not available for RAW file GPS extraction: D:\Photos\Nef\Samos\DSC_0772.NEF
2026-01-10 14:03:03 - media_renamer_app - WARNING - Install exifread for better RAW support: pip install exifread
2026-01-10 14:03:03 - media_renamer_app - INFO - Successfully extracted date from image D:\Photos\Nef\Samos\DSC_0775.NEF: 2024-08-12 12:28:14
2026-01-10 14:03:03 - media_renamer_app - WARNING - exifread not available for RAW file GPS extraction: D:\Photos\Nef\Samos\DSC_0775.NEF
2026-01-10 14:03:03 - media_renamer_app - WARNING - Install exifread for better RAW support: pip install exifread
2026-01-10 14:03:03 - media_renamer_app - INFO - Successfully extracted date from image D:\Photos\Nef\Samos\DSC_0776.NEF: 2024-08-12 12:28:57
2026-01-10 14:03:03 - media_renamer_app - WARNING - exifread not available for RAW file GPS extraction: D:\Photos\Nef\Samos\DSC_0776.NEF
2026-01-10 14:03:03 - media_renamer_app - WARNING - Install exifread for better RAW support: pip install exifread
2026-01-10 14:03:03 - media_renamer_app - INFO - Successfully extracted date from image D:\Photos\Nef\Samos\DSC_0777.NEF: 2024-08-12 12:29:00
2026-01-10 14:03:03 - media_renamer_app - WARNING - exifread not available for RAW file GPS extraction: D:\Photos\Nef\Samos\DSC_0777.NEF
2026-01-10 14:03:03 - media_renamer_app - WARNING - Install exifread for better RAW support: pip install exifread
2026-01-10 14:03:03 - media_renamer_app - INFO - Successfully extracted date from image D:\Photos\Nef\Samos\DSC_0778.NEF: 2024-08-12 15:07:23
2026-01-10 14:03:03 - media_renamer_app - WARNING - exifread not available for RAW file GPS extraction: D:\Photos\Nef\Samos\DSC_0778.NEF
2026-01-10 14:03:03 - media_renamer_app - WARNING - Install exifread for better RAW support: pip install exifread
2026-01-10 14:03:03 - media_renamer_app - INFO - Successfully extracted date from image D:\Photos\Nef\Samos\DSC_0779.NEF: 2024-08-12 15:07:33
2026-01-10 14:03:03 - media_renamer_app - WARNING - exifread not available for RAW file GPS extraction: D:\Photos\Nef\Samos\DSC_0779.NEF
2026-01-10 14:03:03 - media_renamer_app - WARNING - Install exifread for better RAW support: pip install exifread
2026-01-10 14:03:03 - media_renamer_app - INFO - Successfully extracted date from image D:\Photos\Nef\Samos\DSC_0780.NEF: 2024-08-12 15:07:38
2026-01-10 14:03:03 - media_renamer_app - WARNING - exifread not available for RAW file GPS extraction: D:\Photos\Nef\Samos\DSC_0780.NEF
2026-01-10 14:03:03 - media_renamer_app - WARNING - Install exifread for better RAW support: pip install exifread
2026-01-10 14:03:03 - media_renamer_app - INFO - Successfully extracted date from image D:\Photos\Nef\Samos\DSC_0781.NEF: 2024-08-12 15:08:13
2026-01-10 14:03:03 - media_renamer_app - WARNING - exifread not available for RAW file GPS extraction: D:\Photos\Nef\Samos\DSC_0781.NEF
2026-01-10 14:03:03 - media_renamer_app - WARNING - Install exifread for better RAW support: pip install exifread
2026-01-10 14:03:03 - media_renamer_app - INFO - Successfully extracted date from image D:\Photos\Nef\Samos\DSC_0782.NEF: 2024-08-12 15:08:31
2026-01-10 14:03:03 - media_renamer_app - WARNING - exifread not available for RAW file GPS extraction: D:\Photos\Nef\Samos\DSC_0782.NEF
2026-01-10 14:03:03 - media_renamer_app - WARNING - Install exifread for better RAW support: pip install exifread
2026-01-10 14:03:03 - media_renamer_app - INFO - Successfully extracted date from image D:\Photos\Nef\Samos\DSC_0783.NEF: 2024-08-12 15:08:50
2026-01-10 14:03:03 - media_renamer_app - WARNING - exifread not available for RAW file GPS extraction: D:\Photos\Nef\Samos\DSC_0783.NEF
2026-01-10 14:03:03 - media_renamer_app - WARNING - Install exifread for better RAW support: pip install exifread
2026-01-10 14:03:03 - media_renamer_app - INFO - Successfully extracted date from image D:\Photos\Nef\Samos\DSC_0784.NEF: 2024-08-12 15:09:20
2026-01-10 14:03:03 - media_renamer_app - WARNING - exifread not available for RAW file GPS extraction: D:\Photos\Nef\Samos\DSC_0784.NEF
2026-01-10 14:03:03 - media_renamer_app - WARNING - Install exifread for better RAW support: pip install exifread
2026-01-10 14:03:03 - media_renamer_app - INFO - Successfully extracted date from image D:\Photos\Nef\Samos\DSC_0786.NEF: 2024-08-12 15:10:22
2026-01-10 14:03:03 - media_renamer_app - WARNING - exifread not available for RAW file GPS extraction: D:\Photos\Nef\Samos\DSC_0786.NEF
2026-01-10 14:03:03 - media_renamer_app - WARNING - Install exifread for better RAW support: pip install exifread
2026-01-10 14:03:03 - media_renamer_app - INFO - Successfully extracted date from image D:\Photos\Nef\Samos\DSC_0787.NEF: 2024-08-12 16:04:58
2026-01-10 14:03:03 - media_renamer_app - WARNING - exifread not available for RAW file GPS extraction: D:\Photos\Nef\Samos\DSC_0787.NEF
2026-01-10 14:03:03 - media_renamer_app - WARNING - Install exifread for better RAW support: pip install exifread
2026-01-10 14:03:03 - media_renamer_app - INFO - Successfully extracted date from image D:\Photos\Nef\Samos\DSC_0788.NEF: 2024-08-12 19:25:33
2026-01-10 14:03:03 - media_renamer_app - WARNING - exifread not available for RAW file GPS extraction: D:\Photos\Nef\Samos\DSC_0788.NEF
2026-01-10 14:03:03 - media_renamer_app - WARNING - Install exifread for better RAW support: pip install exifread
2026-01-10 14:03:03 - media_renamer_app - INFO - Successfully extracted date from image D:\Photos\Nef\Samos\DSC_0789.NEF: 2024-08-12 19:25:38
2026-01-10 14:03:03 - media_renamer_app - WARNING - exifread not available for RAW file GPS extraction: D:\Photos\Nef\Samos\DSC_0789.NEF
2026-01-10 14:03:03 - media_renamer_app - WARNING - Install exifread for better RAW support: pip install exifread
2026-01-10 14:03:03 - media_renamer_app - INFO - Successfully extracted date from image D:\Photos\Nef\Samos\DSC_0790.NEF: 2024-08-12 19:25:41
2026-01-10 14:03:03 - media_renamer_app - WARNING - exifread not available for RAW file GPS extraction: D:\Photos\Nef\Samos\DSC_0790.NEF
2026-01-10 14:03:03 - media_renamer_app - WARNING - Install exifread for better RAW support: pip install exifread
2026-01-10 14:03:03 - media_renamer_app - INFO - Successfully extracted date from image D:\Photos\Nef\Samos\DSC_0791.NEF: 2024-08-12 19:25:58
2026-01-10 14:03:03 - media_renamer_app - WARNING - exifread not available for RAW file GPS extraction: D:\Photos\Nef\Samos\DSC_0791.NEF
2026-01-10 14:03:03 - media_renamer_app - WARNING - Install exifread for better RAW support: pip install exifread
2026-01-10 14:03:03 - media_renamer_app - INFO - Successfully extracted date from image D:\Photos\Nef\Samos\DSC_0792.NEF: 2024-08-12 19:49:41
2026-01-10 14:03:03 - media_renamer_app - WARNING - exifread not available for RAW file GPS extraction: D:\Photos\Nef\Samos\DSC_0792.NEF
2026-01-10 14:03:03 - media_renamer_app - WARNING - Install exifread for better RAW support: pip install exifread
2026-01-10 14:03:03 - media_renamer_app - INFO - Successfully extracted date from image D:\Photos\Nef\Samos\DSC_0793.NEF: 2024-08-12 19:49:43
2026-01-10 14:03:03 - media_renamer_app - WARNING - exifread not available for RAW file GPS extraction: D:\Photos\Nef\Samos\DSC_0793.NEF
2026-01-10 14:03:03 - media_renamer_app - WARNING - Install exifread for better RAW support: pip install exifread
2026-01-10 14:03:03 - media_renamer_app - INFO - Successfully extracted date from image D:\Photos\Nef\Samos\DSC_0794.NEF: 2024-08-12 19:49:46
2026-01-10 14:03:03 - media_renamer_app - WARNING - exifread not available for RAW file GPS extraction: D:\Photos\Nef\Samos\DSC_0794.NEF
2026-01-10 14:03:03 - media_renamer_app - WARNING - Install exifread for better RAW support: pip install exifread
2026-01-10 14:03:03 - media_renamer_app - INFO - Successfully extracted date from image D:\Photos\Nef\Samos\DSC_0795.NEF: 2024-08-12 19:49:48
2026-01-10 14:03:03 - media_renamer_app - WARNING - exifread not available for RAW file GPS extraction: D:\Photos\Nef\Samos\DSC_0795.NEF
2026-01-10 14:03:03 - media_renamer_app - WARNING - Install exifread for better RAW support: pip install exifread
2026-01-10 14:03:03 - media_renamer_app - INFO - Successfully extracted date from image D:\Photos\Nef\Samos\DSC_0796.NEF: 2024-08-12 19:49:53
2026-01-10 14:03:03 - media_renamer_app - WARNING - exifread not available for RAW file GPS extraction: D:\Photos\Nef\Samos\DSC_0796.NEF
2026-01-10 14:03:03 - media_renamer_app - WARNING - Install exifread for better RAW support: pip install exifread
2026-01-10 14:03:03 - media_renamer_app - INFO - Successfully extracted date from image D:\Photos\Nef\Samos\DSC_0797.NEF: 2024-08-12 19:49:55
2026-01-10 14:03:03 - media_renamer_app - WARNING - exifread not available for RAW file GPS extraction: D:\Photos\Nef\Samos\DSC_0797.NEF
2026-01-10 14:03:03 - media_renamer_app - WARNING - Install exifread for better RAW support: pip install exifread
2026-01-10 14:03:03 - media_renamer_app - INFO - Successfully extracted date from image D:\Photos\Nef\Samos\DSC_0798.NEF: 2024-08-12 19:50:08
2026-01-10 14:03:03 - media_renamer_app - WARNING - exifread not available for RAW file GPS extraction: D:\Photos\Nef\Samos\DSC_0798.NEF
2026-01-10 14:03:03 - media_renamer_app - WARNING - Install exifread for better RAW support: pip install exifread
2026-01-10 14:03:03 - media_renamer_app - INFO - Successfully extracted date from image D:\Photos\Nef\Samos\DSC_0799.NEF: 2024-08-12 19:50:12
2026-01-10 14:03:03 - media_renamer_app - WARNING - exifread not available for RAW file GPS extraction: D:\Photos\Nef\Samos\DSC_0799.NEF
2026-01-10 14:03:03 - media_renamer_app - WARNING - Install exifread for better RAW support: pip install exifread
2026-01-10 14:03:03 - media_renamer_app - INFO - Successfully extracted date from image D:\Photos\Nef\Samos\DSC_0800.NEF: 2024-08-12 19:50:39
2026-01-10 14:03:03 - media_renamer_app - WARNING - exifread not available for RAW file GPS extraction: D:\Photos\Nef\Samos\DSC_0800.NEF
2026-01-10 14:03:03 - media_renamer_app - WARNING - Install exifread for better RAW support: pip install exifread
2026-01-10 14:03:03 - media_renamer_app - INFO - Successfully extracted date from image D:\Photos\Nef\Samos\DSC_0801.NEF: 2024-08-12 19:50:43
2026-01-10 14:03:03 - media_renamer_app - WARNING - exifread not available for RAW file GPS extraction: D:\Photos\Nef\Samos\DSC_0801.NEF
2026-01-10 14:03:03 - media_renamer_app - WARNING - Install exifread for better RAW support: pip install exifread
2026-01-10 14:03:03 - media_renamer_app - INFO - Successfully extracted date from image D:\Photos\Nef\Samos\DSC_0802.NEF: 2024-08-12 19:50:46
2026-01-10 14:03:03 - media_renamer_app - WARNING - exifread not available for RAW file GPS extraction: D:\Photos\Nef\Samos\DSC_0802.NEF
2026-01-10 14:03:03 - media_renamer_app - WARNING - Install exifread for better RAW support: pip install exifread
2026-01-10 14:03:03 - media_renamer_app - INFO - Successfully extracted date from image D:\Photos\Nef\Samos\DSC_0803.NEF: 2024-08-12 19:50:51
2026-01-10 14:03:03 - media_renamer_app - WARNING - exifread not available for RAW file GPS extraction: D:\Photos\Nef\Samos\DSC_0803.NEF
2026-01-10 14:03:03 - media_renamer_app - WARNING - Install exifread for better RAW support: pip install exifread
2026-01-10 14:03:03 - media_renamer_app - INFO - Successfully extracted date from image D:\Photos\Nef\Samos\DSC_0804.NEF: 2024-08-12 19:50:54
2026-01-10 14:03:03 - media_renamer_app - WARNING - exifread not available for RAW file GPS extraction: D:\Photos\Nef\Samos\DSC_0804.NEF
2026-01-10 14:03:03 - media_renamer_app - WARNING - Install exifread for better RAW support: pip install exifread
2026-01-10 14:03:03 - media_renamer_app - INFO - Successfully extracted date from image D:\Photos\Nef\Samos\DSC_0805.NEF: 2024-08-13 20:14:39
2026-01-10 14:03:03 - media_renamer_app - WARNING - exifread not available for RAW file GPS extraction: D:\Photos\Nef\Samos\DSC_0805.NEF
2026-01-10 14:03:03 - media_renamer_app - WARNING - Install exifread for better RAW support: pip install exifread
2026-01-10 14:03:04 - media_renamer_app - INFO - Successfully extracted date from image D:\Photos\Nef\Samos\DSC_0806.NEF: 2024-08-13 20:14:44
2026-01-10 14:03:04 - media_renamer_app - WARNING - exifread not available for RAW file GPS extraction: D:\Photos\Nef\Samos\DSC_0806.NEF
2026-01-10 14:03:04 - media_renamer_app - WARNING - Install exifread for better RAW support: pip install exifread
2026-01-10 14:03:04 - media_renamer_app - INFO - Successfully extracted date from image D:\Photos\Nef\Samos\DSC_0807.NEF: 2024-08-13 20:15:09
2026-01-10 14:03:04 - media_renamer_app - WARNING - exifread not available for RAW file GPS extraction: D:\Photos\Nef\Samos\DSC_0807.NEF
2026-01-10 14:03:04 - media_renamer_app - WARNING - Install exifread for better RAW support: pip install exifread
2026-01-10 14:03:04 - media_renamer_app - INFO - Successfully extracted date from image D:\Photos\Nef\Samos\DSC_0808.NEF: 2024-08-13 20:15:17
2026-01-10 14:03:04 - media_renamer_app - WARNING - exifread not available for RAW file GPS extraction: D:\Photos\Nef\Samos\DSC_0808.NEF
2026-01-10 14:03:04 - media_renamer_app - WARNING - Install exifread for better RAW support: pip install exifread
2026-01-10 14:03:04 - media_renamer_app - INFO - Successfully extracted date from image D:\Photos\Nef\Samos\DSC_0809.NEF: 2024-08-13 20:15:54
2026-01-10 14:03:04 - media_renamer_app - WARNING - exifread not available for RAW file GPS extraction: D:\Photos\Nef\Samos\DSC_0809.NEF
2026-01-10 14:03:04 - media_renamer_app - WARNING - Install exifread for better RAW support: pip install exifread
2026-01-10 14:03:04 - media_renamer_app - INFO - Successfully extracted date from image D:\Photos\Nef\Samos\DSC_0810.NEF: 2024-08-13 20:16:03
2026-01-10 14:03:04 - media_renamer_app - WARNING - exifread not available for RAW file GPS extraction: D:\Photos\Nef\Samos\DSC_0810.NEF
2026-01-10 14:03:04 - media_renamer_app - WARNING - Install exifread for better RAW support: pip install exifread
2026-01-10 14:03:04 - media_renamer_app - INFO - Successfully extracted date from image D:\Photos\Nef\Samos\DSC_0811.NEF: 2024-08-13 20:16:07
2026-01-10 14:03:04 - media_renamer_app - WARNING - exifread not available for RAW file GPS extraction: D:\Photos\Nef\Samos\DSC_0811.NEF
2026-01-10 14:03:04 - media_renamer_app - WARNING - Install exifread for better RAW support: pip install exifread
2026-01-10 14:03:04 - media_renamer_app - INFO - Successfully extracted date from image D:\Photos\Nef\Samos\DSC_0812.NEF: 2024-08-13 20:16:10
2026-01-10 14:03:04 - media_renamer_app - WARNING - exifread not available for RAW file GPS extraction: D:\Photos\Nef\Samos\DSC_0812.NEF
2026-01-10 14:03:04 - media_renamer_app - WARNING - Install exifread for better RAW support: pip install exifread
2026-01-10 14:03:04 - media_renamer_app - INFO - Successfully extracted date from image D:\Photos\Nef\Samos\DSC_0813.NEF: 2024-08-13 20:16:12
2026-01-10 14:03:04 - media_renamer_app - WARNING - exifread not available for RAW file GPS extraction: D:\Photos\Nef\Samos\DSC_0813.NEF
2026-01-10 14:03:04 - media_renamer_app - WARNING - Install exifread for better RAW support: pip install exifread
2026-01-10 14:03:04 - media_renamer_app - INFO - Successfully extracted date from image D:\Photos\Nef\Samos\DSC_0814.NEF: 2024-08-13 20:16:51
2026-01-10 14:03:04 - media_renamer_app - WARNING - exifread not available for RAW file GPS extraction: D:\Photos\Nef\Samos\DSC_0814.NEF
2026-01-10 14:03:04 - media_renamer_app - WARNING - Install exifread for better RAW support: pip install exifread
2026-01-10 14:03:04 - media_renamer_app - INFO - Successfully extracted date from image D:\Photos\Nef\Samos\DSC_0815.NEF: 2024-08-13 20:17:05
2026-01-10 14:03:04 - media_renamer_app - WARNING - exifread not available for RAW file GPS extraction: D:\Photos\Nef\Samos\DSC_0815.NEF
2026-01-10 14:03:04 - media_renamer_app - WARNING - Install exifread for better RAW support: pip install exifread
2026-01-10 14:03:04 - media_renamer_app - INFO - Successfully extracted date from image D:\Photos\Nef\Samos\DSC_0816.NEF: 2024-08-14 11:35:43
2026-01-10 14:03:04 - media_renamer_app - WARNING - exifread not available for RAW file GPS extraction: D:\Photos\Nef\Samos\DSC_0816.NEF
2026-01-10 14:03:04 - media_renamer_app - WARNING - Install exifread for better RAW support: pip install exifread
2026-01-10 14:03:04 - media_renamer_app - INFO - Successfully extracted date from image D:\Photos\Nef\Samos\DSC_0817.NEF: 2024-08-14 11:36:04
2026-01-10 14:03:04 - media_renamer_app - WARNING - exifread not available for RAW file GPS extraction: D:\Photos\Nef\Samos\DSC_0817.NEF
2026-01-10 14:03:04 - media_renamer_app - WARNING - Install exifread for better RAW support: pip install exifread
2026-01-10 14:03:04 - media_renamer_app - INFO - Successfully extracted date from image D:\Photos\Nef\Samos\DSC_0818.NEF: 2024-08-14 12:22:49
2026-01-10 14:03:04 - media_renamer_app - WARNING - exifread not available for RAW file GPS extraction: D:\Photos\Nef\Samos\DSC_0818.NEF
2026-01-10 14:03:04 - media_renamer_app - WARNING - Install exifread for better RAW support: pip install exifread
2026-01-10 14:03:04 - media_renamer_app - INFO - Successfully extracted date from image D:\Photos\Nef\Samos\DSC_0819.NEF: 2024-08-14 12:23:50
2026-01-10 14:03:04 - media_renamer_app - WARNING - exifread not available for RAW file GPS extraction: D:\Photos\Nef\Samos\DSC_0819.NEF
2026-01-10 14:03:04 - media_renamer_app - WARNING - Install exifread for better RAW support: pip install exifread
2026-01-10 14:03:04 - media_renamer_app - INFO - Successfully extracted date from image D:\Photos\Nef\Samos\DSC_0820.NEF: 2024-08-14 12:30:39
2026-01-10 14:03:04 - media_renamer_app - WARNING - exifread not available for RAW file GPS extraction: D:\Photos\Nef\Samos\DSC_0820.NEF
2026-01-10 14:03:04 - media_renamer_app - WARNING - Install exifread for better RAW support: pip install exifread
2026-01-10 14:03:04 - media_renamer_app - INFO - Successfully extracted date from image D:\Photos\Nef\Samos\DSC_0821.NEF: 2024-08-14 12:30:44
2026-01-10 14:03:04 - media_renamer_app - WARNING - exifread not available for RAW file GPS extraction: D:\Photos\Nef\Samos\DSC_0821.NEF
2026-01-10 14:03:04 - media_renamer_app - WARNING - Install exifread for better RAW support: pip install exifread
2026-01-10 14:03:04 - media_renamer_app - INFO - Successfully extracted date from image D:\Photos\Nef\Samos\DSC_0822.NEF: 2024-08-14 16:21:11
2026-01-10 14:03:04 - media_renamer_app - WARNING - exifread not available for RAW file GPS extraction: D:\Photos\Nef\Samos\DSC_0822.NEF
2026-01-10 14:03:04 - media_renamer_app - WARNING - Install exifread for better RAW support: pip install exifread
2026-01-10 14:03:04 - media_renamer_app - INFO - Successfully extracted date from image D:\Photos\Nef\Samos\DSC_0823.NEF: 2024-08-14 16:21:14
2026-01-10 14:03:04 - media_renamer_app - WARNING - exifread not available for RAW file GPS extraction: D:\Photos\Nef\Samos\DSC_0823.NEF
2026-01-10 14:03:04 - media_renamer_app - WARNING - Install exifread for better RAW support: pip install exifread
2026-01-10 14:03:04 - media_renamer_app - INFO - Successfully extracted date from image D:\Photos\Nef\Samos\DSC_0824.NEF: 2024-08-14 16:21:29
2026-01-10 14:03:04 - media_renamer_app - WARNING - exifread not available for RAW file GPS extraction: D:\Photos\Nef\Samos\DSC_0824.NEF
2026-01-10 14:03:04 - media_renamer_app - WARNING - Install exifread for better RAW support: pip install exifread
2026-01-10 14:03:04 - media_renamer_app - INFO - Successfully extracted date from image D:\Photos\Nef\Samos\DSC_0825.NEF: 2024-08-14 16:21:33
2026-01-10 14:03:04 - media_renamer_app - WARNING - exifread not available for RAW file GPS extraction: D:\Photos\Nef\Samos\DSC_0825.NEF
2026-01-10 14:03:04 - media_renamer_app - WARNING - Install exifread for better RAW support: pip install exifread
2026-01-10 14:03:04 - media_renamer_app - INFO - Successfully extracted date from image D:\Photos\Nef\Samos\DSC_0826.NEF: 2024-08-14 17:54:57
2026-01-10 14:03:04 - media_renamer_app - WARNING - exifread not available for RAW file GPS extraction: D:\Photos\Nef\Samos\DSC_0826.NEF
2026-01-10 14:03:04 - media_renamer_app - WARNING - Install exifread for better RAW support: pip install exifread
2026-01-10 14:03:04 - media_renamer_app - INFO - Successfully extracted date from image D:\Photos\Nef\Samos\DSC_0827.NEF: 2024-08-14 17:54:59
2026-01-10 14:03:04 - media_renamer_app - WARNING - exifread not available for RAW file GPS extraction: D:\Photos\Nef\Samos\DSC_0827.NEF
2026-01-10 14:03:04 - media_renamer_app - WARNING - Install exifread for better RAW support: pip install exifread
2026-01-10 14:03:04 - media_renamer_app - INFO - Successfully extracted date from image D:\Photos\Nef\Samos\DSC_0828.NEF: 2024-08-14 17:57:00
2026-01-10 14:03:04 - media_renamer_app - WARNING - exifread not available for RAW file GPS extraction: D:\Photos\Nef\Samos\DSC_0828.NEF
2026-01-10 14:03:04 - media_renamer_app - WARNING - Install exifread for better RAW support: pip install exifread
2026-01-10 14:03:04 - media_renamer_app - INFO - Successfully extracted date from image D:\Photos\Nef\Samos\DSC_0829.NEF: 2024-08-14 17:57:02
2026-01-10 14:03:04 - media_renamer_app - WARNING - exifread not available for RAW file GPS extraction: D:\Photos\Nef\Samos\DSC_0829.NEF
2026-01-10 14:03:04 - media_renamer_app - WARNING - Install exifread for better RAW support: pip install exifread
2026-01-10 14:03:04 - media_renamer_app - INFO - Successfully extracted date from image D:\Photos\Nef\Samos\DSC_0830.NEF: 2024-08-14 17:57:10
2026-01-10 14:03:04 - media_renamer_app - WARNING - exifread not available for RAW file GPS extraction: D:\Photos\Nef\Samos\DSC_0830.NEF
2026-01-10 14:03:04 - media_renamer_app - WARNING - Install exifread for better RAW support: pip install exifread
2026-01-10 14:03:04 - media_renamer_app - INFO - Successfully extracted date from image D:\Photos\Nef\Samos\DSC_0831.NEF: 2024-08-14 17:57:13
2026-01-10 14:03:04 - media_renamer_app - WARNING - exifread not available for RAW file GPS extraction: D:\Photos\Nef\Samos\DSC_0831.NEF
2026-01-10 14:03:04 - media_renamer_app - WARNING - Install exifread for better RAW support: pip install exifread
2026-01-10 14:03:04 - media_renamer_app - INFO - Successfully extracted date from image D:\Photos\Nef\Samos\DSC_0832.NEF: 2024-08-14 17:57:53
2026-01-10 14:03:04 - media_renamer_app - WARNING - exifread not available for RAW file GPS extraction: D:\Photos\Nef\Samos\DSC_0832.NEF
2026-01-10 14:03:04 - media_renamer_app - WARNING - Install exifread for better RAW support: pip install exifread
2026-01-10 14:03:04 - media_renamer_app - INFO - Successfully extracted date from image D:\Photos\Nef\Samos\DSC_0833.NEF: 2024-08-14 17:57:56
2026-01-10 14:03:04 - media_renamer_app - WARNING - exifread not available for RAW file GPS extraction: D:\Photos\Nef\Samos\DSC_0833.NEF
2026-01-10 14:03:04 - media_renamer_app - WARNING - Install exifread for better RAW support: pip install exifread
2026-01-10 14:03:04 - media_renamer_app - INFO - Successfully extracted date from image D:\Photos\Nef\Samos\DSC_0834.NEF: 2024-08-14 17:58:58
2026-01-10 14:03:04 - media_renamer_app - WARNING - exifread not available for RAW file GPS extraction: D:\Photos\Nef\Samos\DSC_0834.NEF
2026-01-10 14:03:04 - media_renamer_app - WARNING - Install exifread for better RAW support: pip install exifread
2026-01-10 14:03:04 - media_renamer_app - INFO - Successfully extracted date from image D:\Photos\Nef\Samos\DSC_0835.NEF: 2024-08-14 17:59:01
2026-01-10 14:03:04 - media_renamer_app - WARNING - exifread not available for RAW file GPS extraction: D:\Photos\Nef\Samos\DSC_0835.NEF
2026-01-10 14:03:04 - media_renamer_app - WARNING - Install exifread for better RAW support: pip install exifread
2026-01-10 14:03:04 - media_renamer_app - INFO - Successfully extracted date from image D:\Photos\Nef\Samos\DSC_0836.NEF: 2024-08-14 17:59:04
2026-01-10 14:03:04 - media_renamer_app - WARNING - exifread not available for RAW file GPS extraction: D:\Photos\Nef\Samos\DSC_0836.NEF
2026-01-10 14:03:04 - media_renamer_app - WARNING - Install exifread for better RAW support: pip install exifread
2026-01-10 14:03:04 - media_renamer_app - INFO - Successfully extracted date from image D:\Photos\Nef\Samos\DSC_0837.NEF: 2024-08-16 11:14:49
2026-01-10 14:03:04 - media_renamer_app - WARNING - exifread not available for RAW file GPS extraction: D:\Photos\Nef\Samos\DSC_0837.NEF
2026-01-10 14:03:04 - media_renamer_app - WARNING - Install exifread for better RAW support: pip install exifread
2026-01-10 14:03:04 - media_renamer_app - INFO - Successfully extracted date from image D:\Photos\Nef\Samos\DSC_0838.NEF: 2024-08-16 11:15:03
2026-01-10 14:03:04 - media_renamer_app - WARNING - exifread not available for RAW file GPS extraction: D:\Photos\Nef\Samos\DSC_0838.NEF
2026-01-10 14:03:04 - media_renamer_app - WARNING - Install exifread for better RAW support: pip install exifread
2026-01-10 14:03:04 - media_renamer_app - INFO - Successfully extracted date from image D:\Photos\Nef\Samos\DSC_0839.NEF: 2024-08-16 11:15:26
2026-01-10 14:03:04 - media_renamer_app - WARNING - exifread not available for RAW file GPS extraction: D:\Photos\Nef\Samos\DSC_0839.NEF
2026-01-10 14:03:04 - media_renamer_app - WARNING - Install exifread for better RAW support: pip install exifread
2026-01-10 14:03:04 - media_renamer_app - INFO - Successfully extracted date from image D:\Photos\Nef\Samos\DSC_0840.NEF: 2024-08-16 11:15:39
2026-01-10 14:03:04 - media_renamer_app - WARNING - exifread not available for RAW file GPS extraction: D:\Photos\Nef\Samos\DSC_0840.NEF
2026-01-10 14:03:04 - media_renamer_app - WARNING - Install exifread for better RAW support: pip install exifread
2026-01-10 14:03:04 - media_renamer_app - INFO - Successfully extracted date from image D:\Photos\Nef\Samos\DSC_0841.NEF: 2024-08-16 11:15:45
2026-01-10 14:03:04 - media_renamer_app - WARNING - exifread not available for RAW file GPS extraction: D:\Photos\Nef\Samos\DSC_0841.NEF
2026-01-10 14:03:04 - media_renamer_app - WARNING - Install exifread for better RAW support: pip install exifread
2026-01-10 14:03:04 - media_renamer_app - INFO - Successfully extracted date from image D:\Photos\Nef\Samos\DSC_0842.NEF: 2024-08-16 11:15:50
2026-01-10 14:03:04 - media_renamer_app - WARNING - exifread not available for RAW file GPS extraction: D:\Photos\Nef\Samos\DSC_0842.NEF
2026-01-10 14:03:04 - media_renamer_app - WARNING - Install exifread for better RAW support: pip install exifread
2026-01-10 14:03:04 - media_renamer_app - INFO - Successfully extracted date from image D:\Photos\Nef\Samos\DSC_0843.NEF: 2024-08-16 11:30:15
2026-01-10 14:03:04 - media_renamer_app - WARNING - exifread not available for RAW file GPS extraction: D:\Photos\Nef\Samos\DSC_0843.NEF
2026-01-10 14:03:04 - media_renamer_app - WARNING - Install exifread for better RAW support: pip install exifread
2026-01-10 14:03:04 - media_renamer_app - INFO - Successfully extracted date from image D:\Photos\Nef\Samos\DSC_0845.NEF: 2024-08-16 11:32:06
2026-01-10 14:03:04 - media_renamer_app - WARNING - exifread not available for RAW file GPS extraction: D:\Photos\Nef\Samos\DSC_0845.NEF
2026-01-10 14:03:04 - media_renamer_app - WARNING - Install exifread for better RAW support: pip install exifread
2026-01-10 14:03:04 - media_renamer_app - INFO - Successfully extracted date from image D:\Photos\Nef\Samos\DSC_0846.NEF: 2024-08-16 11:32:21
2026-01-10 14:03:04 - media_renamer_app - WARNING - exifread not available for RAW file GPS extraction: D:\Photos\Nef\Samos\DSC_0846.NEF
2026-01-10 14:03:04 - media_renamer_app - WARNING - Install exifread for better RAW support: pip install exifread
2026-01-10 14:03:04 - media_renamer_app - INFO - Successfully extracted date from image D:\Photos\Nef\Samos\DSC_0847.NEF: 2024-08-16 11:33:00
2026-01-10 14:03:04 - media_renamer_app - WARNING - exifread not available for RAW file GPS extraction: D:\Photos\Nef\Samos\DSC_0847.NEF
2026-01-10 14:03:04 - media_renamer_app - WARNING - Install exifread for better RAW support: pip install exifread
2026-01-10 14:03:04 - media_renamer_app - INFO - Successfully extracted date from image D:\Photos\Nef\Samos\DSC_0848.NEF: 2024-08-16 11:33:09
2026-01-10 14:03:04 - media_renamer_app - WARNING - exifread not available for RAW file GPS extraction: D:\Photos\Nef\Samos\DSC_0848.NEF
2026-01-10 14:03:04 - media_renamer_app - WARNING - Install exifread for better RAW support: pip install exifread
2026-01-10 14:03:04 - media_renamer_app - INFO - Successfully extracted date from image D:\Photos\Nef\Samos\DSC_0849.NEF: 2024-08-16 11:33:16
2026-01-10 14:03:04 - media_renamer_app - WARNING - exifread not available for RAW file GPS extraction: D:\Photos\Nef\Samos\DSC_0849.NEF
2026-01-10 14:03:04 - media_renamer_app - WARNING - Install exifread for better RAW support: pip install exifread
2026-01-10 14:03:04 - media_renamer_app - INFO - Successfully extracted date from image D:\Photos\Nef\Samos\DSC_0851.NEF: 2024-08-16 11:37:25
2026-01-10 14:03:04 - media_renamer_app - WARNING - exifread not available for RAW file GPS extraction: D:\Photos\Nef\Samos\DSC_0851.NEF
2026-01-10 14:03:04 - media_renamer_app - WARNING - Install exifread for better RAW support: pip install exifread
2026-01-10 14:03:04 - media_renamer_app - INFO - Successfully extracted date from image D:\Photos\Nef\Samos\DSC_0852.NEF: 2024-08-16 11:37:26
2026-01-10 14:03:04 - media_renamer_app - WARNING - exifread not available for RAW file GPS extraction: D:\Photos\Nef\Samos\DSC_0852.NEF
2026-01-10 14:03:04 - media_renamer_app - WARNING - Install exifread for better RAW support: pip install exifread
2026-01-10 14:03:04 - media_renamer_app - INFO - Successfully extracted date from image D:\Photos\Nef\Samos\DSC_0853.NEF: 2024-08-16 11:37:35
2026-01-10 14:03:04 - media_renamer_app - WARNING - exifread not available for RAW file GPS extraction: D:\Photos\Nef\Samos\DSC_0853.NEF
2026-01-10 14:03:04 - media_renamer_app - WARNING - Install exifread for better RAW support: pip install exifread
2026-01-10 14:03:04 - media_renamer_app - INFO - Successfully extracted date from image D:\Photos\Nef\Samos\DSC_0854.NEF: 2024-08-16 11:37:37
2026-01-10 14:03:04 - media_renamer_app - WARNING - exifread not available for RAW file GPS extraction: D:\Photos\Nef\Samos\DSC_0854.NEF
2026-01-10 14:03:04 - media_renamer_app - WARNING - Install exifread for better RAW support: pip install exifread
2026-01-10 14:03:04 - media_renamer_app - INFO - Successfully extracted date from image D:\Photos\Nef\Samos\DSC_0857.NEF: 2024-08-16 11:59:40
2026-01-10 14:03:04 - media_renamer_app - WARNING - exifread not available for RAW file GPS extraction: D:\Photos\Nef\Samos\DSC_0857.NEF
2026-01-10 14:03:04 - media_renamer_app - WARNING - Install exifread for better RAW support: pip install exifread
2026-01-10 14:03:04 - media_renamer_app - INFO - Successfully extracted date from image D:\Photos\Nef\Samos\DSC_0859.NEF: 2024-08-16 11:59:45
2026-01-10 14:03:04 - media_renamer_app - WARNING - exifread not available for RAW file GPS extraction: D:\Photos\Nef\Samos\DSC_0859.NEF
2026-01-10 14:03:04 - media_renamer_app - WARNING - Install exifread for better RAW support: pip install exifread
2026-01-10 14:03:04 - media_renamer_app - INFO - Successfully extracted date from image D:\Photos\Nef\Samos\DSC_0864.NEF: 2024-08-16 12:00:37
2026-01-10 14:03:04 - media_renamer_app - WARNING - exifread not available for RAW file GPS extraction: D:\Photos\Nef\Samos\DSC_0864.NEF
2026-01-10 14:03:04 - media_renamer_app - WARNING - Install exifread for better RAW support: pip install exifread
2026-01-10 14:03:04 - media_renamer_app - INFO - Successfully extracted date from image D:\Photos\Nef\Samos\DSC_0865.NEF: 2024-08-16 12:00:39
2026-01-10 14:03:04 - media_renamer_app - WARNING - exifread not available for RAW file GPS extraction: D:\Photos\Nef\Samos\DSC_0865.NEF
2026-01-10 14:03:04 - media_renamer_app - WARNING - Install exifread for better RAW support: pip install exifread
2026-01-10 14:03:04 - media_renamer_app - INFO - Successfully extracted date from image D:\Photos\Nef\Samos\DSC_0869.NEF: 2024-08-16 12:01:50
2026-01-10 14:03:04 - media_renamer_app - WARNING - exifread not available for RAW file GPS extraction: D:\Photos\Nef\Samos\DSC_0869.NEF
2026-01-10 14:03:04 - media_renamer_app - WARNING - Install exifread for better RAW support: pip install exifread
2026-01-10 14:03:04 - media_renamer_app - INFO - Successfully extracted date from image D:\Photos\Nef\Samos\DSC_0871.NEF: 2024-08-16 12:01:54
2026-01-10 14:03:04 - media_renamer_app - WARNING - exifread not available for RAW file GPS extraction: D:\Photos\Nef\Samos\DSC_0871.NEF
2026-01-10 14:03:04 - media_renamer_app - WARNING - Install exifread for better RAW support: pip install exifread
2026-01-10 14:03:04 - media_renamer_app - INFO - Successfully extracted date from image D:\Photos\Nef\Samos\DSC_0872.NEF: 2024-08-16 12:01:55
2026-01-10 14:03:04 - media_renamer_app - WARNING - exifread not available for RAW file GPS extraction: D:\Photos\Nef\Samos\DSC_0872.NEF
2026-01-10 14:03:04 - media_renamer_app - WARNING - Install exifread for better RAW support: pip install exifread
2026-01-10 14:03:04 - media_renamer_app - INFO - Successfully extracted date from image D:\Photos\Nef\Samos\DSC_0873.NEF: 2024-08-16 12:02:08
2026-01-10 14:03:04 - media_renamer_app - WARNING - exifread not available for RAW file GPS extraction: D:\Photos\Nef\Samos\DSC_0873.NEF
2026-01-10 14:03:04 - media_renamer_app - WARNING - Install exifread for better RAW support: pip install exifread
2026-01-10 14:03:04 - media_renamer_app - INFO - Successfully extracted date from image D:\Photos\Nef\Samos\DSC_0874.NEF: 2024-08-16 12:02:08
2026-01-10 14:03:04 - media_renamer_app - WARNING - exifread not available for RAW file GPS extraction: D:\Photos\Nef\Samos\DSC_0874.NEF
2026-01-10 14:03:04 - media_renamer_app - WARNING - Install exifread for better RAW support: pip install exifread
2026-01-10 14:03:04 - media_renamer_app - INFO - Successfully extracted date from image D:\Photos\Nef\Samos\DSC_0879.NEF: 2024-08-16 12:02:39
2026-01-10 14:03:04 - media_renamer_app - WARNING - exifread not available for RAW file GPS extraction: D:\Photos\Nef\Samos\DSC_0879.NEF
2026-01-10 14:03:04 - media_renamer_app - WARNING - Install exifread for better RAW support: pip install exifread
2026-01-10 14:03:04 - media_renamer_app - INFO - Successfully extracted date from image D:\Photos\Nef\Samos\DSC_0880.NEF: 2024-08-16 12:05:58
2026-01-10 14:03:04 - media_renamer_app - WARNING - exifread not available for RAW file GPS extraction: D:\Photos\Nef\Samos\DSC_0880.NEF
2026-01-10 14:03:04 - media_renamer_app - WARNING - Install exifread for better RAW support: pip install exifread
2026-01-10 14:03:04 - media_renamer_app - INFO - Successfully extracted date from image D:\Photos\Nef\Samos\DSC_0881.NEF: 2024-08-16 12:05:59
2026-01-10 14:03:04 - media_renamer_app - WARNING - exifread not available for RAW file GPS extraction: D:\Photos\Nef\Samos\DSC_0881.NEF
2026-01-10 14:03:04 - media_renamer_app - WARNING - Install exifread for better RAW support: pip install exifread
2026-01-10 14:03:04 - media_renamer_app - INFO - Successfully extracted date from image D:\Photos\Nef\Samos\DSC_0882.NEF: 2024-08-16 12:06:22
2026-01-10 14:03:04 - media_renamer_app - WARNING - exifread not available for RAW file GPS extraction: D:\Photos\Nef\Samos\DSC_0882.NEF
2026-01-10 14:03:04 - media_renamer_app - WARNING - Install exifread for better RAW support: pip install exifread
2026-01-10 14:03:04 - media_renamer_app - INFO - Successfully extracted date from image D:\Photos\Nef\Samos\DSC_0883.NEF: 2024-08-16 12:06:25
2026-01-10 14:03:04 - media_renamer_app - WARNING - exifread not available for RAW file GPS extraction: D:\Photos\Nef\Samos\DSC_0883.NEF
2026-01-10 14:03:04 - media_renamer_app - WARNING - Install exifread for better RAW support: pip install exifread
2026-01-10 14:03:04 - media_renamer_app - INFO - Successfully extracted date from image D:\Photos\Nef\Samos\DSC_0884.NEF: 2024-08-16 12:06:43
2026-01-10 14:03:04 - media_renamer_app - WARNING - exifread not available for RAW file GPS extraction: D:\Photos\Nef\Samos\DSC_0884.NEF
2026-01-10 14:03:04 - media_renamer_app - WARNING - Install exifread for better RAW support: pip install exifread
2026-01-10 14:03:04 - media_renamer_app - INFO - Successfully extracted date from image D:\Photos\Nef\Samos\DSC_0885.NEF: 2024-08-16 12:06:48
2026-01-10 14:03:04 - media_renamer_app - WARNING - exifread not available for RAW file GPS extraction: D:\Photos\Nef\Samos\DSC_0885.NEF
2026-01-10 14:03:04 - media_renamer_app - WARNING - Install exifread for better RAW support: pip install exifread
2026-01-10 14:03:04 - media_renamer_app - INFO - Successfully extracted date from image D:\Photos\Nef\Samos\DSC_0886.NEF: 2024-08-16 12:06:52
2026-01-10 14:03:04 - media_renamer_app - WARNING - exifread not available for RAW file GPS extraction: D:\Photos\Nef\Samos\DSC_0886.NEF
2026-01-10 14:03:04 - media_renamer_app - WARNING - Install exifread for better RAW support: pip install exifread
2026-01-10 14:03:04 - media_renamer_app - INFO - Successfully extracted date from image D:\Photos\Nef\Samos\DSC_0887.NEF: 2024-08-16 12:07:22
2026-01-10 14:03:04 - media_renamer_app - WARNING - exifread not available for RAW file GPS extraction: D:\Photos\Nef\Samos\DSC_0887.NEF
2026-01-10 14:03:04 - media_renamer_app - WARNING - Install exifread for better RAW support: pip install exifread
2026-01-10 14:03:04 - media_renamer_app - INFO - Successfully extracted date from image D:\Photos\Nef\Samos\DSC_0888.NEF: 2024-08-16 12:07:24
2026-01-10 14:03:04 - media_renamer_app - WARNING - exifread not available for RAW file GPS extraction: D:\Photos\Nef\Samos\DSC_0888.NEF
2026-01-10 14:03:04 - media_renamer_app - WARNING - Install exifread for better RAW support: pip install exifread
2026-01-10 14:03:04 - media_renamer_app - INFO - Successfully extracted date from image D:\Photos\Nef\Samos\DSC_0889.NEF: 2024-08-16 12:07:27
2026-01-10 14:03:04 - media_renamer_app - WARNING - exifread not available for RAW file GPS extraction: D:\Photos\Nef\Samos\DSC_0889.NEF
2026-01-10 14:03:04 - media_renamer_app - WARNING - Install exifread for better RAW support: pip install exifread
2026-01-10 14:03:04 - media_renamer_app - INFO - File discovery completed: 286 files processed, 0 without metadata
2026-01-10 14:03:05 - media_renamer_app - INFO - User initiated file processing
2026-01-10 14:03:05 - media_renamer_app - INFO - Processing 1 selected files
2026-01-10 14:03:07 - media_renamer_app - INFO - User confirmed file processing, starting operation
2026-01-10 14:03:07 - media_renamer_app - INFO - Starting file processing: 1 files selected
2026-01-10 14:03:07 - media_renamer_app - INFO - Starting file processing: 1 files selected for renaming
2026-01-10 14:03:07 - media_renamer_app - INFO - Operation completed: session_start - {'total_files': 1, 'folder_path': 'D:\\Photos\\Nef\\Samos'}
2026-01-10 14:03:07 - media_renamer_app - INFO - Operation completed: progress - {'current': 1, 'total': 1, 'filename': ' 2024.08.09-19.34.35.001._c1.NEF'}
2026-01-10 14:03:07 - media_renamer_app - INFO - File renamed successfully:  2024.08.09-19.34.35.001._c1.NEF ->  2024.08.09-19.34.35.001..NEF
2026-01-10 14:03:07 - media_renamer_app - INFO - Successfully renamed:  2024.08.09-19.34.35.001._c1.NEF ->  2024.08.09-19.34.35.001..NEF
2026-01-10 14:03:07 - media_renamer_app - INFO - Operation completed: rename - {'old_name': ' 2024.08.09-19.34.35.001._c1.NEF', 'new_name': ' 2024.08.09-19.34.35.001..NEF', 'folder_path': 'D:\\Photos\\Nef\\Samos'}
2026-01-10 14:03:07 - media_renamer_app - INFO - Operation completed: session_complete - {'processed_count': 1, 'error_count': 0, 'skipped_count': 0, 'total_files': 1}
2026-01-10 14:03:07 - media_renamer_app - INFO - File processing completed: 1 processed, 0 errors, 0 skipped
2026-01-10 14:03:07 - media_renamer_app - INFO - Session log saved: c:\Kiro\MediaUtils\logs\session_20260110_140257.json
2026-01-10 14:03:07 - media_renamer_app - INFO - File processing completed: 1 processed, 0 skipped, 0 errors
2026-01-10 14:03:07 - media_renamer_app - INFO - User initiated file discovery for folder: D:\Photos\Nef\Samos
2026-01-10 14:03:07 - media_renamer_app - INFO - Starting file discovery and metadata extraction
2026-01-10 14:03:07 - media_renamer_app - INFO - Starting file discovery in folder: D:\Photos\Nef\Samos
2026-01-10 14:03:07 - media_renamer_app - INFO - Found 286 total files in D:\Photos\Nef\Samos
2026-01-10 14:03:07 - media_renamer_app - INFO - Discovered 286 supported media files
2026-01-10 14:03:07 - media_renamer_app - INFO - Discovered 286 files in D:\Photos\Nef\Samos
2026-01-10 14:03:07 - media_renamer_app - INFO - Successfully extracted date from image D:\Photos\Nef\Samos\ 2024.08.09-19.34.35.001..NEF: 2024-08-09 19:34:35
2026-01-10 14:03:07 - media_renamer_app - WARNING - exifread not available for RAW file GPS extraction: D:\Photos\Nef\Samos\ 2024.08.09-19.34.35.001..NEF
2026-01-10 14:03:07 - media_renamer_app - WARNING - Install exifread for better RAW support: pip install exifread
2026-01-10 14:03:07 - media_renamer_app - INFO - Successfully extracted date from image D:\Photos\Nef\Samos\DSC_0457.NEF: 2024-08-09 19:35:13
2026-01-10 14:03:07 - media_renamer_app - WARNING - exifread not available for RAW file GPS extraction: D:\Photos\Nef\Samos\DSC_0457.NEF
2026-01-10 14:03:07 - media_renamer_app - WARNING - Install exifread for better RAW support: pip install exifread
2026-01-10 14:03:07 - media_renamer_app - INFO - Successfully extracted date from image D:\Photos\Nef\Samos\DSC_0458.NEF: 2024-08-09 19:35:19
2026-01-10 14:03:07 - media_renamer_app - WARNING - exifread not available for RAW file GPS extraction: D:\Photos\Nef\Samos\DSC_0458.NEF
2026-01-10 14:03:07 - media_renamer_app - WARNING - Install exifread for better RAW support: pip install exifread
2026-01-10 14:03:07 - media_renamer_app - INFO - Successfully extracted date from image D:\Photos\Nef\Samos\DSC_0459.NEF: 2024-08-09 19:35:31
2026-01-10 14:03:07 - media_renamer_app - WARNING - exifread not available for RAW file GPS extraction: D:\Photos\Nef\Samos\DSC_0459.NEF
2026-01-10 14:03:07 - media_renamer_app - WARNING - Install exifread for better RAW support: pip install exifread
2026-01-10 14:03:07 - media_renamer_app - INFO - Successfully extracted date from image D:\Photos\Nef\Samos\DSC_0460.NEF: 2024-08-09 19:36:22
2026-01-10 14:03:07 - media_renamer_app - WARNING - exifread not available for RAW file GPS extraction: D:\Photos\Nef\Samos\DSC_0460.NEF
2026-01-10 14:03:07 - media_renamer_app - WARNING - Install exifread for better RAW support: pip install exifread
2026-01-10 14:03:07 - media_renamer_app - INFO - Successfully extracted date from image D:\Photos\Nef\Samos\DSC_0461.NEF: 2024-08-09 19:36:32
2026-01-10 14:03:07 - media_renamer_app - WARNING - exifread not available for RAW file GPS extraction: D:\Photos\Nef\Samos\DSC_0461.NEF
2026-01-10 14:03:07 - media_renamer_app - WARNING - Install exifread for better RAW support: pip install exifread
2026-01-10 14:03:07 - media_renamer_app - INFO - Successfully extracted date from image D:\Photos\Nef\Samos\DSC_0464.NEF: 2024-08-09 19:38:38
2026-01-10 14:03:07 - media_renamer_app - WARNING - exifread not available for RAW file GPS extraction: D:\Photos\Nef\Samos\DSC_0464.NEF
2026-01-10 14:03:07 - media_renamer_app - WARNING - Install exifread for better RAW support: pip install exifread
2026-01-10 14:03:07 - media_renamer_app - INFO - Successfully extracted date from image D:\Photos\Nef\Samos\DSC_0465.NEF: 2024-08-09 19:38:53
2026-01-10 14:03:07 - media_renamer_app - WARNING - exifread not available for RAW file GPS extraction: D:\Photos\Nef\Samos\DSC_0465.NEF
2026-01-10 14:03:07 - media_renamer_app - WARNING - Install exifread for better RAW support: pip install exifread
2026-01-10 14:03:07 - media_renamer_app - INFO - Successfully extracted date from image D:\Photos\Nef\Samos\DSC_0466.NEF: 2024-08-09 19:39:02
2026-01-10 14:03:07 - media_renamer_app - WARNING - exifread not available for RAW file GPS extraction: D:\Photos\Nef\Samos\DSC_0466.NEF
2026-01-10 14:03:07 - media_renamer_app - WARNING - Install exifread for better RAW support: pip install exifread
2026-01-10 14:03:07 - media_renamer_app - INFO - Successfully extracted date from image D:\Photos\Nef\Samos\DSC_0467.NEF: 2024-08-09 19:39:20
2026-01-10 14:03:07 - media_renamer_app - WARNING - exifread not available for RAW file GPS extraction: D:\Photos\Nef\Samos\DSC_0467.NEF
2026-01-10 14:03:07 - media_renamer_app - WARNING - Install exifread for better RAW support: pip install exifread
2026-01-10 14:03:07 - media_renamer_app - INFO - Successfully extracted date from image D:\Photos\Nef\Samos\DSC_0468.NEF: 2024-08-09 19:39:53
2026-01-10 14:03:07 - media_renamer_app - WARNING - exifread not available for RAW file GPS extraction: D:\Photos\Nef\Samos\DSC_0468.NEF
2026-01-10 14:03:07 - media_renamer_app - WARNING - Install exifread for better RAW support: pip install exifread
2026-01-10 14:03:07 - media_renamer_app - INFO - Successfully extracted date from image D:\Photos\Nef\Samos\DSC_0469.NEF: 2024-08-09 19:40:32
2026-01-10 14:03:07 - media_renamer_app - WARNING - exifread not available for RAW file GPS extraction: D:\Photos\Nef\Samos\DSC_0469.NEF
2026-01-10 14:03:07 - media_renamer_app - WARNING - Install exifread for better RAW support: pip install exifread
2026-01-10 14:03:07 - media_renamer_app - INFO - Successfully extracted date from image D:\Photos\Nef\Samos\DSC_0470.NEF: 2024-08-09 19:40:49
2026-01-10 14:03:07 - media_renamer_app - WARNING - exifread not available for RAW file GPS extraction: D:\Photos\Nef\Samos\DSC_0470.NEF
2026-01-10 14:03:07 - media_renamer_app - WARNING - Install exifread for better RAW support: pip install exifread
2026-01-10 14:03:07 - media_renamer_app - INFO - Successfully extracted date from image D:\Photos\Nef\Samos\DSC_0471.NEF: 2024-08-09 19:40:55
2026-01-10 14:03:07 - media_renamer_app - WARNING - exifread not available for RAW file GPS extraction: D:\Photos\Nef\Samos\DSC_0471.NEF
2026-01-10 14:03:07 - media_renamer_app - WARNING - Install exifread for better RAW support: pip install exifread
2026-01-10 14:03:07 - media_renamer_app - INFO - Successfully extracted date from image D:\Photos\Nef\Samos\DSC_0473.NEF: 2024-08-09 19:44:27
2026-01-10 14:03:07 - media_renamer_app - WARNING - exifread not available for RAW file GPS extraction: D:\Photos\Nef\Samos\DSC_0473.NEF
2026-01-10 14:03:07 - media_renamer_app - WARNING - Install exifread for better RAW support: pip install exifread
2026-01-10 14:03:07 - media_renamer_app - INFO - Successfully extracted date from image D:\Photos\Nef\Samos\DSC_0484.NEF: 2024-08-09 19:45:14
2026-01-10 14:03:07 - media_renamer_app - WARNING - exifread not available for RAW file GPS extraction: D:\Photos\Nef\Samos\DSC_0484.NEF
2026-01-10 14:03:07 - media_renamer_app - WARNING - Install exifread for better RAW support: pip install exifread
2026-01-10 14:03:07 - media_renamer_app - INFO - Successfully extracted date from image D:\Photos\Nef\Samos\DSC_0486.NEF: 2024-08-09 19:45:17
2026-01-10 14:03:07 - media_renamer_app - WARNING - exifread not available for RAW file GPS extraction: D:\Photos\Nef\Samos\DSC_0486.NEF
2026-01-10 14:03:07 - media_renamer_app - WARNING - Install exifread for better RAW support: pip install exifread
2026-01-10 14:03:07 - media_renamer_app - INFO - Successfully extracted date from image D:\Photos\Nef\Samos\DSC_0512.NEF: 2024-08-09 19:46:19
2026-01-10 14:03:07 - media_renamer_app - WARNING - exifread not available for RAW file GPS extraction: D:\Photos\Nef\Samos\DSC_0512.NEF
2026-01-10 14:03:07 - media_renamer_app - WARNING - Install exifread for better RAW support: pip install exifread
2026-01-10 14:03:07 - media_renamer_app - INFO - Successfully extracted date from image D:\Photos\Nef\Samos\DSC_0514.NEF: 2024-08-09 19:46:20
2026-01-10 14:03:07 - media_renamer_app - WARNING - exifread not available for RAW file GPS extraction: D:\Photos\Nef\Samos\DSC_0514.NEF
2026-01-10 14:03:07 - media_renamer_app - WARNING - Install exifread for better RAW support: pip install exifread
2026-01-10 14:03:07 - media_renamer_app - INFO - Successfully extracted date from image D:\Photos\Nef\Samos\DSC_0523.NEF: 2024-08-09 19:48:13
2026-01-10 14:03:07 - media_renamer_app - WARNING - exifread not available for RAW file GPS extraction: D:\Photos\Nef\Samos\DSC_0523.NEF
2026-01-10 14:03:07 - media_renamer_app - WARNING - Install exifread for better RAW support: pip install exifread
2026-01-10 14:03:07 - media_renamer_app - INFO - Successfully extracted date from image D:\Photos\Nef\Samos\DSC_0526.NEF: 2024-08-09 19:48:49
2026-01-10 14:03:07 - media_renamer_app - WARNING - exifread not available for RAW file GPS extraction: D:\Photos\Nef\Samos\DSC_0526.NEF
2026-01-10 14:03:07 - media_renamer_app - WARNING - Install exifread for better RAW support: pip install exifread
2026-01-10 14:03:07 - media_renamer_app - INFO - Successfully extracted date from image D:\Photos\Nef\Samos\DSC_0528.NEF: 2024-08-09 19:59:09
2026-01-10 14:03:07 - media_renamer_app - WARNING - exifread not available for RAW file GPS extraction: D:\Photos\Nef\Samos\DSC_0528.NEF
2026-01-10 14:03:07 - media_renamer_app - WARNING - Install exifread for better RAW support: pip install exifread
2026-01-10 14:03:07 - media_renamer_app - INFO - Successfully extracted date from image D:\Photos\Nef\Samos\DSC_0529.NEF: 2024-08-09 19:59:20
2026-01-10 14:03:07 - media_renamer_app - WARNING - exifread not available for RAW file GPS extraction: D:\Photos\Nef\Samos\DSC_0529.NEF
2026-01-10 14:03:07 - media_renamer_app - WARNING - Install exifread for better RAW support: pip install exifread
2026-01-10 14:03:07 - media_renamer_app - INFO - Successfully extracted date from image D:\Photos\Nef\Samos\DSC_0530.NEF: 2024-08-09 19:59:32
2026-01-10 14:03:07 - media_renamer_app - WARNING - exifread not available for RAW file GPS extraction: D:\Photos\Nef\Samos\DSC_0530.NEF
2026-01-10 14:03:07 - media_renamer_app - WARNING - Install exifread for better RAW support: pip install exifread
2026-01-10 14:03:07 - media_renamer_app - INFO - Successfully extracted date from image D:\Photos\Nef\Samos\DSC_0532.NEF: 2024-08-09 20:00:20
2026-01-10 14:03:07 - media_renamer_app - WARNING - exifread not available for RAW file GPS extraction: D:\Photos\Nef\Samos\DSC_0532.NEF
2026-01-10 14:03:07 - media_renamer_app - WARNING - Install exifread for better RAW support: pip install exifread
2026-01-10 14:03:07 - media_renamer_app - INFO - Successfully extracted date from image D:\Photos\Nef\Samos\DSC_0540.NEF: 2024-08-09 20:03:10
2026-01-10 14:03:07 - media_renamer_app - WARNING - exifread not available for RAW file GPS extraction: D:\Photos\Nef\Samos\DSC_0540.NEF
2026-01-10 14:03:07 - media_renamer_app - WARNING - Install exifread for better RAW support: pip install exifread
2026-01-10 14:03:07 - media_renamer_app - INFO - Successfully extracted date from image D:\Photos\Nef\Samos\DSC_0541.NEF: 2024-08-09 20:03:35
2026-01-10 14:03:07 - media_renamer_app - WARNING - exifread not available for RAW file GPS extraction: D:\Photos\Nef\Samos\DSC_0541.NEF
2026-01-10 14:03:07 - media_renamer_app - WARNING - Install exifread for better RAW support: pip install exifread
2026-01-10 14:03:07 - media_renamer_app - INFO - Successfully extracted date from image D:\Photos\Nef\Samos\DSC_0542.NEF: 2024-08-09 20:03:37
2026-01-10 14:03:07 - media_renamer_app - WARNING - exifread not available for RAW file GPS extraction: D:\Photos\Nef\Samos\DSC_0542.NEF
2026-01-10 14:03:07 - media_renamer_app - WARNING - Install exifread for better RAW support: pip install exifread
2026-01-10 14:03:07 - media_renamer_app - INFO - Successfully extracted date from image D:\Photos\Nef\Samos\DSC_0543.NEF: 2024-08-09 20:03:37
2026-01-10 14:03:07 - media_renamer_app - WARNING - exifread not available for RAW file GPS extraction: D:\Photos\Nef\Samos\DSC_0543.NEF
2026-01-10 14:03:07 - media_renamer_app - WARNING - Install exifread for better RAW support: pip install exifread
2026-01-10 14:03:07 - media_renamer_app - INFO - Successfully extracted date from image D:\Photos\Nef\Samos\DSC_0548.NEF: 2024-08-10 10:04:53
2026-01-10 14:03:07 - media_renamer_app - WARNING - exifread not available for RAW file GPS extraction: D:\Photos\Nef\Samos\DSC_0548.NEF
2026-01-10 14:03:07 - media_renamer_app - WARNING - Install exifread for better RAW support: pip install exifread
2026-01-10 14:03:07 - media_renamer_app - INFO - Successfully extracted date from image D:\Photos\Nef\Samos\DSC_0556.NEF: 2024-08-10 10:04:55
2026-01-10 14:03:07 - media_renamer_app - WARNING - exifread not available for RAW file GPS extraction: D:\Photos\Nef\Samos\DSC_0556.NEF
2026-01-10 14:03:07 - media_renamer_app - WARNING - Install exifread for better RAW support: pip install exifread
2026-01-10 14:03:07 - media_renamer_app - INFO - Successfully extracted date from image D:\Photos\Nef\Samos\DSC_0569.NEF: 2024-08-10 10:10:25
2026-01-10 14:03:07 - media_renamer_app - WARNING - exifread not available for RAW file GPS extraction: D:\Photos\Nef\Samos\DSC_0569.NEF
2026-01-10 14:03:07 - media_renamer_app - WARNING - Install exifread for better RAW support: pip install exifread
2026-01-10 14:03:07 - media_renamer_app - INFO - Successfully extracted date from image D:\Photos\Nef\Samos\DSC_0573.NEF: 2024-08-10 10:11:27
2026-01-10 14:03:07 - media_renamer_app - WARNING - exifread not available for RAW file GPS extraction: D:\Photos\Nef\Samos\DSC_0573.NEF
2026-01-10 14:03:07 - media_renamer_app - WARNING - Install exifread for better RAW support: pip install exifread
2026-01-10 14:03:07 - media_renamer_app - INFO - Successfully extracted date from image D:\Photos\Nef\Samos\DSC_0574.NEF: 2024-08-10 10:11:50
2026-01-10 14:03:07 - media_renamer_app - WARNING - exifread not available for RAW file GPS extraction: D:\Photos\Nef\Samos\DSC_0574.NEF
2026-01-10 14:03:07 - media_renamer_app - WARNING - Install exifread for better RAW support: pip install exifread
2026-01-10 14:03:07 - media_renamer_app - INFO - Successfully extracted date from image D:\Photos\Nef\Samos\DSC_0575.NEF: 2024-08-10 10:11:56
2026-01-10 14:03:07 - media_renamer_app - WARNING - exifread not available for RAW file GPS extraction: D:\Photos\Nef\Samos\DSC_0575.NEF
2026-01-10 14:03:07 - media_renamer_app - WARNING - Install exifread for better RAW support: pip install exifread
2026-01-10 14:03:07 - media_renamer_app - INFO - Successfully extracted date from image D:\Photos\Nef\Samos\DSC_0576.NEF: 2024-08-10 10:14:25
2026-01-10 14:03:07 - media_renamer_app - WARNING - exifread not available for RAW file GPS extraction: D:\Photos\Nef\Samos\DSC_0576.NEF
2026-01-10 14:03:07 - media_renamer_app - WARNING - Install exifread for better RAW support: pip install exifread
2026-01-10 14:03:07 - media_renamer_app - INFO - Successfully extracted date from image D:\Photos\Nef\Samos\DSC_0577.NEF: 2024-08-10 10:15:32
2026-01-10 14:03:07 - media_renamer_app - WARNING - exifread not available for RAW file GPS extraction: D:\Photos\Nef\Samos\DSC_0577.NEF
2026-01-10 14:03:07 - media_renamer_app - WARNING - Install exifread for better RAW support: pip install exifread
2026-01-10 14:03:07 - media_renamer_app - INFO - Successfully extracted date from image D:\Photos\Nef\Samos\DSC_0578.NEF: 2024-08-10 10:15:50
2026-01-10 14:03:07 - media_renamer_app - WARNING - exifread not available for RAW file GPS extraction: D:\Photos\Nef\Samos\DSC_0578.NEF
2026-01-10 14:03:07 - media_renamer_app - WARNING - Install exifread for better RAW support: pip install exifread
2026-01-10 14:03:07 - media_renamer_app - INFO - Successfully extracted date from image D:\Photos\Nef\Samos\DSC_0579.NEF: 2024-08-10 10:16:01
2026-01-10 14:03:07 - media_renamer_app - WARNING - exifread not available for RAW file GPS extraction: D:\Photos\Nef\Samos\DSC_0579.NEF
2026-01-10 14:03:07 - media_renamer_app - WARNING - Install exifread for better RAW support: pip install exifread
2026-01-10 14:03:07 - media_renamer_app - INFO - Successfully extracted date from image D:\Photos\Nef\Samos\DSC_0580.NEF: 2024-08-10 10:16:31
2026-01-10 14:03:07 - media_renamer_app - WARNING - exifread not available for RAW file GPS extraction: D:\Photos\Nef\Samos\DSC_0580.NEF
2026-01-10 14:03:07 - media_renamer_app - WARNING - Install exifread for better RAW support: pip install exifread
2026-01-10 14:03:07 - media_renamer_app - INFO - Successfully extracted date from image D:\Photos\Nef\Samos\DSC_0581.NEF: 2024-08-10 10:16:39
2026-01-10 14:03:07 - media_renamer_app - WARNING - exifread not available for RAW file GPS extraction: D:\Photos\Nef\Samos\DSC_0581.NEF
2026-01-10 14:03:07 - media_renamer_app - WARNING - Install exifread for better RAW support: pip install exifread
2026-01-10 14:03:07 - media_renamer_app - INFO - Successfully extracted date from image D:\Photos\Nef\Samos\DSC_0583.NEF: 2024-08-10 10:17:16
2026-01-10 14:03:07 - media_renamer_app - WARNING - exifread not available for RAW file GPS extraction: D:\Photos\Nef\Samos\DSC_0583.NEF
2026-01-10 14:03:07 - media_renamer_app - WARNING - Install exifread for better RAW support: pip install exifread
2026-01-10 14:03:07 - media_renamer_app - INFO - Successfully extracted date from image D:\Photos\Nef\Samos\DSC_0590.NEF: 2024-08-10 10:18:21
2026-01-10 14:03:07 - media_renamer_app - WARNING - exifread not available for RAW file GPS extraction: D:\Photos\Nef\Samos\DSC_0590.NEF
2026-01-10 14:03:07 - media_renamer_app - WARNING - Install exifread for better RAW support: pip install exifread
2026-01-10 14:03:07 - media_renamer_app - INFO - Successfully extracted date from image D:\Photos\Nef\Samos\DSC_0591.NEF: 2024-08-10 10:18:23
2026-01-10 14:03:07 - media_renamer_app - WARNING - exifread not available for RAW file GPS extraction: D:\Photos\Nef\Samos\DSC_0591.NEF
2026-01-10 14:03:07 - media_renamer_app - WARNING - Install exifread for better RAW support: pip install exifread
2026-01-10 14:03:07 - media_renamer_app - INFO - Successfully extracted date from image D:\Photos\Nef\Samos\DSC_0593.NEF: 2024-08-10 10:18:51
2026-01-10 14:03:07 - media_renamer_app - WARNING - exifread not available for RAW file GPS extraction: D:\Photos\Nef\Samos\DSC_0593.NEF
2026-01-10 14:03:07 - media_renamer_app - WARNING - Install exifread for better RAW support: pip install exifread
2026-01-10 14:03:07 - media_renamer_app - INFO - Successfully extracted date from image D:\Photos\Nef\Samos\DSC_0594.NEF: 2024-08-10 10:18:55
2026-01-10 14:03:07 - media_renamer_app - WARNING - exifread not available for RAW file GPS extraction: D:\Photos\Nef\Samos\DSC_0594.NEF
2026-01-10 14:03:07 - media_renamer_app - WARNING - Install exifread for better RAW support: pip install exifread
2026-01-10 14:03:07 - media_renamer_app - INFO - Successfully extracted date from image D:\Photos\Nef\Samos\DSC_0595.NEF: 2024-08-10 10:18:56
2026-01-10 14:03:07 - media_renamer_app - WARNING - exifread not available for RAW file GPS extraction: D:\Photos\Nef\Samos\DSC_0595.NEF
2026-01-10 14:03:07 - media_renamer_app - WARNING - Install exifread for better RAW support: pip install exifread
2026-01-10 14:03:07 - media_renamer_app - INFO - Successfully extracted date from image D:\Photos\Nef\Samos\DSC_0596.NEF: 2024-08-10 10:19:08
2026-01-10 14:03:07 - media_renamer_app - WARNING - exifread not available for RAW file GPS extraction: D:\Photos\Nef\Samos\DSC_0596.NEF
2026-01-10 14:03:07 - media_renamer_app - WARNING - Install exifread for better RAW support: pip install exifread
2026-01-10 14:03:07 - media_renamer_app - INFO - Successfully extracted date from image D:\Photos\Nef\Samos\DSC_0597.NEF: 2024-08-10 10:19:10
2026-01-10 14:03:07 - media_renamer_app - WARNING - exifread not available for RAW file GPS extraction: D:\Photos\Nef\Samos\DSC_0597.NEF
2026-01-10 14:03:07 - media_renamer_app - WARNING - Install exifread for better RAW support: pip install exifread
2026-01-10 14:03:07 - media_renamer_app - INFO - Successfully extracted date from image D:\Photos\Nef\Samos\DSC_0598.NEF: 2024-08-10 10:19:37
2026-01-10 14:03:07 - media_renamer_app - WARNING - exifread not available for RAW file GPS extraction: D:\Photos\Nef\Samos\DSC_0598.NEF
2026-01-10 14:03:07 - media_renamer_app - WARNING - Install exifread for better RAW support: pip install exifread
2026-01-10 14:03:07 - media_renamer_app - INFO - Successfully extracted date from image D:\Photos\Nef\Samos\DSC_0599.NEF: 2024-08-10 10:19:48
2026-01-10 14:03:07 - media_renamer_app - WARNING - exifread not available for RAW file GPS extraction: D:\Photos\Nef\Samos\DSC_0599.NEF
2026-01-10 14:03:07 - media_renamer_app - WARNING - Install exifread for better RAW support: pip install exifread
2026-01-10 14:03:07 - media_renamer_app - INFO - Successfully extracted date from image D:\Photos\Nef\Samos\DSC_0600.NEF: 2024-08-10 10:20:23
2026-01-10 14:03:07 - media_renamer_app - WARNING - exifread not available for RAW file GPS extraction: D:\Photos\Nef\Samos\DSC_0600.NEF
2026-01-10 14:03:07 - media_renamer_app - WARNING - Install exifread for better RAW support: pip install exifread
2026-01-10 14:03:08 - media_renamer_app - INFO - Successfully extracted date from image D:\Photos\Nef\Samos\DSC_0601.NEF: 2024-08-10 10:20:34
2026-01-10 14:03:08 - media_renamer_app - WARNING - exifread not available for RAW file GPS extraction: D:\Photos\Nef\Samos\DSC_0601.NEF
2026-01-10 14:03:08 - media_renamer_app - WARNING - Install exifread for better RAW support: pip install exifread
2026-01-10 14:03:08 - media_renamer_app - INFO - Successfully extracted date from image D:\Photos\Nef\Samos\DSC_0602.NEF: 2024-08-10 10:21:03
2026-01-10 14:03:08 - media_renamer_app - WARNING - exifread not available for RAW file GPS extraction: D:\Photos\Nef\Samos\DSC_0602.NEF
2026-01-10 14:03:08 - media_renamer_app - WARNING - Install exifread for better RAW support: pip install exifread
2026-01-10 14:03:08 - media_renamer_app - INFO - Successfully extracted date from image D:\Photos\Nef\Samos\DSC_0603.NEF: 2024-08-10 10:21:40
2026-01-10 14:03:08 - media_renamer_app - WARNING - exifread not available for RAW file GPS extraction: D:\Photos\Nef\Samos\DSC_0603.NEF
2026-01-10 14:03:08 - media_renamer_app - WARNING - Install exifread for better RAW support: pip install exifread
2026-01-10 14:03:08 - media_renamer_app - INFO - Successfully extracted date from image D:\Photos\Nef\Samos\DSC_0604.NEF: 2024-08-10 10:21:44
2026-01-10 14:03:08 - media_renamer_app - WARNING - exifread not available for RAW file GPS extraction: D:\Photos\Nef\Samos\DSC_0604.NEF
2026-01-10 14:03:08 - media_renamer_app - WARNING - Install exifread for better RAW support: pip install exifread
2026-01-10 14:03:08 - media_renamer_app - INFO - Successfully extracted date from image D:\Photos\Nef\Samos\DSC_0605.NEF: 2024-08-10 10:21:47
2026-01-10 14:03:08 - media_renamer_app - WARNING - exifread not available for RAW file GPS extraction: D:\Photos\Nef\Samos\DSC_0605.NEF
2026-01-10 14:03:08 - media_renamer_app - WARNING - Install exifread for better RAW support: pip install exifread
2026-01-10 14:03:08 - media_renamer_app - INFO - Successfully extracted date from image D:\Photos\Nef\Samos\DSC_0608.NEF: 2024-08-10 10:24:03
2026-01-10 14:03:08 - media_renamer_app - WARNING - exifread not available for RAW file GPS extraction: D:\Photos\Nef\Samos\DSC_0608.NEF
2026-01-10 14:03:08 - media_renamer_app - WARNING - Install exifread for better RAW support: pip install exifread
2026-01-10 14:03:08 - media_renamer_app - INFO - Successfully extracted date from image D:\Photos\Nef\Samos\DSC_0609.NEF: 2024-08-10 10:24:15
2026-01-10 14:03:08 - media_renamer_app - WARNING - exifread not available for RAW file GPS extraction: D:\Photos\Nef\Samos\DSC_0609.NEF
2026-01-10 14:03:08 - media_renamer_app - WARNING - Install exifread for better RAW support: pip install exifread
2026-01-10 14:03:08 - media_renamer_app - INFO - Successfully extracted date from image D:\Photos\Nef\Samos\DSC_0610.NEF: 2024-08-10 10:25:09
2026-01-10 14:03:08 - media_renamer_app - WARNING - exifread not available for RAW file GPS extraction: D:\Photos\Nef\Samos\DSC_0610.NEF
2026-01-10 14:03:08 - media_renamer_app - WARNING - Install exifread for better RAW support: pip install exifread
2026-01-10 14:03:08 - media_renamer_app - INFO - Successfully extracted date from image D:\Photos\Nef\Samos\DSC_0611.NEF: 2024-08-10 10:25:42
2026-01-10 14:03:08 - media_renamer_app - WARNING - exifread not available for RAW file GPS extraction: D:\Photos\Nef\Samos\DSC_0611.NEF
2026-01-10 14:03:08 - media_renamer_app - WARNING - Install exifread for better RAW support: pip install exifread
2026-01-10 14:03:08 - media_renamer_app - INFO - Successfully extracted date from image D:\Photos\Nef\Samos\DSC_0612.NEF: 2024-08-10 10:26:35
2026-01-10 14:03:08 - media_renamer_app - WARNING - exifread not available for RAW file GPS extraction: D:\Photos\Nef\Samos\DSC_0612.NEF
2026-01-10 14:03:08 - media_renamer_app - WARNING - Install exifread for better RAW support: pip install exifread
2026-01-10 14:03:08 - media_renamer_app - INFO - Successfully extracted date from image D:\Photos\Nef\Samos\DSC_0613.NEF: 2024-08-10 10:26:38
2026-01-10 14:03:08 - media_renamer_app - WARNING - exifread not available for RAW file GPS extraction: D:\Photos\Nef\Samos\DSC_0613.NEF
2026-01-10 14:03:08 - media_renamer_app - WARNING - Install exifread for better RAW support: pip install exifread
2026-01-10 14:03:08 - media_renamer_app - INFO - Successfully extracted date from image D:\Photos\Nef\Samos\DSC_0614.NEF: 2024-08-10 10:27:40
2026-01-10 14:03:08 - media_renamer_app - WARNING - exifread not available for RAW file GPS extraction: D:\Photos\Nef\Samos\DSC_0614.NEF
2026-01-10 14:03:08 - media_renamer_app - WARNING - Install exifread for better RAW support: pip install exifread
2026-01-10 14:03:08 - media_renamer_app - INFO - Successfully extracted date from image D:\Photos\Nef\Samos\DSC_0615.NEF: 2024-08-10 10:28:05
2026-01-10 14:03:08 - media_renamer_app - WARNING - exifread not available for RAW file GPS extraction: D:\Photos\Nef\Samos\DSC_0615.NEF
2026-01-10 14:03:08 - media_renamer_app - WARNING - Install exifread for better RAW support: pip install exifread
2026-01-10 14:03:08 - media_renamer_app - INFO - Successfully extracted date from image D:\Photos\Nef\Samos\DSC_0616.NEF: 2024-08-10 10:30:46
2026-01-10 14:03:08 - media_renamer_app - WARNING - exifread not available for RAW file GPS extraction: D:\Photos\Nef\Samos\DSC_0616.NEF
2026-01-10 14:03:08 - media_renamer_app - WARNING - Install exifread for better RAW support: pip install exifread
2026-01-10 14:03:08 - media_renamer_app - INFO - Successfully extracted date from image D:\Photos\Nef\Samos\DSC_0617.NEF: 2024-08-10 10:31:58
2026-01-10 14:03:08 - media_renamer_app - WARNING - exifread not available for RAW file GPS extraction: D:\Photos\Nef\Samos\DSC_0617.NEF
2026-01-10 14:03:08 - media_renamer_app - WARNING - Install exifread for better RAW support: pip install exifread
2026-01-10 14:03:08 - media_renamer_app - INFO - Successfully extracted date from image D:\Photos\Nef\Samos\DSC_0618.NEF: 2024-08-10 10:32:00
2026-01-10 14:03:08 - media_renamer_app - WARNING - exifread not available for RAW file GPS extraction: D:\Photos\Nef\Samos\DSC_0618.NEF
2026-01-10 14:03:08 - media_renamer_app - WARNING - Install exifread for better RAW support: pip install exifread
2026-01-10 14:03:08 - media_renamer_app - INFO - Successfully extracted date from image D:\Photos\Nef\Samos\DSC_0619.NEF: 2024-08-10 10:32:06
2026-01-10 14:03:08 - media_renamer_app - WARNING - exifread not available for RAW file GPS extraction: D:\Photos\Nef\Samos\DSC_0619.NEF
2026-01-10 14:03:08 - media_renamer_app - WARNING - Install exifread for better RAW support: pip install exifread
2026-01-10 14:03:08 - media_renamer_app - INFO - Successfully extracted date from image D:\Photos\Nef\Samos\DSC_0620.NEF: 2024-08-10 10:35:37
2026-01-10 14:03:08 - media_renamer_app - WARNING - exifread not available for RAW file GPS extraction: D:\Photos\Nef\Samos\DSC_0620.NEF
2026-01-10 14:03:08 - media_renamer_app - WARNING - Install exifread for better RAW support: pip install exifread
2026-01-10 14:03:08 - media_renamer_app - INFO - Successfully extracted date from image D:\Photos\Nef\Samos\DSC_0621.NEF: 2024-08-10 10:35:41
2026-01-10 14:03:08 - media_renamer_app - WARNING - exifread not available for RAW file GPS extraction: D:\Photos\Nef\Samos\DSC_0621.NEF
2026-01-10 14:03:08 - media_renamer_app - WARNING - Install exifread for better RAW support: pip install exifread
2026-01-10 14:03:08 - media_renamer_app - INFO - Successfully extracted date from image D:\Photos\Nef\Samos\DSC_0622.NEF: 2024-08-11 12:27:53
2026-01-10 14:03:08 - media_renamer_app - WARNING - exifread not available for RAW file GPS extraction: D:\Photos\Nef\Samos\DSC_0622.NEF
2026-01-10 14:03:08 - media_renamer_app - WARNING - Install exifread for better RAW support: pip install exifread
2026-01-10 14:03:08 - media_renamer_app - INFO - Successfully extracted date from image D:\Photos\Nef\Samos\DSC_0623.NEF: 2024-08-11 12:28:16
2026-01-10 14:03:08 - media_renamer_app - WARNING - exifread not available for RAW file GPS extraction: D:\Photos\Nef\Samos\DSC_0623.NEF
2026-01-10 14:03:08 - media_renamer_app - WARNING - Install exifread for better RAW support: pip install exifread
2026-01-10 14:03:08 - media_renamer_app - INFO - Successfully extracted date from image D:\Photos\Nef\Samos\DSC_0624.NEF: 2024-08-11 12:31:26
2026-01-10 14:03:08 - media_renamer_app - WARNING - exifread not available for RAW file GPS extraction: D:\Photos\Nef\Samos\DSC_0624.NEF
2026-01-10 14:03:08 - media_renamer_app - WARNING - Install exifread for better RAW support: pip install exifread
2026-01-10 14:03:08 - media_renamer_app - INFO - Successfully extracted date from image D:\Photos\Nef\Samos\DSC_0625.NEF: 2024-08-11 12:33:30
2026-01-10 14:03:08 - media_renamer_app - WARNING - exifread not available for RAW file GPS extraction: D:\Photos\Nef\Samos\DSC_0625.NEF
2026-01-10 14:03:08 - media_renamer_app - WARNING - Install exifread for better RAW support: pip install exifread
2026-01-10 14:03:08 - media_renamer_app - INFO - Successfully extracted date from image D:\Photos\Nef\Samos\DSC_0626.NEF: 2024-08-11 12:33:36
2026-01-10 14:03:08 - media_renamer_app - WARNING - exifread not available for RAW file GPS extraction: D:\Photos\Nef\Samos\DSC_0626.NEF
2026-01-10 14:03:08 - media_renamer_app - WARNING - Install exifread for better RAW support: pip install exifread
2026-01-10 14:03:08 - media_renamer_app - INFO - Successfully extracted date from image D:\Photos\Nef\Samos\DSC_0627.NEF: 2024-08-11 12:33:38
2026-01-10 14:03:08 - media_renamer_app - WARNING - exifread not available for RAW file GPS extraction: D:\Photos\Nef\Samos\DSC_0627.NEF
2026-01-10 14:03:08 - media_renamer_app - WARNING - Install exifread for better RAW support: pip install exifread
2026-01-10 14:03:08 - media_renamer_app - INFO - Successfully extracted date from image D:\Photos\Nef\Samos\DSC_0628.NEF: 2024-08-11 12:33:54
2026-01-10 14:03:08 - media_renamer_app - WARNING - exifread not available for RAW file GPS extraction: D:\Photos\Nef\Samos\DSC_0628.NEF
2026-01-10 14:03:08 - media_renamer_app - WARNING - Install exifread for better RAW support: pip install exifread
2026-01-10 14:03:08 - media_renamer_app - INFO - Successfully extracted date from image D:\Photos\Nef\Samos\DSC_0629.NEF: 2024-08-11 12:34:00
2026-01-10 14:03:08 - media_renamer_app - WARNING - exifread not available for RAW file GPS extraction: D:\Photos\Nef\Samos\DSC_0629.NEF
2026-01-10 14:03:08 - media_renamer_app - WARNING - Install exifread for better RAW support: pip install exifread
2026-01-10 14:03:08 - media_renamer_app - INFO - Successfully extracted date from image D:\Photos\Nef\Samos\DSC_0630.NEF: 2024-08-11 12:34:27
2026-01-10 14:03:08 - media_renamer_app - WARNING - exifread not available for RAW file GPS extraction: D:\Photos\Nef\Samos\DSC_0630.NEF
2026-01-10 14:03:08 - media_renamer_app - WARNING - Install exifread for better RAW support: pip install exifread
2026-01-10 14:03:08 - media_renamer_app - INFO - Successfully extracted date from image D:\Photos\Nef\Samos\DSC_0631.NEF: 2024-08-11 12:35:35
2026-01-10 14:03:08 - media_renamer_app - WARNING - exifread not available for RAW file GPS extraction: D:\Photos\Nef\Samos\DSC_0631.NEF
2026-01-10 14:03:08 - media_renamer_app - WARNING - Install exifread for better RAW support: pip install exifread
2026-01-10 14:03:08 - media_renamer_app - INFO - Successfully extracted date from image D:\Photos\Nef\Samos\DSC_0632.NEF: 2024-08-11 12:36:30
2026-01-10 14:03:08 - media_renamer_app - WARNING - exifread not available for RAW file GPS extraction: D:\Photos\Nef\Samos\DSC_0632.NEF
2026-01-10 14:03:08 - media_renamer_app - WARNING - Install exifread for better RAW support: pip install exifread
2026-01-10 14:03:08 - media_renamer_app - INFO - Successfully extracted date from image D:\Photos\Nef\Samos\DSC_0633.NEF: 2024-08-11 12:36:34
2026-01-10 14:03:08 - media_renamer_app - WARNING - exifread not available for RAW file GPS extraction: D:\Photos\Nef\Samos\DSC_0633.NEF
2026-01-10 14:03:08 - media_renamer_app - WARNING - Install exifread for better RAW support: pip install exifread
2026-01-10 14:03:08 - media_renamer_app - INFO - Successfully extracted date from image D:\Photos\Nef\Samos\DSC_0634.NEF: 2024-08-11 12:39:26
2026-01-10 14:03:08 - media_renamer_app - WARNING - exifread not available for RAW file GPS extraction: D:\Photos\Nef\Samos\DSC_0634.NEF
2026-01-10 14:03:08 - media_renamer_app - WARNING - Install exifread for better RAW support: pip install exifread
2026-01-10 14:03:08 - media_renamer_app - INFO - Successfully extracted date from image D:\Photos\Nef\Samos\DSC_0635.NEF: 2024-08-11 12:39:36
2026-01-10 14:03:08 - media_renamer_app - WARNING - exifread not available for RAW file GPS extraction: D:\Photos\Nef\Samos\DSC_0635.NEF
2026-01-10 14:03:08 - media_renamer_app - WARNING - Install exifread for better RAW support: pip install exifread
2026-01-10 14:03:08 - media_renamer_app - INFO - Successfully extracted date from image D:\Photos\Nef\Samos\DSC_0636.NEF: 2024-08-11 12:41:25
2026-01-10 14:03:08 - media_renamer_app - WARNING - exifread not available for RAW file GPS extraction: D:\Photos\Nef\Samos\DSC_0636.NEF
2026-01-10 14:03:08 - media_renamer_app - WARNING - Install exifread for better RAW support: pip install exifread
2026-01-10 14:03:08 - media_renamer_app - INFO - Successfully extracted date from image D:\Photos\Nef\Samos\DSC_0637.NEF: 2024-08-11 12:41:27
2026-01-10 14:03:08 - media_renamer_app - WARNING - exifread not available for RAW file GPS extraction: D:\Photos\Nef\Samos\DSC_0637.NEF
2026-01-10 14:03:08 - media_renamer_app - WARNING - Install exifread for better RAW support: pip install exifread
2026-01-10 14:03:08 - media_renamer_app - INFO - Successfully extracted date from image D:\Photos\Nef\Samos\DSC_0638.NEF: 2024-08-11 12:41:37
2026-01-10 14:03:08 - media_renamer_app - WARNING - exifread not available for RAW file GPS extraction: D:\Photos\Nef\Samos\DSC_0638.NEF
2026-01-10 14:03:08 - media_renamer_app - WARNING - Install exifread for better RAW support: pip install exifread
2026-01-10 14:03:08 - media_renamer_app - INFO - Successfully extracted date from image D:\Photos\Nef\Samos\DSC_0639.NEF: 2024-08-11 12:41:41
2026-01-10 14:03:08 - media_renamer_app - WARNING - exifread not available for RAW file GPS extraction: D:\Photos\Nef\Samos\DSC_0639.NEF
2026-01-10 14:03:08 - media_renamer_app - WARNING - Install exifread for better RAW support: pip install exifread
2026-01-10 14:03:08 - media_renamer_app - INFO - Successfully extracted date from image D:\Photos\Nef\Samos\DSC_0640.NEF: 2024-08-11 12:41:43
2026-01-10 14:03:08 - media_renamer_app - WARNING - exifread not available for RAW file GPS extraction: D:\Photos\Nef\Samos\DSC_0640.NEF
2026-01-10 14:03:08 - media_renamer_app - WARNING - Install exifread for better RAW support: pip install exifread
2026-01-10 14:03:08 - media_renamer_app - INFO - Successfully extracted date from image D:\Photos\Nef\Samos\DSC_0641.NEF: 2024-08-11 12:41:50
2026-01-10 14:03:08 - media_renamer_app - WARNING - exifread not available for RAW file GPS extraction: D:\Photos\Nef\Samos\DSC_0641.NEF
2026-01-10 14:03:08 - media_renamer_app - WARNING - Install exifread for better RAW support: pip install exifread
2026-01-10 14:03:08 - media_renamer_app - INFO - Successfully extracted date from image D:\Photos\Nef\Samos\DSC_0642.NEF: 2024-08-11 12:41:53
2026-01-10 14:03:08 - media_renamer_app - WARNING - exifread not available for RAW file GPS extraction: D:\Photos\Nef\Samos\DSC_0642.NEF
2026-01-10 14:03:08 - media_renamer_app - WARNING - Install exifread for better RAW support: pip install exifread
2026-01-10 14:03:08 - media_renamer_app - INFO - Successfully extracted date from image D:\Photos\Nef\Samos\DSC_0643.NEF: 2024-08-11 12:42:22
2026-01-10 14:03:08 - media_renamer_app - WARNING - exifread not available for RAW file GPS extraction: D:\Photos\Nef\Samos\DSC_0643.NEF
2026-01-10 14:03:08 - media_renamer_app - WARNING - Install exifread for better RAW support: pip install exifread
2026-01-10 14:03:08 - media_renamer_app - INFO - Successfully extracted date from image D:\Photos\Nef\Samos\DSC_0644.NEF: 2024-08-11 12:42:23
2026-01-10 14:03:08 - media_renamer_app - WARNING - exifread not available for RAW file GPS extraction: D:\Photos\Nef\Samos\DSC_0644.NEF
2026-01-10 14:03:08 - media_renamer_app - WARNING - Install exifread for better RAW support: pip install exifread
2026-01-10 14:03:08 - media_renamer_app - INFO - Successfully extracted date from image D:\Photos\Nef\Samos\DSC_0645.NEF: 2024-08-11 12:42:28
2026-01-10 14:03:08 - media_renamer_app - WARNING - exifread not available for RAW file GPS extraction: D:\Photos\Nef\Samos\DSC_0645.NEF
2026-01-10 14:03:08 - media_renamer_app - WARNING - Install exifread for better RAW support: pip install exifread
2026-01-10 14:03:08 - media_renamer_app - INFO - Successfully extracted date from image D:\Photos\Nef\Samos\DSC_0646.NEF: 2024-08-11 12:42:30
2026-01-10 14:03:08 - media_renamer_app - WARNING - exifread not available for RAW file GPS extraction: D:\Photos\Nef\Samos\DSC_0646.NEF
2026-01-10 14:03:08 - media_renamer_app - WARNING - Install exifread for better RAW support: pip install exifread
2026-01-10 14:03:08 - media_renamer_app - INFO - Successfully extracted date from image D:\Photos\Nef\Samos\DSC_0647.NEF: 2024-08-11 12:42:32
2026-01-10 14:03:08 - media_renamer_app - WARNING - exifread not available for RAW file GPS extraction: D:\Photos\Nef\Samos\DSC_0647.NEF
2026-01-10 14:03:08 - media_renamer_app - WARNING - Install exifread for better RAW support: pip install exifread
2026-01-10 14:03:08 - media_renamer_app - INFO - Successfully extracted date from image D:\Photos\Nef\Samos\DSC_0648.NEF: 2024-08-11 12:47:53
2026-01-10 14:03:08 - media_renamer_app - WARNING - exifread not available for RAW file GPS extraction: D:\Photos\Nef\Samos\DSC_0648.NEF
2026-01-10 14:03:08 - media_renamer_app - WARNING - Install exifread for better RAW support: pip install exifread
2026-01-10 14:03:08 - media_renamer_app - INFO - Successfully extracted date from image D:\Photos\Nef\Samos\DSC_0649.NEF: 2024-08-11 12:47:55
2026-01-10 14:03:08 - media_renamer_app - WARNING - exifread not available for RAW file GPS extraction: D:\Photos\Nef\Samos\DSC_0649.NEF
2026-01-10 14:03:08 - media_renamer_app - WARNING - Install exifread for better RAW support: pip install exifread
2026-01-10 14:03:08 - media_renamer_app - INFO - Successfully extracted date from image D:\Photos\Nef\Samos\DSC_0650.NEF: 2024-08-11 12:47:58
2026-01-10 14:03:08 - media_renamer_app - WARNING - exifread not available for RAW file GPS extraction: D:\Photos\Nef\Samos\DSC_0650.NEF
2026-01-10 14:03:08 - media_renamer_app - WARNING - Install exifread for better RAW support: pip install exifread
2026-01-10 14:03:08 - media_renamer_app - INFO - Successfully extracted date from image D:\Photos\Nef\Samos\DSC_0651.NEF: 2024-08-11 12:48:21
2026-01-10 14:03:08 - media_renamer_app - WARNING - exifread not available for RAW file GPS extraction: D:\Photos\Nef\Samos\DSC_0651.NEF
2026-01-10 14:03:08 - media_renamer_app - WARNING - Install exifread for better RAW support: pip install exifread
2026-01-10 14:03:08 - media_renamer_app - INFO - Successfully extracted date from image D:\Photos\Nef\Samos\DSC_0652.NEF: 2024-08-11 12:48:24
2026-01-10 14:03:08 - media_renamer_app - WARNING - exifread not available for RAW file GPS extraction: D:\Photos\Nef\Samos\DSC_0652.NEF
2026-01-10 14:03:08 - media_renamer_app - WARNING - Install exifread for better RAW support: pip install exifread
2026-01-10 14:03:08 - media_renamer_app - INFO - Successfully extracted date from image D:\Photos\Nef\Samos\DSC_0653.NEF: 2024-08-11 12:51:08
2026-01-10 14:03:08 - media_renamer_app - WARNING - exifread not available for RAW file GPS extraction: D:\Photos\Nef\Samos\DSC_0653.NEF
2026-01-10 14:03:08 - media_renamer_app - WARNING - Install exifread for better RAW support: pip install exifread
2026-01-10 14:03:08 - media_renamer_app - INFO - Successfully extracted date from image D:\Photos\Nef\Samos\DSC_0654.NEF: 2024-08-11 12:51:28
2026-01-10 14:03:08 - media_renamer_app - WARNING - exifread not available for RAW file GPS extraction: D:\Photos\Nef\Samos\DSC_0654.NEF
2026-01-10 14:03:08 - media_renamer_app - WARNING - Install exifread for better RAW support: pip install exifread
2026-01-10 14:03:08 - media_renamer_app - INFO - Successfully extracted date from image D:\Photos\Nef\Samos\DSC_0655.NEF: 2024-08-11 12:51:48
2026-01-10 14:03:08 - media_renamer_app - WARNING - exifread not available for RAW file GPS extraction: D:\Photos\Nef\Samos\DSC_0655.NEF
2026-01-10 14:03:08 - media_renamer_app - WARNING - Install exifread for better RAW support: pip install exifread
2026-01-10 14:03:08 - media_renamer_app - INFO - Successfully extracted date from image D:\Photos\Nef\Samos\DSC_0656.NEF: 2024-08-11 12:51:51
2026-01-10 14:03:08 - media_renamer_app - WARNING - exifread not available for RAW file GPS extraction: D:\Photos\Nef\Samos\DSC_0656.NEF
2026-01-10 14:03:08 - media_renamer_app - WARNING - Install exifread for better RAW support: pip install exifread
2026-01-10 14:03:08 - media_renamer_app - INFO - Successfully extracted date from image D:\Photos\Nef\Samos\DSC_0657.NEF: 2024-08-11 12:51:59
2026-01-10 14:03:08 - media_renamer_app - WARNING - exifread not available for RAW file GPS extraction: D:\Photos\Nef\Samos\DSC_0657.NEF
2026-01-10 14:03:08 - media_renamer_app - WARNING - Install exifread for better RAW support: pip install exifread
2026-01-10 14:03:08 - media_renamer_app - INFO - Successfully extracted date from image D:\Photos\Nef\Samos\DSC_0658.NEF: 2024-08-11 12:52:02
2026-01-10 14:03:08 - media_renamer_app - WARNING - exifread not available for RAW file GPS extraction: D:\Photos\Nef\Samos\DSC_0658.NEF
2026-01-10 14:03:08 - media_renamer_app - WARNING - Install exifread for better RAW support: pip install exifread
2026-01-10 14:03:08 - media_renamer_app - INFO - Successfully extracted date from image D:\Photos\Nef\Samos\DSC_0659.NEF: 2024-08-11 12:52:04
2026-01-10 14:03:08 - media_renamer_app - WARNING - exifread not available for RAW file GPS extraction: D:\Photos\Nef\Samos\DSC_0659.NEF
2026-01-10 14:03:08 - media_renamer_app - WARNING - Install exifread for better RAW support: pip install exifread
2026-01-10 14:03:08 - media_renamer_app - INFO - Successfully extracted date from image D:\Photos\Nef\Samos\DSC_0660.NEF: 2024-08-11 12:52:05
2026-01-10 14:03:08 - media_renamer_app - WARNING - exifread not available for RAW file GPS extraction: D:\Photos\Nef\Samos\DSC_0660.NEF
2026-01-10 14:03:08 - media_renamer_app - WARNING - Install exifread for better RAW support: pip install exifread
2026-01-10 14:03:08 - media_renamer_app - INFO - Successfully extracted date from image D:\Photos\Nef\Samos\DSC_0661.NEF: 2024-08-11 12:52:07
2026-01-10 14:03:08 - media_renamer_app - WARNING - exifread not available for RAW file GPS extraction: D:\Photos\Nef\Samos\DSC_0661.NEF
2026-01-10 14:03:08 - media_renamer_app - WARNING - Install exifread for better RAW support: pip install exifread
2026-01-10 14:03:08 - media_renamer_app - INFO - Successfully extracted date from image D:\Photos\Nef\Samos\DSC_0662.NEF: 2024-08-11 12:52:08
2026-01-10 14:03:08 - media_renamer_app - WARNING - exifread not available for RAW file GPS extraction: D:\Photos\Nef\Samos\DSC_0662.NEF
2026-01-10 14:03:08 - media_renamer_app - WARNING - Install exifread for better RAW support: pip install exifread
2026-01-10 14:03:08 - media_renamer_app - INFO - Successfully extracted date from image D:\Photos\Nef\Samos\DSC_0663.NEF: 2024-08-11 13:05:41
2026-01-10 14:03:08 - media_renamer_app - WARNING - exifread not available for RAW file GPS extraction: D:\Photos\Nef\Samos\DSC_0663.NEF
2026-01-10 14:03:08 - media_renamer_app - WARNING - Install exifread for better RAW support: pip install exifread
2026-01-10 14:03:08 - media_renamer_app - INFO - Successfully extracted date from image D:\Photos\Nef\Samos\DSC_0664.NEF: 2024-08-11 13:05:43
2026-01-10 14:03:08 - media_renamer_app - WARNING - exifread not available for RAW file GPS extraction: D:\Photos\Nef\Samos\DSC_0664.NEF
2026-01-10 14:03:08 - media_renamer_app - WARNING - Install exifread for better RAW support: pip install exifread
2026-01-10 14:03:08 - media_renamer_app - INFO - Successfully extracted date from image D:\Photos\Nef\Samos\DSC_0665.NEF: 2024-08-11 13:06:04
2026-01-10 14:03:08 - media_renamer_app - WARNING - exifread not available for RAW file GPS extraction: D:\Photos\Nef\Samos\DSC_0665.NEF
2026-01-10 14:03:08 - media_renamer_app - WARNING - Install exifread for better RAW support: pip install exifread
2026-01-10 14:03:08 - media_renamer_app - INFO - Successfully extracted date from image D:\Photos\Nef\Samos\DSC_0666.NEF: 2024-08-11 13:06:07
2026-01-10 14:03:08 - media_renamer_app - WARNING - exifread not available for RAW file GPS extraction: D:\Photos\Nef\Samos\DSC_0666.NEF
2026-01-10 14:03:08 - media_renamer_app - WARNING - Install exifread for better RAW support: pip install exifread
2026-01-10 14:03:08 - media_renamer_app - INFO - Successfully extracted date from image D:\Photos\Nef\Samos\DSC_0667.NEF: 2024-08-11 13:07:08
2026-01-10 14:03:08 - media_renamer_app - WARNING - exifread not available for RAW file GPS extraction: D:\Photos\Nef\Samos\DSC_0667.NEF
2026-01-10 14:03:08 - media_renamer_app - WARNING - Install exifread for better RAW support: pip install exifread
2026-01-10 14:03:08 - media_renamer_app - INFO - Successfully extracted date from image D:\Photos\Nef\Samos\DSC_0668.NEF: 2024-08-11 13:07:19
2026-01-10 14:03:08 - media_renamer_app - WARNING - exifread not available for RAW file GPS extraction: D:\Photos\Nef\Samos\DSC_0668.NEF
2026-01-10 14:03:08 - media_renamer_app - WARNING - Install exifread for better RAW support: pip install exifread
2026-01-10 14:03:08 - media_renamer_app - INFO - Successfully extracted date from image D:\Photos\Nef\Samos\DSC_0669.NEF: 2024-08-11 13:07:20
2026-01-10 14:03:08 - media_renamer_app - WARNING - exifread not available for RAW file GPS extraction: D:\Photos\Nef\Samos\DSC_0669.NEF
2026-01-10 14:03:08 - media_renamer_app - WARNING - Install exifread for better RAW support: pip install exifread
2026-01-10 14:03:08 - media_renamer_app - INFO - Successfully extracted date from image D:\Photos\Nef\Samos\DSC_0670.NEF: 2024-08-11 13:10:14
2026-01-10 14:03:08 - media_renamer_app - WARNING - exifread not available for RAW file GPS extraction: D:\Photos\Nef\Samos\DSC_0670.NEF
2026-01-10 14:03:08 - media_renamer_app - WARNING - Install exifread for better RAW support: pip install exifread
2026-01-10 14:03:08 - media_renamer_app - INFO - Successfully extracted date from image D:\Photos\Nef\Samos\DSC_0671.NEF: 2024-08-11 13:10:19
2026-01-10 14:03:08 - media_renamer_app - WARNING - exifread not available for RAW file GPS extraction: D:\Photos\Nef\Samos\DSC_0671.NEF
2026-01-10 14:03:08 - media_renamer_app - WARNING - Install exifread for better RAW support: pip install exifread
2026-01-10 14:03:08 - media_renamer_app - INFO - Successfully extracted date from image D:\Photos\Nef\Samos\DSC_0672.NEF: 2024-08-11 13:10:21
2026-01-10 14:03:08 - media_renamer_app - WARNING - exifread not available for RAW file GPS extraction: D:\Photos\Nef\Samos\DSC_0672.NEF
2026-01-10 14:03:08 - media_renamer_app - WARNING - Install exifread for better RAW support: pip install exifread
2026-01-10 14:03:08 - media_renamer_app - INFO - Successfully extracted date from image D:\Photos\Nef\Samos\DSC_0673.NEF: 2024-08-11 13:10:34
2026-01-10 14:03:08 - media_renamer_app - WARNING - exifread not available for RAW file GPS extraction: D:\Photos\Nef\Samos\DSC_0673.NEF
2026-01-10 14:03:08 - media_renamer_app - WARNING - Install exifread for better RAW support: pip install exifread
2026-01-10 14:03:08 - media_renamer_app - INFO - Successfully extracted date from image D:\Photos\Nef\Samos\DSC_0674.NEF: 2024-08-11 13:10:37
2026-01-10 14:03:08 - media_renamer_app - WARNING - exifread not available for RAW file GPS extraction: D:\Photos\Nef\Samos\DSC_0674.NEF
2026-01-10 14:03:08 - media_renamer_app - WARNING - Install exifread for better RAW support: pip install exifread
2026-01-10 14:03:08 - media_renamer_app - INFO - Successfully extracted date from image D:\Photos\Nef\Samos\DSC_0675.NEF: 2024-08-11 13:10:39
2026-01-10 14:03:08 - media_renamer_app - WARNING - exifread not available for RAW file GPS extraction: D:\Photos\Nef\Samos\DSC_0675.NEF
2026-01-10 14:03:08 - media_renamer_app - WARNING - Install exifread for better RAW support: pip install exifread
2026-01-10 14:03:08 - media_renamer_app - INFO - Successfully extracted date from image D:\Photos\Nef\Samos\DSC_0676.NEF: 2024-08-11 13:10:59
2026-01-10 14:03:08 - media_renamer_app - WARNING - exifread not available for RAW file GPS extraction: D:\Photos\Nef\Samos\DSC_0676.NEF
2026-01-10 14:03:08 - media_renamer_app - WARNING - Install exifread for better RAW support: pip install exifread
2026-01-10 14:03:08 - media_renamer_app - INFO - Successfully extracted date from image D:\Photos\Nef\Samos\DSC_0677.NEF: 2024-08-11 13:11:02
2026-01-10 14:03:08 - media_renamer_app - WARNING - exifread not available for RAW file GPS extraction: D:\Photos\Nef\Samos\DSC_0677.NEF
2026-01-10 14:03:08 - media_renamer_app - WARNING - Install exifread for better RAW support: pip install exifread
2026-01-10 14:03:08 - media_renamer_app - INFO - Successfully extracted date from image D:\Photos\Nef\Samos\DSC_0678.NEF: 2024-08-11 13:11:04
2026-01-10 14:03:08 - media_renamer_app - WARNING - exifread not available for RAW file GPS extraction: D:\Photos\Nef\Samos\DSC_0678.NEF
2026-01-10 14:03:08 - media_renamer_app - WARNING - Install exifread for better RAW support: pip install exifread
2026-01-10 14:03:08 - media_renamer_app - INFO - Successfully extracted date from image D:\Photos\Nef\Samos\DSC_0679.NEF: 2024-08-11 13:11:16
2026-01-10 14:03:08 - media_renamer_app - WARNING - exifread not available for RAW file GPS extraction: D:\Photos\Nef\Samos\DSC_0679.NEF
2026-01-10 14:03:08 - media_renamer_app - WARNING - Install exifread for better RAW support: pip install exifread
2026-01-10 14:03:08 - media_renamer_app - INFO - Successfully extracted date from image D:\Photos\Nef\Samos\DSC_0680.NEF: 2024-08-11 13:11:18
2026-01-10 14:03:08 - media_renamer_app - WARNING - exifread not available for RAW file GPS extraction: D:\Photos\Nef\Samos\DSC_0680.NEF
2026-01-10 14:03:08 - media_renamer_app - WARNING - Install exifread for better RAW support: pip install exifread
2026-01-10 14:03:08 - media_renamer_app - INFO - Successfully extracted date from image D:\Photos\Nef\Samos\DSC_0681.NEF: 2024-08-11 13:11:21
2026-01-10 14:03:08 - media_renamer_app - WARNING - exifread not available for RAW file GPS extraction: D:\Photos\Nef\Samos\DSC_0681.NEF
2026-01-10 14:03:08 - media_renamer_app - WARNING - Install exifread for better RAW support: pip install exifread
2026-01-10 14:03:08 - media_renamer_app - INFO - Successfully extracted date from image D:\Photos\Nef\Samos\DSC_0682.NEF: 2024-08-11 13:11:22
2026-01-10 14:03:08 - media_renamer_app - WARNING - exifread not available for RAW file GPS extraction: D:\Photos\Nef\Samos\DSC_0682.NEF
2026-01-10 14:03:08 - media_renamer_app - WARNING - Install exifread for better RAW support: pip install exifread
2026-01-10 14:03:08 - media_renamer_app - INFO - Successfully extracted date from image D:\Photos\Nef\Samos\DSC_0683.NEF: 2024-08-11 13:11:24
2026-01-10 14:03:08 - media_renamer_app - WARNING - exifread not available for RAW file GPS extraction: D:\Photos\Nef\Samos\DSC_0683.NEF
2026-01-10 14:03:08 - media_renamer_app - WARNING - Install exifread for better RAW support: pip install exifread
2026-01-10 14:03:08 - media_renamer_app - INFO - Successfully extracted date from image D:\Photos\Nef\Samos\DSC_0684.NEF: 2024-08-11 13:11:35
2026-01-10 14:03:08 - media_renamer_app - WARNING - exifread not available for RAW file GPS extraction: D:\Photos\Nef\Samos\DSC_0684.NEF
2026-01-10 14:03:08 - media_renamer_app - WARNING - Install exifread for better RAW support: pip install exifread
2026-01-10 14:03:08 - media_renamer_app - INFO - Successfully extracted date from image D:\Photos\Nef\Samos\DSC_0685.NEF: 2024-08-11 13:11:40
2026-01-10 14:03:08 - media_renamer_app - WARNING - exifread not available for RAW file GPS extraction: D:\Photos\Nef\Samos\DSC_0685.NEF
2026-01-10 14:03:08 - media_renamer_app - WARNING - Install exifread for better RAW support: pip install exifread
2026-01-10 14:03:08 - media_renamer_app - INFO - Successfully extracted date from image D:\Photos\Nef\Samos\DSC_0686.NEF: 2024-08-11 13:12:12
2026-01-10 14:03:08 - media_renamer_app - WARNING - exifread not available for RAW file GPS extraction: D:\Photos\Nef\Samos\DSC_0686.NEF
2026-01-10 14:03:08 - media_renamer_app - WARNING - Install exifread for better RAW support: pip install exifread
2026-01-10 14:03:08 - media_renamer_app - INFO - Successfully extracted date from image D:\Photos\Nef\Samos\DSC_0687.NEF: 2024-08-11 13:12:19
2026-01-10 14:03:08 - media_renamer_app - WARNING - exifread not available for RAW file GPS extraction: D:\Photos\Nef\Samos\DSC_0687.NEF
2026-01-10 14:03:08 - media_renamer_app - WARNING - Install exifread for better RAW support: pip install exifread
2026-01-10 14:03:08 - media_renamer_app - INFO - Successfully extracted date from image D:\Photos\Nef\Samos\DSC_0688.NEF: 2024-08-11 13:12:21
2026-01-10 14:03:08 - media_renamer_app - WARNING - exifread not available for RAW file GPS extraction: D:\Photos\Nef\Samos\DSC_0688.NEF
2026-01-10 14:03:08 - media_renamer_app - WARNING - Install exifread for better RAW support: pip install exifread
2026-01-10 14:03:08 - media_renamer_app - INFO - Successfully extracted date from image D:\Photos\Nef\Samos\DSC_0689.NEF: 2024-08-11 13:39:10
2026-01-10 14:03:08 - media_renamer_app - WARNING - exifread not available for RAW file GPS extraction: D:\Photos\Nef\Samos\DSC_0689.NEF
2026-01-10 14:03:08 - media_renamer_app - WARNING - Install exifread for better RAW support: pip install exifread
2026-01-10 14:03:08 - media_renamer_app - INFO - Successfully extracted date from image D:\Photos\Nef\Samos\DSC_0690.NEF: 2024-08-11 13:39:14
2026-01-10 14:03:08 - media_renamer_app - WARNING - exifread not available for RAW file GPS extraction: D:\Photos\Nef\Samos\DSC_0690.NEF
2026-01-10 14:03:08 - media_renamer_app - WARNING - Install exifread for better RAW support: pip install exifread
2026-01-10 14:03:08 - media_renamer_app - INFO - Successfully extracted date from image D:\Photos\Nef\Samos\DSC_0691.NEF: 2024-08-11 13:39:18
2026-01-10 14:03:08 - media_renamer_app - WARNING - exifread not available for RAW file GPS extraction: D:\Photos\Nef\Samos\DSC_0691.NEF
2026-01-10 14:03:08 - media_renamer_app - WARNING - Install exifread for better RAW support: pip install exifread
2026-01-10 14:03:08 - media_renamer_app - INFO - Successfully extracted date from image D:\Photos\Nef\Samos\DSC_0692.NEF: 2024-08-11 13:39:53
2026-01-10 14:03:08 - media_renamer_app - WARNING - exifread not available for RAW file GPS extraction: D:\Photos\Nef\Samos\DSC_0692.NEF
2026-01-10 14:03:08 - media_renamer_app - WARNING - Install exifread for better RAW support: pip install exifread
2026-01-10 14:03:08 - media_renamer_app - INFO - Successfully extracted date from image D:\Photos\Nef\Samos\DSC_0693.NEF: 2024-08-11 13:40:03
2026-01-10 14:03:08 - media_renamer_app - WARNING - exifread not available for RAW file GPS extraction: D:\Photos\Nef\Samos\DSC_0693.NEF
2026-01-10 14:03:08 - media_renamer_app - WARNING - Install exifread for better RAW support: pip install exifread
2026-01-10 14:03:08 - media_renamer_app - INFO - Successfully extracted date from image D:\Photos\Nef\Samos\DSC_0694.NEF: 2024-08-11 13:40:04
2026-01-10 14:03:08 - media_renamer_app - WARNING - exifread not available for RAW file GPS extraction: D:\Photos\Nef\Samos\DSC_0694.NEF
2026-01-10 14:03:08 - media_renamer_app - WARNING - Install exifread for better RAW support: pip install exifread
2026-01-10 14:03:08 - media_renamer_app - INFO - Successfully extracted date from image D:\Photos\Nef\Samos\DSC_0695.NEF: 2024-08-11 13:40:05
2026-01-10 14:03:08 - media_renamer_app - WARNING - exifread not available for RAW file GPS extraction: D:\Photos\Nef\Samos\DSC_0695.NEF
2026-01-10 14:03:08 - media_renamer_app - WARNING - Install exifread for better RAW support: pip install exifread
2026-01-10 14:03:08 - media_renamer_app - INFO - Successfully extracted date from image D:\Photos\Nef\Samos\DSC_0696.NEF: 2024-08-11 13:40:08
2026-01-10 14:03:08 - media_renamer_app - WARNING - exifread not available for RAW file GPS extraction: D:\Photos\Nef\Samos\DSC_0696.NEF
2026-01-10 14:03:08 - media_renamer_app - WARNING - Install exifread for better RAW support: pip install exifread
2026-01-10 14:03:08 - media_renamer_app - INFO - Successfully extracted date from image D:\Photos\Nef\Samos\DSC_0697.NEF: 2024-08-11 13:40:08
2026-01-10 14:03:08 - media_renamer_app - WARNING - exifread not available for RAW file GPS extraction: D:\Photos\Nef\Samos\DSC_0697.NEF
2026-01-10 14:03:08 - media_renamer_app - WARNING - Install exifread for better RAW support: pip install exifread
2026-01-10 14:03:08 - media_renamer_app - INFO - Successfully extracted date from image D:\Photos\Nef\Samos\DSC_0698.NEF: 2024-08-11 13:40:14
2026-01-10 14:03:08 - media_renamer_app - WARNING - exifread not available for RAW file GPS extraction: D:\Photos\Nef\Samos\DSC_0698.NEF
2026-01-10 14:03:08 - media_renamer_app - WARNING - Install exifread for better RAW support: pip install exifread
2026-01-10 14:03:08 - media_renamer_app - INFO - Successfully extracted date from image D:\Photos\Nef\Samos\DSC_0699.NEF: 2024-08-11 13:40:15
2026-01-10 14:03:08 - media_renamer_app - WARNING - exifread not available for RAW file GPS extraction: D:\Photos\Nef\Samos\DSC_0699.NEF
2026-01-10 14:03:08 - media_renamer_app - WARNING - Install exifread for better RAW support: pip install exifread
2026-01-10 14:03:08 - media_renamer_app - INFO - Successfully extracted date from image D:\Photos\Nef\Samos\DSC_0700.NEF: 2024-08-11 13:40:17
2026-01-10 14:03:08 - media_renamer_app - WARNING - exifread not available for RAW file GPS extraction: D:\Photos\Nef\Samos\DSC_0700.NEF
2026-01-10 14:03:08 - media_renamer_app - WARNING - Install exifread for better RAW support: pip install exifread
2026-01-10 14:03:08 - media_renamer_app - INFO - Successfully extracted date from image D:\Photos\Nef\Samos\DSC_0701.NEF: 2024-08-11 13:40:43
2026-01-10 14:03:08 - media_renamer_app - WARNING - exifread not available for RAW file GPS extraction: D:\Photos\Nef\Samos\DSC_0701.NEF
2026-01-10 14:03:08 - media_renamer_app - WARNING - Install exifread for better RAW support: pip install exifread
2026-01-10 14:03:08 - media_renamer_app - INFO - Successfully extracted date from image D:\Photos\Nef\Samos\DSC_0702.NEF: 2024-08-11 13:40:59
2026-01-10 14:03:08 - media_renamer_app - WARNING - exifread not available for RAW file GPS extraction: D:\Photos\Nef\Samos\DSC_0702.NEF
2026-01-10 14:03:08 - media_renamer_app - WARNING - Install exifread for better RAW support: pip install exifread
2026-01-10 14:03:08 - media_renamer_app - INFO - Successfully extracted date from image D:\Photos\Nef\Samos\DSC_0703.NEF: 2024-08-11 13:40:59
2026-01-10 14:03:08 - media_renamer_app - WARNING - exifread not available for RAW file GPS extraction: D:\Photos\Nef\Samos\DSC_0703.NEF
2026-01-10 14:03:08 - media_renamer_app - WARNING - Install exifread for better RAW support: pip install exifread
2026-01-10 14:03:08 - media_renamer_app - INFO - Successfully extracted date from image D:\Photos\Nef\Samos\DSC_0704.NEF: 2024-08-11 13:41:12
2026-01-10 14:03:08 - media_renamer_app - WARNING - exifread not available for RAW file GPS extraction: D:\Photos\Nef\Samos\DSC_0704.NEF
2026-01-10 14:03:08 - media_renamer_app - WARNING - Install exifread for better RAW support: pip install exifread
2026-01-10 14:03:08 - media_renamer_app - INFO - Successfully extracted date from image D:\Photos\Nef\Samos\DSC_0705.NEF: 2024-08-11 13:41:13
2026-01-10 14:03:08 - media_renamer_app - WARNING - exifread not available for RAW file GPS extraction: D:\Photos\Nef\Samos\DSC_0705.NEF
2026-01-10 14:03:08 - media_renamer_app - WARNING - Install exifread for better RAW support: pip install exifread
2026-01-10 14:03:08 - media_renamer_app - INFO - Successfully extracted date from image D:\Photos\Nef\Samos\DSC_0706.NEF: 2024-08-11 13:41:14
2026-01-10 14:03:08 - media_renamer_app - WARNING - exifread not available for RAW file GPS extraction: D:\Photos\Nef\Samos\DSC_0706.NEF
2026-01-10 14:03:08 - media_renamer_app - WARNING - Install exifread for better RAW support: pip install exifread
2026-01-10 14:03:08 - media_renamer_app - INFO - Successfully extracted date from image D:\Photos\Nef\Samos\DSC_0707.NEF: 2024-08-11 13:41:14
2026-01-10 14:03:08 - media_renamer_app - WARNING - exifread not available for RAW file GPS extraction: D:\Photos\Nef\Samos\DSC_0707.NEF
2026-01-10 14:03:08 - media_renamer_app - WARNING - Install exifread for better RAW support: pip install exifread
2026-01-10 14:03:08 - media_renamer_app - INFO - Successfully extracted date from image D:\Photos\Nef\Samos\DSC_0708.NEF: 2024-08-11 13:41:14
2026-01-10 14:03:08 - media_renamer_app - WARNING - exifread not available for RAW file GPS extraction: D:\Photos\Nef\Samos\DSC_0708.NEF
2026-01-10 14:03:08 - media_renamer_app - WARNING - Install exifread for better RAW support: pip install exifread
2026-01-10 14:03:08 - media_renamer_app - INFO - Successfully extracted date from image D:\Photos\Nef\Samos\DSC_0709.NEF: 2024-08-11 13:41:15
2026-01-10 14:03:08 - media_renamer_app - WARNING - exifread not available for RAW file GPS extraction: D:\Photos\Nef\Samos\DSC_0709.NEF
2026-01-10 14:03:08 - media_renamer_app - WARNING - Install exifread for better RAW support: pip install exifread
2026-01-10 14:03:08 - media_renamer_app - INFO - Successfully extracted date from image D:\Photos\Nef\Samos\DSC_0710.NEF: 2024-08-11 13:41:16
2026-01-10 14:03:08 - media_renamer_app - WARNING - exifread not available for RAW file GPS extraction: D:\Photos\Nef\Samos\DSC_0710.NEF
2026-01-10 14:03:08 - media_renamer_app - WARNING - Install exifread for better RAW support: pip install exifread
2026-01-10 14:03:08 - media_renamer_app - INFO - Successfully extracted date from image D:\Photos\Nef\Samos\DSC_0714.NEF: 2024-08-11 13:41:20
2026-01-10 14:03:08 - media_renamer_app - WARNING - exifread not available for RAW file GPS extraction: D:\Photos\Nef\Samos\DSC_0714.NEF
2026-01-10 14:03:08 - media_renamer_app - WARNING - Install exifread for better RAW support: pip install exifread
2026-01-10 14:03:08 - media_renamer_app - INFO - Successfully extracted date from image D:\Photos\Nef\Samos\DSC_0715.NEF: 2024-08-11 13:42:52
2026-01-10 14:03:08 - media_renamer_app - WARNING - exifread not available for RAW file GPS extraction: D:\Photos\Nef\Samos\DSC_0715.NEF
2026-01-10 14:03:08 - media_renamer_app - WARNING - Install exifread for better RAW support: pip install exifread
2026-01-10 14:03:08 - media_renamer_app - INFO - Successfully extracted date from image D:\Photos\Nef\Samos\DSC_0716.NEF: 2024-08-11 13:42:57
2026-01-10 14:03:08 - media_renamer_app - WARNING - exifread not available for RAW file GPS extraction: D:\Photos\Nef\Samos\DSC_0716.NEF
2026-01-10 14:03:08 - media_renamer_app - WARNING - Install exifread for better RAW support: pip install exifread
2026-01-10 14:03:08 - media_renamer_app - INFO - Successfully extracted date from image D:\Photos\Nef\Samos\DSC_0717.NEF: 2024-08-11 13:43:02
2026-01-10 14:03:08 - media_renamer_app - WARNING - exifread not available for RAW file GPS extraction: D:\Photos\Nef\Samos\DSC_0717.NEF
2026-01-10 14:03:08 - media_renamer_app - WARNING - Install exifread for better RAW support: pip install exifread
2026-01-10 14:03:08 - media_renamer_app - INFO - Successfully extracted date from image D:\Photos\Nef\Samos\DSC_0718.NEF: 2024-08-11 13:43:13
2026-01-10 14:03:08 - media_renamer_app - WARNING - exifread not available for RAW file GPS extraction: D:\Photos\Nef\Samos\DSC_0718.NEF
2026-01-10 14:03:08 - media_renamer_app - WARNING - Install exifread for better RAW support: pip install exifread
2026-01-10 14:03:08 - media_renamer_app - INFO - Successfully extracted date from image D:\Photos\Nef\Samos\DSC_0719.NEF: 2024-08-11 15:59:35
2026-01-10 14:03:08 - media_renamer_app - WARNING - exifread not available for RAW file GPS extraction: D:\Photos\Nef\Samos\DSC_0719.NEF
2026-01-10 14:03:08 - media_renamer_app - WARNING - Install exifread for better RAW support: pip install exifread
2026-01-10 14:03:08 - media_renamer_app - INFO - Successfully extracted date from image D:\Photos\Nef\Samos\DSC_0721.NEF: 2024-08-11 17:07:53
2026-01-10 14:03:08 - media_renamer_app - WARNING - exifread not available for RAW file GPS extraction: D:\Photos\Nef\Samos\DSC_0721.NEF
2026-01-10 14:03:08 - media_renamer_app - WARNING - Install exifread for better RAW support: pip install exifread
2026-01-10 14:03:08 - media_renamer_app - INFO - Successfully extracted date from image D:\Photos\Nef\Samos\DSC_0722.NEF: 2024-08-11 17:07:57
2026-01-10 14:03:08 - media_renamer_app - WARNING - exifread not available for RAW file GPS extraction: D:\Photos\Nef\Samos\DSC_0722.NEF
2026-01-10 14:03:08 - media_renamer_app - WARNING - Install exifread for better RAW support: pip install exifread
2026-01-10 14:03:08 - media_renamer_app - INFO - Successfully extracted date from image D:\Photos\Nef\Samos\DSC_0723.NEF: 2024-08-11 17:08:00
2026-01-10 14:03:08 - media_renamer_app - WARNING - exifread not available for RAW file GPS extraction: D:\Photos\Nef\Samos\DSC_0723.NEF
2026-01-10 14:03:08 - media_renamer_app - WARNING - Install exifread for better RAW support: pip install exifread
2026-01-10 14:03:09 - media_renamer_app - INFO - Successfully extracted date from image D:\Photos\Nef\Samos\DSC_0725.NEF: 2024-08-11 17:08:17
2026-01-10 14:03:09 - media_renamer_app - WARNING - exifread not available for RAW file GPS extraction: D:\Photos\Nef\Samos\DSC_0725.NEF
2026-01-10 14:03:09 - media_renamer_app - WARNING - Install exifread for better RAW support: pip install exifread
2026-01-10 14:03:09 - media_renamer_app - INFO - Successfully extracted date from image D:\Photos\Nef\Samos\DSC_0727.NEF: 2024-08-11 17:09:38
2026-01-10 14:03:09 - media_renamer_app - WARNING - exifread not available for RAW file GPS extraction: D:\Photos\Nef\Samos\DSC_0727.NEF
2026-01-10 14:03:09 - media_renamer_app - WARNING - Install exifread for better RAW support: pip install exifread
2026-01-10 14:03:09 - media_renamer_app - INFO - Successfully extracted date from image D:\Photos\Nef\Samos\DSC_0728.NEF: 2024-08-11 17:09:42
2026-01-10 14:03:09 - media_renamer_app - WARNING - exifread not available for RAW file GPS extraction: D:\Photos\Nef\Samos\DSC_0728.NEF
2026-01-10 14:03:09 - media_renamer_app - WARNING - Install exifread for better RAW support: pip install exifread
2026-01-10 14:03:09 - media_renamer_app - INFO - Successfully extracted date from image D:\Photos\Nef\Samos\DSC_0729.NEF: 2024-08-11 17:09:44
2026-01-10 14:03:09 - media_renamer_app - WARNING - exifread not available for RAW file GPS extraction: D:\Photos\Nef\Samos\DSC_0729.NEF
2026-01-10 14:03:09 - media_renamer_app - WARNING - Install exifread for better RAW support: pip install exifread
2026-01-10 14:03:09 - media_renamer_app - INFO - Successfully extracted date from image D:\Photos\Nef\Samos\DSC_0730.NEF: 2024-08-11 17:09:45
2026-01-10 14:03:09 - media_renamer_app - WARNING - exifread not available for RAW file GPS extraction: D:\Photos\Nef\Samos\DSC_0730.NEF
2026-01-10 14:03:09 - media_renamer_app - WARNING - Install exifread for better RAW support: pip install exifread
2026-01-10 14:03:09 - media_renamer_app - INFO - Successfully extracted date from image D:\Photos\Nef\Samos\DSC_0731.NEF: 2024-08-11 17:09:49
2026-01-10 14:03:09 - media_renamer_app - WARNING - exifread not available for RAW file GPS extraction: D:\Photos\Nef\Samos\DSC_0731.NEF
2026-01-10 14:03:09 - media_renamer_app - WARNING - Install exifread for better RAW support: pip install exifread
2026-01-10 14:03:09 - media_renamer_app - INFO - Successfully extracted date from image D:\Photos\Nef\Samos\DSC_0732.NEF: 2024-08-12 11:19:21
2026-01-10 14:03:09 - media_renamer_app - WARNING - exifread not available for RAW file GPS extraction: D:\Photos\Nef\Samos\DSC_0732.NEF
2026-01-10 14:03:09 - media_renamer_app - WARNING - Install exifread for better RAW support: pip install exifread
2026-01-10 14:03:09 - media_renamer_app - INFO - Successfully extracted date from image D:\Photos\Nef\Samos\DSC_0733.NEF: 2024-08-12 11:19:39
2026-01-10 14:03:09 - media_renamer_app - WARNING - exifread not available for RAW file GPS extraction: D:\Photos\Nef\Samos\DSC_0733.NEF
2026-01-10 14:03:09 - media_renamer_app - WARNING - Install exifread for better RAW support: pip install exifread
2026-01-10 14:03:09 - media_renamer_app - INFO - Successfully extracted date from image D:\Photos\Nef\Samos\DSC_0734.NEF: 2024-08-12 11:20:00
2026-01-10 14:03:09 - media_renamer_app - WARNING - exifread not available for RAW file GPS extraction: D:\Photos\Nef\Samos\DSC_0734.NEF
2026-01-10 14:03:09 - media_renamer_app - WARNING - Install exifread for better RAW support: pip install exifread
2026-01-10 14:03:09 - media_renamer_app - INFO - Successfully extracted date from image D:\Photos\Nef\Samos\DSC_0735.NEF: 2024-08-12 11:21:50
2026-01-10 14:03:09 - media_renamer_app - WARNING - exifread not available for RAW file GPS extraction: D:\Photos\Nef\Samos\DSC_0735.NEF
2026-01-10 14:03:09 - media_renamer_app - WARNING - Install exifread for better RAW support: pip install exifread
2026-01-10 14:03:09 - media_renamer_app - INFO - Successfully extracted date from image D:\Photos\Nef\Samos\DSC_0737.NEF: 2024-08-12 11:22:18
2026-01-10 14:03:09 - media_renamer_app - WARNING - exifread not available for RAW file GPS extraction: D:\Photos\Nef\Samos\DSC_0737.NEF
2026-01-10 14:03:09 - media_renamer_app - WARNING - Install exifread for better RAW support: pip install exifread
2026-01-10 14:03:09 - media_renamer_app - INFO - Successfully extracted date from image D:\Photos\Nef\Samos\DSC_0744.JPG: 2024-08-12 11:24:37
2026-01-10 14:03:09 - media_renamer_app - INFO - Successfully extracted date from image D:\Photos\Nef\Samos\DSC_0746.JPG: 2024-08-12 11:25:05
2026-01-10 14:03:09 - media_renamer_app - INFO - Successfully extracted date from image D:\Photos\Nef\Samos\DSC_0747.JPG: 2024-08-12 11:25:06
2026-01-10 14:03:09 - media_renamer_app - INFO - Successfully extracted date from image D:\Photos\Nef\Samos\DSC_0748.JPG: 2024-08-12 11:25:13
2026-01-10 14:03:09 - media_renamer_app - INFO - Successfully extracted date from image D:\Photos\Nef\Samos\DSC_0749.JPG: 2024-08-12 11:25:34
2026-01-10 14:03:09 - media_renamer_app - INFO - Successfully extracted date from image D:\Photos\Nef\Samos\DSC_0761.NEF: 2024-08-12 11:31:36
2026-01-10 14:03:09 - media_renamer_app - WARNING - exifread not available for RAW file GPS extraction: D:\Photos\Nef\Samos\DSC_0761.NEF
2026-01-10 14:03:09 - media_renamer_app - WARNING - Install exifread for better RAW support: pip install exifread
2026-01-10 14:03:09 - media_renamer_app - INFO - Successfully extracted date from image D:\Photos\Nef\Samos\DSC_0763.NEF: 2024-08-12 11:31:53
2026-01-10 14:03:09 - media_renamer_app - WARNING - exifread not available for RAW file GPS extraction: D:\Photos\Nef\Samos\DSC_0763.NEF
2026-01-10 14:03:09 - media_renamer_app - WARNING - Install exifread for better RAW support: pip install exifread
2026-01-10 14:03:09 - media_renamer_app - INFO - Successfully extracted date from image D:\Photos\Nef\Samos\DSC_0764.NEF: 2024-08-12 11:31:59
2026-01-10 14:03:09 - media_renamer_app - WARNING - exifread not available for RAW file GPS extraction: D:\Photos\Nef\Samos\DSC_0764.NEF
2026-01-10 14:03:09 - media_renamer_app - WARNING - Install exifread for better RAW support: pip install exifread
2026-01-10 14:03:09 - media_renamer_app - INFO - Successfully extracted date from image D:\Photos\Nef\Samos\DSC_0772.NEF: 2024-08-12 11:40:34
2026-01-10 14:03:09 - media_renamer_app - WARNING - exifread not available for RAW file GPS extraction: D:\Photos\Nef\Samos\DSC_0772.NEF
2026-01-10 14:03:09 - media_renamer_app - WARNING - Install exifread for better RAW support: pip install exifread
2026-01-10 14:03:09 - media_renamer_app - INFO - Successfully extracted date from image D:\Photos\Nef\Samos\DSC_0775.NEF: 2024-08-12 12:28:14
2026-01-10 14:03:09 - media_renamer_app - WARNING - exifread not available for RAW file GPS extraction: D:\Photos\Nef\Samos\DSC_0775.NEF
2026-01-10 14:03:09 - media_renamer_app - WARNING - Install exifread for better RAW support: pip install exifread
2026-01-10 14:03:09 - media_renamer_app - INFO - Successfully extracted date from image D:\Photos\Nef\Samos\DSC_0776.NEF: 2024-08-12 12:28:57
2026-01-10 14:03:09 - media_renamer_app - WARNING - exifread not available for RAW file GPS extraction: D:\Photos\Nef\Samos\DSC_0776.NEF
2026-01-10 14:03:09 - media_renamer_app - WARNING - Install exifread for better RAW support: pip install exifread
2026-01-10 14:03:09 - media_renamer_app - INFO - Successfully extracted date from image D:\Photos\Nef\Samos\DSC_0777.NEF: 2024-08-12 12:29:00
2026-01-10 14:03:09 - media_renamer_app - WARNING - exifread not available for RAW file GPS extraction: D:\Photos\Nef\Samos\DSC_0777.NEF
2026-01-10 14:03:09 - media_renamer_app - WARNING - Install exifread for better RAW support: pip install exifread
2026-01-10 14:03:09 - media_renamer_app - INFO - Successfully extracted date from image D:\Photos\Nef\Samos\DSC_0778.NEF: 2024-08-12 15:07:23
2026-01-10 14:03:09 - media_renamer_app - WARNING - exifread not available for RAW file GPS extraction: D:\Photos\Nef\Samos\DSC_0778.NEF
2026-01-10 14:03:09 - media_renamer_app - WARNING - Install exifread for better RAW support: pip install exifread
2026-01-10 14:03:09 - media_renamer_app - INFO - Successfully extracted date from image D:\Photos\Nef\Samos\DSC_0779.NEF: 2024-08-12 15:07:33
2026-01-10 14:03:09 - media_renamer_app - WARNING - exifread not available for RAW file GPS extraction: D:\Photos\Nef\Samos\DSC_0779.NEF
2026-01-10 14:03:09 - media_renamer_app - WARNING - Install exifread for better RAW support: pip install exifread
2026-01-10 14:03:09 - media_renamer_app - INFO - Successfully extracted date from image D:\Photos\Nef\Samos\DSC_0780.NEF: 2024-08-12 15:07:38
2026-01-10 14:03:09 - media_renamer_app - WARNING - exifread not available for RAW file GPS extraction: D:\Photos\Nef\Samos\DSC_0780.NEF
2026-01-10 14:03:09 - media_renamer_app - WARNING - Install exifread for better RAW support: pip install exifread
2026-01-10 14:03:09 - media_renamer_app - INFO - Successfully extracted date from image D:\Photos\Nef\Samos\DSC_0781.NEF: 2024-08-12 15:08:13
2026-01-10 14:03:09 - media_renamer_app - WARNING - exifread not available for RAW file GPS extraction: D:\Photos\Nef\Samos\DSC_0781.NEF
2026-01-10 14:03:09 - media_renamer_app - WARNING - Install exifread for better RAW support: pip install exifread
2026-01-10 14:03:09 - media_renamer_app - INFO - Successfully extracted date from image D:\Photos\Nef\Samos\DSC_0782.NEF: 2024-08-12 15:08:31
2026-01-10 14:03:09 - media_renamer_app - WARNING - exifread not available for RAW file GPS extraction: D:\Photos\Nef\Samos\DSC_0782.NEF
2026-01-10 14:03:09 - media_renamer_app - WARNING - Install exifread for better RAW support: pip install exifread
2026-01-10 14:03:09 - media_renamer_app - INFO - Successfully extracted date from image D:\Photos\Nef\Samos\DSC_0783.NEF: 2024-08-12 15:08:50
2026-01-10 14:03:09 - media_renamer_app - WARNING - exifread not available for RAW file GPS extraction: D:\Photos\Nef\Samos\DSC_0783.NEF
2026-01-10 14:03:09 - media_renamer_app - WARNING - Install exifread for better RAW support: pip install exifread
2026-01-10 14:03:09 - media_renamer_app - INFO - Successfully extracted date from image D:\Photos\Nef\Samos\DSC_0784.NEF: 2024-08-12 15:09:20
2026-01-10 14:03:09 - media_renamer_app - WARNING - exifread not available for RAW file GPS extraction: D:\Photos\Nef\Samos\DSC_0784.NEF
2026-01-10 14:03:09 - media_renamer_app - WARNING - Install exifread for better RAW support: pip install exifread
2026-01-10 14:03:09 - media_renamer_app - INFO - Successfully extracted date from image D:\Photos\Nef\Samos\DSC_0786.NEF: 2024-08-12 15:10:22
2026-01-10 14:03:09 - media_renamer_app - WARNING - exifread not available for RAW file GPS extraction: D:\Photos\Nef\Samos\DSC_0786.NEF
2026-01-10 14:03:09 - media_renamer_app - WARNING - Install exifread for better RAW support: pip install exifread
2026-01-10 14:03:09 - media_renamer_app - INFO - Successfully extracted date from image D:\Photos\Nef\Samos\DSC_0787.NEF: 2024-08-12 16:04:58
2026-01-10 14:03:09 - media_renamer_app - WARNING - exifread not available for RAW file GPS extraction: D:\Photos\Nef\Samos\DSC_0787.NEF
2026-01-10 14:03:09 - media_renamer_app - WARNING - Install exifread for better RAW support: pip install exifread
2026-01-10 14:03:09 - media_renamer_app - INFO - Successfully extracted date from image D:\Photos\Nef\Samos\DSC_0788.NEF: 2024-08-12 19:25:33
2026-01-10 14:03:09 - media_renamer_app - WARNING - exifread not available for RAW file GPS extraction: D:\Photos\Nef\Samos\DSC_0788.NEF
2026-01-10 14:03:09 - media_renamer_app - WARNING - Install exifread for better RAW support: pip install exifread
2026-01-10 14:03:09 - media_renamer_app - INFO - Successfully extracted date from image D:\Photos\Nef\Samos\DSC_0789.NEF: 2024-08-12 19:25:38
2026-01-10 14:03:09 - media_renamer_app - WARNING - exifread not available for RAW file GPS extraction: D:\Photos\Nef\Samos\DSC_0789.NEF
2026-01-10 14:03:09 - media_renamer_app - WARNING - Install exifread for better RAW support: pip install exifread
2026-01-10 14:03:09 - media_renamer_app - INFO - Successfully extracted date from image D:\Photos\Nef\Samos\DSC_0790.NEF: 2024-08-12 19:25:41
2026-01-10 14:03:09 - media_renamer_app - WARNING - exifread not available for RAW file GPS extraction: D:\Photos\Nef\Samos\DSC_0790.NEF
2026-01-10 14:03:09 - media_renamer_app - WARNING - Install exifread for better RAW support: pip install exifread
2026-01-10 14:03:09 - media_renamer_app - INFO - Successfully extracted date from image D:\Photos\Nef\Samos\DSC_0791.NEF: 2024-08-12 19:25:58
2026-01-10 14:03:09 - media_renamer_app - WARNING - exifread not available for RAW file GPS extraction: D:\Photos\Nef\Samos\DSC_0791.NEF
2026-01-10 14:03:09 - media_renamer_app - WARNING - Install exifread for better RAW support: pip install exifread
2026-01-10 14:03:09 - media_renamer_app - INFO - Successfully extracted date from image D:\Photos\Nef\Samos\DSC_0792.NEF: 2024-08-12 19:49:41
2026-01-10 14:03:09 - media_renamer_app - WARNING - exifread not available for RAW file GPS extraction: D:\Photos\Nef\Samos\DSC_0792.NEF
2026-01-10 14:03:09 - media_renamer_app - WARNING - Install exifread for better RAW support: pip install exifread
2026-01-10 14:03:09 - media_renamer_app - INFO - Successfully extracted date from image D:\Photos\Nef\Samos\DSC_0793.NEF: 2024-08-12 19:49:43
2026-01-10 14:03:09 - media_renamer_app - WARNING - exifread not available for RAW file GPS extraction: D:\Photos\Nef\Samos\DSC_0793.NEF
2026-01-10 14:03:09 - media_renamer_app - WARNING - Install exifread for better RAW support: pip install exifread
2026-01-10 14:03:09 - media_renamer_app - INFO - Successfully extracted date from image D:\Photos\Nef\Samos\DSC_0794.NEF: 2024-08-12 19:49:46
2026-01-10 14:03:09 - media_renamer_app - WARNING - exifread not available for RAW file GPS extraction: D:\Photos\Nef\Samos\DSC_0794.NEF
2026-01-10 14:03:09 - media_renamer_app - WARNING - Install exifread for better RAW support: pip install exifread
2026-01-10 14:03:09 - media_renamer_app - INFO - Successfully extracted date from image D:\Photos\Nef\Samos\DSC_0795.NEF: 2024-08-12 19:49:48
2026-01-10 14:03:09 - media_renamer_app - WARNING - exifread not available for RAW file GPS extraction: D:\Photos\Nef\Samos\DSC_0795.NEF
2026-01-10 14:03:09 - media_renamer_app - WARNING - Install exifread for better RAW support: pip install exifread
2026-01-10 14:03:09 - media_renamer_app - INFO - Successfully extracted date from image D:\Photos\Nef\Samos\DSC_0796.NEF: 2024-08-12 19:49:53
2026-01-10 14:03:09 - media_renamer_app - WARNING - exifread not available for RAW file GPS extraction: D:\Photos\Nef\Samos\DSC_0796.NEF
2026-01-10 14:03:09 - media_renamer_app - WARNING - Install exifread for better RAW support: pip install exifread
2026-01-10 14:03:09 - media_renamer_app - INFO - Successfully extracted date from image D:\Photos\Nef\Samos\DSC_0797.NEF: 2024-08-12 19:49:55
2026-01-10 14:03:09 - media_renamer_app - WARNING - exifread not available for RAW file GPS extraction: D:\Photos\Nef\Samos\DSC_0797.NEF
2026-01-10 14:03:09 - media_renamer_app - WARNING - Install exifread for better RAW support: pip install exifread
2026-01-10 14:03:09 - media_renamer_app - INFO - Successfully extracted date from image D:\Photos\Nef\Samos\DSC_0798.NEF: 2024-08-12 19:50:08
2026-01-10 14:03:09 - media_renamer_app - WARNING - exifread not available for RAW file GPS extraction: D:\Photos\Nef\Samos\DSC_0798.NEF
2026-01-10 14:03:09 - media_renamer_app - WARNING - Install exifread for better RAW support: pip install exifread
2026-01-10 14:03:09 - media_renamer_app - INFO - Successfully extracted date from image D:\Photos\Nef\Samos\DSC_0799.NEF: 2024-08-12 19:50:12
2026-01-10 14:03:09 - media_renamer_app - WARNING - exifread not available for RAW file GPS extraction: D:\Photos\Nef\Samos\DSC_0799.NEF
2026-01-10 14:03:09 - media_renamer_app - WARNING - Install exifread for better RAW support: pip install exifread
2026-01-10 14:03:09 - media_renamer_app - INFO - Successfully extracted date from image D:\Photos\Nef\Samos\DSC_0800.NEF: 2024-08-12 19:50:39
2026-01-10 14:03:09 - media_renamer_app - WARNING - exifread not available for RAW file GPS extraction: D:\Photos\Nef\Samos\DSC_0800.NEF
2026-01-10 14:03:09 - media_renamer_app - WARNING - Install exifread for better RAW support: pip install exifread
2026-01-10 14:03:09 - media_renamer_app - INFO - Successfully extracted date from image D:\Photos\Nef\Samos\DSC_0801.NEF: 2024-08-12 19:50:43
2026-01-10 14:03:09 - media_renamer_app - WARNING - exifread not available for RAW file GPS extraction: D:\Photos\Nef\Samos\DSC_0801.NEF
2026-01-10 14:03:09 - media_renamer_app - WARNING - Install exifread for better RAW support: pip install exifread
2026-01-10 14:03:09 - media_renamer_app - INFO - Successfully extracted date from image D:\Photos\Nef\Samos\DSC_0802.NEF: 2024-08-12 19:50:46
2026-01-10 14:03:09 - media_renamer_app - WARNING - exifread not available for RAW file GPS extraction: D:\Photos\Nef\Samos\DSC_0802.NEF
2026-01-10 14:03:09 - media_renamer_app - WARNING - Install exifread for better RAW support: pip install exifread
2026-01-10 14:03:09 - media_renamer_app - INFO - Successfully extracted date from image D:\Photos\Nef\Samos\DSC_0803.NEF: 2024-08-12 19:50:51
2026-01-10 14:03:09 - media_renamer_app - WARNING - exifread not available for RAW file GPS extraction: D:\Photos\Nef\Samos\DSC_0803.NEF
2026-01-10 14:03:09 - media_renamer_app - WARNING - Install exifread for better RAW support: pip install exifread
2026-01-10 14:03:09 - media_renamer_app - INFO - Successfully extracted date from image D:\Photos\Nef\Samos\DSC_0804.NEF: 2024-08-12 19:50:54
2026-01-10 14:03:09 - media_renamer_app - WARNING - exifread not available for RAW file GPS extraction: D:\Photos\Nef\Samos\DSC_0804.NEF
2026-01-10 14:03:09 - media_renamer_app - WARNING - Install exifread for better RAW support: pip install exifread
2026-01-10 14:03:09 - media_renamer_app - INFO - Successfully extracted date from image D:\Photos\Nef\Samos\DSC_0805.NEF: 2024-08-13 20:14:39
2026-01-10 14:03:09 - media_renamer_app - WARNING - exifread not available for RAW file GPS extraction: D:\Photos\Nef\Samos\DSC_0805.NEF
2026-01-10 14:03:09 - media_renamer_app - WARNING - Install exifread for better RAW support: pip install exifread
2026-01-10 14:03:09 - media_renamer_app - INFO - Successfully extracted date from image D:\Photos\Nef\Samos\DSC_0806.NEF: 2024-08-13 20:14:44
2026-01-10 14:03:09 - media_renamer_app - WARNING - exifread not available for RAW file GPS extraction: D:\Photos\Nef\Samos\DSC_0806.NEF
2026-01-10 14:03:09 - media_renamer_app - WARNING - Install exifread for better RAW support: pip install exifread
2026-01-10 14:03:09 - media_renamer_app - INFO - Successfully extracted date from image D:\Photos\Nef\Samos\DSC_0807.NEF: 2024-08-13 20:15:09
2026-01-10 14:03:09 - media_renamer_app - WARNING - exifread not available for RAW file GPS extraction: D:\Photos\Nef\Samos\DSC_0807.NEF
2026-01-10 14:03:09 - media_renamer_app - WARNING - Install exifread for better RAW support: pip install exifread
2026-01-10 14:03:09 - media_renamer_app - INFO - Successfully extracted date from image D:\Photos\Nef\Samos\DSC_0808.NEF: 2024-08-13 20:15:17
2026-01-10 14:03:09 - media_renamer_app - WARNING - exifread not available for RAW file GPS extraction: D:\Photos\Nef\Samos\DSC_0808.NEF
2026-01-10 14:03:09 - media_renamer_app - WARNING - Install exifread for better RAW support: pip install exifread
2026-01-10 14:03:09 - media_renamer_app - INFO - Successfully extracted date from image D:\Photos\Nef\Samos\DSC_0809.NEF: 2024-08-13 20:15:54
2026-01-10 14:03:09 - media_renamer_app - WARNING - exifread not available for RAW file GPS extraction: D:\Photos\Nef\Samos\DSC_0809.NEF
2026-01-10 14:03:09 - media_renamer_app - WARNING - Install exifread for better RAW support: pip install exifread
2026-01-10 14:03:09 - media_renamer_app - INFO - Successfully extracted date from image D:\Photos\Nef\Samos\DSC_0810.NEF: 2024-08-13 20:16:03
2026-01-10 14:03:09 - media_renamer_app - WARNING - exifread not available for RAW file GPS extraction: D:\Photos\Nef\Samos\DSC_0810.NEF
2026-01-10 14:03:09 - media_renamer_app - WARNING - Install exifread for better RAW support: pip install exifread
2026-01-10 14:03:09 - media_renamer_app - INFO - Successfully extracted date from image D:\Photos\Nef\Samos\DSC_0811.NEF: 2024-08-13 20:16:07
2026-01-10 14:03:09 - media_renamer_app - WARNING - exifread not available for RAW file GPS extraction: D:\Photos\Nef\Samos\DSC_0811.NEF
2026-01-10 14:03:09 - media_renamer_app - WARNING - Install exifread for better RAW support: pip install exifread
2026-01-10 14:03:09 - media_renamer_app - INFO - Successfully extracted date from image D:\Photos\Nef\Samos\DSC_0812.NEF: 2024-08-13 20:16:10
2026-01-10 14:03:09 - media_renamer_app - WARNING - exifread not available for RAW file GPS extraction: D:\Photos\Nef\Samos\DSC_0812.NEF
2026-01-10 14:03:09 - media_renamer_app - WARNING - Install exifread for better RAW support: pip install exifread
2026-01-10 14:03:09 - media_renamer_app - INFO - Successfully extracted date from image D:\Photos\Nef\Samos\DSC_0813.NEF: 2024-08-13 20:16:12
2026-01-10 14:03:09 - media_renamer_app - WARNING - exifread not available for RAW file GPS extraction: D:\Photos\Nef\Samos\DSC_0813.NEF
2026-01-10 14:03:09 - media_renamer_app - WARNING - Install exifread for better RAW support: pip install exifread
2026-01-10 14:03:09 - media_renamer_app - INFO - Successfully extracted date from image D:\Photos\Nef\Samos\DSC_0814.NEF: 2024-08-13 20:16:51
2026-01-10 14:03:09 - media_renamer_app - WARNING - exifread not available for RAW file GPS extraction: D:\Photos\Nef\Samos\DSC_0814.NEF
2026-01-10 14:03:09 - media_renamer_app - WARNING - Install exifread for better RAW support: pip install exifread
2026-01-10 14:03:09 - media_renamer_app - INFO - Successfully extracted date from image D:\Photos\Nef\Samos\DSC_0815.NEF: 2024-08-13 20:17:05
2026-01-10 14:03:09 - media_renamer_app - WARNING - exifread not available for RAW file GPS extraction: D:\Photos\Nef\Samos\DSC_0815.NEF
2026-01-10 14:03:09 - media_renamer_app - WARNING - Install exifread for better RAW support: pip install exifread
2026-01-10 14:03:09 - media_renamer_app - INFO - Successfully extracted date from image D:\Photos\Nef\Samos\DSC_0816.NEF: 2024-08-14 11:35:43
2026-01-10 14:03:09 - media_renamer_app - WARNING - exifread not available for RAW file GPS extraction: D:\Photos\Nef\Samos\DSC_0816.NEF
2026-01-10 14:03:09 - media_renamer_app - WARNING - Install exifread for better RAW support: pip install exifread
2026-01-10 14:03:09 - media_renamer_app - INFO - Successfully extracted date from image D:\Photos\Nef\Samos\DSC_0817.NEF: 2024-08-14 11:36:04
2026-01-10 14:03:09 - media_renamer_app - WARNING - exifread not available for RAW file GPS extraction: D:\Photos\Nef\Samos\DSC_0817.NEF
2026-01-10 14:03:09 - media_renamer_app - WARNING - Install exifread for better RAW support: pip install exifread
2026-01-10 14:03:09 - media_renamer_app - INFO - Successfully extracted date from image D:\Photos\Nef\Samos\DSC_0818.NEF: 2024-08-14 12:22:49
2026-01-10 14:03:09 - media_renamer_app - WARNING - exifread not available for RAW file GPS extraction: D:\Photos\Nef\Samos\DSC_0818.NEF
2026-01-10 14:03:09 - media_renamer_app - WARNING - Install exifread for better RAW support: pip install exifread
2026-01-10 14:03:09 - media_renamer_app - INFO - Successfully extracted date from image D:\Photos\Nef\Samos\DSC_0819.NEF: 2024-08-14 12:23:50
2026-01-10 14:03:09 - media_renamer_app - WARNING - exifread not available for RAW file GPS extraction: D:\Photos\Nef\Samos\DSC_0819.NEF
2026-01-10 14:03:09 - media_renamer_app - WARNING - Install exifread for better RAW support: pip install exifread
2026-01-10 14:03:09 - media_renamer_app - INFO - Successfully extracted date from image D:\Photos\Nef\Samos\DSC_0820.NEF: 2024-08-14 12:30:39
2026-01-10 14:03:09 - media_renamer_app - WARNING - exifread not available for RAW file GPS extraction: D:\Photos\Nef\Samos\DSC_0820.NEF
2026-01-10 14:03:09 - media_renamer_app - WARNING - Install exifread for better RAW support: pip install exifread
2026-01-10 14:03:09 - media_renamer_app - INFO - Successfully extracted date from image D:\Photos\Nef\Samos\DSC_0821.NEF: 2024-08-14 12:30:44
2026-01-10 14:03:09 - media_renamer_app - WARNING - exifread not available for RAW file GPS extraction: D:\Photos\Nef\Samos\DSC_0821.NEF
2026-01-10 14:03:09 - media_renamer_app - WARNING - Install exifread for better RAW support: pip install exifread
2026-01-10 14:03:09 - media_renamer_app - INFO - Successfully extracted date from image D:\Photos\Nef\Samos\DSC_0822.NEF: 2024-08-14 16:21:11
2026-01-10 14:03:09 - media_renamer_app - WARNING - exifread not available for RAW file GPS extraction: D:\Photos\Nef\Samos\DSC_0822.NEF
2026-01-10 14:03:09 - media_renamer_app - WARNING - Install exifread for better RAW support: pip install exifread
2026-01-10 14:03:09 - media_renamer_app - INFO - Successfully extracted date from image D:\Photos\Nef\Samos\DSC_0823.NEF: 2024-08-14 16:21:14
2026-01-10 14:03:09 - media_renamer_app - WARNING - exifread not available for RAW file GPS extraction: D:\Photos\Nef\Samos\DSC_0823.NEF
2026-01-10 14:03:09 - media_renamer_app - WARNING - Install exifread for better RAW support: pip install exifread
2026-01-10 14:03:09 - media_renamer_app - INFO - Successfully extracted date from image D:\Photos\Nef\Samos\DSC_0824.NEF: 2024-08-14 16:21:29
2026-01-10 14:03:09 - media_renamer_app - WARNING - exifread not available for RAW file GPS extraction: D:\Photos\Nef\Samos\DSC_0824.NEF
2026-01-10 14:03:09 - media_renamer_app - WARNING - Install exifread for better RAW support: pip install exifread
2026-01-10 14:03:09 - media_renamer_app - INFO - Successfully extracted date from image D:\Photos\Nef\Samos\DSC_0825.NEF: 2024-08-14 16:21:33
2026-01-10 14:03:09 - media_renamer_app - WARNING - exifread not available for RAW file GPS extraction: D:\Photos\Nef\Samos\DSC_0825.NEF
2026-01-10 14:03:09 - media_renamer_app - WARNING - Install exifread for better RAW support: pip install exifread
2026-01-10 14:03:09 - media_renamer_app - INFO - Successfully extracted date from image D:\Photos\Nef\Samos\DSC_0826.NEF: 2024-08-14 17:54:57
2026-01-10 14:03:09 - media_renamer_app - WARNING - exifread not available for RAW file GPS extraction: D:\Photos\Nef\Samos\DSC_0826.NEF
2026-01-10 14:03:09 - media_renamer_app - WARNING - Install exifread for better RAW support: pip install exifread
2026-01-10 14:03:09 - media_renamer_app - INFO - Successfully extracted date from image D:\Photos\Nef\Samos\DSC_0827.NEF: 2024-08-14 17:54:59
2026-01-10 14:03:09 - media_renamer_app - WARNING - exifread not available for RAW file GPS extraction: D:\Photos\Nef\Samos\DSC_0827.NEF
2026-01-10 14:03:09 - media_renamer_app - WARNING - Install exifread for better RAW support: pip install exifread
2026-01-10 14:03:09 - media_renamer_app - INFO - Successfully extracted date from image D:\Photos\Nef\Samos\DSC_0828.NEF: 2024-08-14 17:57:00
2026-01-10 14:03:09 - media_renamer_app - WARNING - exifread not available for RAW file GPS extraction: D:\Photos\Nef\Samos\DSC_0828.NEF
2026-01-10 14:03:09 - media_renamer_app - WARNING - Install exifread for better RAW support: pip install exifread
2026-01-10 14:03:09 - media_renamer_app - INFO - Successfully extracted date from image D:\Photos\Nef\Samos\DSC_0829.NEF: 2024-08-14 17:57:02
2026-01-10 14:03:09 - media_renamer_app - WARNING - exifread not available for RAW file GPS extraction: D:\Photos\Nef\Samos\DSC_0829.NEF
2026-01-10 14:03:09 - media_renamer_app - WARNING - Install exifread for better RAW support: pip install exifread
2026-01-10 14:03:09 - media_renamer_app - INFO - Successfully extracted date from image D:\Photos\Nef\Samos\DSC_0830.NEF: 2024-08-14 17:57:10
2026-01-10 14:03:09 - media_renamer_app - WARNING - exifread not available for RAW file GPS extraction: D:\Photos\Nef\Samos\DSC_0830.NEF
2026-01-10 14:03:09 - media_renamer_app - WARNING - Install exifread for better RAW support: pip install exifread
2026-01-10 14:03:09 - media_renamer_app - INFO - Successfully extracted date from image D:\Photos\Nef\Samos\DSC_0831.NEF: 2024-08-14 17:57:13
2026-01-10 14:03:09 - media_renamer_app - WARNING - exifread not available for RAW file GPS extraction: D:\Photos\Nef\Samos\DSC_0831.NEF
2026-01-10 14:03:09 - media_renamer_app - WARNING - Install exifread for better RAW support: pip install exifread
2026-01-10 14:03:09 - media_renamer_app - INFO - Successfully extracted date from image D:\Photos\Nef\Samos\DSC_0832.NEF: 2024-08-14 17:57:53
2026-01-10 14:03:09 - media_renamer_app - WARNING - exifread not available for RAW file GPS extraction: D:\Photos\Nef\Samos\DSC_0832.NEF
2026-01-10 14:03:09 - media_renamer_app - WARNING - Install exifread for better RAW support: pip install exifread
2026-01-10 14:03:09 - media_renamer_app - INFO - Successfully extracted date from image D:\Photos\Nef\Samos\DSC_0833.NEF: 2024-08-14 17:57:56
2026-01-10 14:03:09 - media_renamer_app - WARNING - exifread not available for RAW file GPS extraction: D:\Photos\Nef\Samos\DSC_0833.NEF
2026-01-10 14:03:09 - media_renamer_app - WARNING - Install exifread for better RAW support: pip install exifread
2026-01-10 14:03:09 - media_renamer_app - INFO - Successfully extracted date from image D:\Photos\Nef\Samos\DSC_0834.NEF: 2024-08-14 17:58:58
2026-01-10 14:03:09 - media_renamer_app - WARNING - exifread not available for RAW file GPS extraction: D:\Photos\Nef\Samos\DSC_0834.NEF
2026-01-10 14:03:09 - media_renamer_app - WARNING - Install exifread for better RAW support: pip install exifread
2026-01-10 14:03:09 - media_renamer_app - INFO - Successfully extracted date from image D:\Photos\Nef\Samos\DSC_0835.NEF: 2024-08-14 17:59:01
2026-01-10 14:03:09 - media_renamer_app - WARNING - exifread not available for RAW file GPS extraction: D:\Photos\Nef\Samos\DSC_0835.NEF
2026-01-10 14:03:09 - media_renamer_app - WARNING - Install exifread for better RAW support: pip install exifread
2026-01-10 14:03:09 - media_renamer_app - INFO - Successfully extracted date from image D:\Photos\Nef\Samos\DSC_0836.NEF: 2024-08-14 17:59:04
2026-01-10 14:03:09 - media_renamer_app - WARNING - exifread not available for RAW file GPS extraction: D:\Photos\Nef\Samos\DSC_0836.NEF
2026-01-10 14:03:09 - media_renamer_app - WARNING - Install exifread for better RAW support: pip install exifread
2026-01-10 14:03:09 - media_renamer_app - INFO - Successfully extracted date from image D:\Photos\Nef\Samos\DSC_0837.NEF: 2024-08-16 11:14:49
2026-01-10 14:03:09 - media_renamer_app - WARNING - exifread not available for RAW file GPS extraction: D:\Photos\Nef\Samos\DSC_0837.NEF
2026-01-10 14:03:09 - media_renamer_app - WARNING - Install exifread for better RAW support: pip install exifread
2026-01-10 14:03:09 - media_renamer_app - INFO - Successfully extracted date from image D:\Photos\Nef\Samos\DSC_0838.NEF: 2024-08-16 11:15:03
2026-01-10 14:03:09 - media_renamer_app - WARNING - exifread not available for RAW file GPS extraction: D:\Photos\Nef\Samos\DSC_0838.NEF
2026-01-10 14:03:09 - media_renamer_app - WARNING - Install exifread for better RAW support: pip install exifread
2026-01-10 14:03:09 - media_renamer_app - INFO - Successfully extracted date from image D:\Photos\Nef\Samos\DSC_0839.NEF: 2024-08-16 11:15:26
2026-01-10 14:03:09 - media_renamer_app - WARNING - exifread not available for RAW file GPS extraction: D:\Photos\Nef\Samos\DSC_0839.NEF
2026-01-10 14:03:09 - media_renamer_app - WARNING - Install exifread for better RAW support: pip install exifread
2026-01-10 14:03:09 - media_renamer_app - INFO - Successfully extracted date from image D:\Photos\Nef\Samos\DSC_0840.NEF: 2024-08-16 11:15:39
2026-01-10 14:03:09 - media_renamer_app - WARNING - exifread not available for RAW file GPS extraction: D:\Photos\Nef\Samos\DSC_0840.NEF
2026-01-10 14:03:09 - media_renamer_app - WARNING - Install exifread for better RAW support: pip install exifread
2026-01-10 14:03:09 - media_renamer_app - INFO - Successfully extracted date from image D:\Photos\Nef\Samos\DSC_0841.NEF: 2024-08-16 11:15:45
2026-01-10 14:03:09 - media_renamer_app - WARNING - exifread not available for RAW file GPS extraction: D:\Photos\Nef\Samos\DSC_0841.NEF
2026-01-10 14:03:09 - media_renamer_app - WARNING - Install exifread for better RAW support: pip install exifread
2026-01-10 14:03:09 - media_renamer_app - INFO - Successfully extracted date from image D:\Photos\Nef\Samos\DSC_0842.NEF: 2024-08-16 11:15:50
2026-01-10 14:03:09 - media_renamer_app - WARNING - exifread not available for RAW file GPS extraction: D:\Photos\Nef\Samos\DSC_0842.NEF
2026-01-10 14:03:09 - media_renamer_app - WARNING - Install exifread for better RAW support: pip install exifread
2026-01-10 14:03:09 - media_renamer_app - INFO - Successfully extracted date from image D:\Photos\Nef\Samos\DSC_0843.NEF: 2024-08-16 11:30:15
2026-01-10 14:03:09 - media_renamer_app - WARNING - exifread not available for RAW file GPS extraction: D:\Photos\Nef\Samos\DSC_0843.NEF
2026-01-10 14:03:09 - media_renamer_app - WARNING - Install exifread for better RAW support: pip install exifread
2026-01-10 14:03:09 - media_renamer_app - INFO - Successfully extracted date from image D:\Photos\Nef\Samos\DSC_0845.NEF: 2024-08-16 11:32:06
2026-01-10 14:03:09 - media_renamer_app - WARNING - exifread not available for RAW file GPS extraction: D:\Photos\Nef\Samos\DSC_0845.NEF
2026-01-10 14:03:09 - media_renamer_app - WARNING - Install exifread for better RAW support: pip install exifread
2026-01-10 14:03:09 - media_renamer_app - INFO - Successfully extracted date from image D:\Photos\Nef\Samos\DSC_0846.NEF: 2024-08-16 11:32:21
2026-01-10 14:03:09 - media_renamer_app - WARNING - exifread not available for RAW file GPS extraction: D:\Photos\Nef\Samos\DSC_0846.NEF
2026-01-10 14:03:09 - media_renamer_app - WARNING - Install exifread for better RAW support: pip install exifread
2026-01-10 14:03:09 - media_renamer_app - INFO - Successfully extracted date from image D:\Photos\Nef\Samos\DSC_0847.NEF: 2024-08-16 11:33:00
2026-01-10 14:03:09 - media_renamer_app - WARNING - exifread not available for RAW file GPS extraction: D:\Photos\Nef\Samos\DSC_0847.NEF
2026-01-10 14:03:09 - media_renamer_app - WARNING - Install exifread for better RAW support: pip install exifread
2026-01-10 14:03:09 - media_renamer_app - INFO - Successfully extracted date from image D:\Photos\Nef\Samos\DSC_0848.NEF: 2024-08-16 11:33:09
2026-01-10 14:03:09 - media_renamer_app - WARNING - exifread not available for RAW file GPS extraction: D:\Photos\Nef\Samos\DSC_0848.NEF
2026-01-10 14:03:09 - media_renamer_app - WARNING - Install exifread for better RAW support: pip install exifread
2026-01-10 14:03:09 - media_renamer_app - INFO - Successfully extracted date from image D:\Photos\Nef\Samos\DSC_0849.NEF: 2024-08-16 11:33:16
2026-01-10 14:03:09 - media_renamer_app - WARNING - exifread not available for RAW file GPS extraction: D:\Photos\Nef\Samos\DSC_0849.NEF
2026-01-10 14:03:09 - media_renamer_app - WARNING - Install exifread for better RAW support: pip install exifread
2026-01-10 14:03:09 - media_renamer_app - INFO - Successfully extracted date from image D:\Photos\Nef\Samos\DSC_0851.NEF: 2024-08-16 11:37:25
2026-01-10 14:03:09 - media_renamer_app - WARNING - exifread not available for RAW file GPS extraction: D:\Photos\Nef\Samos\DSC_0851.NEF
2026-01-10 14:03:09 - media_renamer_app - WARNING - Install exifread for better RAW support: pip install exifread
2026-01-10 14:03:09 - media_renamer_app - INFO - Successfully extracted date from image D:\Photos\Nef\Samos\DSC_0852.NEF: 2024-08-16 11:37:26
2026-01-10 14:03:09 - media_renamer_app - WARNING - exifread not available for RAW file GPS extraction: D:\Photos\Nef\Samos\DSC_0852.NEF
2026-01-10 14:03:09 - media_renamer_app - WARNING - Install exifread for better RAW support: pip install exifread
2026-01-10 14:03:09 - media_renamer_app - INFO - Successfully extracted date from image D:\Photos\Nef\Samos\DSC_0853.NEF: 2024-08-16 11:37:35
2026-01-10 14:03:09 - media_renamer_app - WARNING - exifread not available for RAW file GPS extraction: D:\Photos\Nef\Samos\DSC_0853.NEF
2026-01-10 14:03:09 - media_renamer_app - WARNING - Install exifread for better RAW support: pip install exifread
2026-01-10 14:03:09 - media_renamer_app - INFO - Successfully extracted date from image D:\Photos\Nef\Samos\DSC_0854.NEF: 2024-08-16 11:37:37
2026-01-10 14:03:09 - media_renamer_app - WARNING - exifread not available for RAW file GPS extraction: D:\Photos\Nef\Samos\DSC_0854.NEF
2026-01-10 14:03:09 - media_renamer_app - WARNING - Install exifread for better RAW support: pip install exifread
2026-01-10 14:03:09 - media_renamer_app - INFO - Successfully extracted date from image D:\Photos\Nef\Samos\DSC_0857.NEF: 2024-08-16 11:59:40
2026-01-10 14:03:09 - media_renamer_app - WARNING - exifread not available for RAW file GPS extraction: D:\Photos\Nef\Samos\DSC_0857.NEF
2026-01-10 14:03:09 - media_renamer_app - WARNING - Install exifread for better RAW support: pip install exifread
2026-01-10 14:03:09 - media_renamer_app - INFO - Successfully extracted date from image D:\Photos\Nef\Samos\DSC_0859.NEF: 2024-08-16 11:59:45
2026-01-10 14:03:09 - media_renamer_app - WARNING - exifread not available for RAW file GPS extraction: D:\Photos\Nef\Samos\DSC_0859.NEF
2026-01-10 14:03:09 - media_renamer_app - WARNING - Install exifread for better RAW support: pip install exifread
2026-01-10 14:03:09 - media_renamer_app - INFO - Successfully extracted date from image D:\Photos\Nef\Samos\DSC_0864.NEF: 2024-08-16 12:00:37
2026-01-10 14:03:09 - media_renamer_app - WARNING - exifread not available for RAW file GPS extraction: D:\Photos\Nef\Samos\DSC_0864.NEF
2026-01-10 14:03:09 - media_renamer_app - WARNING - Install exifread for better RAW support: pip install exifread
2026-01-10 14:03:09 - media_renamer_app - INFO - Successfully extracted date from image D:\Photos\Nef\Samos\DSC_0865.NEF: 2024-08-16 12:00:39
2026-01-10 14:03:09 - media_renamer_app - WARNING - exifread not available for RAW file GPS extraction: D:\Photos\Nef\Samos\DSC_0865.NEF
2026-01-10 14:03:09 - media_renamer_app - WARNING - Install exifread for better RAW support: pip install exifread
2026-01-10 14:03:09 - media_renamer_app - INFO - Successfully extracted date from image D:\Photos\Nef\Samos\DSC_0869.NEF: 2024-08-16 12:01:50
2026-01-10 14:03:09 - media_renamer_app - WARNING - exifread not available for RAW file GPS extraction: D:\Photos\Nef\Samos\DSC_0869.NEF
2026-01-10 14:03:09 - media_renamer_app - WARNING - Install exifread for better RAW support: pip install exifread
2026-01-10 14:03:09 - media_renamer_app - INFO - Successfully extracted date from image D:\Photos\Nef\Samos\DSC_0871.NEF: 2024-08-16 12:01:54
2026-01-10 14:03:09 - media_renamer_app - WARNING - exifread not available for RAW file GPS extraction: D:\Photos\Nef\Samos\DSC_0871.NEF
2026-01-10 14:03:09 - media_renamer_app - WARNING - Install exifread for better RAW support: pip install exifread
2026-01-10 14:03:09 - media_renamer_app - INFO - Successfully extracted date from image D:\Photos\Nef\Samos\DSC_0872.NEF: 2024-08-16 12:01:55
2026-01-10 14:03:09 - media_renamer_app - WARNING - exifread not available for RAW file GPS extraction: D:\Photos\Nef\Samos\DSC_0872.NEF
2026-01-10 14:03:09 - media_renamer_app - WARNING - Install exifread for better RAW support: pip install exifread
2026-01-10 14:03:09 - media_renamer_app - INFO - Successfully extracted date from image D:\Photos\Nef\Samos\DSC_0873.NEF: 2024-08-16 12:02:08
2026-01-10 14:03:09 - media_renamer_app - WARNING - exifread not available for RAW file GPS extraction: D:\Photos\Nef\Samos\DSC_0873.NEF
2026-01-10 14:03:09 - media_renamer_app - WARNING - Install exifread for better RAW support: pip install exifread
2026-01-10 14:03:09 - media_renamer_app - INFO - Successfully extracted date from image D:\Photos\Nef\Samos\DSC_0874.NEF: 2024-08-16 12:02:08
2026-01-10 14:03:09 - media_renamer_app - WARNING - exifread not available for RAW file GPS extraction: D:\Photos\Nef\Samos\DSC_0874.NEF
2026-01-10 14:03:09 - media_renamer_app - WARNING - Install exifread for better RAW support: pip install exifread
2026-01-10 14:03:09 - media_renamer_app - INFO - Successfully extracted date from image D:\Photos\Nef\Samos\DSC_0879.NEF: 2024-08-16 12:02:39
2026-01-10 14:03:09 - media_renamer_app - WARNING - exifread not available for RAW file GPS extraction: D:\Photos\Nef\Samos\DSC_0879.NEF
2026-01-10 14:03:09 - media_renamer_app - WARNING - Install exifread for better RAW support: pip install exifread
2026-01-10 14:03:09 - media_renamer_app - INFO - Successfully extracted date from image D:\Photos\Nef\Samos\DSC_0880.NEF: 2024-08-16 12:05:58
2026-01-10 14:03:09 - media_renamer_app - WARNING - exifread not available for RAW file GPS extraction: D:\Photos\Nef\Samos\DSC_0880.NEF
2026-01-10 14:03:09 - media_renamer_app - WARNING - Install exifread for better RAW support: pip install exifread
2026-01-10 14:03:09 - media_renamer_app - INFO - Successfully extracted date from image D:\Photos\Nef\Samos\DSC_0881.NEF: 2024-08-16 12:05:59
2026-01-10 14:03:09 - media_renamer_app - WARNING - exifread not available for RAW file GPS extraction: D:\Photos\Nef\Samos\DSC_0881.NEF
2026-01-10 14:03:09 - media_renamer_app - WARNING - Install exifread for better RAW support: pip install exifread
2026-01-10 14:03:09 - media_renamer_app - INFO - Successfully extracted date from image D:\Photos\Nef\Samos\DSC_0882.NEF: 2024-08-16 12:06:22
2026-01-10 14:03:09 - media_renamer_app - WARNING - exifread not available for RAW file GPS extraction: D:\Photos\Nef\Samos\DSC_0882.NEF
2026-01-10 14:03:09 - media_renamer_app - WARNING - Install exifread for better RAW support: pip install exifread
2026-01-10 14:03:09 - media_renamer_app - INFO - Successfully extracted date from image D:\Photos\Nef\Samos\DSC_0883.NEF: 2024-08-16 12:06:25
2026-01-10 14:03:09 - media_renamer_app - WARNING - exifread not available for RAW file GPS extraction: D:\Photos\Nef\Samos\DSC_0883.NEF
2026-01-10 14:03:09 - media_renamer_app - WARNING - Install exifread for better RAW support: pip install exifread
2026-01-10 14:03:09 - media_renamer_app - INFO - Successfully extracted date from image D:\Photos\Nef\Samos\DSC_0884.NEF: 2024-08-16 12:06:43
2026-01-10 14:03:09 - media_renamer_app - WARNING - exifread not available for RAW file GPS extraction: D:\Photos\Nef\Samos\DSC_0884.NEF
2026-01-10 14:03:09 - media_renamer_app - WARNING - Install exifread for better RAW support: pip install exifread
2026-01-10 14:03:09 - media_renamer_app - INFO - Successfully extracted date from image D:\Photos\Nef\Samos\DSC_0885.NEF: 2024-08-16 12:06:48
2026-01-10 14:03:09 - media_renamer_app - WARNING - exifread not available for RAW file GPS extraction: D:\Photos\Nef\Samos\DSC_0885.NEF
2026-01-10 14:03:09 - media_renamer_app - WARNING - Install exifread for better RAW support: pip install exifread
2026-01-10 14:03:09 - media_renamer_app - INFO - Successfully extracted date from image D:\Photos\Nef\Samos\DSC_0886.NEF: 2024-08-16 12:06:52
2026-01-10 14:03:09 - media_renamer_app - WARNING - exifread not available for RAW file GPS extraction: D:\Photos\Nef\Samos\DSC_0886.NEF
2026-01-10 14:03:09 - media_renamer_app - WARNING - Install exifread for better RAW support: pip install exifread
2026-01-10 14:03:09 - media_renamer_app - INFO - Successfully extracted date from image D:\Photos\Nef\Samos\DSC_0887.NEF: 2024-08-16 12:07:22
2026-01-10 14:03:09 - media_renamer_app - WARNING - exifread not available for RAW file GPS extraction: D:\Photos\Nef\Samos\DSC_0887.NEF
2026-01-10 14:03:09 - media_renamer_app - WARNING - Install exifread for better RAW support: pip install exifread
2026-01-10 14:03:09 - media_renamer_app - INFO - Successfully extracted date from image D:\Photos\Nef\Samos\DSC_0888.NEF: 2024-08-16 12:07:24
2026-01-10 14:03:09 - media_renamer_app - WARNING - exifread not available for RAW file GPS extraction: D:\Photos\Nef\Samos\DSC_0888.NEF
2026-01-10 14:03:09 - media_renamer_app - WARNING - Install exifread for better RAW support: pip install exifread
2026-01-10 14:03:09 - media_renamer_app - INFO - Successfully extracted date from image D:\Photos\Nef\Samos\DSC_0889.NEF: 2024-08-16 12:07:27
2026-01-10 14:03:09 - media_renamer_app - WARNING - exifread not available for RAW file GPS extraction: D:\Photos\Nef\Samos\DSC_0889.NEF
2026-01-10 14:03:09 - media_renamer_app - WARNING - Install exifread for better RAW support: pip install exifread
2026-01-10 14:03:09 - media_renamer_app - INFO - File discovery completed: 286 files processed, 0 without metadata
2026-01-10 14:03:19 - media_renamer_app - INFO - User initiated file discovery for folder: D:\Photos\Nef\Samos
2026-01-10 14:03:19 - media_renamer_app - INFO - Starting file discovery and metadata extraction
2026-01-10 14:03:19 - media_renamer_app - INFO - Starting file discovery in folder: D:\Photos\Nef\Samos
2026-01-10 14:03:19 - media_renamer_app - INFO - Found 286 total files in D:\Photos\Nef\Samos
2026-01-10 14:03:19 - media_renamer_app - INFO - Discovered 286 supported media files
2026-01-10 14:03:19 - media_renamer_app - INFO - Discovered 286 files in D:\Photos\Nef\Samos
2026-01-10 14:03:19 - media_renamer_app - INFO - Successfully extracted date from image D:\Photos\Nef\Samos\ 2024.08.09-19.34.35.001..NEF: 2024-08-09 19:34:35
2026-01-10 14:03:19 - media_renamer_app - WARNING - exifread not available for RAW file GPS extraction: D:\Photos\Nef\Samos\ 2024.08.09-19.34.35.001..NEF
2026-01-10 14:03:19 - media_renamer_app - WARNING - Install exifread for better RAW support: pip install exifread
2026-01-10 14:03:19 - media_renamer_app - INFO - Successfully extracted date from image D:\Photos\Nef\Samos\DSC_0457.NEF: 2024-08-09 19:35:13
2026-01-10 14:03:19 - media_renamer_app - WARNING - exifread not available for RAW file GPS extraction: D:\Photos\Nef\Samos\DSC_0457.NEF
2026-01-10 14:03:19 - media_renamer_app - WARNING - Install exifread for better RAW support: pip install exifread
2026-01-10 14:03:19 - media_renamer_app - INFO - Successfully extracted date from image D:\Photos\Nef\Samos\DSC_0458.NEF: 2024-08-09 19:35:19
2026-01-10 14:03:19 - media_renamer_app - WARNING - exifread not available for RAW file GPS extraction: D:\Photos\Nef\Samos\DSC_0458.NEF
2026-01-10 14:03:19 - media_renamer_app - WARNING - Install exifread for better RAW support: pip install exifread
2026-01-10 14:03:19 - media_renamer_app - INFO - Successfully extracted date from image D:\Photos\Nef\Samos\DSC_0459.NEF: 2024-08-09 19:35:31
2026-01-10 14:03:19 - media_renamer_app - WARNING - exifread not available for RAW file GPS extraction: D:\Photos\Nef\Samos\DSC_0459.NEF
2026-01-10 14:03:19 - media_renamer_app - WARNING - Install exifread for better RAW support: pip install exifread
2026-01-10 14:03:19 - media_renamer_app - INFO - Successfully extracted date from image D:\Photos\Nef\Samos\DSC_0460.NEF: 2024-08-09 19:36:22
2026-01-10 14:03:19 - media_renamer_app - WARNING - exifread not available for RAW file GPS extraction: D:\Photos\Nef\Samos\DSC_0460.NEF
2026-01-10 14:03:19 - media_renamer_app - WARNING - Install exifread for better RAW support: pip install exifread
2026-01-10 14:03:19 - media_renamer_app - INFO - Successfully extracted date from image D:\Photos\Nef\Samos\DSC_0461.NEF: 2024-08-09 19:36:32
2026-01-10 14:03:19 - media_renamer_app - WARNING - exifread not available for RAW file GPS extraction: D:\Photos\Nef\Samos\DSC_0461.NEF
2026-01-10 14:03:19 - media_renamer_app - WARNING - Install exifread for better RAW support: pip install exifread
2026-01-10 14:03:19 - media_renamer_app - INFO - Successfully extracted date from image D:\Photos\Nef\Samos\DSC_0464.NEF: 2024-08-09 19:38:38
2026-01-10 14:03:19 - media_renamer_app - WARNING - exifread not available for RAW file GPS extraction: D:\Photos\Nef\Samos\DSC_0464.NEF
2026-01-10 14:03:19 - media_renamer_app - WARNING - Install exifread for better RAW support: pip install exifread
2026-01-10 14:03:19 - media_renamer_app - INFO - Successfully extracted date from image D:\Photos\Nef\Samos\DSC_0465.NEF: 2024-08-09 19:38:53
2026-01-10 14:03:19 - media_renamer_app - WARNING - exifread not available for RAW file GPS extraction: D:\Photos\Nef\Samos\DSC_0465.NEF
2026-01-10 14:03:19 - media_renamer_app - WARNING - Install exifread for better RAW support: pip install exifread
2026-01-10 14:03:19 - media_renamer_app - INFO - Successfully extracted date from image D:\Photos\Nef\Samos\DSC_0466.NEF: 2024-08-09 19:39:02
2026-01-10 14:03:19 - media_renamer_app - WARNING - exifread not available for RAW file GPS extraction: D:\Photos\Nef\Samos\DSC_0466.NEF
2026-01-10 14:03:19 - media_renamer_app - WARNING - Install exifread for better RAW support: pip install exifread
2026-01-10 14:03:19 - media_renamer_app - INFO - Successfully extracted date from image D:\Photos\Nef\Samos\DSC_0467.NEF: 2024-08-09 19:39:20
2026-01-10 14:03:19 - media_renamer_app - WARNING - exifread not available for RAW file GPS extraction: D:\Photos\Nef\Samos\DSC_0467.NEF
2026-01-10 14:03:19 - media_renamer_app - WARNING - Install exifread for better RAW support: pip install exifread
2026-01-10 14:03:19 - media_renamer_app - INFO - Successfully extracted date from image D:\Photos\Nef\Samos\DSC_0468.NEF: 2024-08-09 19:39:53
2026-01-10 14:03:19 - media_renamer_app - WARNING - exifread not available for RAW file GPS extraction: D:\Photos\Nef\Samos\DSC_0468.NEF
2026-01-10 14:03:19 - media_renamer_app - WARNING - Install exifread for better RAW support: pip install exifread
2026-01-10 14:03:19 - media_renamer_app - INFO - Successfully extracted date from image D:\Photos\Nef\Samos\DSC_0469.NEF: 2024-08-09 19:40:32
2026-01-10 14:03:19 - media_renamer_app - WARNING - exifread not available for RAW file GPS extraction: D:\Photos\Nef\Samos\DSC_0469.NEF
2026-01-10 14:03:19 - media_renamer_app - WARNING - Install exifread for better RAW support: pip install exifread
2026-01-10 14:03:19 - media_renamer_app - INFO - Successfully extracted date from image D:\Photos\Nef\Samos\DSC_0470.NEF: 2024-08-09 19:40:49
2026-01-10 14:03:19 - media_renamer_app - WARNING - exifread not available for RAW file GPS extraction: D:\Photos\Nef\Samos\DSC_0470.NEF
2026-01-10 14:03:19 - media_renamer_app - WARNING - Install exifread for better RAW support: pip install exifread
2026-01-10 14:03:19 - media_renamer_app - INFO - Successfully extracted date from image D:\Photos\Nef\Samos\DSC_0471.NEF: 2024-08-09 19:40:55
2026-01-10 14:03:19 - media_renamer_app - WARNING - exifread not available for RAW file GPS extraction: D:\Photos\Nef\Samos\DSC_0471.NEF
2026-01-10 14:03:19 - media_renamer_app - WARNING - Install exifread for better RAW support: pip install exifread
2026-01-10 14:03:19 - media_renamer_app - INFO - Successfully extracted date from image D:\Photos\Nef\Samos\DSC_0473.NEF: 2024-08-09 19:44:27
2026-01-10 14:03:19 - media_renamer_app - WARNING - exifread not available for RAW file GPS extraction: D:\Photos\Nef\Samos\DSC_0473.NEF
2026-01-10 14:03:19 - media_renamer_app - WARNING - Install exifread for better RAW support: pip install exifread
2026-01-10 14:03:19 - media_renamer_app - INFO - Successfully extracted date from image D:\Photos\Nef\Samos\DSC_0484.NEF: 2024-08-09 19:45:14
2026-01-10 14:03:19 - media_renamer_app - WARNING - exifread not available for RAW file GPS extraction: D:\Photos\Nef\Samos\DSC_0484.NEF
2026-01-10 14:03:19 - media_renamer_app - WARNING - Install exifread for better RAW support: pip install exifread
2026-01-10 14:03:19 - media_renamer_app - INFO - Successfully extracted date from image D:\Photos\Nef\Samos\DSC_0486.NEF: 2024-08-09 19:45:17
2026-01-10 14:03:19 - media_renamer_app - WARNING - exifread not available for RAW file GPS extraction: D:\Photos\Nef\Samos\DSC_0486.NEF
2026-01-10 14:03:19 - media_renamer_app - WARNING - Install exifread for better RAW support: pip install exifread
2026-01-10 14:03:19 - media_renamer_app - INFO - Successfully extracted date from image D:\Photos\Nef\Samos\DSC_0512.NEF: 2024-08-09 19:46:19
2026-01-10 14:03:19 - media_renamer_app - WARNING - exifread not available for RAW file GPS extraction: D:\Photos\Nef\Samos\DSC_0512.NEF
2026-01-10 14:03:19 - media_renamer_app - WARNING - Install exifread for better RAW support: pip install exifread
2026-01-10 14:03:19 - media_renamer_app - INFO - Successfully extracted date from image D:\Photos\Nef\Samos\DSC_0514.NEF: 2024-08-09 19:46:20
2026-01-10 14:03:19 - media_renamer_app - WARNING - exifread not available for RAW file GPS extraction: D:\Photos\Nef\Samos\DSC_0514.NEF
2026-01-10 14:03:19 - media_renamer_app - WARNING - Install exifread for better RAW support: pip install exifread
2026-01-10 14:03:19 - media_renamer_app - INFO - Successfully extracted date from image D:\Photos\Nef\Samos\DSC_0523.NEF: 2024-08-09 19:48:13
2026-01-10 14:03:19 - media_renamer_app - WARNING - exifread not available for RAW file GPS extraction: D:\Photos\Nef\Samos\DSC_0523.NEF
2026-01-10 14:03:19 - media_renamer_app - WARNING - Install exifread for better RAW support: pip install exifread
2026-01-10 14:03:19 - media_renamer_app - INFO - Successfully extracted date from image D:\Photos\Nef\Samos\DSC_0526.NEF: 2024-08-09 19:48:49
2026-01-10 14:03:19 - media_renamer_app - WARNING - exifread not available for RAW file GPS extraction: D:\Photos\Nef\Samos\DSC_0526.NEF
2026-01-10 14:03:19 - media_renamer_app - WARNING - Install exifread for better RAW support: pip install exifread
2026-01-10 14:03:19 - media_renamer_app - INFO - Successfully extracted date from image D:\Photos\Nef\Samos\DSC_0528.NEF: 2024-08-09 19:59:09
2026-01-10 14:03:19 - media_renamer_app - WARNING - exifread not available for RAW file GPS extraction: D:\Photos\Nef\Samos\DSC_0528.NEF
2026-01-10 14:03:19 - media_renamer_app - WARNING - Install exifread for better RAW support: pip install exifread
2026-01-10 14:03:19 - media_renamer_app - INFO - Successfully extracted date from image D:\Photos\Nef\Samos\DSC_0529.NEF: 2024-08-09 19:59:20
2026-01-10 14:03:19 - media_renamer_app - WARNING - exifread not available for RAW file GPS extraction: D:\Photos\Nef\Samos\DSC_0529.NEF
2026-01-10 14:03:19 - media_renamer_app - WARNING - Install exifread for better RAW support: pip install exifread
2026-01-10 14:03:19 - media_renamer_app - INFO - Successfully extracted date from image D:\Photos\Nef\Samos\DSC_0530.NEF: 2024-08-09 19:59:32
2026-01-10 14:03:19 - media_renamer_app - WARNING - exifread not available for RAW file GPS extraction: D:\Photos\Nef\Samos\DSC_0530.NEF
2026-01-10 14:03:19 - media_renamer_app - WARNING - Install exifread for better RAW support: pip install exifread
2026-01-10 14:03:19 - media_renamer_app - INFO - Successfully extracted date from image D:\Photos\Nef\Samos\DSC_0532.NEF: 2024-08-09 20:00:20
2026-01-10 14:03:19 - media_renamer_app - WARNING - exifread not available for RAW file GPS extraction: D:\Photos\Nef\Samos\DSC_0532.NEF
2026-01-10 14:03:19 - media_renamer_app - WARNING - Install exifread for better RAW support: pip install exifread
2026-01-10 14:03:19 - media_renamer_app - INFO - Successfully extracted date from image D:\Photos\Nef\Samos\DSC_0540.NEF: 2024-08-09 20:03:10
2026-01-10 14:03:19 - media_renamer_app - WARNING - exifread not available for RAW file GPS extraction: D:\Photos\Nef\Samos\DSC_0540.NEF
2026-01-10 14:03:19 - media_renamer_app - WARNING - Install exifread for better RAW support: pip install exifread
2026-01-10 14:03:19 - media_renamer_app - INFO - Successfully extracted date from image D:\Photos\Nef\Samos\DSC_0541.NEF: 2024-08-09 20:03:35
2026-01-10 14:03:19 - media_renamer_app - WARNING - exifread not available for RAW file GPS extraction: D:\Photos\Nef\Samos\DSC_0541.NEF
2026-01-10 14:03:19 - media_renamer_app - WARNING - Install exifread for better RAW support: pip install exifread
2026-01-10 14:03:19 - media_renamer_app - INFO - Successfully extracted date from image D:\Photos\Nef\Samos\DSC_0542.NEF: 2024-08-09 20:03:37
2026-01-10 14:03:19 - media_renamer_app - WARNING - exifread not available for RAW file GPS extraction: D:\Photos\Nef\Samos\DSC_0542.NEF
2026-01-10 14:03:19 - media_renamer_app - WARNING - Install exifread for better RAW support: pip install exifread
2026-01-10 14:03:19 - media_renamer_app - INFO - Successfully extracted date from image D:\Photos\Nef\Samos\DSC_0543.NEF: 2024-08-09 20:03:37
2026-01-10 14:03:19 - media_renamer_app - WARNING - exifread not available for RAW file GPS extraction: D:\Photos\Nef\Samos\DSC_0543.NEF
2026-01-10 14:03:19 - media_renamer_app - WARNING - Install exifread for better RAW support: pip install exifread
2026-01-10 14:03:19 - media_renamer_app - INFO - Successfully extracted date from image D:\Photos\Nef\Samos\DSC_0548.NEF: 2024-08-10 10:04:53
2026-01-10 14:03:19 - media_renamer_app - WARNING - exifread not available for RAW file GPS extraction: D:\Photos\Nef\Samos\DSC_0548.NEF
2026-01-10 14:03:19 - media_renamer_app - WARNING - Install exifread for better RAW support: pip install exifread
2026-01-10 14:03:19 - media_renamer_app - INFO - Successfully extracted date from image D:\Photos\Nef\Samos\DSC_0556.NEF: 2024-08-10 10:04:55
2026-01-10 14:03:19 - media_renamer_app - WARNING - exifread not available for RAW file GPS extraction: D:\Photos\Nef\Samos\DSC_0556.NEF
2026-01-10 14:03:19 - media_renamer_app - WARNING - Install exifread for better RAW support: pip install exifread
2026-01-10 14:03:19 - media_renamer_app - INFO - Successfully extracted date from image D:\Photos\Nef\Samos\DSC_0569.NEF: 2024-08-10 10:10:25
2026-01-10 14:03:19 - media_renamer_app - WARNING - exifread not available for RAW file GPS extraction: D:\Photos\Nef\Samos\DSC_0569.NEF
2026-01-10 14:03:19 - media_renamer_app - WARNING - Install exifread for better RAW support: pip install exifread
2026-01-10 14:03:19 - media_renamer_app - INFO - Successfully extracted date from image D:\Photos\Nef\Samos\DSC_0573.NEF: 2024-08-10 10:11:27
2026-01-10 14:03:19 - media_renamer_app - WARNING - exifread not available for RAW file GPS extraction: D:\Photos\Nef\Samos\DSC_0573.NEF
2026-01-10 14:03:19 - media_renamer_app - WARNING - Install exifread for better RAW support: pip install exifread
2026-01-10 14:03:19 - media_renamer_app - INFO - Successfully extracted date from image D:\Photos\Nef\Samos\DSC_0574.NEF: 2024-08-10 10:11:50
2026-01-10 14:03:19 - media_renamer_app - WARNING - exifread not available for RAW file GPS extraction: D:\Photos\Nef\Samos\DSC_0574.NEF
2026-01-10 14:03:19 - media_renamer_app - WARNING - Install exifread for better RAW support: pip install exifread
2026-01-10 14:03:19 - media_renamer_app - INFO - Successfully extracted date from image D:\Photos\Nef\Samos\DSC_0575.NEF: 2024-08-10 10:11:56
2026-01-10 14:03:19 - media_renamer_app - WARNING - exifread not available for RAW file GPS extraction: D:\Photos\Nef\Samos\DSC_0575.NEF
2026-01-10 14:03:19 - media_renamer_app - WARNING - Install exifread for better RAW support: pip install exifread
2026-01-10 14:03:19 - media_renamer_app - INFO - Successfully extracted date from image D:\Photos\Nef\Samos\DSC_0576.NEF: 2024-08-10 10:14:25
2026-01-10 14:03:19 - media_renamer_app - WARNING - exifread not available for RAW file GPS extraction: D:\Photos\Nef\Samos\DSC_0576.NEF
2026-01-10 14:03:19 - media_renamer_app - WARNING - Install exifread for better RAW support: pip install exifread
2026-01-10 14:03:19 - media_renamer_app - INFO - Successfully extracted date from image D:\Photos\Nef\Samos\DSC_0577.NEF: 2024-08-10 10:15:32
2026-01-10 14:03:19 - media_renamer_app - WARNING - exifread not available for RAW file GPS extraction: D:\Photos\Nef\Samos\DSC_0577.NEF
2026-01-10 14:03:19 - media_renamer_app - WARNING - Install exifread for better RAW support: pip install exifread
2026-01-10 14:03:19 - media_renamer_app - INFO - Successfully extracted date from image D:\Photos\Nef\Samos\DSC_0578.NEF: 2024-08-10 10:15:50
2026-01-10 14:03:19 - media_renamer_app - WARNING - exifread not available for RAW file GPS extraction: D:\Photos\Nef\Samos\DSC_0578.NEF
2026-01-10 14:03:19 - media_renamer_app - WARNING - Install exifread for better RAW support: pip install exifread
2026-01-10 14:03:19 - media_renamer_app - INFO - Successfully extracted date from image D:\Photos\Nef\Samos\DSC_0579.NEF: 2024-08-10 10:16:01
2026-01-10 14:03:19 - media_renamer_app - WARNING - exifread not available for RAW file GPS extraction: D:\Photos\Nef\Samos\DSC_0579.NEF
2026-01-10 14:03:19 - media_renamer_app - WARNING - Install exifread for better RAW support: pip install exifread
2026-01-10 14:03:19 - media_renamer_app - INFO - Successfully extracted date from image D:\Photos\Nef\Samos\DSC_0580.NEF: 2024-08-10 10:16:31
2026-01-10 14:03:19 - media_renamer_app - WARNING - exifread not available for RAW file GPS extraction: D:\Photos\Nef\Samos\DSC_0580.NEF
2026-01-10 14:03:19 - media_renamer_app - WARNING - Install exifread for better RAW support: pip install exifread
2026-01-10 14:03:19 - media_renamer_app - INFO - Successfully extracted date from image D:\Photos\Nef\Samos\DSC_0581.NEF: 2024-08-10 10:16:39
2026-01-10 14:03:19 - media_renamer_app - WARNING - exifread not available for RAW file GPS extraction: D:\Photos\Nef\Samos\DSC_0581.NEF
2026-01-10 14:03:19 - media_renamer_app - WARNING - Install exifread for better RAW support: pip install exifread
2026-01-10 14:03:19 - media_renamer_app - INFO - Successfully extracted date from image D:\Photos\Nef\Samos\DSC_0583.NEF: 2024-08-10 10:17:16
2026-01-10 14:03:19 - media_renamer_app - WARNING - exifread not available for RAW file GPS extraction: D:\Photos\Nef\Samos\DSC_0583.NEF
2026-01-10 14:03:19 - media_renamer_app - WARNING - Install exifread for better RAW support: pip install exifread
2026-01-10 14:03:19 - media_renamer_app - INFO - Successfully extracted date from image D:\Photos\Nef\Samos\DSC_0590.NEF: 2024-08-10 10:18:21
2026-01-10 14:03:19 - media_renamer_app - WARNING - exifread not available for RAW file GPS extraction: D:\Photos\Nef\Samos\DSC_0590.NEF
2026-01-10 14:03:19 - media_renamer_app - WARNING - Install exifread for better RAW support: pip install exifread
2026-01-10 14:03:19 - media_renamer_app - INFO - Successfully extracted date from image D:\Photos\Nef\Samos\DSC_0591.NEF: 2024-08-10 10:18:23
2026-01-10 14:03:19 - media_renamer_app - WARNING - exifread not available for RAW file GPS extraction: D:\Photos\Nef\Samos\DSC_0591.NEF
2026-01-10 14:03:19 - media_renamer_app - WARNING - Install exifread for better RAW support: pip install exifread
2026-01-10 14:03:19 - media_renamer_app - INFO - Successfully extracted date from image D:\Photos\Nef\Samos\DSC_0593.NEF: 2024-08-10 10:18:51
2026-01-10 14:03:19 - media_renamer_app - WARNING - exifread not available for RAW file GPS extraction: D:\Photos\Nef\Samos\DSC_0593.NEF
2026-01-10 14:03:19 - media_renamer_app - WARNING - Install exifread for better RAW support: pip install exifread
2026-01-10 14:03:19 - media_renamer_app - INFO - Successfully extracted date from image D:\Photos\Nef\Samos\DSC_0594.NEF: 2024-08-10 10:18:55
2026-01-10 14:03:19 - media_renamer_app - WARNING - exifread not available for RAW file GPS extraction: D:\Photos\Nef\Samos\DSC_0594.NEF
2026-01-10 14:03:19 - media_renamer_app - WARNING - Install exifread for better RAW support: pip install exifread
2026-01-10 14:03:19 - media_renamer_app - INFO - Successfully extracted date from image D:\Photos\Nef\Samos\DSC_0595.NEF: 2024-08-10 10:18:56
2026-01-10 14:03:19 - media_renamer_app - WARNING - exifread not available for RAW file GPS extraction: D:\Photos\Nef\Samos\DSC_0595.NEF
2026-01-10 14:03:19 - media_renamer_app - WARNING - Install exifread for better RAW support: pip install exifread
2026-01-10 14:03:19 - media_renamer_app - INFO - Successfully extracted date from image D:\Photos\Nef\Samos\DSC_0596.NEF: 2024-08-10 10:19:08
2026-01-10 14:03:19 - media_renamer_app - WARNING - exifread not available for RAW file GPS extraction: D:\Photos\Nef\Samos\DSC_0596.NEF
2026-01-10 14:03:19 - media_renamer_app - WARNING - Install exifread for better RAW support: pip install exifread
2026-01-10 14:03:19 - media_renamer_app - INFO - Successfully extracted date from image D:\Photos\Nef\Samos\DSC_0597.NEF: 2024-08-10 10:19:10
2026-01-10 14:03:19 - media_renamer_app - WARNING - exifread not available for RAW file GPS extraction: D:\Photos\Nef\Samos\DSC_0597.NEF
2026-01-10 14:03:19 - media_renamer_app - WARNING - Install exifread for better RAW support: pip install exifread
2026-01-10 14:03:19 - media_renamer_app - INFO - Successfully extracted date from image D:\Photos\Nef\Samos\DSC_0598.NEF: 2024-08-10 10:19:37
2026-01-10 14:03:19 - media_renamer_app - WARNING - exifread not available for RAW file GPS extraction: D:\Photos\Nef\Samos\DSC_0598.NEF
2026-01-10 14:03:19 - media_renamer_app - WARNING - Install exifread for better RAW support: pip install exifread
2026-01-10 14:03:19 - media_renamer_app - INFO - Successfully extracted date from image D:\Photos\Nef\Samos\DSC_0599.NEF: 2024-08-10 10:19:48
2026-01-10 14:03:19 - media_renamer_app - WARNING - exifread not available for RAW file GPS extraction: D:\Photos\Nef\Samos\DSC_0599.NEF
2026-01-10 14:03:19 - media_renamer_app - WARNING - Install exifread for better RAW support: pip install exifread
2026-01-10 14:03:19 - media_renamer_app - INFO - Successfully extracted date from image D:\Photos\Nef\Samos\DSC_0600.NEF: 2024-08-10 10:20:23
2026-01-10 14:03:19 - media_renamer_app - WARNING - exifread not available for RAW file GPS extraction: D:\Photos\Nef\Samos\DSC_0600.NEF
2026-01-10 14:03:19 - media_renamer_app - WARNING - Install exifread for better RAW support: pip install exifread
2026-01-10 14:03:19 - media_renamer_app - INFO - Successfully extracted date from image D:\Photos\Nef\Samos\DSC_0601.NEF: 2024-08-10 10:20:34
2026-01-10 14:03:19 - media_renamer_app - WARNING - exifread not available for RAW file GPS extraction: D:\Photos\Nef\Samos\DSC_0601.NEF
2026-01-10 14:03:19 - media_renamer_app - WARNING - Install exifread for better RAW support: pip install exifread
2026-01-10 14:03:20 - media_renamer_app - INFO - Successfully extracted date from image D:\Photos\Nef\Samos\DSC_0602.NEF: 2024-08-10 10:21:03
2026-01-10 14:03:20 - media_renamer_app - WARNING - exifread not available for RAW file GPS extraction: D:\Photos\Nef\Samos\DSC_0602.NEF
2026-01-10 14:03:20 - media_renamer_app - WARNING - Install exifread for better RAW support: pip install exifread
2026-01-10 14:03:20 - media_renamer_app - INFO - Successfully extracted date from image D:\Photos\Nef\Samos\DSC_0603.NEF: 2024-08-10 10:21:40
2026-01-10 14:03:20 - media_renamer_app - WARNING - exifread not available for RAW file GPS extraction: D:\Photos\Nef\Samos\DSC_0603.NEF
2026-01-10 14:03:20 - media_renamer_app - WARNING - Install exifread for better RAW support: pip install exifread
2026-01-10 14:03:20 - media_renamer_app - INFO - Successfully extracted date from image D:\Photos\Nef\Samos\DSC_0604.NEF: 2024-08-10 10:21:44
2026-01-10 14:03:20 - media_renamer_app - WARNING - exifread not available for RAW file GPS extraction: D:\Photos\Nef\Samos\DSC_0604.NEF
2026-01-10 14:03:20 - media_renamer_app - WARNING - Install exifread for better RAW support: pip install exifread
2026-01-10 14:03:20 - media_renamer_app - INFO - Successfully extracted date from image D:\Photos\Nef\Samos\DSC_0605.NEF: 2024-08-10 10:21:47
2026-01-10 14:03:20 - media_renamer_app - WARNING - exifread not available for RAW file GPS extraction: D:\Photos\Nef\Samos\DSC_0605.NEF
2026-01-10 14:03:20 - media_renamer_app - WARNING - Install exifread for better RAW support: pip install exifread
2026-01-10 14:03:20 - media_renamer_app - INFO - Successfully extracted date from image D:\Photos\Nef\Samos\DSC_0608.NEF: 2024-08-10 10:24:03
2026-01-10 14:03:20 - media_renamer_app - WARNING - exifread not available for RAW file GPS extraction: D:\Photos\Nef\Samos\DSC_0608.NEF
2026-01-10 14:03:20 - media_renamer_app - WARNING - Install exifread for better RAW support: pip install exifread
2026-01-10 14:03:20 - media_renamer_app - INFO - Successfully extracted date from image D:\Photos\Nef\Samos\DSC_0609.NEF: 2024-08-10 10:24:15
2026-01-10 14:03:20 - media_renamer_app - WARNING - exifread not available for RAW file GPS extraction: D:\Photos\Nef\Samos\DSC_0609.NEF
2026-01-10 14:03:20 - media_renamer_app - WARNING - Install exifread for better RAW support: pip install exifread
2026-01-10 14:03:20 - media_renamer_app - INFO - Successfully extracted date from image D:\Photos\Nef\Samos\DSC_0610.NEF: 2024-08-10 10:25:09
2026-01-10 14:03:20 - media_renamer_app - WARNING - exifread not available for RAW file GPS extraction: D:\Photos\Nef\Samos\DSC_0610.NEF
2026-01-10 14:03:20 - media_renamer_app - WARNING - Install exifread for better RAW support: pip install exifread
2026-01-10 14:03:20 - media_renamer_app - INFO - Successfully extracted date from image D:\Photos\Nef\Samos\DSC_0611.NEF: 2024-08-10 10:25:42
2026-01-10 14:03:20 - media_renamer_app - WARNING - exifread not available for RAW file GPS extraction: D:\Photos\Nef\Samos\DSC_0611.NEF
2026-01-10 14:03:20 - media_renamer_app - WARNING - Install exifread for better RAW support: pip install exifread
2026-01-10 14:03:20 - media_renamer_app - INFO - Successfully extracted date from image D:\Photos\Nef\Samos\DSC_0612.NEF: 2024-08-10 10:26:35
2026-01-10 14:03:20 - media_renamer_app - WARNING - exifread not available for RAW file GPS extraction: D:\Photos\Nef\Samos\DSC_0612.NEF
2026-01-10 14:03:20 - media_renamer_app - WARNING - Install exifread for better RAW support: pip install exifread
2026-01-10 14:03:20 - media_renamer_app - INFO - Successfully extracted date from image D:\Photos\Nef\Samos\DSC_0613.NEF: 2024-08-10 10:26:38
2026-01-10 14:03:20 - media_renamer_app - WARNING - exifread not available for RAW file GPS extraction: D:\Photos\Nef\Samos\DSC_0613.NEF
2026-01-10 14:03:20 - media_renamer_app - WARNING - Install exifread for better RAW support: pip install exifread
2026-01-10 14:03:20 - media_renamer_app - INFO - Successfully extracted date from image D:\Photos\Nef\Samos\DSC_0614.NEF: 2024-08-10 10:27:40
2026-01-10 14:03:20 - media_renamer_app - WARNING - exifread not available for RAW file GPS extraction: D:\Photos\Nef\Samos\DSC_0614.NEF
2026-01-10 14:03:20 - media_renamer_app - WARNING - Install exifread for better RAW support: pip install exifread
2026-01-10 14:03:20 - media_renamer_app - INFO - Successfully extracted date from image D:\Photos\Nef\Samos\DSC_0615.NEF: 2024-08-10 10:28:05
2026-01-10 14:03:20 - media_renamer_app - WARNING - exifread not available for RAW file GPS extraction: D:\Photos\Nef\Samos\DSC_0615.NEF
2026-01-10 14:03:20 - media_renamer_app - WARNING - Install exifread for better RAW support: pip install exifread
2026-01-10 14:03:20 - media_renamer_app - INFO - Successfully extracted date from image D:\Photos\Nef\Samos\DSC_0616.NEF: 2024-08-10 10:30:46
2026-01-10 14:03:20 - media_renamer_app - WARNING - exifread not available for RAW file GPS extraction: D:\Photos\Nef\Samos\DSC_0616.NEF
2026-01-10 14:03:20 - media_renamer_app - WARNING - Install exifread for better RAW support: pip install exifread
2026-01-10 14:03:20 - media_renamer_app - INFO - Successfully extracted date from image D:\Photos\Nef\Samos\DSC_0617.NEF: 2024-08-10 10:31:58
2026-01-10 14:03:20 - media_renamer_app - WARNING - exifread not available for RAW file GPS extraction: D:\Photos\Nef\Samos\DSC_0617.NEF
2026-01-10 14:03:20 - media_renamer_app - WARNING - Install exifread for better RAW support: pip install exifread
2026-01-10 14:03:20 - media_renamer_app - INFO - Successfully extracted date from image D:\Photos\Nef\Samos\DSC_0618.NEF: 2024-08-10 10:32:00
2026-01-10 14:03:20 - media_renamer_app - WARNING - exifread not available for RAW file GPS extraction: D:\Photos\Nef\Samos\DSC_0618.NEF
2026-01-10 14:03:20 - media_renamer_app - WARNING - Install exifread for better RAW support: pip install exifread
2026-01-10 14:03:20 - media_renamer_app - INFO - Successfully extracted date from image D:\Photos\Nef\Samos\DSC_0619.NEF: 2024-08-10 10:32:06
2026-01-10 14:03:20 - media_renamer_app - WARNING - exifread not available for RAW file GPS extraction: D:\Photos\Nef\Samos\DSC_0619.NEF
2026-01-10 14:03:20 - media_renamer_app - WARNING - Install exifread for better RAW support: pip install exifread
2026-01-10 14:03:20 - media_renamer_app - INFO - Successfully extracted date from image D:\Photos\Nef\Samos\DSC_0620.NEF: 2024-08-10 10:35:37
2026-01-10 14:03:20 - media_renamer_app - WARNING - exifread not available for RAW file GPS extraction: D:\Photos\Nef\Samos\DSC_0620.NEF
2026-01-10 14:03:20 - media_renamer_app - WARNING - Install exifread for better RAW support: pip install exifread
2026-01-10 14:03:20 - media_renamer_app - INFO - Successfully extracted date from image D:\Photos\Nef\Samos\DSC_0621.NEF: 2024-08-10 10:35:41
2026-01-10 14:03:20 - media_renamer_app - WARNING - exifread not available for RAW file GPS extraction: D:\Photos\Nef\Samos\DSC_0621.NEF
2026-01-10 14:03:20 - media_renamer_app - WARNING - Install exifread for better RAW support: pip install exifread
2026-01-10 14:03:20 - media_renamer_app - INFO - Successfully extracted date from image D:\Photos\Nef\Samos\DSC_0622.NEF: 2024-08-11 12:27:53
2026-01-10 14:03:20 - media_renamer_app - WARNING - exifread not available for RAW file GPS extraction: D:\Photos\Nef\Samos\DSC_0622.NEF
2026-01-10 14:03:20 - media_renamer_app - WARNING - Install exifread for better RAW support: pip install exifread
2026-01-10 14:03:20 - media_renamer_app - INFO - Successfully extracted date from image D:\Photos\Nef\Samos\DSC_0623.NEF: 2024-08-11 12:28:16
2026-01-10 14:03:20 - media_renamer_app - WARNING - exifread not available for RAW file GPS extraction: D:\Photos\Nef\Samos\DSC_0623.NEF
2026-01-10 14:03:20 - media_renamer_app - WARNING - Install exifread for better RAW support: pip install exifread
2026-01-10 14:03:20 - media_renamer_app - INFO - Successfully extracted date from image D:\Photos\Nef\Samos\DSC_0624.NEF: 2024-08-11 12:31:26
2026-01-10 14:03:20 - media_renamer_app - WARNING - exifread not available for RAW file GPS extraction: D:\Photos\Nef\Samos\DSC_0624.NEF
2026-01-10 14:03:20 - media_renamer_app - WARNING - Install exifread for better RAW support: pip install exifread
2026-01-10 14:03:20 - media_renamer_app - INFO - Successfully extracted date from image D:\Photos\Nef\Samos\DSC_0625.NEF: 2024-08-11 12:33:30
2026-01-10 14:03:20 - media_renamer_app - WARNING - exifread not available for RAW file GPS extraction: D:\Photos\Nef\Samos\DSC_0625.NEF
2026-01-10 14:03:20 - media_renamer_app - WARNING - Install exifread for better RAW support: pip install exifread
2026-01-10 14:03:20 - media_renamer_app - INFO - Successfully extracted date from image D:\Photos\Nef\Samos\DSC_0626.NEF: 2024-08-11 12:33:36
2026-01-10 14:03:20 - media_renamer_app - WARNING - exifread not available for RAW file GPS extraction: D:\Photos\Nef\Samos\DSC_0626.NEF
2026-01-10 14:03:20 - media_renamer_app - WARNING - Install exifread for better RAW support: pip install exifread
2026-01-10 14:03:20 - media_renamer_app - INFO - Successfully extracted date from image D:\Photos\Nef\Samos\DSC_0627.NEF: 2024-08-11 12:33:38
2026-01-10 14:03:20 - media_renamer_app - WARNING - exifread not available for RAW file GPS extraction: D:\Photos\Nef\Samos\DSC_0627.NEF
2026-01-10 14:03:20 - media_renamer_app - WARNING - Install exifread for better RAW support: pip install exifread
2026-01-10 14:03:20 - media_renamer_app - INFO - Successfully extracted date from image D:\Photos\Nef\Samos\DSC_0628.NEF: 2024-08-11 12:33:54
2026-01-10 14:03:20 - media_renamer_app - WARNING - exifread not available for RAW file GPS extraction: D:\Photos\Nef\Samos\DSC_0628.NEF
2026-01-10 14:03:20 - media_renamer_app - WARNING - Install exifread for better RAW support: pip install exifread
2026-01-10 14:03:20 - media_renamer_app - INFO - Successfully extracted date from image D:\Photos\Nef\Samos\DSC_0629.NEF: 2024-08-11 12:34:00
2026-01-10 14:03:20 - media_renamer_app - WARNING - exifread not available for RAW file GPS extraction: D:\Photos\Nef\Samos\DSC_0629.NEF
2026-01-10 14:03:20 - media_renamer_app - WARNING - Install exifread for better RAW support: pip install exifread
2026-01-10 14:03:20 - media_renamer_app - INFO - Successfully extracted date from image D:\Photos\Nef\Samos\DSC_0630.NEF: 2024-08-11 12:34:27
2026-01-10 14:03:20 - media_renamer_app - WARNING - exifread not available for RAW file GPS extraction: D:\Photos\Nef\Samos\DSC_0630.NEF
2026-01-10 14:03:20 - media_renamer_app - WARNING - Install exifread for better RAW support: pip install exifread
2026-01-10 14:03:20 - media_renamer_app - INFO - Successfully extracted date from image D:\Photos\Nef\Samos\DSC_0631.NEF: 2024-08-11 12:35:35
2026-01-10 14:03:20 - media_renamer_app - WARNING - exifread not available for RAW file GPS extraction: D:\Photos\Nef\Samos\DSC_0631.NEF
2026-01-10 14:03:20 - media_renamer_app - WARNING - Install exifread for better RAW support: pip install exifread
2026-01-10 14:03:20 - media_renamer_app - INFO - Successfully extracted date from image D:\Photos\Nef\Samos\DSC_0632.NEF: 2024-08-11 12:36:30
2026-01-10 14:03:20 - media_renamer_app - WARNING - exifread not available for RAW file GPS extraction: D:\Photos\Nef\Samos\DSC_0632.NEF
2026-01-10 14:03:20 - media_renamer_app - WARNING - Install exifread for better RAW support: pip install exifread
2026-01-10 14:03:20 - media_renamer_app - INFO - Successfully extracted date from image D:\Photos\Nef\Samos\DSC_0633.NEF: 2024-08-11 12:36:34
2026-01-10 14:03:20 - media_renamer_app - WARNING - exifread not available for RAW file GPS extraction: D:\Photos\Nef\Samos\DSC_0633.NEF
2026-01-10 14:03:20 - media_renamer_app - WARNING - Install exifread for better RAW support: pip install exifread
2026-01-10 14:03:20 - media_renamer_app - INFO - Successfully extracted date from image D:\Photos\Nef\Samos\DSC_0634.NEF: 2024-08-11 12:39:26
2026-01-10 14:03:20 - media_renamer_app - WARNING - exifread not available for RAW file GPS extraction: D:\Photos\Nef\Samos\DSC_0634.NEF
2026-01-10 14:03:20 - media_renamer_app - WARNING - Install exifread for better RAW support: pip install exifread
2026-01-10 14:03:20 - media_renamer_app - INFO - Successfully extracted date from image D:\Photos\Nef\Samos\DSC_0635.NEF: 2024-08-11 12:39:36
2026-01-10 14:03:20 - media_renamer_app - WARNING - exifread not available for RAW file GPS extraction: D:\Photos\Nef\Samos\DSC_0635.NEF
2026-01-10 14:03:20 - media_renamer_app - WARNING - Install exifread for better RAW support: pip install exifread
2026-01-10 14:03:20 - media_renamer_app - INFO - Successfully extracted date from image D:\Photos\Nef\Samos\DSC_0636.NEF: 2024-08-11 12:41:25
2026-01-10 14:03:20 - media_renamer_app - WARNING - exifread not available for RAW file GPS extraction: D:\Photos\Nef\Samos\DSC_0636.NEF
2026-01-10 14:03:20 - media_renamer_app - WARNING - Install exifread for better RAW support: pip install exifread
2026-01-10 14:03:20 - media_renamer_app - INFO - Successfully extracted date from image D:\Photos\Nef\Samos\DSC_0637.NEF: 2024-08-11 12:41:27
2026-01-10 14:03:20 - media_renamer_app - WARNING - exifread not available for RAW file GPS extraction: D:\Photos\Nef\Samos\DSC_0637.NEF
2026-01-10 14:03:20 - media_renamer_app - WARNING - Install exifread for better RAW support: pip install exifread
2026-01-10 14:03:20 - media_renamer_app - INFO - Successfully extracted date from image D:\Photos\Nef\Samos\DSC_0638.NEF: 2024-08-11 12:41:37
2026-01-10 14:03:20 - media_renamer_app - WARNING - exifread not available for RAW file GPS extraction: D:\Photos\Nef\Samos\DSC_0638.NEF
2026-01-10 14:03:20 - media_renamer_app - WARNING - Install exifread for better RAW support: pip install exifread
2026-01-10 14:03:20 - media_renamer_app - INFO - Successfully extracted date from image D:\Photos\Nef\Samos\DSC_0639.NEF: 2024-08-11 12:41:41
2026-01-10 14:03:20 - media_renamer_app - WARNING - exifread not available for RAW file GPS extraction: D:\Photos\Nef\Samos\DSC_0639.NEF
2026-01-10 14:03:20 - media_renamer_app - WARNING - Install exifread for better RAW support: pip install exifread
2026-01-10 14:03:20 - media_renamer_app - INFO - Successfully extracted date from image D:\Photos\Nef\Samos\DSC_0640.NEF: 2024-08-11 12:41:43
2026-01-10 14:03:20 - media_renamer_app - WARNING - exifread not available for RAW file GPS extraction: D:\Photos\Nef\Samos\DSC_0640.NEF
2026-01-10 14:03:20 - media_renamer_app - WARNING - Install exifread for better RAW support: pip install exifread
2026-01-10 14:03:20 - media_renamer_app - INFO - Successfully extracted date from image D:\Photos\Nef\Samos\DSC_0641.NEF: 2024-08-11 12:41:50
2026-01-10 14:03:20 - media_renamer_app - WARNING - exifread not available for RAW file GPS extraction: D:\Photos\Nef\Samos\DSC_0641.NEF
2026-01-10 14:03:20 - media_renamer_app - WARNING - Install exifread for better RAW support: pip install exifread
2026-01-10 14:03:20 - media_renamer_app - INFO - Successfully extracted date from image D:\Photos\Nef\Samos\DSC_0642.NEF: 2024-08-11 12:41:53
2026-01-10 14:03:20 - media_renamer_app - WARNING - exifread not available for RAW file GPS extraction: D:\Photos\Nef\Samos\DSC_0642.NEF
2026-01-10 14:03:20 - media_renamer_app - WARNING - Install exifread for better RAW support: pip install exifread
2026-01-10 14:03:20 - media_renamer_app - INFO - Successfully extracted date from image D:\Photos\Nef\Samos\DSC_0643.NEF: 2024-08-11 12:42:22
2026-01-10 14:03:20 - media_renamer_app - WARNING - exifread not available for RAW file GPS extraction: D:\Photos\Nef\Samos\DSC_0643.NEF
2026-01-10 14:03:20 - media_renamer_app - WARNING - Install exifread for better RAW support: pip install exifread
2026-01-10 14:03:20 - media_renamer_app - INFO - Successfully extracted date from image D:\Photos\Nef\Samos\DSC_0644.NEF: 2024-08-11 12:42:23
2026-01-10 14:03:20 - media_renamer_app - WARNING - exifread not available for RAW file GPS extraction: D:\Photos\Nef\Samos\DSC_0644.NEF
2026-01-10 14:03:20 - media_renamer_app - WARNING - Install exifread for better RAW support: pip install exifread
2026-01-10 14:03:20 - media_renamer_app - INFO - Successfully extracted date from image D:\Photos\Nef\Samos\DSC_0645.NEF: 2024-08-11 12:42:28
2026-01-10 14:03:20 - media_renamer_app - WARNING - exifread not available for RAW file GPS extraction: D:\Photos\Nef\Samos\DSC_0645.NEF
2026-01-10 14:03:20 - media_renamer_app - WARNING - Install exifread for better RAW support: pip install exifread
2026-01-10 14:03:20 - media_renamer_app - INFO - Successfully extracted date from image D:\Photos\Nef\Samos\DSC_0646.NEF: 2024-08-11 12:42:30
2026-01-10 14:03:20 - media_renamer_app - WARNING - exifread not available for RAW file GPS extraction: D:\Photos\Nef\Samos\DSC_0646.NEF
2026-01-10 14:03:20 - media_renamer_app - WARNING - Install exifread for better RAW support: pip install exifread
2026-01-10 14:03:20 - media_renamer_app - INFO - Successfully extracted date from image D:\Photos\Nef\Samos\DSC_0647.NEF: 2024-08-11 12:42:32
2026-01-10 14:03:20 - media_renamer_app - WARNING - exifread not available for RAW file GPS extraction: D:\Photos\Nef\Samos\DSC_0647.NEF
2026-01-10 14:03:20 - media_renamer_app - WARNING - Install exifread for better RAW support: pip install exifread
2026-01-10 14:03:20 - media_renamer_app - INFO - Successfully extracted date from image D:\Photos\Nef\Samos\DSC_0648.NEF: 2024-08-11 12:47:53
2026-01-10 14:03:20 - media_renamer_app - WARNING - exifread not available for RAW file GPS extraction: D:\Photos\Nef\Samos\DSC_0648.NEF
2026-01-10 14:03:20 - media_renamer_app - WARNING - Install exifread for better RAW support: pip install exifread
2026-01-10 14:03:20 - media_renamer_app - INFO - Successfully extracted date from image D:\Photos\Nef\Samos\DSC_0649.NEF: 2024-08-11 12:47:55
2026-01-10 14:03:20 - media_renamer_app - WARNING - exifread not available for RAW file GPS extraction: D:\Photos\Nef\Samos\DSC_0649.NEF
2026-01-10 14:03:20 - media_renamer_app - WARNING - Install exifread for better RAW support: pip install exifread
2026-01-10 14:03:20 - media_renamer_app - INFO - Successfully extracted date from image D:\Photos\Nef\Samos\DSC_0650.NEF: 2024-08-11 12:47:58
2026-01-10 14:03:20 - media_renamer_app - WARNING - exifread not available for RAW file GPS extraction: D:\Photos\Nef\Samos\DSC_0650.NEF
2026-01-10 14:03:20 - media_renamer_app - WARNING - Install exifread for better RAW support: pip install exifread
2026-01-10 14:03:20 - media_renamer_app - INFO - Successfully extracted date from image D:\Photos\Nef\Samos\DSC_0651.NEF: 2024-08-11 12:48:21
2026-01-10 14:03:20 - media_renamer_app - WARNING - exifread not available for RAW file GPS extraction: D:\Photos\Nef\Samos\DSC_0651.NEF
2026-01-10 14:03:20 - media_renamer_app - WARNING - Install exifread for better RAW support: pip install exifread
2026-01-10 14:03:20 - media_renamer_app - INFO - Successfully extracted date from image D:\Photos\Nef\Samos\DSC_0652.NEF: 2024-08-11 12:48:24
2026-01-10 14:03:20 - media_renamer_app - WARNING - exifread not available for RAW file GPS extraction: D:\Photos\Nef\Samos\DSC_0652.NEF
2026-01-10 14:03:20 - media_renamer_app - WARNING - Install exifread for better RAW support: pip install exifread
2026-01-10 14:03:20 - media_renamer_app - INFO - Successfully extracted date from image D:\Photos\Nef\Samos\DSC_0653.NEF: 2024-08-11 12:51:08
2026-01-10 14:03:20 - media_renamer_app - WARNING - exifread not available for RAW file GPS extraction: D:\Photos\Nef\Samos\DSC_0653.NEF
2026-01-10 14:03:20 - media_renamer_app - WARNING - Install exifread for better RAW support: pip install exifread
2026-01-10 14:03:20 - media_renamer_app - INFO - Successfully extracted date from image D:\Photos\Nef\Samos\DSC_0654.NEF: 2024-08-11 12:51:28
2026-01-10 14:03:20 - media_renamer_app - WARNING - exifread not available for RAW file GPS extraction: D:\Photos\Nef\Samos\DSC_0654.NEF
2026-01-10 14:03:20 - media_renamer_app - WARNING - Install exifread for better RAW support: pip install exifread
2026-01-10 14:03:20 - media_renamer_app - INFO - Successfully extracted date from image D:\Photos\Nef\Samos\DSC_0655.NEF: 2024-08-11 12:51:48
2026-01-10 14:03:20 - media_renamer_app - WARNING - exifread not available for RAW file GPS extraction: D:\Photos\Nef\Samos\DSC_0655.NEF
2026-01-10 14:03:20 - media_renamer_app - WARNING - Install exifread for better RAW support: pip install exifread
2026-01-10 14:03:20 - media_renamer_app - INFO - Successfully extracted date from image D:\Photos\Nef\Samos\DSC_0656.NEF: 2024-08-11 12:51:51
2026-01-10 14:03:20 - media_renamer_app - WARNING - exifread not available for RAW file GPS extraction: D:\Photos\Nef\Samos\DSC_0656.NEF
2026-01-10 14:03:20 - media_renamer_app - WARNING - Install exifread for better RAW support: pip install exifread
2026-01-10 14:03:20 - media_renamer_app - INFO - Successfully extracted date from image D:\Photos\Nef\Samos\DSC_0657.NEF: 2024-08-11 12:51:59
2026-01-10 14:03:20 - media_renamer_app - WARNING - exifread not available for RAW file GPS extraction: D:\Photos\Nef\Samos\DSC_0657.NEF
2026-01-10 14:03:20 - media_renamer_app - WARNING - Install exifread for better RAW support: pip install exifread
2026-01-10 14:03:20 - media_renamer_app - INFO - Successfully extracted date from image D:\Photos\Nef\Samos\DSC_0658.NEF: 2024-08-11 12:52:02
2026-01-10 14:03:20 - media_renamer_app - WARNING - exifread not available for RAW file GPS extraction: D:\Photos\Nef\Samos\DSC_0658.NEF
2026-01-10 14:03:20 - media_renamer_app - WARNING - Install exifread for better RAW support: pip install exifread
2026-01-10 14:03:20 - media_renamer_app - INFO - Successfully extracted date from image D:\Photos\Nef\Samos\DSC_0659.NEF: 2024-08-11 12:52:04
2026-01-10 14:03:20 - media_renamer_app - WARNING - exifread not available for RAW file GPS extraction: D:\Photos\Nef\Samos\DSC_0659.NEF
2026-01-10 14:03:20 - media_renamer_app - WARNING - Install exifread for better RAW support: pip install exifread
2026-01-10 14:03:20 - media_renamer_app - INFO - Successfully extracted date from image D:\Photos\Nef\Samos\DSC_0660.NEF: 2024-08-11 12:52:05
2026-01-10 14:03:20 - media_renamer_app - WARNING - exifread not available for RAW file GPS extraction: D:\Photos\Nef\Samos\DSC_0660.NEF
2026-01-10 14:03:20 - media_renamer_app - WARNING - Install exifread for better RAW support: pip install exifread
2026-01-10 14:03:20 - media_renamer_app - INFO - Successfully extracted date from image D:\Photos\Nef\Samos\DSC_0661.NEF: 2024-08-11 12:52:07
2026-01-10 14:03:20 - media_renamer_app - WARNING - exifread not available for RAW file GPS extraction: D:\Photos\Nef\Samos\DSC_0661.NEF
2026-01-10 14:03:20 - media_renamer_app - WARNING - Install exifread for better RAW support: pip install exifread
2026-01-10 14:03:20 - media_renamer_app - INFO - Successfully extracted date from image D:\Photos\Nef\Samos\DSC_0662.NEF: 2024-08-11 12:52:08
2026-01-10 14:03:20 - media_renamer_app - WARNING - exifread not available for RAW file GPS extraction: D:\Photos\Nef\Samos\DSC_0662.NEF
2026-01-10 14:03:20 - media_renamer_app - WARNING - Install exifread for better RAW support: pip install exifread
2026-01-10 14:03:20 - media_renamer_app - INFO - Successfully extracted date from image D:\Photos\Nef\Samos\DSC_0663.NEF: 2024-08-11 13:05:41
2026-01-10 14:03:20 - media_renamer_app - WARNING - exifread not available for RAW file GPS extraction: D:\Photos\Nef\Samos\DSC_0663.NEF
2026-01-10 14:03:20 - media_renamer_app - WARNING - Install exifread for better RAW support: pip install exifread
2026-01-10 14:03:20 - media_renamer_app - INFO - Successfully extracted date from image D:\Photos\Nef\Samos\DSC_0664.NEF: 2024-08-11 13:05:43
2026-01-10 14:03:20 - media_renamer_app - WARNING - exifread not available for RAW file GPS extraction: D:\Photos\Nef\Samos\DSC_0664.NEF
2026-01-10 14:03:20 - media_renamer_app - WARNING - Install exifread for better RAW support: pip install exifread
2026-01-10 14:03:20 - media_renamer_app - INFO - Successfully extracted date from image D:\Photos\Nef\Samos\DSC_0665.NEF: 2024-08-11 13:06:04
2026-01-10 14:03:20 - media_renamer_app - WARNING - exifread not available for RAW file GPS extraction: D:\Photos\Nef\Samos\DSC_0665.NEF
2026-01-10 14:03:20 - media_renamer_app - WARNING - Install exifread for better RAW support: pip install exifread
2026-01-10 14:03:20 - media_renamer_app - INFO - Successfully extracted date from image D:\Photos\Nef\Samos\DSC_0666.NEF: 2024-08-11 13:06:07
2026-01-10 14:03:20 - media_renamer_app - WARNING - exifread not available for RAW file GPS extraction: D:\Photos\Nef\Samos\DSC_0666.NEF
2026-01-10 14:03:20 - media_renamer_app - WARNING - Install exifread for better RAW support: pip install exifread
2026-01-10 14:03:20 - media_renamer_app - INFO - Successfully extracted date from image D:\Photos\Nef\Samos\DSC_0667.NEF: 2024-08-11 13:07:08
2026-01-10 14:03:20 - media_renamer_app - WARNING - exifread not available for RAW file GPS extraction: D:\Photos\Nef\Samos\DSC_0667.NEF
2026-01-10 14:03:20 - media_renamer_app - WARNING - Install exifread for better RAW support: pip install exifread
2026-01-10 14:03:20 - media_renamer_app - INFO - Successfully extracted date from image D:\Photos\Nef\Samos\DSC_0668.NEF: 2024-08-11 13:07:19
2026-01-10 14:03:20 - media_renamer_app - WARNING - exifread not available for RAW file GPS extraction: D:\Photos\Nef\Samos\DSC_0668.NEF
2026-01-10 14:03:20 - media_renamer_app - WARNING - Install exifread for better RAW support: pip install exifread
2026-01-10 14:03:20 - media_renamer_app - INFO - Successfully extracted date from image D:\Photos\Nef\Samos\DSC_0669.NEF: 2024-08-11 13:07:20
2026-01-10 14:03:20 - media_renamer_app - WARNING - exifread not available for RAW file GPS extraction: D:\Photos\Nef\Samos\DSC_0669.NEF
2026-01-10 14:03:20 - media_renamer_app - WARNING - Install exifread for better RAW support: pip install exifread
2026-01-10 14:03:20 - media_renamer_app - INFO - Successfully extracted date from image D:\Photos\Nef\Samos\DSC_0670.NEF: 2024-08-11 13:10:14
2026-01-10 14:03:20 - media_renamer_app - WARNING - exifread not available for RAW file GPS extraction: D:\Photos\Nef\Samos\DSC_0670.NEF
2026-01-10 14:03:20 - media_renamer_app - WARNING - Install exifread for better RAW support: pip install exifread
2026-01-10 14:03:20 - media_renamer_app - INFO - Successfully extracted date from image D:\Photos\Nef\Samos\DSC_0671.NEF: 2024-08-11 13:10:19
2026-01-10 14:03:20 - media_renamer_app - WARNING - exifread not available for RAW file GPS extraction: D:\Photos\Nef\Samos\DSC_0671.NEF
2026-01-10 14:03:20 - media_renamer_app - WARNING - Install exifread for better RAW support: pip install exifread
2026-01-10 14:03:20 - media_renamer_app - INFO - Successfully extracted date from image D:\Photos\Nef\Samos\DSC_0672.NEF: 2024-08-11 13:10:21
2026-01-10 14:03:20 - media_renamer_app - WARNING - exifread not available for RAW file GPS extraction: D:\Photos\Nef\Samos\DSC_0672.NEF
2026-01-10 14:03:20 - media_renamer_app - WARNING - Install exifread for better RAW support: pip install exifread
2026-01-10 14:03:20 - media_renamer_app - INFO - Successfully extracted date from image D:\Photos\Nef\Samos\DSC_0673.NEF: 2024-08-11 13:10:34
2026-01-10 14:03:20 - media_renamer_app - WARNING - exifread not available for RAW file GPS extraction: D:\Photos\Nef\Samos\DSC_0673.NEF
2026-01-10 14:03:20 - media_renamer_app - WARNING - Install exifread for better RAW support: pip install exifread
2026-01-10 14:03:20 - media_renamer_app - INFO - Successfully extracted date from image D:\Photos\Nef\Samos\DSC_0674.NEF: 2024-08-11 13:10:37
2026-01-10 14:03:20 - media_renamer_app - WARNING - exifread not available for RAW file GPS extraction: D:\Photos\Nef\Samos\DSC_0674.NEF
2026-01-10 14:03:20 - media_renamer_app - WARNING - Install exifread for better RAW support: pip install exifread
2026-01-10 14:03:20 - media_renamer_app - INFO - Successfully extracted date from image D:\Photos\Nef\Samos\DSC_0675.NEF: 2024-08-11 13:10:39
2026-01-10 14:03:20 - media_renamer_app - WARNING - exifread not available for RAW file GPS extraction: D:\Photos\Nef\Samos\DSC_0675.NEF
2026-01-10 14:03:20 - media_renamer_app - WARNING - Install exifread for better RAW support: pip install exifread
2026-01-10 14:03:20 - media_renamer_app - INFO - Successfully extracted date from image D:\Photos\Nef\Samos\DSC_0676.NEF: 2024-08-11 13:10:59
2026-01-10 14:03:20 - media_renamer_app - WARNING - exifread not available for RAW file GPS extraction: D:\Photos\Nef\Samos\DSC_0676.NEF
2026-01-10 14:03:20 - media_renamer_app - WARNING - Install exifread for better RAW support: pip install exifread
2026-01-10 14:03:20 - media_renamer_app - INFO - Successfully extracted date from image D:\Photos\Nef\Samos\DSC_0677.NEF: 2024-08-11 13:11:02
2026-01-10 14:03:20 - media_renamer_app - WARNING - exifread not available for RAW file GPS extraction: D:\Photos\Nef\Samos\DSC_0677.NEF
2026-01-10 14:03:20 - media_renamer_app - WARNING - Install exifread for better RAW support: pip install exifread
2026-01-10 14:03:20 - media_renamer_app - INFO - Successfully extracted date from image D:\Photos\Nef\Samos\DSC_0678.NEF: 2024-08-11 13:11:04
2026-01-10 14:03:20 - media_renamer_app - WARNING - exifread not available for RAW file GPS extraction: D:\Photos\Nef\Samos\DSC_0678.NEF
2026-01-10 14:03:20 - media_renamer_app - WARNING - Install exifread for better RAW support: pip install exifread
2026-01-10 14:03:20 - media_renamer_app - INFO - Successfully extracted date from image D:\Photos\Nef\Samos\DSC_0679.NEF: 2024-08-11 13:11:16
2026-01-10 14:03:20 - media_renamer_app - WARNING - exifread not available for RAW file GPS extraction: D:\Photos\Nef\Samos\DSC_0679.NEF
2026-01-10 14:03:20 - media_renamer_app - WARNING - Install exifread for better RAW support: pip install exifread
2026-01-10 14:03:20 - media_renamer_app - INFO - Successfully extracted date from image D:\Photos\Nef\Samos\DSC_0680.NEF: 2024-08-11 13:11:18
2026-01-10 14:03:20 - media_renamer_app - WARNING - exifread not available for RAW file GPS extraction: D:\Photos\Nef\Samos\DSC_0680.NEF
2026-01-10 14:03:20 - media_renamer_app - WARNING - Install exifread for better RAW support: pip install exifread
2026-01-10 14:03:20 - media_renamer_app - INFO - Successfully extracted date from image D:\Photos\Nef\Samos\DSC_0681.NEF: 2024-08-11 13:11:21
2026-01-10 14:03:20 - media_renamer_app - WARNING - exifread not available for RAW file GPS extraction: D:\Photos\Nef\Samos\DSC_0681.NEF
2026-01-10 14:03:20 - media_renamer_app - WARNING - Install exifread for better RAW support: pip install exifread
2026-01-10 14:03:20 - media_renamer_app - INFO - Successfully extracted date from image D:\Photos\Nef\Samos\DSC_0682.NEF: 2024-08-11 13:11:22
2026-01-10 14:03:20 - media_renamer_app - WARNING - exifread not available for RAW file GPS extraction: D:\Photos\Nef\Samos\DSC_0682.NEF
2026-01-10 14:03:20 - media_renamer_app - WARNING - Install exifread for better RAW support: pip install exifread
2026-01-10 14:03:20 - media_renamer_app - INFO - Successfully extracted date from image D:\Photos\Nef\Samos\DSC_0683.NEF: 2024-08-11 13:11:24
2026-01-10 14:03:20 - media_renamer_app - WARNING - exifread not available for RAW file GPS extraction: D:\Photos\Nef\Samos\DSC_0683.NEF
2026-01-10 14:03:20 - media_renamer_app - WARNING - Install exifread for better RAW support: pip install exifread
2026-01-10 14:03:20 - media_renamer_app - INFO - Successfully extracted date from image D:\Photos\Nef\Samos\DSC_0684.NEF: 2024-08-11 13:11:35
2026-01-10 14:03:20 - media_renamer_app - WARNING - exifread not available for RAW file GPS extraction: D:\Photos\Nef\Samos\DSC_0684.NEF
2026-01-10 14:03:20 - media_renamer_app - WARNING - Install exifread for better RAW support: pip install exifread
2026-01-10 14:03:20 - media_renamer_app - INFO - Successfully extracted date from image D:\Photos\Nef\Samos\DSC_0685.NEF: 2024-08-11 13:11:40
2026-01-10 14:03:20 - media_renamer_app - WARNING - exifread not available for RAW file GPS extraction: D:\Photos\Nef\Samos\DSC_0685.NEF
2026-01-10 14:03:20 - media_renamer_app - WARNING - Install exifread for better RAW support: pip install exifread
2026-01-10 14:03:20 - media_renamer_app - INFO - Successfully extracted date from image D:\Photos\Nef\Samos\DSC_0686.NEF: 2024-08-11 13:12:12
2026-01-10 14:03:20 - media_renamer_app - WARNING - exifread not available for RAW file GPS extraction: D:\Photos\Nef\Samos\DSC_0686.NEF
2026-01-10 14:03:20 - media_renamer_app - WARNING - Install exifread for better RAW support: pip install exifread
2026-01-10 14:03:20 - media_renamer_app - INFO - Successfully extracted date from image D:\Photos\Nef\Samos\DSC_0687.NEF: 2024-08-11 13:12:19
2026-01-10 14:03:20 - media_renamer_app - WARNING - exifread not available for RAW file GPS extraction: D:\Photos\Nef\Samos\DSC_0687.NEF
2026-01-10 14:03:20 - media_renamer_app - WARNING - Install exifread for better RAW support: pip install exifread
2026-01-10 14:03:20 - media_renamer_app - INFO - Successfully extracted date from image D:\Photos\Nef\Samos\DSC_0688.NEF: 2024-08-11 13:12:21
2026-01-10 14:03:20 - media_renamer_app - WARNING - exifread not available for RAW file GPS extraction: D:\Photos\Nef\Samos\DSC_0688.NEF
2026-01-10 14:03:20 - media_renamer_app - WARNING - Install exifread for better RAW support: pip install exifread
2026-01-10 14:03:20 - media_renamer_app - INFO - Successfully extracted date from image D:\Photos\Nef\Samos\DSC_0689.NEF: 2024-08-11 13:39:10
2026-01-10 14:03:20 - media_renamer_app - WARNING - exifread not available for RAW file GPS extraction: D:\Photos\Nef\Samos\DSC_0689.NEF
2026-01-10 14:03:20 - media_renamer_app - WARNING - Install exifread for better RAW support: pip install exifread
2026-01-10 14:03:20 - media_renamer_app - INFO - Successfully extracted date from image D:\Photos\Nef\Samos\DSC_0690.NEF: 2024-08-11 13:39:14
2026-01-10 14:03:20 - media_renamer_app - WARNING - exifread not available for RAW file GPS extraction: D:\Photos\Nef\Samos\DSC_0690.NEF
2026-01-10 14:03:20 - media_renamer_app - WARNING - Install exifread for better RAW support: pip install exifread
2026-01-10 14:03:20 - media_renamer_app - INFO - Successfully extracted date from image D:\Photos\Nef\Samos\DSC_0691.NEF: 2024-08-11 13:39:18
2026-01-10 14:03:20 - media_renamer_app - WARNING - exifread not available for RAW file GPS extraction: D:\Photos\Nef\Samos\DSC_0691.NEF
2026-01-10 14:03:20 - media_renamer_app - WARNING - Install exifread for better RAW support: pip install exifread
2026-01-10 14:03:20 - media_renamer_app - INFO - Successfully extracted date from image D:\Photos\Nef\Samos\DSC_0692.NEF: 2024-08-11 13:39:53
2026-01-10 14:03:20 - media_renamer_app - WARNING - exifread not available for RAW file GPS extraction: D:\Photos\Nef\Samos\DSC_0692.NEF
2026-01-10 14:03:20 - media_renamer_app - WARNING - Install exifread for better RAW support: pip install exifread
2026-01-10 14:03:20 - media_renamer_app - INFO - Successfully extracted date from image D:\Photos\Nef\Samos\DSC_0693.NEF: 2024-08-11 13:40:03
2026-01-10 14:03:20 - media_renamer_app - WARNING - exifread not available for RAW file GPS extraction: D:\Photos\Nef\Samos\DSC_0693.NEF
2026-01-10 14:03:20 - media_renamer_app - WARNING - Install exifread for better RAW support: pip install exifread
2026-01-10 14:03:20 - media_renamer_app - INFO - Successfully extracted date from image D:\Photos\Nef\Samos\DSC_0694.NEF: 2024-08-11 13:40:04
2026-01-10 14:03:20 - media_renamer_app - WARNING - exifread not available for RAW file GPS extraction: D:\Photos\Nef\Samos\DSC_0694.NEF
2026-01-10 14:03:20 - media_renamer_app - WARNING - Install exifread for better RAW support: pip install exifread
2026-01-10 14:03:20 - media_renamer_app - INFO - Successfully extracted date from image D:\Photos\Nef\Samos\DSC_0695.NEF: 2024-08-11 13:40:05
2026-01-10 14:03:20 - media_renamer_app - WARNING - exifread not available for RAW file GPS extraction: D:\Photos\Nef\Samos\DSC_0695.NEF
2026-01-10 14:03:20 - media_renamer_app - WARNING - Install exifread for better RAW support: pip install exifread
2026-01-10 14:03:20 - media_renamer_app - INFO - Successfully extracted date from image D:\Photos\Nef\Samos\DSC_0696.NEF: 2024-08-11 13:40:08
2026-01-10 14:03:20 - media_renamer_app - WARNING - exifread not available for RAW file GPS extraction: D:\Photos\Nef\Samos\DSC_0696.NEF
2026-01-10 14:03:20 - media_renamer_app - WARNING - Install exifread for better RAW support: pip install exifread
2026-01-10 14:03:20 - media_renamer_app - INFO - Successfully extracted date from image D:\Photos\Nef\Samos\DSC_0697.NEF: 2024-08-11 13:40:08
2026-01-10 14:03:20 - media_renamer_app - WARNING - exifread not available for RAW file GPS extraction: D:\Photos\Nef\Samos\DSC_0697.NEF
2026-01-10 14:03:20 - media_renamer_app - WARNING - Install exifread for better RAW support: pip install exifread
2026-01-10 14:03:20 - media_renamer_app - INFO - Successfully extracted date from image D:\Photos\Nef\Samos\DSC_0698.NEF: 2024-08-11 13:40:14
2026-01-10 14:03:20 - media_renamer_app - WARNING - exifread not available for RAW file GPS extraction: D:\Photos\Nef\Samos\DSC_0698.NEF
2026-01-10 14:03:20 - media_renamer_app - WARNING - Install exifread for better RAW support: pip install exifread
2026-01-10 14:03:20 - media_renamer_app - INFO - Successfully extracted date from image D:\Photos\Nef\Samos\DSC_0699.NEF: 2024-08-11 13:40:15
2026-01-10 14:03:20 - media_renamer_app - WARNING - exifread not available for RAW file GPS extraction: D:\Photos\Nef\Samos\DSC_0699.NEF
2026-01-10 14:03:20 - media_renamer_app - WARNING - Install exifread for better RAW support: pip install exifread
2026-01-10 14:03:20 - media_renamer_app - INFO - Successfully extracted date from image D:\Photos\Nef\Samos\DSC_0700.NEF: 2024-08-11 13:40:17
2026-01-10 14:03:20 - media_renamer_app - WARNING - exifread not available for RAW file GPS extraction: D:\Photos\Nef\Samos\DSC_0700.NEF
2026-01-10 14:03:20 - media_renamer_app - WARNING - Install exifread for better RAW support: pip install exifread
2026-01-10 14:03:20 - media_renamer_app - INFO - Successfully extracted date from image D:\Photos\Nef\Samos\DSC_0701.NEF: 2024-08-11 13:40:43
2026-01-10 14:03:20 - media_renamer_app - WARNING - exifread not available for RAW file GPS extraction: D:\Photos\Nef\Samos\DSC_0701.NEF
2026-01-10 14:03:20 - media_renamer_app - WARNING - Install exifread for better RAW support: pip install exifread
2026-01-10 14:03:20 - media_renamer_app - INFO - Successfully extracted date from image D:\Photos\Nef\Samos\DSC_0702.NEF: 2024-08-11 13:40:59
2026-01-10 14:03:20 - media_renamer_app - WARNING - exifread not available for RAW file GPS extraction: D:\Photos\Nef\Samos\DSC_0702.NEF
2026-01-10 14:03:20 - media_renamer_app - WARNING - Install exifread for better RAW support: pip install exifread
2026-01-10 14:03:20 - media_renamer_app - INFO - Successfully extracted date from image D:\Photos\Nef\Samos\DSC_0703.NEF: 2024-08-11 13:40:59
2026-01-10 14:03:20 - media_renamer_app - WARNING - exifread not available for RAW file GPS extraction: D:\Photos\Nef\Samos\DSC_0703.NEF
2026-01-10 14:03:20 - media_renamer_app - WARNING - Install exifread for better RAW support: pip install exifread
2026-01-10 14:03:20 - media_renamer_app - INFO - Successfully extracted date from image D:\Photos\Nef\Samos\DSC_0704.NEF: 2024-08-11 13:41:12
2026-01-10 14:03:20 - media_renamer_app - WARNING - exifread not available for RAW file GPS extraction: D:\Photos\Nef\Samos\DSC_0704.NEF
2026-01-10 14:03:20 - media_renamer_app - WARNING - Install exifread for better RAW support: pip install exifread
2026-01-10 14:03:20 - media_renamer_app - INFO - Successfully extracted date from image D:\Photos\Nef\Samos\DSC_0705.NEF: 2024-08-11 13:41:13
2026-01-10 14:03:20 - media_renamer_app - WARNING - exifread not available for RAW file GPS extraction: D:\Photos\Nef\Samos\DSC_0705.NEF
2026-01-10 14:03:20 - media_renamer_app - WARNING - Install exifread for better RAW support: pip install exifread
2026-01-10 14:03:20 - media_renamer_app - INFO - Successfully extracted date from image D:\Photos\Nef\Samos\DSC_0706.NEF: 2024-08-11 13:41:14
2026-01-10 14:03:20 - media_renamer_app - WARNING - exifread not available for RAW file GPS extraction: D:\Photos\Nef\Samos\DSC_0706.NEF
2026-01-10 14:03:20 - media_renamer_app - WARNING - Install exifread for better RAW support: pip install exifread
2026-01-10 14:03:20 - media_renamer_app - INFO - Successfully extracted date from image D:\Photos\Nef\Samos\DSC_0707.NEF: 2024-08-11 13:41:14
2026-01-10 14:03:20 - media_renamer_app - WARNING - exifread not available for RAW file GPS extraction: D:\Photos\Nef\Samos\DSC_0707.NEF
2026-01-10 14:03:20 - media_renamer_app - WARNING - Install exifread for better RAW support: pip install exifread
2026-01-10 14:03:20 - media_renamer_app - INFO - Successfully extracted date from image D:\Photos\Nef\Samos\DSC_0708.NEF: 2024-08-11 13:41:14
2026-01-10 14:03:20 - media_renamer_app - WARNING - exifread not available for RAW file GPS extraction: D:\Photos\Nef\Samos\DSC_0708.NEF
2026-01-10 14:03:20 - media_renamer_app - WARNING - Install exifread for better RAW support: pip install exifread
2026-01-10 14:03:20 - media_renamer_app - INFO - Successfully extracted date from image D:\Photos\Nef\Samos\DSC_0709.NEF: 2024-08-11 13:41:15
2026-01-10 14:03:20 - media_renamer_app - WARNING - exifread not available for RAW file GPS extraction: D:\Photos\Nef\Samos\DSC_0709.NEF
2026-01-10 14:03:20 - media_renamer_app - WARNING - Install exifread for better RAW support: pip install exifread
2026-01-10 14:03:20 - media_renamer_app - INFO - Successfully extracted date from image D:\Photos\Nef\Samos\DSC_0710.NEF: 2024-08-11 13:41:16
2026-01-10 14:03:20 - media_renamer_app - WARNING - exifread not available for RAW file GPS extraction: D:\Photos\Nef\Samos\DSC_0710.NEF
2026-01-10 14:03:20 - media_renamer_app - WARNING - Install exifread for better RAW support: pip install exifread
2026-01-10 14:03:20 - media_renamer_app - INFO - Successfully extracted date from image D:\Photos\Nef\Samos\DSC_0714.NEF: 2024-08-11 13:41:20
2026-01-10 14:03:20 - media_renamer_app - WARNING - exifread not available for RAW file GPS extraction: D:\Photos\Nef\Samos\DSC_0714.NEF
2026-01-10 14:03:20 - media_renamer_app - WARNING - Install exifread for better RAW support: pip install exifread
2026-01-10 14:03:20 - media_renamer_app - INFO - Successfully extracted date from image D:\Photos\Nef\Samos\DSC_0715.NEF: 2024-08-11 13:42:52
2026-01-10 14:03:20 - media_renamer_app - WARNING - exifread not available for RAW file GPS extraction: D:\Photos\Nef\Samos\DSC_0715.NEF
2026-01-10 14:03:20 - media_renamer_app - WARNING - Install exifread for better RAW support: pip install exifread
2026-01-10 14:03:20 - media_renamer_app - INFO - Successfully extracted date from image D:\Photos\Nef\Samos\DSC_0716.NEF: 2024-08-11 13:42:57
2026-01-10 14:03:20 - media_renamer_app - WARNING - exifread not available for RAW file GPS extraction: D:\Photos\Nef\Samos\DSC_0716.NEF
2026-01-10 14:03:20 - media_renamer_app - WARNING - Install exifread for better RAW support: pip install exifread
2026-01-10 14:03:20 - media_renamer_app - INFO - Successfully extracted date from image D:\Photos\Nef\Samos\DSC_0717.NEF: 2024-08-11 13:43:02
2026-01-10 14:03:20 - media_renamer_app - WARNING - exifread not available for RAW file GPS extraction: D:\Photos\Nef\Samos\DSC_0717.NEF
2026-01-10 14:03:20 - media_renamer_app - WARNING - Install exifread for better RAW support: pip install exifread
2026-01-10 14:03:20 - media_renamer_app - INFO - Successfully extracted date from image D:\Photos\Nef\Samos\DSC_0718.NEF: 2024-08-11 13:43:13
2026-01-10 14:03:20 - media_renamer_app - WARNING - exifread not available for RAW file GPS extraction: D:\Photos\Nef\Samos\DSC_0718.NEF
2026-01-10 14:03:20 - media_renamer_app - WARNING - Install exifread for better RAW support: pip install exifread
2026-01-10 14:03:20 - media_renamer_app - INFO - Successfully extracted date from image D:\Photos\Nef\Samos\DSC_0719.NEF: 2024-08-11 15:59:35
2026-01-10 14:03:20 - media_renamer_app - WARNING - exifread not available for RAW file GPS extraction: D:\Photos\Nef\Samos\DSC_0719.NEF
2026-01-10 14:03:20 - media_renamer_app - WARNING - Install exifread for better RAW support: pip install exifread
2026-01-10 14:03:20 - media_renamer_app - INFO - Successfully extracted date from image D:\Photos\Nef\Samos\DSC_0721.NEF: 2024-08-11 17:07:53
2026-01-10 14:03:20 - media_renamer_app - WARNING - exifread not available for RAW file GPS extraction: D:\Photos\Nef\Samos\DSC_0721.NEF
2026-01-10 14:03:20 - media_renamer_app - WARNING - Install exifread for better RAW support: pip install exifread
2026-01-10 14:03:20 - media_renamer_app - INFO - Successfully extracted date from image D:\Photos\Nef\Samos\DSC_0722.NEF: 2024-08-11 17:07:57
2026-01-10 14:03:20 - media_renamer_app - WARNING - exifread not available for RAW file GPS extraction: D:\Photos\Nef\Samos\DSC_0722.NEF
2026-01-10 14:03:20 - media_renamer_app - WARNING - Install exifread for better RAW support: pip install exifread
2026-01-10 14:03:20 - media_renamer_app - INFO - Successfully extracted date from image D:\Photos\Nef\Samos\DSC_0723.NEF: 2024-08-11 17:08:00
2026-01-10 14:03:20 - media_renamer_app - WARNING - exifread not available for RAW file GPS extraction: D:\Photos\Nef\Samos\DSC_0723.NEF
2026-01-10 14:03:20 - media_renamer_app - WARNING - Install exifread for better RAW support: pip install exifread
2026-01-10 14:03:20 - media_renamer_app - INFO - Successfully extracted date from image D:\Photos\Nef\Samos\DSC_0725.NEF: 2024-08-11 17:08:17
2026-01-10 14:03:20 - media_renamer_app - WARNING - exifread not available for RAW file GPS extraction: D:\Photos\Nef\Samos\DSC_0725.NEF
2026-01-10 14:03:20 - media_renamer_app - WARNING - Install exifread for better RAW support: pip install exifread
2026-01-10 14:03:20 - media_renamer_app - INFO - Successfully extracted date from image D:\Photos\Nef\Samos\DSC_0727.NEF: 2024-08-11 17:09:38
2026-01-10 14:03:20 - media_renamer_app - WARNING - exifread not available for RAW file GPS extraction: D:\Photos\Nef\Samos\DSC_0727.NEF
2026-01-10 14:03:20 - media_renamer_app - WARNING - Install exifread for better RAW support: pip install exifread
2026-01-10 14:03:20 - media_renamer_app - INFO - Successfully extracted date from image D:\Photos\Nef\Samos\DSC_0728.NEF: 2024-08-11 17:09:42
2026-01-10 14:03:20 - media_renamer_app - WARNING - exifread not available for RAW file GPS extraction: D:\Photos\Nef\Samos\DSC_0728.NEF
2026-01-10 14:03:20 - media_renamer_app - WARNING - Install exifread for better RAW support: pip install exifread
2026-01-10 14:03:20 - media_renamer_app - INFO - Successfully extracted date from image D:\Photos\Nef\Samos\DSC_0729.NEF: 2024-08-11 17:09:44
2026-01-10 14:03:20 - media_renamer_app - WARNING - exifread not available for RAW file GPS extraction: D:\Photos\Nef\Samos\DSC_0729.NEF
2026-01-10 14:03:20 - media_renamer_app - WARNING - Install exifread for better RAW support: pip install exifread
2026-01-10 14:03:20 - media_renamer_app - INFO - Successfully extracted date from image D:\Photos\Nef\Samos\DSC_0730.NEF: 2024-08-11 17:09:45
2026-01-10 14:03:20 - media_renamer_app - WARNING - exifread not available for RAW file GPS extraction: D:\Photos\Nef\Samos\DSC_0730.NEF
2026-01-10 14:03:20 - media_renamer_app - WARNING - Install exifread for better RAW support: pip install exifread
2026-01-10 14:03:20 - media_renamer_app - INFO - Successfully extracted date from image D:\Photos\Nef\Samos\DSC_0731.NEF: 2024-08-11 17:09:49
2026-01-10 14:03:20 - media_renamer_app - WARNING - exifread not available for RAW file GPS extraction: D:\Photos\Nef\Samos\DSC_0731.NEF
2026-01-10 14:03:20 - media_renamer_app - WARNING - Install exifread for better RAW support: pip install exifread
2026-01-10 14:03:20 - media_renamer_app - INFO - Successfully extracted date from image D:\Photos\Nef\Samos\DSC_0732.NEF: 2024-08-12 11:19:21
2026-01-10 14:03:20 - media_renamer_app - WARNING - exifread not available for RAW file GPS extraction: D:\Photos\Nef\Samos\DSC_0732.NEF
2026-01-10 14:03:20 - media_renamer_app - WARNING - Install exifread for better RAW support: pip install exifread
2026-01-10 14:03:20 - media_renamer_app - INFO - Successfully extracted date from image D:\Photos\Nef\Samos\DSC_0733.NEF: 2024-08-12 11:19:39
2026-01-10 14:03:20 - media_renamer_app - WARNING - exifread not available for RAW file GPS extraction: D:\Photos\Nef\Samos\DSC_0733.NEF
2026-01-10 14:03:20 - media_renamer_app - WARNING - Install exifread for better RAW support: pip install exifread
2026-01-10 14:03:20 - media_renamer_app - INFO - Successfully extracted date from image D:\Photos\Nef\Samos\DSC_0734.NEF: 2024-08-12 11:20:00
2026-01-10 14:03:20 - media_renamer_app - WARNING - exifread not available for RAW file GPS extraction: D:\Photos\Nef\Samos\DSC_0734.NEF
2026-01-10 14:03:20 - media_renamer_app - WARNING - Install exifread for better RAW support: pip install exifread
2026-01-10 14:03:20 - media_renamer_app - INFO - Successfully extracted date from image D:\Photos\Nef\Samos\DSC_0735.NEF: 2024-08-12 11:21:50
2026-01-10 14:03:20 - media_renamer_app - WARNING - exifread not available for RAW file GPS extraction: D:\Photos\Nef\Samos\DSC_0735.NEF
2026-01-10 14:03:20 - media_renamer_app - WARNING - Install exifread for better RAW support: pip install exifread
2026-01-10 14:03:20 - media_renamer_app - INFO - Successfully extracted date from image D:\Photos\Nef\Samos\DSC_0737.NEF: 2024-08-12 11:22:18
2026-01-10 14:03:20 - media_renamer_app - WARNING - exifread not available for RAW file GPS extraction: D:\Photos\Nef\Samos\DSC_0737.NEF
2026-01-10 14:03:20 - media_renamer_app - WARNING - Install exifread for better RAW support: pip install exifread
2026-01-10 14:03:20 - media_renamer_app - INFO - Successfully extracted date from image D:\Photos\Nef\Samos\DSC_0744.JPG: 2024-08-12 11:24:37
2026-01-10 14:03:20 - media_renamer_app - INFO - Successfully extracted date from image D:\Photos\Nef\Samos\DSC_0746.JPG: 2024-08-12 11:25:05
2026-01-10 14:03:20 - media_renamer_app - INFO - Successfully extracted date from image D:\Photos\Nef\Samos\DSC_0747.JPG: 2024-08-12 11:25:06
2026-01-10 14:03:20 - media_renamer_app - INFO - Successfully extracted date from image D:\Photos\Nef\Samos\DSC_0748.JPG: 2024-08-12 11:25:13
2026-01-10 14:03:21 - media_renamer_app - INFO - Successfully extracted date from image D:\Photos\Nef\Samos\DSC_0749.JPG: 2024-08-12 11:25:34
2026-01-10 14:03:21 - media_renamer_app - INFO - Successfully extracted date from image D:\Photos\Nef\Samos\DSC_0761.NEF: 2024-08-12 11:31:36
2026-01-10 14:03:21 - media_renamer_app - WARNING - exifread not available for RAW file GPS extraction: D:\Photos\Nef\Samos\DSC_0761.NEF
2026-01-10 14:03:21 - media_renamer_app - WARNING - Install exifread for better RAW support: pip install exifread
2026-01-10 14:03:21 - media_renamer_app - INFO - Successfully extracted date from image D:\Photos\Nef\Samos\DSC_0763.NEF: 2024-08-12 11:31:53
2026-01-10 14:03:21 - media_renamer_app - WARNING - exifread not available for RAW file GPS extraction: D:\Photos\Nef\Samos\DSC_0763.NEF
2026-01-10 14:03:21 - media_renamer_app - WARNING - Install exifread for better RAW support: pip install exifread
2026-01-10 14:03:21 - media_renamer_app - INFO - Successfully extracted date from image D:\Photos\Nef\Samos\DSC_0764.NEF: 2024-08-12 11:31:59
2026-01-10 14:03:21 - media_renamer_app - WARNING - exifread not available for RAW file GPS extraction: D:\Photos\Nef\Samos\DSC_0764.NEF
2026-01-10 14:03:21 - media_renamer_app - WARNING - Install exifread for better RAW support: pip install exifread
2026-01-10 14:03:21 - media_renamer_app - INFO - Successfully extracted date from image D:\Photos\Nef\Samos\DSC_0772.NEF: 2024-08-12 11:40:34
2026-01-10 14:03:21 - media_renamer_app - WARNING - exifread not available for RAW file GPS extraction: D:\Photos\Nef\Samos\DSC_0772.NEF
2026-01-10 14:03:21 - media_renamer_app - WARNING - Install exifread for better RAW support: pip install exifread
2026-01-10 14:03:21 - media_renamer_app - INFO - Successfully extracted date from image D:\Photos\Nef\Samos\DSC_0775.NEF: 2024-08-12 12:28:14
2026-01-10 14:03:21 - media_renamer_app - WARNING - exifread not available for RAW file GPS extraction: D:\Photos\Nef\Samos\DSC_0775.NEF
2026-01-10 14:03:21 - media_renamer_app - WARNING - Install exifread for better RAW support: pip install exifread
2026-01-10 14:03:21 - media_renamer_app - INFO - Successfully extracted date from image D:\Photos\Nef\Samos\DSC_0776.NEF: 2024-08-12 12:28:57
2026-01-10 14:03:21 - media_renamer_app - WARNING - exifread not available for RAW file GPS extraction: D:\Photos\Nef\Samos\DSC_0776.NEF
2026-01-10 14:03:21 - media_renamer_app - WARNING - Install exifread for better RAW support: pip install exifread
2026-01-10 14:03:21 - media_renamer_app - INFO - Successfully extracted date from image D:\Photos\Nef\Samos\DSC_0777.NEF: 2024-08-12 12:29:00
2026-01-10 14:03:21 - media_renamer_app - WARNING - exifread not available for RAW file GPS extraction: D:\Photos\Nef\Samos\DSC_0777.NEF
2026-01-10 14:03:21 - media_renamer_app - WARNING - Install exifread for better RAW support: pip install exifread
2026-01-10 14:03:21 - media_renamer_app - INFO - Successfully extracted date from image D:\Photos\Nef\Samos\DSC_0778.NEF: 2024-08-12 15:07:23
2026-01-10 14:03:21 - media_renamer_app - WARNING - exifread not available for RAW file GPS extraction: D:\Photos\Nef\Samos\DSC_0778.NEF
2026-01-10 14:03:21 - media_renamer_app - WARNING - Install exifread for better RAW support: pip install exifread
2026-01-10 14:03:21 - media_renamer_app - INFO - Successfully extracted date from image D:\Photos\Nef\Samos\DSC_0779.NEF: 2024-08-12 15:07:33
2026-01-10 14:03:21 - media_renamer_app - WARNING - exifread not available for RAW file GPS extraction: D:\Photos\Nef\Samos\DSC_0779.NEF
2026-01-10 14:03:21 - media_renamer_app - WARNING - Install exifread for better RAW support: pip install exifread
2026-01-10 14:03:21 - media_renamer_app - INFO - Successfully extracted date from image D:\Photos\Nef\Samos\DSC_0780.NEF: 2024-08-12 15:07:38
2026-01-10 14:03:21 - media_renamer_app - WARNING - exifread not available for RAW file GPS extraction: D:\Photos\Nef\Samos\DSC_0780.NEF
2026-01-10 14:03:21 - media_renamer_app - WARNING - Install exifread for better RAW support: pip install exifread
2026-01-10 14:03:21 - media_renamer_app - INFO - Successfully extracted date from image D:\Photos\Nef\Samos\DSC_0781.NEF: 2024-08-12 15:08:13
2026-01-10 14:03:21 - media_renamer_app - WARNING - exifread not available for RAW file GPS extraction: D:\Photos\Nef\Samos\DSC_0781.NEF
2026-01-10 14:03:21 - media_renamer_app - WARNING - Install exifread for better RAW support: pip install exifread
2026-01-10 14:03:21 - media_renamer_app - INFO - Successfully extracted date from image D:\Photos\Nef\Samos\DSC_0782.NEF: 2024-08-12 15:08:31
2026-01-10 14:03:21 - media_renamer_app - WARNING - exifread not available for RAW file GPS extraction: D:\Photos\Nef\Samos\DSC_0782.NEF
2026-01-10 14:03:21 - media_renamer_app - WARNING - Install exifread for better RAW support: pip install exifread
2026-01-10 14:03:21 - media_renamer_app - INFO - Successfully extracted date from image D:\Photos\Nef\Samos\DSC_0783.NEF: 2024-08-12 15:08:50
2026-01-10 14:03:21 - media_renamer_app - WARNING - exifread not available for RAW file GPS extraction: D:\Photos\Nef\Samos\DSC_0783.NEF
2026-01-10 14:03:21 - media_renamer_app - WARNING - Install exifread for better RAW support: pip install exifread
2026-01-10 14:03:21 - media_renamer_app - INFO - Successfully extracted date from image D:\Photos\Nef\Samos\DSC_0784.NEF: 2024-08-12 15:09:20
2026-01-10 14:03:21 - media_renamer_app - WARNING - exifread not available for RAW file GPS extraction: D:\Photos\Nef\Samos\DSC_0784.NEF
2026-01-10 14:03:21 - media_renamer_app - WARNING - Install exifread for better RAW support: pip install exifread
2026-01-10 14:03:21 - media_renamer_app - INFO - Successfully extracted date from image D:\Photos\Nef\Samos\DSC_0786.NEF: 2024-08-12 15:10:22
2026-01-10 14:03:21 - media_renamer_app - WARNING - exifread not available for RAW file GPS extraction: D:\Photos\Nef\Samos\DSC_0786.NEF
2026-01-10 14:03:21 - media_renamer_app - WARNING - Install exifread for better RAW support: pip install exifread
2026-01-10 14:03:21 - media_renamer_app - INFO - Successfully extracted date from image D:\Photos\Nef\Samos\DSC_0787.NEF: 2024-08-12 16:04:58
2026-01-10 14:03:21 - media_renamer_app - WARNING - exifread not available for RAW file GPS extraction: D:\Photos\Nef\Samos\DSC_0787.NEF
2026-01-10 14:03:21 - media_renamer_app - WARNING - Install exifread for better RAW support: pip install exifread
2026-01-10 14:03:21 - media_renamer_app - INFO - Successfully extracted date from image D:\Photos\Nef\Samos\DSC_0788.NEF: 2024-08-12 19:25:33
2026-01-10 14:03:21 - media_renamer_app - WARNING - exifread not available for RAW file GPS extraction: D:\Photos\Nef\Samos\DSC_0788.NEF
2026-01-10 14:03:21 - media_renamer_app - WARNING - Install exifread for better RAW support: pip install exifread
2026-01-10 14:03:21 - media_renamer_app - INFO - Successfully extracted date from image D:\Photos\Nef\Samos\DSC_0789.NEF: 2024-08-12 19:25:38
2026-01-10 14:03:21 - media_renamer_app - WARNING - exifread not available for RAW file GPS extraction: D:\Photos\Nef\Samos\DSC_0789.NEF
2026-01-10 14:03:21 - media_renamer_app - WARNING - Install exifread for better RAW support: pip install exifread
2026-01-10 14:03:21 - media_renamer_app - INFO - Successfully extracted date from image D:\Photos\Nef\Samos\DSC_0790.NEF: 2024-08-12 19:25:41
2026-01-10 14:03:21 - media_renamer_app - WARNING - exifread not available for RAW file GPS extraction: D:\Photos\Nef\Samos\DSC_0790.NEF
2026-01-10 14:03:21 - media_renamer_app - WARNING - Install exifread for better RAW support: pip install exifread
2026-01-10 14:03:21 - media_renamer_app - INFO - Successfully extracted date from image D:\Photos\Nef\Samos\DSC_0791.NEF: 2024-08-12 19:25:58
2026-01-10 14:03:21 - media_renamer_app - WARNING - exifread not available for RAW file GPS extraction: D:\Photos\Nef\Samos\DSC_0791.NEF
2026-01-10 14:03:21 - media_renamer_app - WARNING - Install exifread for better RAW support: pip install exifread
2026-01-10 14:03:21 - media_renamer_app - INFO - Successfully extracted date from image D:\Photos\Nef\Samos\DSC_0792.NEF: 2024-08-12 19:49:41
2026-01-10 14:03:21 - media_renamer_app - WARNING - exifread not available for RAW file GPS extraction: D:\Photos\Nef\Samos\DSC_0792.NEF
2026-01-10 14:03:21 - media_renamer_app - WARNING - Install exifread for better RAW support: pip install exifread
2026-01-10 14:03:21 - media_renamer_app - INFO - Successfully extracted date from image D:\Photos\Nef\Samos\DSC_0793.NEF: 2024-08-12 19:49:43
2026-01-10 14:03:21 - media_renamer_app - WARNING - exifread not available for RAW file GPS extraction: D:\Photos\Nef\Samos\DSC_0793.NEF
2026-01-10 14:03:21 - media_renamer_app - WARNING - Install exifread for better RAW support: pip install exifread
2026-01-10 14:03:21 - media_renamer_app - INFO - Successfully extracted date from image D:\Photos\Nef\Samos\DSC_0794.NEF: 2024-08-12 19:49:46
2026-01-10 14:03:21 - media_renamer_app - WARNING - exifread not available for RAW file GPS extraction: D:\Photos\Nef\Samos\DSC_0794.NEF
2026-01-10 14:03:21 - media_renamer_app - WARNING - Install exifread for better RAW support: pip install exifread
2026-01-10 14:03:21 - media_renamer_app - INFO - Successfully extracted date from image D:\Photos\Nef\Samos\DSC_0795.NEF: 2024-08-12 19:49:48
2026-01-10 14:03:21 - media_renamer_app - WARNING - exifread not available for RAW file GPS extraction: D:\Photos\Nef\Samos\DSC_0795.NEF
2026-01-10 14:03:21 - media_renamer_app - WARNING - Install exifread for better RAW support: pip install exifread
2026-01-10 14:03:21 - media_renamer_app - INFO - Successfully extracted date from image D:\Photos\Nef\Samos\DSC_0796.NEF: 2024-08-12 19:49:53
2026-01-10 14:03:21 - media_renamer_app - WARNING - exifread not available for RAW file GPS extraction: D:\Photos\Nef\Samos\DSC_0796.NEF
2026-01-10 14:03:21 - media_renamer_app - WARNING - Install exifread for better RAW support: pip install exifread
2026-01-10 14:03:21 - media_renamer_app - INFO - Successfully extracted date from image D:\Photos\Nef\Samos\DSC_0797.NEF: 2024-08-12 19:49:55
2026-01-10 14:03:21 - media_renamer_app - WARNING - exifread not available for RAW file GPS extraction: D:\Photos\Nef\Samos\DSC_0797.NEF
2026-01-10 14:03:21 - media_renamer_app - WARNING - Install exifread for better RAW support: pip install exifread
2026-01-10 14:03:21 - media_renamer_app - INFO - Successfully extracted date from image D:\Photos\Nef\Samos\DSC_0798.NEF: 2024-08-12 19:50:08
2026-01-10 14:03:21 - media_renamer_app - WARNING - exifread not available for RAW file GPS extraction: D:\Photos\Nef\Samos\DSC_0798.NEF
2026-01-10 14:03:21 - media_renamer_app - WARNING - Install exifread for better RAW support: pip install exifread
2026-01-10 14:03:21 - media_renamer_app - INFO - Successfully extracted date from image D:\Photos\Nef\Samos\DSC_0799.NEF: 2024-08-12 19:50:12
2026-01-10 14:03:21 - media_renamer_app - WARNING - exifread not available for RAW file GPS extraction: D:\Photos\Nef\Samos\DSC_0799.NEF
2026-01-10 14:03:21 - media_renamer_app - WARNING - Install exifread for better RAW support: pip install exifread
2026-01-10 14:03:21 - media_renamer_app - INFO - Successfully extracted date from image D:\Photos\Nef\Samos\DSC_0800.NEF: 2024-08-12 19:50:39
2026-01-10 14:03:21 - media_renamer_app - WARNING - exifread not available for RAW file GPS extraction: D:\Photos\Nef\Samos\DSC_0800.NEF
2026-01-10 14:03:21 - media_renamer_app - WARNING - Install exifread for better RAW support: pip install exifread
2026-01-10 14:03:21 - media_renamer_app - INFO - Successfully extracted date from image D:\Photos\Nef\Samos\DSC_0801.NEF: 2024-08-12 19:50:43
2026-01-10 14:03:21 - media_renamer_app - WARNING - exifread not available for RAW file GPS extraction: D:\Photos\Nef\Samos\DSC_0801.NEF
2026-01-10 14:03:21 - media_renamer_app - WARNING - Install exifread for better RAW support: pip install exifread
2026-01-10 14:03:21 - media_renamer_app - INFO - Successfully extracted date from image D:\Photos\Nef\Samos\DSC_0802.NEF: 2024-08-12 19:50:46
2026-01-10 14:03:21 - media_renamer_app - WARNING - exifread not available for RAW file GPS extraction: D:\Photos\Nef\Samos\DSC_0802.NEF
2026-01-10 14:03:21 - media_renamer_app - WARNING - Install exifread for better RAW support: pip install exifread
2026-01-10 14:03:21 - media_renamer_app - INFO - Successfully extracted date from image D:\Photos\Nef\Samos\DSC_0803.NEF: 2024-08-12 19:50:51
2026-01-10 14:03:21 - media_renamer_app - WARNING - exifread not available for RAW file GPS extraction: D:\Photos\Nef\Samos\DSC_0803.NEF
2026-01-10 14:03:21 - media_renamer_app - WARNING - Install exifread for better RAW support: pip install exifread
2026-01-10 14:03:21 - media_renamer_app - INFO - Successfully extracted date from image D:\Photos\Nef\Samos\DSC_0804.NEF: 2024-08-12 19:50:54
2026-01-10 14:03:21 - media_renamer_app - WARNING - exifread not available for RAW file GPS extraction: D:\Photos\Nef\Samos\DSC_0804.NEF
2026-01-10 14:03:21 - media_renamer_app - WARNING - Install exifread for better RAW support: pip install exifread
2026-01-10 14:03:21 - media_renamer_app - INFO - Successfully extracted date from image D:\Photos\Nef\Samos\DSC_0805.NEF: 2024-08-13 20:14:39
2026-01-10 14:03:21 - media_renamer_app - WARNING - exifread not available for RAW file GPS extraction: D:\Photos\Nef\Samos\DSC_0805.NEF
2026-01-10 14:03:21 - media_renamer_app - WARNING - Install exifread for better RAW support: pip install exifread
2026-01-10 14:03:21 - media_renamer_app - INFO - Successfully extracted date from image D:\Photos\Nef\Samos\DSC_0806.NEF: 2024-08-13 20:14:44
2026-01-10 14:03:21 - media_renamer_app - WARNING - exifread not available for RAW file GPS extraction: D:\Photos\Nef\Samos\DSC_0806.NEF
2026-01-10 14:03:21 - media_renamer_app - WARNING - Install exifread for better RAW support: pip install exifread
2026-01-10 14:03:21 - media_renamer_app - INFO - Successfully extracted date from image D:\Photos\Nef\Samos\DSC_0807.NEF: 2024-08-13 20:15:09
2026-01-10 14:03:21 - media_renamer_app - WARNING - exifread not available for RAW file GPS extraction: D:\Photos\Nef\Samos\DSC_0807.NEF
2026-01-10 14:03:21 - media_renamer_app - WARNING - Install exifread for better RAW support: pip install exifread
2026-01-10 14:03:21 - media_renamer_app - INFO - Successfully extracted date from image D:\Photos\Nef\Samos\DSC_0808.NEF: 2024-08-13 20:15:17
2026-01-10 14:03:21 - media_renamer_app - WARNING - exifread not available for RAW file GPS extraction: D:\Photos\Nef\Samos\DSC_0808.NEF
2026-01-10 14:03:21 - media_renamer_app - WARNING - Install exifread for better RAW support: pip install exifread
2026-01-10 14:03:21 - media_renamer_app - INFO - Successfully extracted date from image D:\Photos\Nef\Samos\DSC_0809.NEF: 2024-08-13 20:15:54
2026-01-10 14:03:21 - media_renamer_app - WARNING - exifread not available for RAW file GPS extraction: D:\Photos\Nef\Samos\DSC_0809.NEF
2026-01-10 14:03:21 - media_renamer_app - WARNING - Install exifread for better RAW support: pip install exifread
2026-01-10 14:03:21 - media_renamer_app - INFO - Successfully extracted date from image D:\Photos\Nef\Samos\DSC_0810.NEF: 2024-08-13 20:16:03
2026-01-10 14:03:21 - media_renamer_app - WARNING - exifread not available for RAW file GPS extraction: D:\Photos\Nef\Samos\DSC_0810.NEF
2026-01-10 14:03:21 - media_renamer_app - WARNING - Install exifread for better RAW support: pip install exifread
2026-01-10 14:03:21 - media_renamer_app - INFO - Successfully extracted date from image D:\Photos\Nef\Samos\DSC_0811.NEF: 2024-08-13 20:16:07
2026-01-10 14:03:21 - media_renamer_app - WARNING - exifread not available for RAW file GPS extraction: D:\Photos\Nef\Samos\DSC_0811.NEF
2026-01-10 14:03:21 - media_renamer_app - WARNING - Install exifread for better RAW support: pip install exifread
2026-01-10 14:03:21 - media_renamer_app - INFO - Successfully extracted date from image D:\Photos\Nef\Samos\DSC_0812.NEF: 2024-08-13 20:16:10
2026-01-10 14:03:21 - media_renamer_app - WARNING - exifread not available for RAW file GPS extraction: D:\Photos\Nef\Samos\DSC_0812.NEF
2026-01-10 14:03:21 - media_renamer_app - WARNING - Install exifread for better RAW support: pip install exifread
2026-01-10 14:03:21 - media_renamer_app - INFO - Successfully extracted date from image D:\Photos\Nef\Samos\DSC_0813.NEF: 2024-08-13 20:16:12
2026-01-10 14:03:21 - media_renamer_app - WARNING - exifread not available for RAW file GPS extraction: D:\Photos\Nef\Samos\DSC_0813.NEF
2026-01-10 14:03:21 - media_renamer_app - WARNING - Install exifread for better RAW support: pip install exifread
2026-01-10 14:03:21 - media_renamer_app - INFO - Successfully extracted date from image D:\Photos\Nef\Samos\DSC_0814.NEF: 2024-08-13 20:16:51
2026-01-10 14:03:21 - media_renamer_app - WARNING - exifread not available for RAW file GPS extraction: D:\Photos\Nef\Samos\DSC_0814.NEF
2026-01-10 14:03:21 - media_renamer_app - WARNING - Install exifread for better RAW support: pip install exifread
2026-01-10 14:03:21 - media_renamer_app - INFO - Successfully extracted date from image D:\Photos\Nef\Samos\DSC_0815.NEF: 2024-08-13 20:17:05
2026-01-10 14:03:21 - media_renamer_app - WARNING - exifread not available for RAW file GPS extraction: D:\Photos\Nef\Samos\DSC_0815.NEF
2026-01-10 14:03:21 - media_renamer_app - WARNING - Install exifread for better RAW support: pip install exifread
2026-01-10 14:03:21 - media_renamer_app - INFO - Successfully extracted date from image D:\Photos\Nef\Samos\DSC_0816.NEF: 2024-08-14 11:35:43
2026-01-10 14:03:21 - media_renamer_app - WARNING - exifread not available for RAW file GPS extraction: D:\Photos\Nef\Samos\DSC_0816.NEF
2026-01-10 14:03:21 - media_renamer_app - WARNING - Install exifread for better RAW support: pip install exifread
2026-01-10 14:03:21 - media_renamer_app - INFO - Successfully extracted date from image D:\Photos\Nef\Samos\DSC_0817.NEF: 2024-08-14 11:36:04
2026-01-10 14:03:21 - media_renamer_app - WARNING - exifread not available for RAW file GPS extraction: D:\Photos\Nef\Samos\DSC_0817.NEF
2026-01-10 14:03:21 - media_renamer_app - WARNING - Install exifread for better RAW support: pip install exifread
2026-01-10 14:03:21 - media_renamer_app - INFO - Successfully extracted date from image D:\Photos\Nef\Samos\DSC_0818.NEF: 2024-08-14 12:22:49
2026-01-10 14:03:21 - media_renamer_app - WARNING - exifread not available for RAW file GPS extraction: D:\Photos\Nef\Samos\DSC_0818.NEF
2026-01-10 14:03:21 - media_renamer_app - WARNING - Install exifread for better RAW support: pip install exifread
2026-01-10 14:03:21 - media_renamer_app - INFO - Successfully extracted date from image D:\Photos\Nef\Samos\DSC_0819.NEF: 2024-08-14 12:23:50
2026-01-10 14:03:21 - media_renamer_app - WARNING - exifread not available for RAW file GPS extraction: D:\Photos\Nef\Samos\DSC_0819.NEF
2026-01-10 14:03:21 - media_renamer_app - WARNING - Install exifread for better RAW support: pip install exifread
2026-01-10 14:03:21 - media_renamer_app - INFO - Successfully extracted date from image D:\Photos\Nef\Samos\DSC_0820.NEF: 2024-08-14 12:30:39
2026-01-10 14:03:21 - media_renamer_app - WARNING - exifread not available for RAW file GPS extraction: D:\Photos\Nef\Samos\DSC_0820.NEF
2026-01-10 14:03:21 - media_renamer_app - WARNING - Install exifread for better RAW support: pip install exifread
2026-01-10 14:03:21 - media_renamer_app - INFO - Successfully extracted date from image D:\Photos\Nef\Samos\DSC_0821.NEF: 2024-08-14 12:30:44
2026-01-10 14:03:21 - media_renamer_app - WARNING - exifread not available for RAW file GPS extraction: D:\Photos\Nef\Samos\DSC_0821.NEF
2026-01-10 14:03:21 - media_renamer_app - WARNING - Install exifread for better RAW support: pip install exifread
2026-01-10 14:03:21 - media_renamer_app - INFO - Successfully extracted date from image D:\Photos\Nef\Samos\DSC_0822.NEF: 2024-08-14 16:21:11
2026-01-10 14:03:21 - media_renamer_app - WARNING - exifread not available for RAW file GPS extraction: D:\Photos\Nef\Samos\DSC_0822.NEF
2026-01-10 14:03:21 - media_renamer_app - WARNING - Install exifread for better RAW support: pip install exifread
2026-01-10 14:03:21 - media_renamer_app - INFO - Successfully extracted date from image D:\Photos\Nef\Samos\DSC_0823.NEF: 2024-08-14 16:21:14
2026-01-10 14:03:21 - media_renamer_app - WARNING - exifread not available for RAW file GPS extraction: D:\Photos\Nef\Samos\DSC_0823.NEF
2026-01-10 14:03:21 - media_renamer_app - WARNING - Install exifread for better RAW support: pip install exifread
2026-01-10 14:03:21 - media_renamer_app - INFO - Successfully extracted date from image D:\Photos\Nef\Samos\DSC_0824.NEF: 2024-08-14 16:21:29
2026-01-10 14:03:21 - media_renamer_app - WARNING - exifread not available for RAW file GPS extraction: D:\Photos\Nef\Samos\DSC_0824.NEF
2026-01-10 14:03:21 - media_renamer_app - WARNING - Install exifread for better RAW support: pip install exifread
2026-01-10 14:03:21 - media_renamer_app - INFO - Successfully extracted date from image D:\Photos\Nef\Samos\DSC_0825.NEF: 2024-08-14 16:21:33
2026-01-10 14:03:21 - media_renamer_app - WARNING - exifread not available for RAW file GPS extraction: D:\Photos\Nef\Samos\DSC_0825.NEF
2026-01-10 14:03:21 - media_renamer_app - WARNING - Install exifread for better RAW support: pip install exifread
2026-01-10 14:03:21 - media_renamer_app - INFO - Successfully extracted date from image D:\Photos\Nef\Samos\DSC_0826.NEF: 2024-08-14 17:54:57
2026-01-10 14:03:21 - media_renamer_app - WARNING - exifread not available for RAW file GPS extraction: D:\Photos\Nef\Samos\DSC_0826.NEF
2026-01-10 14:03:21 - media_renamer_app - WARNING - Install exifread for better RAW support: pip install exifread
2026-01-10 14:03:21 - media_renamer_app - INFO - Successfully extracted date from image D:\Photos\Nef\Samos\DSC_0827.NEF: 2024-08-14 17:54:59
2026-01-10 14:03:21 - media_renamer_app - WARNING - exifread not available for RAW file GPS extraction: D:\Photos\Nef\Samos\DSC_0827.NEF
2026-01-10 14:03:21 - media_renamer_app - WARNING - Install exifread for better RAW support: pip install exifread
2026-01-10 14:03:21 - media_renamer_app - INFO - Successfully extracted date from image D:\Photos\Nef\Samos\DSC_0828.NEF: 2024-08-14 17:57:00
2026-01-10 14:03:21 - media_renamer_app - WARNING - exifread not available for RAW file GPS extraction: D:\Photos\Nef\Samos\DSC_0828.NEF
2026-01-10 14:03:21 - media_renamer_app - WARNING - Install exifread for better RAW support: pip install exifread
2026-01-10 14:03:21 - media_renamer_app - INFO - Successfully extracted date from image D:\Photos\Nef\Samos\DSC_0829.NEF: 2024-08-14 17:57:02
2026-01-10 14:03:21 - media_renamer_app - WARNING - exifread not available for RAW file GPS extraction: D:\Photos\Nef\Samos\DSC_0829.NEF
2026-01-10 14:03:21 - media_renamer_app - WARNING - Install exifread for better RAW support: pip install exifread
2026-01-10 14:03:21 - media_renamer_app - INFO - Successfully extracted date from image D:\Photos\Nef\Samos\DSC_0830.NEF: 2024-08-14 17:57:10
2026-01-10 14:03:21 - media_renamer_app - WARNING - exifread not available for RAW file GPS extraction: D:\Photos\Nef\Samos\DSC_0830.NEF
2026-01-10 14:03:21 - media_renamer_app - WARNING - Install exifread for better RAW support: pip install exifread
2026-01-10 14:03:21 - media_renamer_app - INFO - Successfully extracted date from image D:\Photos\Nef\Samos\DSC_0831.NEF: 2024-08-14 17:57:13
2026-01-10 14:03:21 - media_renamer_app - WARNING - exifread not available for RAW file GPS extraction: D:\Photos\Nef\Samos\DSC_0831.NEF
2026-01-10 14:03:21 - media_renamer_app - WARNING - Install exifread for better RAW support: pip install exifread
2026-01-10 14:03:21 - media_renamer_app - INFO - Successfully extracted date from image D:\Photos\Nef\Samos\DSC_0832.NEF: 2024-08-14 17:57:53
2026-01-10 14:03:21 - media_renamer_app - WARNING - exifread not available for RAW file GPS extraction: D:\Photos\Nef\Samos\DSC_0832.NEF
2026-01-10 14:03:21 - media_renamer_app - WARNING - Install exifread for better RAW support: pip install exifread
2026-01-10 14:03:21 - media_renamer_app - INFO - Successfully extracted date from image D:\Photos\Nef\Samos\DSC_0833.NEF: 2024-08-14 17:57:56
2026-01-10 14:03:21 - media_renamer_app - WARNING - exifread not available for RAW file GPS extraction: D:\Photos\Nef\Samos\DSC_0833.NEF
2026-01-10 14:03:21 - media_renamer_app - WARNING - Install exifread for better RAW support: pip install exifread
2026-01-10 14:03:21 - media_renamer_app - INFO - Successfully extracted date from image D:\Photos\Nef\Samos\DSC_0834.NEF: 2024-08-14 17:58:58
2026-01-10 14:03:21 - media_renamer_app - WARNING - exifread not available for RAW file GPS extraction: D:\Photos\Nef\Samos\DSC_0834.NEF
2026-01-10 14:03:21 - media_renamer_app - WARNING - Install exifread for better RAW support: pip install exifread
2026-01-10 14:03:21 - media_renamer_app - INFO - Successfully extracted date from image D:\Photos\Nef\Samos\DSC_0835.NEF: 2024-08-14 17:59:01
2026-01-10 14:03:21 - media_renamer_app - WARNING - exifread not available for RAW file GPS extraction: D:\Photos\Nef\Samos\DSC_0835.NEF
2026-01-10 14:03:21 - media_renamer_app - WARNING - Install exifread for better RAW support: pip install exifread
2026-01-10 14:03:21 - media_renamer_app - INFO - Successfully extracted date from image D:\Photos\Nef\Samos\DSC_0836.NEF: 2024-08-14 17:59:04
2026-01-10 14:03:21 - media_renamer_app - WARNING - exifread not available for RAW file GPS extraction: D:\Photos\Nef\Samos\DSC_0836.NEF
2026-01-10 14:03:21 - media_renamer_app - WARNING - Install exifread for better RAW support: pip install exifread
2026-01-10 14:03:21 - media_renamer_app - INFO - Successfully extracted date from image D:\Photos\Nef\Samos\DSC_0837.NEF: 2024-08-16 11:14:49
2026-01-10 14:03:21 - media_renamer_app - WARNING - exifread not available for RAW file GPS extraction: D:\Photos\Nef\Samos\DSC_0837.NEF
2026-01-10 14:03:21 - media_renamer_app - WARNING - Install exifread for better RAW support: pip install exifread
2026-01-10 14:03:21 - media_renamer_app - INFO - Successfully extracted date from image D:\Photos\Nef\Samos\DSC_0838.NEF: 2024-08-16 11:15:03
2026-01-10 14:03:21 - media_renamer_app - WARNING - exifread not available for RAW file GPS extraction: D:\Photos\Nef\Samos\DSC_0838.NEF
2026-01-10 14:03:21 - media_renamer_app - WARNING - Install exifread for better RAW support: pip install exifread
2026-01-10 14:03:21 - media_renamer_app - INFO - Successfully extracted date from image D:\Photos\Nef\Samos\DSC_0839.NEF: 2024-08-16 11:15:26
2026-01-10 14:03:21 - media_renamer_app - WARNING - exifread not available for RAW file GPS extraction: D:\Photos\Nef\Samos\DSC_0839.NEF
2026-01-10 14:03:21 - media_renamer_app - WARNING - Install exifread for better RAW support: pip install exifread
2026-01-10 14:03:21 - media_renamer_app - INFO - Successfully extracted date from image D:\Photos\Nef\Samos\DSC_0840.NEF: 2024-08-16 11:15:39
2026-01-10 14:03:21 - media_renamer_app - WARNING - exifread not available for RAW file GPS extraction: D:\Photos\Nef\Samos\DSC_0840.NEF
2026-01-10 14:03:21 - media_renamer_app - WARNING - Install exifread for better RAW support: pip install exifread
2026-01-10 14:03:21 - media_renamer_app - INFO - Successfully extracted date from image D:\Photos\Nef\Samos\DSC_0841.NEF: 2024-08-16 11:15:45
2026-01-10 14:03:21 - media_renamer_app - WARNING - exifread not available for RAW file GPS extraction: D:\Photos\Nef\Samos\DSC_0841.NEF
2026-01-10 14:03:21 - media_renamer_app - WARNING - Install exifread for better RAW support: pip install exifread
2026-01-10 14:03:21 - media_renamer_app - INFO - Successfully extracted date from image D:\Photos\Nef\Samos\DSC_0842.NEF: 2024-08-16 11:15:50
2026-01-10 14:03:21 - media_renamer_app - WARNING - exifread not available for RAW file GPS extraction: D:\Photos\Nef\Samos\DSC_0842.NEF
2026-01-10 14:03:21 - media_renamer_app - WARNING - Install exifread for better RAW support: pip install exifread
2026-01-10 14:03:21 - media_renamer_app - INFO - Successfully extracted date from image D:\Photos\Nef\Samos\DSC_0843.NEF: 2024-08-16 11:30:15
2026-01-10 14:03:21 - media_renamer_app - WARNING - exifread not available for RAW file GPS extraction: D:\Photos\Nef\Samos\DSC_0843.NEF
2026-01-10 14:03:21 - media_renamer_app - WARNING - Install exifread for better RAW support: pip install exifread
2026-01-10 14:03:21 - media_renamer_app - INFO - Successfully extracted date from image D:\Photos\Nef\Samos\DSC_0845.NEF: 2024-08-16 11:32:06
2026-01-10 14:03:21 - media_renamer_app - WARNING - exifread not available for RAW file GPS extraction: D:\Photos\Nef\Samos\DSC_0845.NEF
2026-01-10 14:03:21 - media_renamer_app - WARNING - Install exifread for better RAW support: pip install exifread
2026-01-10 14:03:21 - media_renamer_app - INFO - Successfully extracted date from image D:\Photos\Nef\Samos\DSC_0846.NEF: 2024-08-16 11:32:21
2026-01-10 14:03:21 - media_renamer_app - WARNING - exifread not available for RAW file GPS extraction: D:\Photos\Nef\Samos\DSC_0846.NEF
2026-01-10 14:03:21 - media_renamer_app - WARNING - Install exifread for better RAW support: pip install exifread
2026-01-10 14:03:21 - media_renamer_app - INFO - Successfully extracted date from image D:\Photos\Nef\Samos\DSC_0847.NEF: 2024-08-16 11:33:00
2026-01-10 14:03:21 - media_renamer_app - WARNING - exifread not available for RAW file GPS extraction: D:\Photos\Nef\Samos\DSC_0847.NEF
2026-01-10 14:03:21 - media_renamer_app - WARNING - Install exifread for better RAW support: pip install exifread
2026-01-10 14:03:21 - media_renamer_app - INFO - Successfully extracted date from image D:\Photos\Nef\Samos\DSC_0848.NEF: 2024-08-16 11:33:09
2026-01-10 14:03:21 - media_renamer_app - WARNING - exifread not available for RAW file GPS extraction: D:\Photos\Nef\Samos\DSC_0848.NEF
2026-01-10 14:03:21 - media_renamer_app - WARNING - Install exifread for better RAW support: pip install exifread
2026-01-10 14:03:21 - media_renamer_app - INFO - Successfully extracted date from image D:\Photos\Nef\Samos\DSC_0849.NEF: 2024-08-16 11:33:16
2026-01-10 14:03:21 - media_renamer_app - WARNING - exifread not available for RAW file GPS extraction: D:\Photos\Nef\Samos\DSC_0849.NEF
2026-01-10 14:03:21 - media_renamer_app - WARNING - Install exifread for better RAW support: pip install exifread
2026-01-10 14:03:21 - media_renamer_app - INFO - Successfully extracted date from image D:\Photos\Nef\Samos\DSC_0851.NEF: 2024-08-16 11:37:25
2026-01-10 14:03:21 - media_renamer_app - WARNING - exifread not available for RAW file GPS extraction: D:\Photos\Nef\Samos\DSC_0851.NEF
2026-01-10 14:03:21 - media_renamer_app - WARNING - Install exifread for better RAW support: pip install exifread
2026-01-10 14:03:21 - media_renamer_app - INFO - Successfully extracted date from image D:\Photos\Nef\Samos\DSC_0852.NEF: 2024-08-16 11:37:26
2026-01-10 14:03:21 - media_renamer_app - WARNING - exifread not available for RAW file GPS extraction: D:\Photos\Nef\Samos\DSC_0852.NEF
2026-01-10 14:03:21 - media_renamer_app - WARNING - Install exifread for better RAW support: pip install exifread
2026-01-10 14:03:21 - media_renamer_app - INFO - Successfully extracted date from image D:\Photos\Nef\Samos\DSC_0853.NEF: 2024-08-16 11:37:35
2026-01-10 14:03:21 - media_renamer_app - WARNING - exifread not available for RAW file GPS extraction: D:\Photos\Nef\Samos\DSC_0853.NEF
2026-01-10 14:03:21 - media_renamer_app - WARNING - Install exifread for better RAW support: pip install exifread
2026-01-10 14:03:21 - media_renamer_app - INFO - Successfully extracted date from image D:\Photos\Nef\Samos\DSC_0854.NEF: 2024-08-16 11:37:37
2026-01-10 14:03:21 - media_renamer_app - WARNING - exifread not available for RAW file GPS extraction: D:\Photos\Nef\Samos\DSC_0854.NEF
2026-01-10 14:03:21 - media_renamer_app - WARNING - Install exifread for better RAW support: pip install exifread
2026-01-10 14:03:21 - media_renamer_app - INFO - Successfully extracted date from image D:\Photos\Nef\Samos\DSC_0857.NEF: 2024-08-16 11:59:40
2026-01-10 14:03:21 - media_renamer_app - WARNING - exifread not available for RAW file GPS extraction: D:\Photos\Nef\Samos\DSC_0857.NEF
2026-01-10 14:03:21 - media_renamer_app - WARNING - Install exifread for better RAW support: pip install exifread
2026-01-10 14:03:21 - media_renamer_app - INFO - Successfully extracted date from image D:\Photos\Nef\Samos\DSC_0859.NEF: 2024-08-16 11:59:45
2026-01-10 14:03:21 - media_renamer_app - WARNING - exifread not available for RAW file GPS extraction: D:\Photos\Nef\Samos\DSC_0859.NEF
2026-01-10 14:03:21 - media_renamer_app - WARNING - Install exifread for better RAW support: pip install exifread
2026-01-10 14:03:21 - media_renamer_app - INFO - Successfully extracted date from image D:\Photos\Nef\Samos\DSC_0864.NEF: 2024-08-16 12:00:37
2026-01-10 14:03:21 - media_renamer_app - WARNING - exifread not available for RAW file GPS extraction: D:\Photos\Nef\Samos\DSC_0864.NEF
2026-01-10 14:03:21 - media_renamer_app - WARNING - Install exifread for better RAW support: pip install exifread
2026-01-10 14:03:21 - media_renamer_app - INFO - Successfully extracted date from image D:\Photos\Nef\Samos\DSC_0865.NEF: 2024-08-16 12:00:39
2026-01-10 14:03:21 - media_renamer_app - WARNING - exifread not available for RAW file GPS extraction: D:\Photos\Nef\Samos\DSC_0865.NEF
2026-01-10 14:03:21 - media_renamer_app - WARNING - Install exifread for better RAW support: pip install exifread
2026-01-10 14:03:21 - media_renamer_app - INFO - Successfully extracted date from image D:\Photos\Nef\Samos\DSC_0869.NEF: 2024-08-16 12:01:50
2026-01-10 14:03:21 - media_renamer_app - WARNING - exifread not available for RAW file GPS extraction: D:\Photos\Nef\Samos\DSC_0869.NEF
2026-01-10 14:03:21 - media_renamer_app - WARNING - Install exifread for better RAW support: pip install exifread
2026-01-10 14:03:21 - media_renamer_app - INFO - Successfully extracted date from image D:\Photos\Nef\Samos\DSC_0871.NEF: 2024-08-16 12:01:54
2026-01-10 14:03:21 - media_renamer_app - WARNING - exifread not available for RAW file GPS extraction: D:\Photos\Nef\Samos\DSC_0871.NEF
2026-01-10 14:03:21 - media_renamer_app - WARNING - Install exifread for better RAW support: pip install exifread
2026-01-10 14:03:21 - media_renamer_app - INFO - Successfully extracted date from image D:\Photos\Nef\Samos\DSC_0872.NEF: 2024-08-16 12:01:55
2026-01-10 14:03:21 - media_renamer_app - WARNING - exifread not available for RAW file GPS extraction: D:\Photos\Nef\Samos\DSC_0872.NEF
2026-01-10 14:03:21 - media_renamer_app - WARNING - Install exifread for better RAW support: pip install exifread
2026-01-10 14:03:21 - media_renamer_app - INFO - Successfully extracted date from image D:\Photos\Nef\Samos\DSC_0873.NEF: 2024-08-16 12:02:08
2026-01-10 14:03:21 - media_renamer_app - WARNING - exifread not available for RAW file GPS extraction: D:\Photos\Nef\Samos\DSC_0873.NEF
2026-01-10 14:03:21 - media_renamer_app - WARNING - Install exifread for better RAW support: pip install exifread
2026-01-10 14:03:21 - media_renamer_app - INFO - Successfully extracted date from image D:\Photos\Nef\Samos\DSC_0874.NEF: 2024-08-16 12:02:08
2026-01-10 14:03:21 - media_renamer_app - WARNING - exifread not available for RAW file GPS extraction: D:\Photos\Nef\Samos\DSC_0874.NEF
2026-01-10 14:03:21 - media_renamer_app - WARNING - Install exifread for better RAW support: pip install exifread
2026-01-10 14:03:21 - media_renamer_app - INFO - Successfully extracted date from image D:\Photos\Nef\Samos\DSC_0879.NEF: 2024-08-16 12:02:39
2026-01-10 14:03:21 - media_renamer_app - WARNING - exifread not available for RAW file GPS extraction: D:\Photos\Nef\Samos\DSC_0879.NEF
2026-01-10 14:03:21 - media_renamer_app - WARNING - Install exifread for better RAW support: pip install exifread
2026-01-10 14:03:21 - media_renamer_app - INFO - Successfully extracted date from image D:\Photos\Nef\Samos\DSC_0880.NEF: 2024-08-16 12:05:58
2026-01-10 14:03:21 - media_renamer_app - WARNING - exifread not available for RAW file GPS extraction: D:\Photos\Nef\Samos\DSC_0880.NEF
2026-01-10 14:03:21 - media_renamer_app - WARNING - Install exifread for better RAW support: pip install exifread
2026-01-10 14:03:21 - media_renamer_app - INFO - Successfully extracted date from image D:\Photos\Nef\Samos\DSC_0881.NEF: 2024-08-16 12:05:59
2026-01-10 14:03:21 - media_renamer_app - WARNING - exifread not available for RAW file GPS extraction: D:\Photos\Nef\Samos\DSC_0881.NEF
2026-01-10 14:03:21 - media_renamer_app - WARNING - Install exifread for better RAW support: pip install exifread
2026-01-10 14:03:21 - media_renamer_app - INFO - Successfully extracted date from image D:\Photos\Nef\Samos\DSC_0882.NEF: 2024-08-16 12:06:22
2026-01-10 14:03:21 - media_renamer_app - WARNING - exifread not available for RAW file GPS extraction: D:\Photos\Nef\Samos\DSC_0882.NEF
2026-01-10 14:03:21 - media_renamer_app - WARNING - Install exifread for better RAW support: pip install exifread
2026-01-10 14:03:21 - media_renamer_app - INFO - Successfully extracted date from image D:\Photos\Nef\Samos\DSC_0883.NEF: 2024-08-16 12:06:25
2026-01-10 14:03:21 - media_renamer_app - WARNING - exifread not available for RAW file GPS extraction: D:\Photos\Nef\Samos\DSC_0883.NEF
2026-01-10 14:03:21 - media_renamer_app - WARNING - Install exifread for better RAW support: pip install exifread
2026-01-10 14:03:21 - media_renamer_app - INFO - Successfully extracted date from image D:\Photos\Nef\Samos\DSC_0884.NEF: 2024-08-16 12:06:43
2026-01-10 14:03:21 - media_renamer_app - WARNING - exifread not available for RAW file GPS extraction: D:\Photos\Nef\Samos\DSC_0884.NEF
2026-01-10 14:03:21 - media_renamer_app - WARNING - Install exifread for better RAW support: pip install exifread
2026-01-10 14:03:21 - media_renamer_app - INFO - Successfully extracted date from image D:\Photos\Nef\Samos\DSC_0885.NEF: 2024-08-16 12:06:48
2026-01-10 14:03:21 - media_renamer_app - WARNING - exifread not available for RAW file GPS extraction: D:\Photos\Nef\Samos\DSC_0885.NEF
2026-01-10 14:03:21 - media_renamer_app - WARNING - Install exifread for better RAW support: pip install exifread
2026-01-10 14:03:21 - media_renamer_app - INFO - Successfully extracted date from image D:\Photos\Nef\Samos\DSC_0886.NEF: 2024-08-16 12:06:52
2026-01-10 14:03:21 - media_renamer_app - WARNING - exifread not available for RAW file GPS extraction: D:\Photos\Nef\Samos\DSC_0886.NEF
2026-01-10 14:03:21 - media_renamer_app - WARNING - Install exifread for better RAW support: pip install exifread
2026-01-10 14:03:21 - media_renamer_app - INFO - Successfully extracted date from image D:\Photos\Nef\Samos\DSC_0887.NEF: 2024-08-16 12:07:22
2026-01-10 14:03:21 - media_renamer_app - WARNING - exifread not available for RAW file GPS extraction: D:\Photos\Nef\Samos\DSC_0887.NEF
2026-01-10 14:03:21 - media_renamer_app - WARNING - Install exifread for better RAW support: pip install exifread
2026-01-10 14:03:21 - media_renamer_app - INFO - Successfully extracted date from image D:\Photos\Nef\Samos\DSC_0888.NEF: 2024-08-16 12:07:24
2026-01-10 14:03:21 - media_renamer_app - WARNING - exifread not available for RAW file GPS extraction: D:\Photos\Nef\Samos\DSC_0888.NEF
2026-01-10 14:03:21 - media_renamer_app - WARNING - Install exifread for better RAW support: pip install exifread
2026-01-10 14:03:21 - media_renamer_app - INFO - Successfully extracted date from image D:\Photos\Nef\Samos\DSC_0889.NEF: 2024-08-16 12:07:27
2026-01-10 14:03:21 - media_renamer_app - WARNING - exifread not available for RAW file GPS extraction: D:\Photos\Nef\Samos\DSC_0889.NEF
2026-01-10 14:03:21 - media_renamer_app - WARNING - Install exifread for better RAW support: pip install exifread
2026-01-10 14:03:21 - media_renamer_app - INFO - File discovery completed: 286 files processed, 0 without metadata
2026-01-10 14:03:26 - media_renamer_app - INFO - User initiated file processing
2026-01-10 14:03:26 - media_renamer_app - INFO - Processing 1 selected files
2026-01-10 14:03:27 - media_renamer_app - INFO - User confirmed file processing, starting operation
2026-01-10 14:03:27 - media_renamer_app - INFO - Starting file processing: 1 files selected
2026-01-10 14:03:27 - media_renamer_app - INFO - Starting file processing: 1 files selected for renaming
2026-01-10 14:03:27 - media_renamer_app - INFO - Operation completed: session_start - {'total_files': 1, 'folder_path': 'D:\\Photos\\Nef\\Samos'}
2026-01-10 14:03:27 - media_renamer_app - INFO - Operation completed: progress - {'current': 1, 'total': 1, 'filename': ' 2024.08.09-19.34.35.001..NEF'}
2026-01-10 14:03:27 - media_renamer_app - INFO - File renamed successfully:  2024.08.09-19.34.35.001..NEF ->  2024.08.09-19.34.35.001..samos.NEF
2026-01-10 14:03:27 - media_renamer_app - INFO - Successfully renamed:  2024.08.09-19.34.35.001..NEF ->  2024.08.09-19.34.35.001..samos.NEF
2026-01-10 14:03:27 - media_renamer_app - INFO - Operation completed: rename - {'old_name': ' 2024.08.09-19.34.35.001..NEF', 'new_name': ' 2024.08.09-19.34.35.001..samos.NEF', 'folder_path': 'D:\\Photos\\Nef\\Samos'}
2026-01-10 14:03:27 - media_renamer_app - INFO - Operation completed: session_complete - {'processed_count': 1, 'error_count': 0, 'skipped_count': 0, 'total_files': 1}
2026-01-10 14:03:27 - media_renamer_app - INFO - File processing completed: 1 processed, 0 errors, 0 skipped
2026-01-10 14:03:27 - media_renamer_app - INFO - Session log saved: c:\Kiro\MediaUtils\logs\session_20260110_140257.json
2026-01-10 14:03:27 - media_renamer_app - INFO - File processing completed: 1 processed, 0 skipped, 0 errors
2026-01-10 14:03:27 - media_renamer_app - INFO - User initiated file discovery for folder: D:\Photos\Nef\Samos
2026-01-10 14:03:27 - media_renamer_app - INFO - Starting file discovery and metadata extraction
2026-01-10 14:03:27 - media_renamer_app - INFO - Starting file discovery in folder: D:\Photos\Nef\Samos
2026-01-10 14:03:27 - media_renamer_app - INFO - Found 286 total files in D:\Photos\Nef\Samos
2026-01-10 14:03:27 - media_renamer_app - INFO - Discovered 286 supported media files
2026-01-10 14:03:27 - media_renamer_app - INFO - Discovered 286 files in D:\Photos\Nef\Samos
2026-01-10 14:03:27 - media_renamer_app - INFO - Successfully extracted date from image D:\Photos\Nef\Samos\ 2024.08.09-19.34.35.001..samos.NEF: 2024-08-09 19:34:35
2026-01-10 14:03:27 - media_renamer_app - WARNING - exifread not available for RAW file GPS extraction: D:\Photos\Nef\Samos\ 2024.08.09-19.34.35.001..samos.NEF
2026-01-10 14:03:27 - media_renamer_app - WARNING - Install exifread for better RAW support: pip install exifread
2026-01-10 14:03:27 - media_renamer_app - INFO - Successfully extracted date from image D:\Photos\Nef\Samos\DSC_0457.NEF: 2024-08-09 19:35:13
2026-01-10 14:03:27 - media_renamer_app - WARNING - exifread not available for RAW file GPS extraction: D:\Photos\Nef\Samos\DSC_0457.NEF
2026-01-10 14:03:27 - media_renamer_app - WARNING - Install exifread for better RAW support: pip install exifread
2026-01-10 14:03:27 - media_renamer_app - INFO - Successfully extracted date from image D:\Photos\Nef\Samos\DSC_0458.NEF: 2024-08-09 19:35:19
2026-01-10 14:03:27 - media_renamer_app - WARNING - exifread not available for RAW file GPS extraction: D:\Photos\Nef\Samos\DSC_0458.NEF
2026-01-10 14:03:27 - media_renamer_app - WARNING - Install exifread for better RAW support: pip install exifread
2026-01-10 14:03:27 - media_renamer_app - INFO - Successfully extracted date from image D:\Photos\Nef\Samos\DSC_0459.NEF: 2024-08-09 19:35:31
2026-01-10 14:03:27 - media_renamer_app - WARNING - exifread not available for RAW file GPS extraction: D:\Photos\Nef\Samos\DSC_0459.NEF
2026-01-10 14:03:27 - media_renamer_app - WARNING - Install exifread for better RAW support: pip install exifread
2026-01-10 14:03:27 - media_renamer_app - INFO - Successfully extracted date from image D:\Photos\Nef\Samos\DSC_0460.NEF: 2024-08-09 19:36:22
2026-01-10 14:03:27 - media_renamer_app - WARNING - exifread not available for RAW file GPS extraction: D:\Photos\Nef\Samos\DSC_0460.NEF
2026-01-10 14:03:27 - media_renamer_app - WARNING - Install exifread for better RAW support: pip install exifread
2026-01-10 14:03:27 - media_renamer_app - INFO - Successfully extracted date from image D:\Photos\Nef\Samos\DSC_0461.NEF: 2024-08-09 19:36:32
2026-01-10 14:03:27 - media_renamer_app - WARNING - exifread not available for RAW file GPS extraction: D:\Photos\Nef\Samos\DSC_0461.NEF
2026-01-10 14:03:27 - media_renamer_app - WARNING - Install exifread for better RAW support: pip install exifread
2026-01-10 14:03:27 - media_renamer_app - INFO - Successfully extracted date from image D:\Photos\Nef\Samos\DSC_0464.NEF: 2024-08-09 19:38:38
2026-01-10 14:03:27 - media_renamer_app - WARNING - exifread not available for RAW file GPS extraction: D:\Photos\Nef\Samos\DSC_0464.NEF
2026-01-10 14:03:27 - media_renamer_app - WARNING - Install exifread for better RAW support: pip install exifread
2026-01-10 14:03:27 - media_renamer_app - INFO - Successfully extracted date from image D:\Photos\Nef\Samos\DSC_0465.NEF: 2024-08-09 19:38:53
2026-01-10 14:03:27 - media_renamer_app - WARNING - exifread not available for RAW file GPS extraction: D:\Photos\Nef\Samos\DSC_0465.NEF
2026-01-10 14:03:27 - media_renamer_app - WARNING - Install exifread for better RAW support: pip install exifread
2026-01-10 14:03:27 - media_renamer_app - INFO - Successfully extracted date from image D:\Photos\Nef\Samos\DSC_0466.NEF: 2024-08-09 19:39:02
2026-01-10 14:03:27 - media_renamer_app - WARNING - exifread not available for RAW file GPS extraction: D:\Photos\Nef\Samos\DSC_0466.NEF
2026-01-10 14:03:27 - media_renamer_app - WARNING - Install exifread for better RAW support: pip install exifread
2026-01-10 14:03:27 - media_renamer_app - INFO - Successfully extracted date from image D:\Photos\Nef\Samos\DSC_0467.NEF: 2024-08-09 19:39:20
2026-01-10 14:03:27 - media_renamer_app - WARNING - exifread not available for RAW file GPS extraction: D:\Photos\Nef\Samos\DSC_0467.NEF
2026-01-10 14:03:27 - media_renamer_app - WARNING - Install exifread for better RAW support: pip install exifread
2026-01-10 14:03:27 - media_renamer_app - INFO - Successfully extracted date from image D:\Photos\Nef\Samos\DSC_0468.NEF: 2024-08-09 19:39:53
2026-01-10 14:03:27 - media_renamer_app - WARNING - exifread not available for RAW file GPS extraction: D:\Photos\Nef\Samos\DSC_0468.NEF
2026-01-10 14:03:27 - media_renamer_app - WARNING - Install exifread for better RAW support: pip install exifread
2026-01-10 14:03:27 - media_renamer_app - INFO - Successfully extracted date from image D:\Photos\Nef\Samos\DSC_0469.NEF: 2024-08-09 19:40:32
2026-01-10 14:03:27 - media_renamer_app - WARNING - exifread not available for RAW file GPS extraction: D:\Photos\Nef\Samos\DSC_0469.NEF
2026-01-10 14:03:27 - media_renamer_app - WARNING - Install exifread for better RAW support: pip install exifread
2026-01-10 14:03:27 - media_renamer_app - INFO - Successfully extracted date from image D:\Photos\Nef\Samos\DSC_0470.NEF: 2024-08-09 19:40:49
2026-01-10 14:03:27 - media_renamer_app - WARNING - exifread not available for RAW file GPS extraction: D:\Photos\Nef\Samos\DSC_0470.NEF
2026-01-10 14:03:27 - media_renamer_app - WARNING - Install exifread for better RAW support: pip install exifread
2026-01-10 14:03:27 - media_renamer_app - INFO - Successfully extracted date from image D:\Photos\Nef\Samos\DSC_0471.NEF: 2024-08-09 19:40:55
2026-01-10 14:03:27 - media_renamer_app - WARNING - exifread not available for RAW file GPS extraction: D:\Photos\Nef\Samos\DSC_0471.NEF
2026-01-10 14:03:27 - media_renamer_app - WARNING - Install exifread for better RAW support: pip install exifread
2026-01-10 14:03:27 - media_renamer_app - INFO - Successfully extracted date from image D:\Photos\Nef\Samos\DSC_0473.NEF: 2024-08-09 19:44:27
2026-01-10 14:03:27 - media_renamer_app - WARNING - exifread not available for RAW file GPS extraction: D:\Photos\Nef\Samos\DSC_0473.NEF
2026-01-10 14:03:27 - media_renamer_app - WARNING - Install exifread for better RAW support: pip install exifread
2026-01-10 14:03:27 - media_renamer_app - INFO - Successfully extracted date from image D:\Photos\Nef\Samos\DSC_0484.NEF: 2024-08-09 19:45:14
2026-01-10 14:03:27 - media_renamer_app - WARNING - exifread not available for RAW file GPS extraction: D:\Photos\Nef\Samos\DSC_0484.NEF
2026-01-10 14:03:27 - media_renamer_app - WARNING - Install exifread for better RAW support: pip install exifread
2026-01-10 14:03:28 - media_renamer_app - INFO - Successfully extracted date from image D:\Photos\Nef\Samos\DSC_0486.NEF: 2024-08-09 19:45:17
2026-01-10 14:03:28 - media_renamer_app - WARNING - exifread not available for RAW file GPS extraction: D:\Photos\Nef\Samos\DSC_0486.NEF
2026-01-10 14:03:28 - media_renamer_app - WARNING - Install exifread for better RAW support: pip install exifread
2026-01-10 14:03:28 - media_renamer_app - INFO - Successfully extracted date from image D:\Photos\Nef\Samos\DSC_0512.NEF: 2024-08-09 19:46:19
2026-01-10 14:03:28 - media_renamer_app - WARNING - exifread not available for RAW file GPS extraction: D:\Photos\Nef\Samos\DSC_0512.NEF
2026-01-10 14:03:28 - media_renamer_app - WARNING - Install exifread for better RAW support: pip install exifread
2026-01-10 14:03:28 - media_renamer_app - INFO - Successfully extracted date from image D:\Photos\Nef\Samos\DSC_0514.NEF: 2024-08-09 19:46:20
2026-01-10 14:03:28 - media_renamer_app - WARNING - exifread not available for RAW file GPS extraction: D:\Photos\Nef\Samos\DSC_0514.NEF
2026-01-10 14:03:28 - media_renamer_app - WARNING - Install exifread for better RAW support: pip install exifread
2026-01-10 14:03:28 - media_renamer_app - INFO - Successfully extracted date from image D:\Photos\Nef\Samos\DSC_0523.NEF: 2024-08-09 19:48:13
2026-01-10 14:03:28 - media_renamer_app - WARNING - exifread not available for RAW file GPS extraction: D:\Photos\Nef\Samos\DSC_0523.NEF
2026-01-10 14:03:28 - media_renamer_app - WARNING - Install exifread for better RAW support: pip install exifread
2026-01-10 14:03:28 - media_renamer_app - INFO - Successfully extracted date from image D:\Photos\Nef\Samos\DSC_0526.NEF: 2024-08-09 19:48:49
2026-01-10 14:03:28 - media_renamer_app - WARNING - exifread not available for RAW file GPS extraction: D:\Photos\Nef\Samos\DSC_0526.NEF
2026-01-10 14:03:28 - media_renamer_app - WARNING - Install exifread for better RAW support: pip install exifread
2026-01-10 14:03:28 - media_renamer_app - INFO - Successfully extracted date from image D:\Photos\Nef\Samos\DSC_0528.NEF: 2024-08-09 19:59:09
2026-01-10 14:03:28 - media_renamer_app - WARNING - exifread not available for RAW file GPS extraction: D:\Photos\Nef\Samos\DSC_0528.NEF
2026-01-10 14:03:28 - media_renamer_app - WARNING - Install exifread for better RAW support: pip install exifread
2026-01-10 14:03:28 - media_renamer_app - INFO - Successfully extracted date from image D:\Photos\Nef\Samos\DSC_0529.NEF: 2024-08-09 19:59:20
2026-01-10 14:03:28 - media_renamer_app - WARNING - exifread not available for RAW file GPS extraction: D:\Photos\Nef\Samos\DSC_0529.NEF
2026-01-10 14:03:28 - media_renamer_app - WARNING - Install exifread for better RAW support: pip install exifread
2026-01-10 14:03:28 - media_renamer_app - INFO - Successfully extracted date from image D:\Photos\Nef\Samos\DSC_0530.NEF: 2024-08-09 19:59:32
2026-01-10 14:03:28 - media_renamer_app - WARNING - exifread not available for RAW file GPS extraction: D:\Photos\Nef\Samos\DSC_0530.NEF
2026-01-10 14:03:28 - media_renamer_app - WARNING - Install exifread for better RAW support: pip install exifread
2026-01-10 14:03:28 - media_renamer_app - INFO - Successfully extracted date from image D:\Photos\Nef\Samos\DSC_0532.NEF: 2024-08-09 20:00:20
2026-01-10 14:03:28 - media_renamer_app - WARNING - exifread not available for RAW file GPS extraction: D:\Photos\Nef\Samos\DSC_0532.NEF
2026-01-10 14:03:28 - media_renamer_app - WARNING - Install exifread for better RAW support: pip install exifread
2026-01-10 14:03:28 - media_renamer_app - INFO - Successfully extracted date from image D:\Photos\Nef\Samos\DSC_0540.NEF: 2024-08-09 20:03:10
2026-01-10 14:03:28 - media_renamer_app - WARNING - exifread not available for RAW file GPS extraction: D:\Photos\Nef\Samos\DSC_0540.NEF
2026-01-10 14:03:28 - media_renamer_app - WARNING - Install exifread for better RAW support: pip install exifread
2026-01-10 14:03:28 - media_renamer_app - INFO - Successfully extracted date from image D:\Photos\Nef\Samos\DSC_0541.NEF: 2024-08-09 20:03:35
2026-01-10 14:03:28 - media_renamer_app - WARNING - exifread not available for RAW file GPS extraction: D:\Photos\Nef\Samos\DSC_0541.NEF
2026-01-10 14:03:28 - media_renamer_app - WARNING - Install exifread for better RAW support: pip install exifread
2026-01-10 14:03:28 - media_renamer_app - INFO - Successfully extracted date from image D:\Photos\Nef\Samos\DSC_0542.NEF: 2024-08-09 20:03:37
2026-01-10 14:03:28 - media_renamer_app - WARNING - exifread not available for RAW file GPS extraction: D:\Photos\Nef\Samos\DSC_0542.NEF
2026-01-10 14:03:28 - media_renamer_app - WARNING - Install exifread for better RAW support: pip install exifread
2026-01-10 14:03:28 - media_renamer_app - INFO - Successfully extracted date from image D:\Photos\Nef\Samos\DSC_0543.NEF: 2024-08-09 20:03:37
2026-01-10 14:03:28 - media_renamer_app - WARNING - exifread not available for RAW file GPS extraction: D:\Photos\Nef\Samos\DSC_0543.NEF
2026-01-10 14:03:28 - media_renamer_app - WARNING - Install exifread for better RAW support: pip install exifread
2026-01-10 14:03:28 - media_renamer_app - INFO - Successfully extracted date from image D:\Photos\Nef\Samos\DSC_0548.NEF: 2024-08-10 10:04:53
2026-01-10 14:03:28 - media_renamer_app - WARNING - exifread not available for RAW file GPS extraction: D:\Photos\Nef\Samos\DSC_0548.NEF
2026-01-10 14:03:28 - media_renamer_app - WARNING - Install exifread for better RAW support: pip install exifread
2026-01-10 14:03:28 - media_renamer_app - INFO - Successfully extracted date from image D:\Photos\Nef\Samos\DSC_0556.NEF: 2024-08-10 10:04:55
2026-01-10 14:03:28 - media_renamer_app - WARNING - exifread not available for RAW file GPS extraction: D:\Photos\Nef\Samos\DSC_0556.NEF
2026-01-10 14:03:28 - media_renamer_app - WARNING - Install exifread for better RAW support: pip install exifread
2026-01-10 14:03:28 - media_renamer_app - INFO - Successfully extracted date from image D:\Photos\Nef\Samos\DSC_0569.NEF: 2024-08-10 10:10:25
2026-01-10 14:03:28 - media_renamer_app - WARNING - exifread not available for RAW file GPS extraction: D:\Photos\Nef\Samos\DSC_0569.NEF
2026-01-10 14:03:28 - media_renamer_app - WARNING - Install exifread for better RAW support: pip install exifread
2026-01-10 14:03:28 - media_renamer_app - INFO - Successfully extracted date from image D:\Photos\Nef\Samos\DSC_0573.NEF: 2024-08-10 10:11:27
2026-01-10 14:03:28 - media_renamer_app - WARNING - exifread not available for RAW file GPS extraction: D:\Photos\Nef\Samos\DSC_0573.NEF
2026-01-10 14:03:28 - media_renamer_app - WARNING - Install exifread for better RAW support: pip install exifread
2026-01-10 14:03:28 - media_renamer_app - INFO - Successfully extracted date from image D:\Photos\Nef\Samos\DSC_0574.NEF: 2024-08-10 10:11:50
2026-01-10 14:03:28 - media_renamer_app - WARNING - exifread not available for RAW file GPS extraction: D:\Photos\Nef\Samos\DSC_0574.NEF
2026-01-10 14:03:28 - media_renamer_app - WARNING - Install exifread for better RAW support: pip install exifread
2026-01-10 14:03:28 - media_renamer_app - INFO - Successfully extracted date from image D:\Photos\Nef\Samos\DSC_0575.NEF: 2024-08-10 10:11:56
2026-01-10 14:03:28 - media_renamer_app - WARNING - exifread not available for RAW file GPS extraction: D:\Photos\Nef\Samos\DSC_0575.NEF
2026-01-10 14:03:28 - media_renamer_app - WARNING - Install exifread for better RAW support: pip install exifread
2026-01-10 14:03:28 - media_renamer_app - INFO - Successfully extracted date from image D:\Photos\Nef\Samos\DSC_0576.NEF: 2024-08-10 10:14:25
2026-01-10 14:03:28 - media_renamer_app - WARNING - exifread not available for RAW file GPS extraction: D:\Photos\Nef\Samos\DSC_0576.NEF
2026-01-10 14:03:28 - media_renamer_app - WARNING - Install exifread for better RAW support: pip install exifread
2026-01-10 14:03:28 - media_renamer_app - INFO - Successfully extracted date from image D:\Photos\Nef\Samos\DSC_0577.NEF: 2024-08-10 10:15:32
2026-01-10 14:03:28 - media_renamer_app - WARNING - exifread not available for RAW file GPS extraction: D:\Photos\Nef\Samos\DSC_0577.NEF
2026-01-10 14:03:28 - media_renamer_app - WARNING - Install exifread for better RAW support: pip install exifread
2026-01-10 14:03:28 - media_renamer_app - INFO - Successfully extracted date from image D:\Photos\Nef\Samos\DSC_0578.NEF: 2024-08-10 10:15:50
2026-01-10 14:03:28 - media_renamer_app - WARNING - exifread not available for RAW file GPS extraction: D:\Photos\Nef\Samos\DSC_0578.NEF
2026-01-10 14:03:28 - media_renamer_app - WARNING - Install exifread for better RAW support: pip install exifread
2026-01-10 14:03:28 - media_renamer_app - INFO - Successfully extracted date from image D:\Photos\Nef\Samos\DSC_0579.NEF: 2024-08-10 10:16:01
2026-01-10 14:03:28 - media_renamer_app - WARNING - exifread not available for RAW file GPS extraction: D:\Photos\Nef\Samos\DSC_0579.NEF
2026-01-10 14:03:28 - media_renamer_app - WARNING - Install exifread for better RAW support: pip install exifread
2026-01-10 14:03:28 - media_renamer_app - INFO - Successfully extracted date from image D:\Photos\Nef\Samos\DSC_0580.NEF: 2024-08-10 10:16:31
2026-01-10 14:03:28 - media_renamer_app - WARNING - exifread not available for RAW file GPS extraction: D:\Photos\Nef\Samos\DSC_0580.NEF
2026-01-10 14:03:28 - media_renamer_app - WARNING - Install exifread for better RAW support: pip install exifread
2026-01-10 14:03:28 - media_renamer_app - INFO - Successfully extracted date from image D:\Photos\Nef\Samos\DSC_0581.NEF: 2024-08-10 10:16:39
2026-01-10 14:03:28 - media_renamer_app - WARNING - exifread not available for RAW file GPS extraction: D:\Photos\Nef\Samos\DSC_0581.NEF
2026-01-10 14:03:28 - media_renamer_app - WARNING - Install exifread for better RAW support: pip install exifread
2026-01-10 14:03:28 - media_renamer_app - INFO - Successfully extracted date from image D:\Photos\Nef\Samos\DSC_0583.NEF: 2024-08-10 10:17:16
2026-01-10 14:03:28 - media_renamer_app - WARNING - exifread not available for RAW file GPS extraction: D:\Photos\Nef\Samos\DSC_0583.NEF
2026-01-10 14:03:28 - media_renamer_app - WARNING - Install exifread for better RAW support: pip install exifread
2026-01-10 14:03:28 - media_renamer_app - INFO - Successfully extracted date from image D:\Photos\Nef\Samos\DSC_0590.NEF: 2024-08-10 10:18:21
2026-01-10 14:03:28 - media_renamer_app - WARNING - exifread not available for RAW file GPS extraction: D:\Photos\Nef\Samos\DSC_0590.NEF
2026-01-10 14:03:28 - media_renamer_app - WARNING - Install exifread for better RAW support: pip install exifread
2026-01-10 14:03:28 - media_renamer_app - INFO - Successfully extracted date from image D:\Photos\Nef\Samos\DSC_0591.NEF: 2024-08-10 10:18:23
2026-01-10 14:03:28 - media_renamer_app - WARNING - exifread not available for RAW file GPS extraction: D:\Photos\Nef\Samos\DSC_0591.NEF
2026-01-10 14:03:28 - media_renamer_app - WARNING - Install exifread for better RAW support: pip install exifread
2026-01-10 14:03:28 - media_renamer_app - INFO - Successfully extracted date from image D:\Photos\Nef\Samos\DSC_0593.NEF: 2024-08-10 10:18:51
2026-01-10 14:03:28 - media_renamer_app - WARNING - exifread not available for RAW file GPS extraction: D:\Photos\Nef\Samos\DSC_0593.NEF
2026-01-10 14:03:28 - media_renamer_app - WARNING - Install exifread for better RAW support: pip install exifread
2026-01-10 14:03:28 - media_renamer_app - INFO - Successfully extracted date from image D:\Photos\Nef\Samos\DSC_0594.NEF: 2024-08-10 10:18:55
2026-01-10 14:03:28 - media_renamer_app - WARNING - exifread not available for RAW file GPS extraction: D:\Photos\Nef\Samos\DSC_0594.NEF
2026-01-10 14:03:28 - media_renamer_app - WARNING - Install exifread for better RAW support: pip install exifread
2026-01-10 14:03:28 - media_renamer_app - INFO - Successfully extracted date from image D:\Photos\Nef\Samos\DSC_0595.NEF: 2024-08-10 10:18:56
2026-01-10 14:03:28 - media_renamer_app - WARNING - exifread not available for RAW file GPS extraction: D:\Photos\Nef\Samos\DSC_0595.NEF
2026-01-10 14:03:28 - media_renamer_app - WARNING - Install exifread for better RAW support: pip install exifread
2026-01-10 14:03:28 - media_renamer_app - INFO - Successfully extracted date from image D:\Photos\Nef\Samos\DSC_0596.NEF: 2024-08-10 10:19:08
2026-01-10 14:03:28 - media_renamer_app - WARNING - exifread not available for RAW file GPS extraction: D:\Photos\Nef\Samos\DSC_0596.NEF
2026-01-10 14:03:28 - media_renamer_app - WARNING - Install exifread for better RAW support: pip install exifread
2026-01-10 14:03:28 - media_renamer_app - INFO - Successfully extracted date from image D:\Photos\Nef\Samos\DSC_0597.NEF: 2024-08-10 10:19:10
2026-01-10 14:03:28 - media_renamer_app - WARNING - exifread not available for RAW file GPS extraction: D:\Photos\Nef\Samos\DSC_0597.NEF
2026-01-10 14:03:28 - media_renamer_app - WARNING - Install exifread for better RAW support: pip install exifread
2026-01-10 14:03:28 - media_renamer_app - INFO - Successfully extracted date from image D:\Photos\Nef\Samos\DSC_0598.NEF: 2024-08-10 10:19:37
2026-01-10 14:03:28 - media_renamer_app - WARNING - exifread not available for RAW file GPS extraction: D:\Photos\Nef\Samos\DSC_0598.NEF
2026-01-10 14:03:28 - media_renamer_app - WARNING - Install exifread for better RAW support: pip install exifread
2026-01-10 14:03:28 - media_renamer_app - INFO - Successfully extracted date from image D:\Photos\Nef\Samos\DSC_0599.NEF: 2024-08-10 10:19:48
2026-01-10 14:03:28 - media_renamer_app - WARNING - exifread not available for RAW file GPS extraction: D:\Photos\Nef\Samos\DSC_0599.NEF
2026-01-10 14:03:28 - media_renamer_app - WARNING - Install exifread for better RAW support: pip install exifread
2026-01-10 14:03:28 - media_renamer_app - INFO - Successfully extracted date from image D:\Photos\Nef\Samos\DSC_0600.NEF: 2024-08-10 10:20:23
2026-01-10 14:03:28 - media_renamer_app - WARNING - exifread not available for RAW file GPS extraction: D:\Photos\Nef\Samos\DSC_0600.NEF
2026-01-10 14:03:28 - media_renamer_app - WARNING - Install exifread for better RAW support: pip install exifread
2026-01-10 14:03:28 - media_renamer_app - INFO - Successfully extracted date from image D:\Photos\Nef\Samos\DSC_0601.NEF: 2024-08-10 10:20:34
2026-01-10 14:03:28 - media_renamer_app - WARNING - exifread not available for RAW file GPS extraction: D:\Photos\Nef\Samos\DSC_0601.NEF
2026-01-10 14:03:28 - media_renamer_app - WARNING - Install exifread for better RAW support: pip install exifread
2026-01-10 14:03:28 - media_renamer_app - INFO - Successfully extracted date from image D:\Photos\Nef\Samos\DSC_0602.NEF: 2024-08-10 10:21:03
2026-01-10 14:03:28 - media_renamer_app - WARNING - exifread not available for RAW file GPS extraction: D:\Photos\Nef\Samos\DSC_0602.NEF
2026-01-10 14:03:28 - media_renamer_app - WARNING - Install exifread for better RAW support: pip install exifread
2026-01-10 14:03:28 - media_renamer_app - INFO - Successfully extracted date from image D:\Photos\Nef\Samos\DSC_0603.NEF: 2024-08-10 10:21:40
2026-01-10 14:03:28 - media_renamer_app - WARNING - exifread not available for RAW file GPS extraction: D:\Photos\Nef\Samos\DSC_0603.NEF
2026-01-10 14:03:28 - media_renamer_app - WARNING - Install exifread for better RAW support: pip install exifread
2026-01-10 14:03:28 - media_renamer_app - INFO - Successfully extracted date from image D:\Photos\Nef\Samos\DSC_0604.NEF: 2024-08-10 10:21:44
2026-01-10 14:03:28 - media_renamer_app - WARNING - exifread not available for RAW file GPS extraction: D:\Photos\Nef\Samos\DSC_0604.NEF
2026-01-10 14:03:28 - media_renamer_app - WARNING - Install exifread for better RAW support: pip install exifread
2026-01-10 14:03:28 - media_renamer_app - INFO - Successfully extracted date from image D:\Photos\Nef\Samos\DSC_0605.NEF: 2024-08-10 10:21:47
2026-01-10 14:03:28 - media_renamer_app - WARNING - exifread not available for RAW file GPS extraction: D:\Photos\Nef\Samos\DSC_0605.NEF
2026-01-10 14:03:28 - media_renamer_app - WARNING - Install exifread for better RAW support: pip install exifread
2026-01-10 14:03:28 - media_renamer_app - INFO - Successfully extracted date from image D:\Photos\Nef\Samos\DSC_0608.NEF: 2024-08-10 10:24:03
2026-01-10 14:03:28 - media_renamer_app - WARNING - exifread not available for RAW file GPS extraction: D:\Photos\Nef\Samos\DSC_0608.NEF
2026-01-10 14:03:28 - media_renamer_app - WARNING - Install exifread for better RAW support: pip install exifread
2026-01-10 14:03:28 - media_renamer_app - INFO - Successfully extracted date from image D:\Photos\Nef\Samos\DSC_0609.NEF: 2024-08-10 10:24:15
2026-01-10 14:03:28 - media_renamer_app - WARNING - exifread not available for RAW file GPS extraction: D:\Photos\Nef\Samos\DSC_0609.NEF
2026-01-10 14:03:28 - media_renamer_app - WARNING - Install exifread for better RAW support: pip install exifread
2026-01-10 14:03:28 - media_renamer_app - INFO - Successfully extracted date from image D:\Photos\Nef\Samos\DSC_0610.NEF: 2024-08-10 10:25:09
2026-01-10 14:03:28 - media_renamer_app - WARNING - exifread not available for RAW file GPS extraction: D:\Photos\Nef\Samos\DSC_0610.NEF
2026-01-10 14:03:28 - media_renamer_app - WARNING - Install exifread for better RAW support: pip install exifread
2026-01-10 14:03:28 - media_renamer_app - INFO - Successfully extracted date from image D:\Photos\Nef\Samos\DSC_0611.NEF: 2024-08-10 10:25:42
2026-01-10 14:03:28 - media_renamer_app - WARNING - exifread not available for RAW file GPS extraction: D:\Photos\Nef\Samos\DSC_0611.NEF
2026-01-10 14:03:28 - media_renamer_app - WARNING - Install exifread for better RAW support: pip install exifread
2026-01-10 14:03:28 - media_renamer_app - INFO - Successfully extracted date from image D:\Photos\Nef\Samos\DSC_0612.NEF: 2024-08-10 10:26:35
2026-01-10 14:03:28 - media_renamer_app - WARNING - exifread not available for RAW file GPS extraction: D:\Photos\Nef\Samos\DSC_0612.NEF
2026-01-10 14:03:28 - media_renamer_app - WARNING - Install exifread for better RAW support: pip install exifread
2026-01-10 14:03:28 - media_renamer_app - INFO - Successfully extracted date from image D:\Photos\Nef\Samos\DSC_0613.NEF: 2024-08-10 10:26:38
2026-01-10 14:03:28 - media_renamer_app - WARNING - exifread not available for RAW file GPS extraction: D:\Photos\Nef\Samos\DSC_0613.NEF
2026-01-10 14:03:28 - media_renamer_app - WARNING - Install exifread for better RAW support: pip install exifread
2026-01-10 14:03:28 - media_renamer_app - INFO - Successfully extracted date from image D:\Photos\Nef\Samos\DSC_0614.NEF: 2024-08-10 10:27:40
2026-01-10 14:03:28 - media_renamer_app - WARNING - exifread not available for RAW file GPS extraction: D:\Photos\Nef\Samos\DSC_0614.NEF
2026-01-10 14:03:28 - media_renamer_app - WARNING - Install exifread for better RAW support: pip install exifread
2026-01-10 14:03:28 - media_renamer_app - INFO - Successfully extracted date from image D:\Photos\Nef\Samos\DSC_0615.NEF: 2024-08-10 10:28:05
2026-01-10 14:03:28 - media_renamer_app - WARNING - exifread not available for RAW file GPS extraction: D:\Photos\Nef\Samos\DSC_0615.NEF
2026-01-10 14:03:28 - media_renamer_app - WARNING - Install exifread for better RAW support: pip install exifread
2026-01-10 14:03:28 - media_renamer_app - INFO - Successfully extracted date from image D:\Photos\Nef\Samos\DSC_0616.NEF: 2024-08-10 10:30:46
2026-01-10 14:03:28 - media_renamer_app - WARNING - exifread not available for RAW file GPS extraction: D:\Photos\Nef\Samos\DSC_0616.NEF
2026-01-10 14:03:28 - media_renamer_app - WARNING - Install exifread for better RAW support: pip install exifread
2026-01-10 14:03:28 - media_renamer_app - INFO - Successfully extracted date from image D:\Photos\Nef\Samos\DSC_0617.NEF: 2024-08-10 10:31:58
2026-01-10 14:03:28 - media_renamer_app - WARNING - exifread not available for RAW file GPS extraction: D:\Photos\Nef\Samos\DSC_0617.NEF
2026-01-10 14:03:28 - media_renamer_app - WARNING - Install exifread for better RAW support: pip install exifread
2026-01-10 14:03:28 - media_renamer_app - INFO - Successfully extracted date from image D:\Photos\Nef\Samos\DSC_0618.NEF: 2024-08-10 10:32:00
2026-01-10 14:03:28 - media_renamer_app - WARNING - exifread not available for RAW file GPS extraction: D:\Photos\Nef\Samos\DSC_0618.NEF
2026-01-10 14:03:28 - media_renamer_app - WARNING - Install exifread for better RAW support: pip install exifread
2026-01-10 14:03:28 - media_renamer_app - INFO - Successfully extracted date from image D:\Photos\Nef\Samos\DSC_0619.NEF: 2024-08-10 10:32:06
2026-01-10 14:03:28 - media_renamer_app - WARNING - exifread not available for RAW file GPS extraction: D:\Photos\Nef\Samos\DSC_0619.NEF
2026-01-10 14:03:28 - media_renamer_app - WARNING - Install exifread for better RAW support: pip install exifread
2026-01-10 14:03:28 - media_renamer_app - INFO - Successfully extracted date from image D:\Photos\Nef\Samos\DSC_0620.NEF: 2024-08-10 10:35:37
2026-01-10 14:03:28 - media_renamer_app - WARNING - exifread not available for RAW file GPS extraction: D:\Photos\Nef\Samos\DSC_0620.NEF
2026-01-10 14:03:28 - media_renamer_app - WARNING - Install exifread for better RAW support: pip install exifread
2026-01-10 14:03:28 - media_renamer_app - INFO - Successfully extracted date from image D:\Photos\Nef\Samos\DSC_0621.NEF: 2024-08-10 10:35:41
2026-01-10 14:03:28 - media_renamer_app - WARNING - exifread not available for RAW file GPS extraction: D:\Photos\Nef\Samos\DSC_0621.NEF
2026-01-10 14:03:28 - media_renamer_app - WARNING - Install exifread for better RAW support: pip install exifread
2026-01-10 14:03:28 - media_renamer_app - INFO - Successfully extracted date from image D:\Photos\Nef\Samos\DSC_0622.NEF: 2024-08-11 12:27:53
2026-01-10 14:03:28 - media_renamer_app - WARNING - exifread not available for RAW file GPS extraction: D:\Photos\Nef\Samos\DSC_0622.NEF
2026-01-10 14:03:28 - media_renamer_app - WARNING - Install exifread for better RAW support: pip install exifread
2026-01-10 14:03:28 - media_renamer_app - INFO - Successfully extracted date from image D:\Photos\Nef\Samos\DSC_0623.NEF: 2024-08-11 12:28:16
2026-01-10 14:03:28 - media_renamer_app - WARNING - exifread not available for RAW file GPS extraction: D:\Photos\Nef\Samos\DSC_0623.NEF
2026-01-10 14:03:28 - media_renamer_app - WARNING - Install exifread for better RAW support: pip install exifread
2026-01-10 14:03:28 - media_renamer_app - INFO - Successfully extracted date from image D:\Photos\Nef\Samos\DSC_0624.NEF: 2024-08-11 12:31:26
2026-01-10 14:03:28 - media_renamer_app - WARNING - exifread not available for RAW file GPS extraction: D:\Photos\Nef\Samos\DSC_0624.NEF
2026-01-10 14:03:28 - media_renamer_app - WARNING - Install exifread for better RAW support: pip install exifread
2026-01-10 14:03:28 - media_renamer_app - INFO - Successfully extracted date from image D:\Photos\Nef\Samos\DSC_0625.NEF: 2024-08-11 12:33:30
2026-01-10 14:03:28 - media_renamer_app - WARNING - exifread not available for RAW file GPS extraction: D:\Photos\Nef\Samos\DSC_0625.NEF
2026-01-10 14:03:28 - media_renamer_app - WARNING - Install exifread for better RAW support: pip install exifread
2026-01-10 14:03:28 - media_renamer_app - INFO - Successfully extracted date from image D:\Photos\Nef\Samos\DSC_0626.NEF: 2024-08-11 12:33:36
2026-01-10 14:03:28 - media_renamer_app - WARNING - exifread not available for RAW file GPS extraction: D:\Photos\Nef\Samos\DSC_0626.NEF
2026-01-10 14:03:28 - media_renamer_app - WARNING - Install exifread for better RAW support: pip install exifread
2026-01-10 14:03:28 - media_renamer_app - INFO - Successfully extracted date from image D:\Photos\Nef\Samos\DSC_0627.NEF: 2024-08-11 12:33:38
2026-01-10 14:03:28 - media_renamer_app - WARNING - exifread not available for RAW file GPS extraction: D:\Photos\Nef\Samos\DSC_0627.NEF
2026-01-10 14:03:28 - media_renamer_app - WARNING - Install exifread for better RAW support: pip install exifread
2026-01-10 14:03:28 - media_renamer_app - INFO - Successfully extracted date from image D:\Photos\Nef\Samos\DSC_0628.NEF: 2024-08-11 12:33:54
2026-01-10 14:03:28 - media_renamer_app - WARNING - exifread not available for RAW file GPS extraction: D:\Photos\Nef\Samos\DSC_0628.NEF
2026-01-10 14:03:28 - media_renamer_app - WARNING - Install exifread for better RAW support: pip install exifread
2026-01-10 14:03:28 - media_renamer_app - INFO - Successfully extracted date from image D:\Photos\Nef\Samos\DSC_0629.NEF: 2024-08-11 12:34:00
2026-01-10 14:03:28 - media_renamer_app - WARNING - exifread not available for RAW file GPS extraction: D:\Photos\Nef\Samos\DSC_0629.NEF
2026-01-10 14:03:28 - media_renamer_app - WARNING - Install exifread for better RAW support: pip install exifread
2026-01-10 14:03:28 - media_renamer_app - INFO - Successfully extracted date from image D:\Photos\Nef\Samos\DSC_0630.NEF: 2024-08-11 12:34:27
2026-01-10 14:03:28 - media_renamer_app - WARNING - exifread not available for RAW file GPS extraction: D:\Photos\Nef\Samos\DSC_0630.NEF
2026-01-10 14:03:28 - media_renamer_app - WARNING - Install exifread for better RAW support: pip install exifread
2026-01-10 14:03:28 - media_renamer_app - INFO - Successfully extracted date from image D:\Photos\Nef\Samos\DSC_0631.NEF: 2024-08-11 12:35:35
2026-01-10 14:03:28 - media_renamer_app - WARNING - exifread not available for RAW file GPS extraction: D:\Photos\Nef\Samos\DSC_0631.NEF
2026-01-10 14:03:28 - media_renamer_app - WARNING - Install exifread for better RAW support: pip install exifread
2026-01-10 14:03:28 - media_renamer_app - INFO - Successfully extracted date from image D:\Photos\Nef\Samos\DSC_0632.NEF: 2024-08-11 12:36:30
2026-01-10 14:03:28 - media_renamer_app - WARNING - exifread not available for RAW file GPS extraction: D:\Photos\Nef\Samos\DSC_0632.NEF
2026-01-10 14:03:28 - media_renamer_app - WARNING - Install exifread for better RAW support: pip install exifread
2026-01-10 14:03:28 - media_renamer_app - INFO - Successfully extracted date from image D:\Photos\Nef\Samos\DSC_0633.NEF: 2024-08-11 12:36:34
2026-01-10 14:03:28 - media_renamer_app - WARNING - exifread not available for RAW file GPS extraction: D:\Photos\Nef\Samos\DSC_0633.NEF
2026-01-10 14:03:28 - media_renamer_app - WARNING - Install exifread for better RAW support: pip install exifread
2026-01-10 14:03:28 - media_renamer_app - INFO - Successfully extracted date from image D:\Photos\Nef\Samos\DSC_0634.NEF: 2024-08-11 12:39:26
2026-01-10 14:03:28 - media_renamer_app - WARNING - exifread not available for RAW file GPS extraction: D:\Photos\Nef\Samos\DSC_0634.NEF
2026-01-10 14:03:28 - media_renamer_app - WARNING - Install exifread for better RAW support: pip install exifread
2026-01-10 14:03:28 - media_renamer_app - INFO - Successfully extracted date from image D:\Photos\Nef\Samos\DSC_0635.NEF: 2024-08-11 12:39:36
2026-01-10 14:03:28 - media_renamer_app - WARNING - exifread not available for RAW file GPS extraction: D:\Photos\Nef\Samos\DSC_0635.NEF
2026-01-10 14:03:28 - media_renamer_app - WARNING - Install exifread for better RAW support: pip install exifread
2026-01-10 14:03:28 - media_renamer_app - INFO - Successfully extracted date from image D:\Photos\Nef\Samos\DSC_0636.NEF: 2024-08-11 12:41:25
2026-01-10 14:03:28 - media_renamer_app - WARNING - exifread not available for RAW file GPS extraction: D:\Photos\Nef\Samos\DSC_0636.NEF
2026-01-10 14:03:28 - media_renamer_app - WARNING - Install exifread for better RAW support: pip install exifread
2026-01-10 14:03:28 - media_renamer_app - INFO - Successfully extracted date from image D:\Photos\Nef\Samos\DSC_0637.NEF: 2024-08-11 12:41:27
2026-01-10 14:03:28 - media_renamer_app - WARNING - exifread not available for RAW file GPS extraction: D:\Photos\Nef\Samos\DSC_0637.NEF
2026-01-10 14:03:28 - media_renamer_app - WARNING - Install exifread for better RAW support: pip install exifread
2026-01-10 14:03:28 - media_renamer_app - INFO - Successfully extracted date from image D:\Photos\Nef\Samos\DSC_0638.NEF: 2024-08-11 12:41:37
2026-01-10 14:03:28 - media_renamer_app - WARNING - exifread not available for RAW file GPS extraction: D:\Photos\Nef\Samos\DSC_0638.NEF
2026-01-10 14:03:28 - media_renamer_app - WARNING - Install exifread for better RAW support: pip install exifread
2026-01-10 14:03:28 - media_renamer_app - INFO - Successfully extracted date from image D:\Photos\Nef\Samos\DSC_0639.NEF: 2024-08-11 12:41:41
2026-01-10 14:03:28 - media_renamer_app - WARNING - exifread not available for RAW file GPS extraction: D:\Photos\Nef\Samos\DSC_0639.NEF
2026-01-10 14:03:28 - media_renamer_app - WARNING - Install exifread for better RAW support: pip install exifread
2026-01-10 14:03:28 - media_renamer_app - INFO - Successfully extracted date from image D:\Photos\Nef\Samos\DSC_0640.NEF: 2024-08-11 12:41:43
2026-01-10 14:03:28 - media_renamer_app - WARNING - exifread not available for RAW file GPS extraction: D:\Photos\Nef\Samos\DSC_0640.NEF
2026-01-10 14:03:28 - media_renamer_app - WARNING - Install exifread for better RAW support: pip install exifread
2026-01-10 14:03:28 - media_renamer_app - INFO - Successfully extracted date from image D:\Photos\Nef\Samos\DSC_0641.NEF: 2024-08-11 12:41:50
2026-01-10 14:03:28 - media_renamer_app - WARNING - exifread not available for RAW file GPS extraction: D:\Photos\Nef\Samos\DSC_0641.NEF
2026-01-10 14:03:28 - media_renamer_app - WARNING - Install exifread for better RAW support: pip install exifread
2026-01-10 14:03:28 - media_renamer_app - INFO - Successfully extracted date from image D:\Photos\Nef\Samos\DSC_0642.NEF: 2024-08-11 12:41:53
2026-01-10 14:03:28 - media_renamer_app - WARNING - exifread not available for RAW file GPS extraction: D:\Photos\Nef\Samos\DSC_0642.NEF
2026-01-10 14:03:28 - media_renamer_app - WARNING - Install exifread for better RAW support: pip install exifread
2026-01-10 14:03:28 - media_renamer_app - INFO - Successfully extracted date from image D:\Photos\Nef\Samos\DSC_0643.NEF: 2024-08-11 12:42:22
2026-01-10 14:03:28 - media_renamer_app - WARNING - exifread not available for RAW file GPS extraction: D:\Photos\Nef\Samos\DSC_0643.NEF
2026-01-10 14:03:28 - media_renamer_app - WARNING - Install exifread for better RAW support: pip install exifread
2026-01-10 14:03:28 - media_renamer_app - INFO - Successfully extracted date from image D:\Photos\Nef\Samos\DSC_0644.NEF: 2024-08-11 12:42:23
2026-01-10 14:03:28 - media_renamer_app - WARNING - exifread not available for RAW file GPS extraction: D:\Photos\Nef\Samos\DSC_0644.NEF
2026-01-10 14:03:28 - media_renamer_app - WARNING - Install exifread for better RAW support: pip install exifread
2026-01-10 14:03:28 - media_renamer_app - INFO - Successfully extracted date from image D:\Photos\Nef\Samos\DSC_0645.NEF: 2024-08-11 12:42:28
2026-01-10 14:03:28 - media_renamer_app - WARNING - exifread not available for RAW file GPS extraction: D:\Photos\Nef\Samos\DSC_0645.NEF
2026-01-10 14:03:28 - media_renamer_app - WARNING - Install exifread for better RAW support: pip install exifread
2026-01-10 14:03:28 - media_renamer_app - INFO - Successfully extracted date from image D:\Photos\Nef\Samos\DSC_0646.NEF: 2024-08-11 12:42:30
2026-01-10 14:03:28 - media_renamer_app - WARNING - exifread not available for RAW file GPS extraction: D:\Photos\Nef\Samos\DSC_0646.NEF
2026-01-10 14:03:28 - media_renamer_app - WARNING - Install exifread for better RAW support: pip install exifread
2026-01-10 14:03:28 - media_renamer_app - INFO - Successfully extracted date from image D:\Photos\Nef\Samos\DSC_0647.NEF: 2024-08-11 12:42:32
2026-01-10 14:03:28 - media_renamer_app - WARNING - exifread not available for RAW file GPS extraction: D:\Photos\Nef\Samos\DSC_0647.NEF
2026-01-10 14:03:28 - media_renamer_app - WARNING - Install exifread for better RAW support: pip install exifread
2026-01-10 14:03:28 - media_renamer_app - INFO - Successfully extracted date from image D:\Photos\Nef\Samos\DSC_0648.NEF: 2024-08-11 12:47:53
2026-01-10 14:03:28 - media_renamer_app - WARNING - exifread not available for RAW file GPS extraction: D:\Photos\Nef\Samos\DSC_0648.NEF
2026-01-10 14:03:28 - media_renamer_app - WARNING - Install exifread for better RAW support: pip install exifread
2026-01-10 14:03:28 - media_renamer_app - INFO - Successfully extracted date from image D:\Photos\Nef\Samos\DSC_0649.NEF: 2024-08-11 12:47:55
2026-01-10 14:03:28 - media_renamer_app - WARNING - exifread not available for RAW file GPS extraction: D:\Photos\Nef\Samos\DSC_0649.NEF
2026-01-10 14:03:28 - media_renamer_app - WARNING - Install exifread for better RAW support: pip install exifread
2026-01-10 14:03:28 - media_renamer_app - INFO - Successfully extracted date from image D:\Photos\Nef\Samos\DSC_0650.NEF: 2024-08-11 12:47:58
2026-01-10 14:03:28 - media_renamer_app - WARNING - exifread not available for RAW file GPS extraction: D:\Photos\Nef\Samos\DSC_0650.NEF
2026-01-10 14:03:28 - media_renamer_app - WARNING - Install exifread for better RAW support: pip install exifread
2026-01-10 14:03:28 - media_renamer_app - INFO - Successfully extracted date from image D:\Photos\Nef\Samos\DSC_0651.NEF: 2024-08-11 12:48:21
2026-01-10 14:03:28 - media_renamer_app - WARNING - exifread not available for RAW file GPS extraction: D:\Photos\Nef\Samos\DSC_0651.NEF
2026-01-10 14:03:28 - media_renamer_app - WARNING - Install exifread for better RAW support: pip install exifread
2026-01-10 14:03:28 - media_renamer_app - INFO - Successfully extracted date from image D:\Photos\Nef\Samos\DSC_0652.NEF: 2024-08-11 12:48:24
2026-01-10 14:03:28 - media_renamer_app - WARNING - exifread not available for RAW file GPS extraction: D:\Photos\Nef\Samos\DSC_0652.NEF
2026-01-10 14:03:28 - media_renamer_app - WARNING - Install exifread for better RAW support: pip install exifread
2026-01-10 14:03:28 - media_renamer_app - INFO - Successfully extracted date from image D:\Photos\Nef\Samos\DSC_0653.NEF: 2024-08-11 12:51:08
2026-01-10 14:03:28 - media_renamer_app - WARNING - exifread not available for RAW file GPS extraction: D:\Photos\Nef\Samos\DSC_0653.NEF
2026-01-10 14:03:28 - media_renamer_app - WARNING - Install exifread for better RAW support: pip install exifread
2026-01-10 14:03:28 - media_renamer_app - INFO - Successfully extracted date from image D:\Photos\Nef\Samos\DSC_0654.NEF: 2024-08-11 12:51:28
2026-01-10 14:03:28 - media_renamer_app - WARNING - exifread not available for RAW file GPS extraction: D:\Photos\Nef\Samos\DSC_0654.NEF
2026-01-10 14:03:28 - media_renamer_app - WARNING - Install exifread for better RAW support: pip install exifread
2026-01-10 14:03:28 - media_renamer_app - INFO - Successfully extracted date from image D:\Photos\Nef\Samos\DSC_0655.NEF: 2024-08-11 12:51:48
2026-01-10 14:03:28 - media_renamer_app - WARNING - exifread not available for RAW file GPS extraction: D:\Photos\Nef\Samos\DSC_0655.NEF
2026-01-10 14:03:28 - media_renamer_app - WARNING - Install exifread for better RAW support: pip install exifread
2026-01-10 14:03:28 - media_renamer_app - INFO - Successfully extracted date from image D:\Photos\Nef\Samos\DSC_0656.NEF: 2024-08-11 12:51:51
2026-01-10 14:03:28 - media_renamer_app - WARNING - exifread not available for RAW file GPS extraction: D:\Photos\Nef\Samos\DSC_0656.NEF
2026-01-10 14:03:28 - media_renamer_app - WARNING - Install exifread for better RAW support: pip install exifread
2026-01-10 14:03:28 - media_renamer_app - INFO - Successfully extracted date from image D:\Photos\Nef\Samos\DSC_0657.NEF: 2024-08-11 12:51:59
2026-01-10 14:03:28 - media_renamer_app - WARNING - exifread not available for RAW file GPS extraction: D:\Photos\Nef\Samos\DSC_0657.NEF
2026-01-10 14:03:28 - media_renamer_app - WARNING - Install exifread for better RAW support: pip install exifread
2026-01-10 14:03:28 - media_renamer_app - INFO - Successfully extracted date from image D:\Photos\Nef\Samos\DSC_0658.NEF: 2024-08-11 12:52:02
2026-01-10 14:03:28 - media_renamer_app - WARNING - exifread not available for RAW file GPS extraction: D:\Photos\Nef\Samos\DSC_0658.NEF
2026-01-10 14:03:28 - media_renamer_app - WARNING - Install exifread for better RAW support: pip install exifread
2026-01-10 14:03:28 - media_renamer_app - INFO - Successfully extracted date from image D:\Photos\Nef\Samos\DSC_0659.NEF: 2024-08-11 12:52:04
2026-01-10 14:03:28 - media_renamer_app - WARNING - exifread not available for RAW file GPS extraction: D:\Photos\Nef\Samos\DSC_0659.NEF
2026-01-10 14:03:28 - media_renamer_app - WARNING - Install exifread for better RAW support: pip install exifread
2026-01-10 14:03:28 - media_renamer_app - INFO - Successfully extracted date from image D:\Photos\Nef\Samos\DSC_0660.NEF: 2024-08-11 12:52:05
2026-01-10 14:03:28 - media_renamer_app - WARNING - exifread not available for RAW file GPS extraction: D:\Photos\Nef\Samos\DSC_0660.NEF
2026-01-10 14:03:28 - media_renamer_app - WARNING - Install exifread for better RAW support: pip install exifread
2026-01-10 14:03:28 - media_renamer_app - INFO - Successfully extracted date from image D:\Photos\Nef\Samos\DSC_0661.NEF: 2024-08-11 12:52:07
2026-01-10 14:03:28 - media_renamer_app - WARNING - exifread not available for RAW file GPS extraction: D:\Photos\Nef\Samos\DSC_0661.NEF
2026-01-10 14:03:28 - media_renamer_app - WARNING - Install exifread for better RAW support: pip install exifread
2026-01-10 14:03:28 - media_renamer_app - INFO - Successfully extracted date from image D:\Photos\Nef\Samos\DSC_0662.NEF: 2024-08-11 12:52:08
2026-01-10 14:03:28 - media_renamer_app - WARNING - exifread not available for RAW file GPS extraction: D:\Photos\Nef\Samos\DSC_0662.NEF
2026-01-10 14:03:28 - media_renamer_app - WARNING - Install exifread for better RAW support: pip install exifread
2026-01-10 14:03:28 - media_renamer_app - INFO - Successfully extracted date from image D:\Photos\Nef\Samos\DSC_0663.NEF: 2024-08-11 13:05:41
2026-01-10 14:03:28 - media_renamer_app - WARNING - exifread not available for RAW file GPS extraction: D:\Photos\Nef\Samos\DSC_0663.NEF
2026-01-10 14:03:28 - media_renamer_app - WARNING - Install exifread for better RAW support: pip install exifread
2026-01-10 14:03:28 - media_renamer_app - INFO - Successfully extracted date from image D:\Photos\Nef\Samos\DSC_0664.NEF: 2024-08-11 13:05:43
2026-01-10 14:03:28 - media_renamer_app - WARNING - exifread not available for RAW file GPS extraction: D:\Photos\Nef\Samos\DSC_0664.NEF
2026-01-10 14:03:28 - media_renamer_app - WARNING - Install exifread for better RAW support: pip install exifread
2026-01-10 14:03:28 - media_renamer_app - INFO - Successfully extracted date from image D:\Photos\Nef\Samos\DSC_0665.NEF: 2024-08-11 13:06:04
2026-01-10 14:03:28 - media_renamer_app - WARNING - exifread not available for RAW file GPS extraction: D:\Photos\Nef\Samos\DSC_0665.NEF
2026-01-10 14:03:28 - media_renamer_app - WARNING - Install exifread for better RAW support: pip install exifread
2026-01-10 14:03:28 - media_renamer_app - INFO - Successfully extracted date from image D:\Photos\Nef\Samos\DSC_0666.NEF: 2024-08-11 13:06:07
2026-01-10 14:03:28 - media_renamer_app - WARNING - exifread not available for RAW file GPS extraction: D:\Photos\Nef\Samos\DSC_0666.NEF
2026-01-10 14:03:28 - media_renamer_app - WARNING - Install exifread for better RAW support: pip install exifread
2026-01-10 14:03:28 - media_renamer_app - INFO - Successfully extracted date from image D:\Photos\Nef\Samos\DSC_0667.NEF: 2024-08-11 13:07:08
2026-01-10 14:03:28 - media_renamer_app - WARNING - exifread not available for RAW file GPS extraction: D:\Photos\Nef\Samos\DSC_0667.NEF
2026-01-10 14:03:28 - media_renamer_app - WARNING - Install exifread for better RAW support: pip install exifread
2026-01-10 14:03:28 - media_renamer_app - INFO - Successfully extracted date from image D:\Photos\Nef\Samos\DSC_0668.NEF: 2024-08-11 13:07:19
2026-01-10 14:03:28 - media_renamer_app - WARNING - exifread not available for RAW file GPS extraction: D:\Photos\Nef\Samos\DSC_0668.NEF
2026-01-10 14:03:28 - media_renamer_app - WARNING - Install exifread for better RAW support: pip install exifread
2026-01-10 14:03:28 - media_renamer_app - INFO - Successfully extracted date from image D:\Photos\Nef\Samos\DSC_0669.NEF: 2024-08-11 13:07:20
2026-01-10 14:03:28 - media_renamer_app - WARNING - exifread not available for RAW file GPS extraction: D:\Photos\Nef\Samos\DSC_0669.NEF
2026-01-10 14:03:28 - media_renamer_app - WARNING - Install exifread for better RAW support: pip install exifread
2026-01-10 14:03:28 - media_renamer_app - INFO - Successfully extracted date from image D:\Photos\Nef\Samos\DSC_0670.NEF: 2024-08-11 13:10:14
2026-01-10 14:03:28 - media_renamer_app - WARNING - exifread not available for RAW file GPS extraction: D:\Photos\Nef\Samos\DSC_0670.NEF
2026-01-10 14:03:28 - media_renamer_app - WARNING - Install exifread for better RAW support: pip install exifread
2026-01-10 14:03:28 - media_renamer_app - INFO - Successfully extracted date from image D:\Photos\Nef\Samos\DSC_0671.NEF: 2024-08-11 13:10:19
2026-01-10 14:03:28 - media_renamer_app - WARNING - exifread not available for RAW file GPS extraction: D:\Photos\Nef\Samos\DSC_0671.NEF
2026-01-10 14:03:28 - media_renamer_app - WARNING - Install exifread for better RAW support: pip install exifread
2026-01-10 14:03:28 - media_renamer_app - INFO - Successfully extracted date from image D:\Photos\Nef\Samos\DSC_0672.NEF: 2024-08-11 13:10:21
2026-01-10 14:03:28 - media_renamer_app - WARNING - exifread not available for RAW file GPS extraction: D:\Photos\Nef\Samos\DSC_0672.NEF
2026-01-10 14:03:28 - media_renamer_app - WARNING - Install exifread for better RAW support: pip install exifread
2026-01-10 14:03:28 - media_renamer_app - INFO - Successfully extracted date from image D:\Photos\Nef\Samos\DSC_0673.NEF: 2024-08-11 13:10:34
2026-01-10 14:03:28 - media_renamer_app - WARNING - exifread not available for RAW file GPS extraction: D:\Photos\Nef\Samos\DSC_0673.NEF
2026-01-10 14:03:28 - media_renamer_app - WARNING - Install exifread for better RAW support: pip install exifread
2026-01-10 14:03:28 - media_renamer_app - INFO - Successfully extracted date from image D:\Photos\Nef\Samos\DSC_0674.NEF: 2024-08-11 13:10:37
2026-01-10 14:03:28 - media_renamer_app - WARNING - exifread not available for RAW file GPS extraction: D:\Photos\Nef\Samos\DSC_0674.NEF
2026-01-10 14:03:28 - media_renamer_app - WARNING - Install exifread for better RAW support: pip install exifread
2026-01-10 14:03:28 - media_renamer_app - INFO - Successfully extracted date from image D:\Photos\Nef\Samos\DSC_0675.NEF: 2024-08-11 13:10:39
2026-01-10 14:03:28 - media_renamer_app - WARNING - exifread not available for RAW file GPS extraction: D:\Photos\Nef\Samos\DSC_0675.NEF
2026-01-10 14:03:28 - media_renamer_app - WARNING - Install exifread for better RAW support: pip install exifread
2026-01-10 14:03:28 - media_renamer_app - INFO - Successfully extracted date from image D:\Photos\Nef\Samos\DSC_0676.NEF: 2024-08-11 13:10:59
2026-01-10 14:03:28 - media_renamer_app - WARNING - exifread not available for RAW file GPS extraction: D:\Photos\Nef\Samos\DSC_0676.NEF
2026-01-10 14:03:28 - media_renamer_app - WARNING - Install exifread for better RAW support: pip install exifread
2026-01-10 14:03:28 - media_renamer_app - INFO - Successfully extracted date from image D:\Photos\Nef\Samos\DSC_0677.NEF: 2024-08-11 13:11:02
2026-01-10 14:03:28 - media_renamer_app - WARNING - exifread not available for RAW file GPS extraction: D:\Photos\Nef\Samos\DSC_0677.NEF
2026-01-10 14:03:28 - media_renamer_app - WARNING - Install exifread for better RAW support: pip install exifread
2026-01-10 14:03:28 - media_renamer_app - INFO - Successfully extracted date from image D:\Photos\Nef\Samos\DSC_0678.NEF: 2024-08-11 13:11:04
2026-01-10 14:03:28 - media_renamer_app - WARNING - exifread not available for RAW file GPS extraction: D:\Photos\Nef\Samos\DSC_0678.NEF
2026-01-10 14:03:28 - media_renamer_app - WARNING - Install exifread for better RAW support: pip install exifread
2026-01-10 14:03:28 - media_renamer_app - INFO - Successfully extracted date from image D:\Photos\Nef\Samos\DSC_0679.NEF: 2024-08-11 13:11:16
2026-01-10 14:03:28 - media_renamer_app - WARNING - exifread not available for RAW file GPS extraction: D:\Photos\Nef\Samos\DSC_0679.NEF
2026-01-10 14:03:28 - media_renamer_app - WARNING - Install exifread for better RAW support: pip install exifread
2026-01-10 14:03:28 - media_renamer_app - INFO - Successfully extracted date from image D:\Photos\Nef\Samos\DSC_0680.NEF: 2024-08-11 13:11:18
2026-01-10 14:03:28 - media_renamer_app - WARNING - exifread not available for RAW file GPS extraction: D:\Photos\Nef\Samos\DSC_0680.NEF
2026-01-10 14:03:28 - media_renamer_app - WARNING - Install exifread for better RAW support: pip install exifread
2026-01-10 14:03:28 - media_renamer_app - INFO - Successfully extracted date from image D:\Photos\Nef\Samos\DSC_0681.NEF: 2024-08-11 13:11:21
2026-01-10 14:03:28 - media_renamer_app - WARNING - exifread not available for RAW file GPS extraction: D:\Photos\Nef\Samos\DSC_0681.NEF
2026-01-10 14:03:28 - media_renamer_app - WARNING - Install exifread for better RAW support: pip install exifread
2026-01-10 14:03:28 - media_renamer_app - INFO - Successfully extracted date from image D:\Photos\Nef\Samos\DSC_0682.NEF: 2024-08-11 13:11:22
2026-01-10 14:03:28 - media_renamer_app - WARNING - exifread not available for RAW file GPS extraction: D:\Photos\Nef\Samos\DSC_0682.NEF
2026-01-10 14:03:28 - media_renamer_app - WARNING - Install exifread for better RAW support: pip install exifread
2026-01-10 14:03:28 - media_renamer_app - INFO - Successfully extracted date from image D:\Photos\Nef\Samos\DSC_0683.NEF: 2024-08-11 13:11:24
2026-01-10 14:03:28 - media_renamer_app - WARNING - exifread not available for RAW file GPS extraction: D:\Photos\Nef\Samos\DSC_0683.NEF
2026-01-10 14:03:28 - media_renamer_app - WARNING - Install exifread for better RAW support: pip install exifread
2026-01-10 14:03:29 - media_renamer_app - INFO - Successfully extracted date from image D:\Photos\Nef\Samos\DSC_0684.NEF: 2024-08-11 13:11:35
2026-01-10 14:03:29 - media_renamer_app - WARNING - exifread not available for RAW file GPS extraction: D:\Photos\Nef\Samos\DSC_0684.NEF
2026-01-10 14:03:29 - media_renamer_app - WARNING - Install exifread for better RAW support: pip install exifread
2026-01-10 14:03:29 - media_renamer_app - INFO - Successfully extracted date from image D:\Photos\Nef\Samos\DSC_0685.NEF: 2024-08-11 13:11:40
2026-01-10 14:03:29 - media_renamer_app - WARNING - exifread not available for RAW file GPS extraction: D:\Photos\Nef\Samos\DSC_0685.NEF
2026-01-10 14:03:29 - media_renamer_app - WARNING - Install exifread for better RAW support: pip install exifread
2026-01-10 14:03:29 - media_renamer_app - INFO - Successfully extracted date from image D:\Photos\Nef\Samos\DSC_0686.NEF: 2024-08-11 13:12:12
2026-01-10 14:03:29 - media_renamer_app - WARNING - exifread not available for RAW file GPS extraction: D:\Photos\Nef\Samos\DSC_0686.NEF
2026-01-10 14:03:29 - media_renamer_app - WARNING - Install exifread for better RAW support: pip install exifread
2026-01-10 14:03:29 - media_renamer_app - INFO - Successfully extracted date from image D:\Photos\Nef\Samos\DSC_0687.NEF: 2024-08-11 13:12:19
2026-01-10 14:03:29 - media_renamer_app - WARNING - exifread not available for RAW file GPS extraction: D:\Photos\Nef\Samos\DSC_0687.NEF
2026-01-10 14:03:29 - media_renamer_app - WARNING - Install exifread for better RAW support: pip install exifread
2026-01-10 14:03:29 - media_renamer_app - INFO - Successfully extracted date from image D:\Photos\Nef\Samos\DSC_0688.NEF: 2024-08-11 13:12:21
2026-01-10 14:03:29 - media_renamer_app - WARNING - exifread not available for RAW file GPS extraction: D:\Photos\Nef\Samos\DSC_0688.NEF
2026-01-10 14:03:29 - media_renamer_app - WARNING - Install exifread for better RAW support: pip install exifread
2026-01-10 14:03:29 - media_renamer_app - INFO - Successfully extracted date from image D:\Photos\Nef\Samos\DSC_0689.NEF: 2024-08-11 13:39:10
2026-01-10 14:03:29 - media_renamer_app - WARNING - exifread not available for RAW file GPS extraction: D:\Photos\Nef\Samos\DSC_0689.NEF
2026-01-10 14:03:29 - media_renamer_app - WARNING - Install exifread for better RAW support: pip install exifread
2026-01-10 14:03:29 - media_renamer_app - INFO - Successfully extracted date from image D:\Photos\Nef\Samos\DSC_0690.NEF: 2024-08-11 13:39:14
2026-01-10 14:03:29 - media_renamer_app - WARNING - exifread not available for RAW file GPS extraction: D:\Photos\Nef\Samos\DSC_0690.NEF
2026-01-10 14:03:29 - media_renamer_app - WARNING - Install exifread for better RAW support: pip install exifread
2026-01-10 14:03:29 - media_renamer_app - INFO - Successfully extracted date from image D:\Photos\Nef\Samos\DSC_0691.NEF: 2024-08-11 13:39:18
2026-01-10 14:03:29 - media_renamer_app - WARNING - exifread not available for RAW file GPS extraction: D:\Photos\Nef\Samos\DSC_0691.NEF
2026-01-10 14:03:29 - media_renamer_app - WARNING - Install exifread for better RAW support: pip install exifread
2026-01-10 14:03:29 - media_renamer_app - INFO - Successfully extracted date from image D:\Photos\Nef\Samos\DSC_0692.NEF: 2024-08-11 13:39:53
2026-01-10 14:03:29 - media_renamer_app - WARNING - exifread not available for RAW file GPS extraction: D:\Photos\Nef\Samos\DSC_0692.NEF
2026-01-10 14:03:29 - media_renamer_app - WARNING - Install exifread for better RAW support: pip install exifread
2026-01-10 14:03:29 - media_renamer_app - INFO - Successfully extracted date from image D:\Photos\Nef\Samos\DSC_0693.NEF: 2024-08-11 13:40:03
2026-01-10 14:03:29 - media_renamer_app - WARNING - exifread not available for RAW file GPS extraction: D:\Photos\Nef\Samos\DSC_0693.NEF
2026-01-10 14:03:29 - media_renamer_app - WARNING - Install exifread for better RAW support: pip install exifread
2026-01-10 14:03:29 - media_renamer_app - INFO - Successfully extracted date from image D:\Photos\Nef\Samos\DSC_0694.NEF: 2024-08-11 13:40:04
2026-01-10 14:03:29 - media_renamer_app - WARNING - exifread not available for RAW file GPS extraction: D:\Photos\Nef\Samos\DSC_0694.NEF
2026-01-10 14:03:29 - media_renamer_app - WARNING - Install exifread for better RAW support: pip install exifread
2026-01-10 14:03:29 - media_renamer_app - INFO - Successfully extracted date from image D:\Photos\Nef\Samos\DSC_0695.NEF: 2024-08-11 13:40:05
2026-01-10 14:03:29 - media_renamer_app - WARNING - exifread not available for RAW file GPS extraction: D:\Photos\Nef\Samos\DSC_0695.NEF
2026-01-10 14:03:29 - media_renamer_app - WARNING - Install exifread for better RAW support: pip install exifread
2026-01-10 14:03:29 - media_renamer_app - INFO - Successfully extracted date from image D:\Photos\Nef\Samos\DSC_0696.NEF: 2024-08-11 13:40:08
2026-01-10 14:03:29 - media_renamer_app - WARNING - exifread not available for RAW file GPS extraction: D:\Photos\Nef\Samos\DSC_0696.NEF
2026-01-10 14:03:29 - media_renamer_app - WARNING - Install exifread for better RAW support: pip install exifread
2026-01-10 14:03:29 - media_renamer_app - INFO - Successfully extracted date from image D:\Photos\Nef\Samos\DSC_0697.NEF: 2024-08-11 13:40:08
2026-01-10 14:03:29 - media_renamer_app - WARNING - exifread not available for RAW file GPS extraction: D:\Photos\Nef\Samos\DSC_0697.NEF
2026-01-10 14:03:29 - media_renamer_app - WARNING - Install exifread for better RAW support: pip install exifread
2026-01-10 14:03:29 - media_renamer_app - INFO - Successfully extracted date from image D:\Photos\Nef\Samos\DSC_0698.NEF: 2024-08-11 13:40:14
2026-01-10 14:03:29 - media_renamer_app - WARNING - exifread not available for RAW file GPS extraction: D:\Photos\Nef\Samos\DSC_0698.NEF
2026-01-10 14:03:29 - media_renamer_app - WARNING - Install exifread for better RAW support: pip install exifread
2026-01-10 14:03:29 - media_renamer_app - INFO - Successfully extracted date from image D:\Photos\Nef\Samos\DSC_0699.NEF: 2024-08-11 13:40:15
2026-01-10 14:03:29 - media_renamer_app - WARNING - exifread not available for RAW file GPS extraction: D:\Photos\Nef\Samos\DSC_0699.NEF
2026-01-10 14:03:29 - media_renamer_app - WARNING - Install exifread for better RAW support: pip install exifread
2026-01-10 14:03:29 - media_renamer_app - INFO - Successfully extracted date from image D:\Photos\Nef\Samos\DSC_0700.NEF: 2024-08-11 13:40:17
2026-01-10 14:03:29 - media_renamer_app - WARNING - exifread not available for RAW file GPS extraction: D:\Photos\Nef\Samos\DSC_0700.NEF
2026-01-10 14:03:29 - media_renamer_app - WARNING - Install exifread for better RAW support: pip install exifread
2026-01-10 14:03:29 - media_renamer_app - INFO - Successfully extracted date from image D:\Photos\Nef\Samos\DSC_0701.NEF: 2024-08-11 13:40:43
2026-01-10 14:03:29 - media_renamer_app - WARNING - exifread not available for RAW file GPS extraction: D:\Photos\Nef\Samos\DSC_0701.NEF
2026-01-10 14:03:29 - media_renamer_app - WARNING - Install exifread for better RAW support: pip install exifread
2026-01-10 14:03:29 - media_renamer_app - INFO - Successfully extracted date from image D:\Photos\Nef\Samos\DSC_0702.NEF: 2024-08-11 13:40:59
2026-01-10 14:03:29 - media_renamer_app - WARNING - exifread not available for RAW file GPS extraction: D:\Photos\Nef\Samos\DSC_0702.NEF
2026-01-10 14:03:29 - media_renamer_app - WARNING - Install exifread for better RAW support: pip install exifread
2026-01-10 14:03:29 - media_renamer_app - INFO - Successfully extracted date from image D:\Photos\Nef\Samos\DSC_0703.NEF: 2024-08-11 13:40:59
2026-01-10 14:03:29 - media_renamer_app - WARNING - exifread not available for RAW file GPS extraction: D:\Photos\Nef\Samos\DSC_0703.NEF
2026-01-10 14:03:29 - media_renamer_app - WARNING - Install exifread for better RAW support: pip install exifread
2026-01-10 14:03:29 - media_renamer_app - INFO - Successfully extracted date from image D:\Photos\Nef\Samos\DSC_0704.NEF: 2024-08-11 13:41:12
2026-01-10 14:03:29 - media_renamer_app - WARNING - exifread not available for RAW file GPS extraction: D:\Photos\Nef\Samos\DSC_0704.NEF
2026-01-10 14:03:29 - media_renamer_app - WARNING - Install exifread for better RAW support: pip install exifread
2026-01-10 14:03:29 - media_renamer_app - INFO - Successfully extracted date from image D:\Photos\Nef\Samos\DSC_0705.NEF: 2024-08-11 13:41:13
2026-01-10 14:03:29 - media_renamer_app - WARNING - exifread not available for RAW file GPS extraction: D:\Photos\Nef\Samos\DSC_0705.NEF
2026-01-10 14:03:29 - media_renamer_app - WARNING - Install exifread for better RAW support: pip install exifread
2026-01-10 14:03:29 - media_renamer_app - INFO - Successfully extracted date from image D:\Photos\Nef\Samos\DSC_0706.NEF: 2024-08-11 13:41:14
2026-01-10 14:03:29 - media_renamer_app - WARNING - exifread not available for RAW file GPS extraction: D:\Photos\Nef\Samos\DSC_0706.NEF
2026-01-10 14:03:29 - media_renamer_app - WARNING - Install exifread for better RAW support: pip install exifread
2026-01-10 14:03:29 - media_renamer_app - INFO - Successfully extracted date from image D:\Photos\Nef\Samos\DSC_0707.NEF: 2024-08-11 13:41:14
2026-01-10 14:03:29 - media_renamer_app - WARNING - exifread not available for RAW file GPS extraction: D:\Photos\Nef\Samos\DSC_0707.NEF
2026-01-10 14:03:29 - media_renamer_app - WARNING - Install exifread for better RAW support: pip install exifread
2026-01-10 14:03:29 - media_renamer_app - INFO - Successfully extracted date from image D:\Photos\Nef\Samos\DSC_0708.NEF: 2024-08-11 13:41:14
2026-01-10 14:03:29 - media_renamer_app - WARNING - exifread not available for RAW file GPS extraction: D:\Photos\Nef\Samos\DSC_0708.NEF
2026-01-10 14:03:29 - media_renamer_app - WARNING - Install exifread for better RAW support: pip install exifread
2026-01-10 14:03:29 - media_renamer_app - INFO - Successfully extracted date from image D:\Photos\Nef\Samos\DSC_0709.NEF: 2024-08-11 13:41:15
2026-01-10 14:03:29 - media_renamer_app - WARNING - exifread not available for RAW file GPS extraction: D:\Photos\Nef\Samos\DSC_0709.NEF
2026-01-10 14:03:29 - media_renamer_app - WARNING - Install exifread for better RAW support: pip install exifread
2026-01-10 14:03:29 - media_renamer_app - INFO - Successfully extracted date from image D:\Photos\Nef\Samos\DSC_0710.NEF: 2024-08-11 13:41:16
2026-01-10 14:03:29 - media_renamer_app - WARNING - exifread not available for RAW file GPS extraction: D:\Photos\Nef\Samos\DSC_0710.NEF
2026-01-10 14:03:29 - media_renamer_app - WARNING - Install exifread for better RAW support: pip install exifread
2026-01-10 14:03:29 - media_renamer_app - INFO - Successfully extracted date from image D:\Photos\Nef\Samos\DSC_0714.NEF: 2024-08-11 13:41:20
2026-01-10 14:03:29 - media_renamer_app - WARNING - exifread not available for RAW file GPS extraction: D:\Photos\Nef\Samos\DSC_0714.NEF
2026-01-10 14:03:29 - media_renamer_app - WARNING - Install exifread for better RAW support: pip install exifread
2026-01-10 14:03:29 - media_renamer_app - INFO - Successfully extracted date from image D:\Photos\Nef\Samos\DSC_0715.NEF: 2024-08-11 13:42:52
2026-01-10 14:03:29 - media_renamer_app - WARNING - exifread not available for RAW file GPS extraction: D:\Photos\Nef\Samos\DSC_0715.NEF
2026-01-10 14:03:29 - media_renamer_app - WARNING - Install exifread for better RAW support: pip install exifread
2026-01-10 14:03:29 - media_renamer_app - INFO - Successfully extracted date from image D:\Photos\Nef\Samos\DSC_0716.NEF: 2024-08-11 13:42:57
2026-01-10 14:03:29 - media_renamer_app - WARNING - exifread not available for RAW file GPS extraction: D:\Photos\Nef\Samos\DSC_0716.NEF
2026-01-10 14:03:29 - media_renamer_app - WARNING - Install exifread for better RAW support: pip install exifread
2026-01-10 14:03:29 - media_renamer_app - INFO - Successfully extracted date from image D:\Photos\Nef\Samos\DSC_0717.NEF: 2024-08-11 13:43:02
2026-01-10 14:03:29 - media_renamer_app - WARNING - exifread not available for RAW file GPS extraction: D:\Photos\Nef\Samos\DSC_0717.NEF
2026-01-10 14:03:29 - media_renamer_app - WARNING - Install exifread for better RAW support: pip install exifread
2026-01-10 14:03:29 - media_renamer_app - INFO - Successfully extracted date from image D:\Photos\Nef\Samos\DSC_0718.NEF: 2024-08-11 13:43:13
2026-01-10 14:03:29 - media_renamer_app - WARNING - exifread not available for RAW file GPS extraction: D:\Photos\Nef\Samos\DSC_0718.NEF
2026-01-10 14:03:29 - media_renamer_app - WARNING - Install exifread for better RAW support: pip install exifread
2026-01-10 14:03:29 - media_renamer_app - INFO - Successfully extracted date from image D:\Photos\Nef\Samos\DSC_0719.NEF: 2024-08-11 15:59:35
2026-01-10 14:03:29 - media_renamer_app - WARNING - exifread not available for RAW file GPS extraction: D:\Photos\Nef\Samos\DSC_0719.NEF
2026-01-10 14:03:29 - media_renamer_app - WARNING - Install exifread for better RAW support: pip install exifread
2026-01-10 14:03:29 - media_renamer_app - INFO - Successfully extracted date from image D:\Photos\Nef\Samos\DSC_0721.NEF: 2024-08-11 17:07:53
2026-01-10 14:03:29 - media_renamer_app - WARNING - exifread not available for RAW file GPS extraction: D:\Photos\Nef\Samos\DSC_0721.NEF
2026-01-10 14:03:29 - media_renamer_app - WARNING - Install exifread for better RAW support: pip install exifread
2026-01-10 14:03:29 - media_renamer_app - INFO - Successfully extracted date from image D:\Photos\Nef\Samos\DSC_0722.NEF: 2024-08-11 17:07:57
2026-01-10 14:03:29 - media_renamer_app - WARNING - exifread not available for RAW file GPS extraction: D:\Photos\Nef\Samos\DSC_0722.NEF
2026-01-10 14:03:29 - media_renamer_app - WARNING - Install exifread for better RAW support: pip install exifread
2026-01-10 14:03:29 - media_renamer_app - INFO - Successfully extracted date from image D:\Photos\Nef\Samos\DSC_0723.NEF: 2024-08-11 17:08:00
2026-01-10 14:03:29 - media_renamer_app - WARNING - exifread not available for RAW file GPS extraction: D:\Photos\Nef\Samos\DSC_0723.NEF
2026-01-10 14:03:29 - media_renamer_app - WARNING - Install exifread for better RAW support: pip install exifread
2026-01-10 14:03:29 - media_renamer_app - INFO - Successfully extracted date from image D:\Photos\Nef\Samos\DSC_0725.NEF: 2024-08-11 17:08:17
2026-01-10 14:03:29 - media_renamer_app - WARNING - exifread not available for RAW file GPS extraction: D:\Photos\Nef\Samos\DSC_0725.NEF
2026-01-10 14:03:29 - media_renamer_app - WARNING - Install exifread for better RAW support: pip install exifread
2026-01-10 14:03:29 - media_renamer_app - INFO - Successfully extracted date from image D:\Photos\Nef\Samos\DSC_0727.NEF: 2024-08-11 17:09:38
2026-01-10 14:03:29 - media_renamer_app - WARNING - exifread not available for RAW file GPS extraction: D:\Photos\Nef\Samos\DSC_0727.NEF
2026-01-10 14:03:29 - media_renamer_app - WARNING - Install exifread for better RAW support: pip install exifread
2026-01-10 14:03:29 - media_renamer_app - INFO - Successfully extracted date from image D:\Photos\Nef\Samos\DSC_0728.NEF: 2024-08-11 17:09:42
2026-01-10 14:03:29 - media_renamer_app - WARNING - exifread not available for RAW file GPS extraction: D:\Photos\Nef\Samos\DSC_0728.NEF
2026-01-10 14:03:29 - media_renamer_app - WARNING - Install exifread for better RAW support: pip install exifread
2026-01-10 14:03:29 - media_renamer_app - INFO - Successfully extracted date from image D:\Photos\Nef\Samos\DSC_0729.NEF: 2024-08-11 17:09:44
2026-01-10 14:03:29 - media_renamer_app - WARNING - exifread not available for RAW file GPS extraction: D:\Photos\Nef\Samos\DSC_0729.NEF
2026-01-10 14:03:29 - media_renamer_app - WARNING - Install exifread for better RAW support: pip install exifread
2026-01-10 14:03:29 - media_renamer_app - INFO - Successfully extracted date from image D:\Photos\Nef\Samos\DSC_0730.NEF: 2024-08-11 17:09:45
2026-01-10 14:03:29 - media_renamer_app - WARNING - exifread not available for RAW file GPS extraction: D:\Photos\Nef\Samos\DSC_0730.NEF
2026-01-10 14:03:29 - media_renamer_app - WARNING - Install exifread for better RAW support: pip install exifread
2026-01-10 14:03:29 - media_renamer_app - INFO - Successfully extracted date from image D:\Photos\Nef\Samos\DSC_0731.NEF: 2024-08-11 17:09:49
2026-01-10 14:03:29 - media_renamer_app - WARNING - exifread not available for RAW file GPS extraction: D:\Photos\Nef\Samos\DSC_0731.NEF
2026-01-10 14:03:29 - media_renamer_app - WARNING - Install exifread for better RAW support: pip install exifread
2026-01-10 14:03:29 - media_renamer_app - INFO - Successfully extracted date from image D:\Photos\Nef\Samos\DSC_0732.NEF: 2024-08-12 11:19:21
2026-01-10 14:03:29 - media_renamer_app - WARNING - exifread not available for RAW file GPS extraction: D:\Photos\Nef\Samos\DSC_0732.NEF
2026-01-10 14:03:29 - media_renamer_app - WARNING - Install exifread for better RAW support: pip install exifread
2026-01-10 14:03:29 - media_renamer_app - INFO - Successfully extracted date from image D:\Photos\Nef\Samos\DSC_0733.NEF: 2024-08-12 11:19:39
2026-01-10 14:03:29 - media_renamer_app - WARNING - exifread not available for RAW file GPS extraction: D:\Photos\Nef\Samos\DSC_0733.NEF
2026-01-10 14:03:29 - media_renamer_app - WARNING - Install exifread for better RAW support: pip install exifread
2026-01-10 14:03:29 - media_renamer_app - INFO - Successfully extracted date from image D:\Photos\Nef\Samos\DSC_0734.NEF: 2024-08-12 11:20:00
2026-01-10 14:03:29 - media_renamer_app - WARNING - exifread not available for RAW file GPS extraction: D:\Photos\Nef\Samos\DSC_0734.NEF
2026-01-10 14:03:29 - media_renamer_app - WARNING - Install exifread for better RAW support: pip install exifread
2026-01-10 14:03:29 - media_renamer_app - INFO - Successfully extracted date from image D:\Photos\Nef\Samos\DSC_0735.NEF: 2024-08-12 11:21:50
2026-01-10 14:03:29 - media_renamer_app - WARNING - exifread not available for RAW file GPS extraction: D:\Photos\Nef\Samos\DSC_0735.NEF
2026-01-10 14:03:29 - media_renamer_app - WARNING - Install exifread for better RAW support: pip install exifread
2026-01-10 14:03:29 - media_renamer_app - INFO - Successfully extracted date from image D:\Photos\Nef\Samos\DSC_0737.NEF: 2024-08-12 11:22:18
2026-01-10 14:03:29 - media_renamer_app - WARNING - exifread not available for RAW file GPS extraction: D:\Photos\Nef\Samos\DSC_0737.NEF
2026-01-10 14:03:29 - media_renamer_app - WARNING - Install exifread for better RAW support: pip install exifread
2026-01-10 14:03:29 - media_renamer_app - INFO - Successfully extracted date from image D:\Photos\Nef\Samos\DSC_0744.JPG: 2024-08-12 11:24:37
2026-01-10 14:03:29 - media_renamer_app - INFO - Successfully extracted date from image D:\Photos\Nef\Samos\DSC_0746.JPG: 2024-08-12 11:25:05
2026-01-10 14:03:29 - media_renamer_app - INFO - Successfully extracted date from image D:\Photos\Nef\Samos\DSC_0747.JPG: 2024-08-12 11:25:06
2026-01-10 14:03:29 - media_renamer_app - INFO - Successfully extracted date from image D:\Photos\Nef\Samos\DSC_0748.JPG: 2024-08-12 11:25:13
2026-01-10 14:03:29 - media_renamer_app - INFO - Successfully extracted date from image D:\Photos\Nef\Samos\DSC_0749.JPG: 2024-08-12 11:25:34
2026-01-10 14:03:29 - media_renamer_app - INFO - Successfully extracted date from image D:\Photos\Nef\Samos\DSC_0761.NEF: 2024-08-12 11:31:36
2026-01-10 14:03:29 - media_renamer_app - WARNING - exifread not available for RAW file GPS extraction: D:\Photos\Nef\Samos\DSC_0761.NEF
2026-01-10 14:03:29 - media_renamer_app - WARNING - Install exifread for better RAW support: pip install exifread
2026-01-10 14:03:29 - media_renamer_app - INFO - Successfully extracted date from image D:\Photos\Nef\Samos\DSC_0763.NEF: 2024-08-12 11:31:53
2026-01-10 14:03:29 - media_renamer_app - WARNING - exifread not available for RAW file GPS extraction: D:\Photos\Nef\Samos\DSC_0763.NEF
2026-01-10 14:03:29 - media_renamer_app - WARNING - Install exifread for better RAW support: pip install exifread
2026-01-10 14:03:29 - media_renamer_app - INFO - Successfully extracted date from image D:\Photos\Nef\Samos\DSC_0764.NEF: 2024-08-12 11:31:59
2026-01-10 14:03:29 - media_renamer_app - WARNING - exifread not available for RAW file GPS extraction: D:\Photos\Nef\Samos\DSC_0764.NEF
2026-01-10 14:03:29 - media_renamer_app - WARNING - Install exifread for better RAW support: pip install exifread
2026-01-10 14:03:29 - media_renamer_app - INFO - Successfully extracted date from image D:\Photos\Nef\Samos\DSC_0772.NEF: 2024-08-12 11:40:34
2026-01-10 14:03:29 - media_renamer_app - WARNING - exifread not available for RAW file GPS extraction: D:\Photos\Nef\Samos\DSC_0772.NEF
2026-01-10 14:03:29 - media_renamer_app - WARNING - Install exifread for better RAW support: pip install exifread
2026-01-10 14:03:29 - media_renamer_app - INFO - Successfully extracted date from image D:\Photos\Nef\Samos\DSC_0775.NEF: 2024-08-12 12:28:14
2026-01-10 14:03:29 - media_renamer_app - WARNING - exifread not available for RAW file GPS extraction: D:\Photos\Nef\Samos\DSC_0775.NEF
2026-01-10 14:03:29 - media_renamer_app - WARNING - Install exifread for better RAW support: pip install exifread
2026-01-10 14:03:29 - media_renamer_app - INFO - Successfully extracted date from image D:\Photos\Nef\Samos\DSC_0776.NEF: 2024-08-12 12:28:57
2026-01-10 14:03:29 - media_renamer_app - WARNING - exifread not available for RAW file GPS extraction: D:\Photos\Nef\Samos\DSC_0776.NEF
2026-01-10 14:03:29 - media_renamer_app - WARNING - Install exifread for better RAW support: pip install exifread
2026-01-10 14:03:29 - media_renamer_app - INFO - Successfully extracted date from image D:\Photos\Nef\Samos\DSC_0777.NEF: 2024-08-12 12:29:00
2026-01-10 14:03:29 - media_renamer_app - WARNING - exifread not available for RAW file GPS extraction: D:\Photos\Nef\Samos\DSC_0777.NEF
2026-01-10 14:03:29 - media_renamer_app - WARNING - Install exifread for better RAW support: pip install exifread
2026-01-10 14:03:29 - media_renamer_app - INFO - Successfully extracted date from image D:\Photos\Nef\Samos\DSC_0778.NEF: 2024-08-12 15:07:23
2026-01-10 14:03:29 - media_renamer_app - WARNING - exifread not available for RAW file GPS extraction: D:\Photos\Nef\Samos\DSC_0778.NEF
2026-01-10 14:03:29 - media_renamer_app - WARNING - Install exifread for better RAW support: pip install exifread
2026-01-10 14:03:29 - media_renamer_app - INFO - Successfully extracted date from image D:\Photos\Nef\Samos\DSC_0779.NEF: 2024-08-12 15:07:33
2026-01-10 14:03:29 - media_renamer_app - WARNING - exifread not available for RAW file GPS extraction: D:\Photos\Nef\Samos\DSC_0779.NEF
2026-01-10 14:03:29 - media_renamer_app - WARNING - Install exifread for better RAW support: pip install exifread
2026-01-10 14:03:29 - media_renamer_app - INFO - Successfully extracted date from image D:\Photos\Nef\Samos\DSC_0780.NEF: 2024-08-12 15:07:38
2026-01-10 14:03:29 - media_renamer_app - WARNING - exifread not available for RAW file GPS extraction: D:\Photos\Nef\Samos\DSC_0780.NEF
2026-01-10 14:03:29 - media_renamer_app - WARNING - Install exifread for better RAW support: pip install exifread
2026-01-10 14:03:29 - media_renamer_app - INFO - Successfully extracted date from image D:\Photos\Nef\Samos\DSC_0781.NEF: 2024-08-12 15:08:13
2026-01-10 14:03:29 - media_renamer_app - WARNING - exifread not available for RAW file GPS extraction: D:\Photos\Nef\Samos\DSC_0781.NEF
2026-01-10 14:03:29 - media_renamer_app - WARNING - Install exifread for better RAW support: pip install exifread
2026-01-10 14:03:29 - media_renamer_app - INFO - Successfully extracted date from image D:\Photos\Nef\Samos\DSC_0782.NEF: 2024-08-12 15:08:31
2026-01-10 14:03:29 - media_renamer_app - WARNING - exifread not available for RAW file GPS extraction: D:\Photos\Nef\Samos\DSC_0782.NEF
2026-01-10 14:03:29 - media_renamer_app - WARNING - Install exifread for better RAW support: pip install exifread
2026-01-10 14:03:29 - media_renamer_app - INFO - Successfully extracted date from image D:\Photos\Nef\Samos\DSC_0783.NEF: 2024-08-12 15:08:50
2026-01-10 14:03:29 - media_renamer_app - WARNING - exifread not available for RAW file GPS extraction: D:\Photos\Nef\Samos\DSC_0783.NEF
2026-01-10 14:03:29 - media_renamer_app - WARNING - Install exifread for better RAW support: pip install exifread
2026-01-10 14:03:29 - media_renamer_app - INFO - Successfully extracted date from image D:\Photos\Nef\Samos\DSC_0784.NEF: 2024-08-12 15:09:20
2026-01-10 14:03:29 - media_renamer_app - WARNING - exifread not available for RAW file GPS extraction: D:\Photos\Nef\Samos\DSC_0784.NEF
2026-01-10 14:03:29 - media_renamer_app - WARNING - Install exifread for better RAW support: pip install exifread
2026-01-10 14:03:29 - media_renamer_app - INFO - Successfully extracted date from image D:\Photos\Nef\Samos\DSC_0786.NEF: 2024-08-12 15:10:22
2026-01-10 14:03:29 - media_renamer_app - WARNING - exifread not available for RAW file GPS extraction: D:\Photos\Nef\Samos\DSC_0786.NEF
2026-01-10 14:03:29 - media_renamer_app - WARNING - Install exifread for better RAW support: pip install exifread
2026-01-10 14:03:29 - media_renamer_app - INFO - Successfully extracted date from image D:\Photos\Nef\Samos\DSC_0787.NEF: 2024-08-12 16:04:58
2026-01-10 14:03:29 - media_renamer_app - WARNING - exifread not available for RAW file GPS extraction: D:\Photos\Nef\Samos\DSC_0787.NEF
2026-01-10 14:03:29 - media_renamer_app - WARNING - Install exifread for better RAW support: pip install exifread
2026-01-10 14:03:29 - media_renamer_app - INFO - Successfully extracted date from image D:\Photos\Nef\Samos\DSC_0788.NEF: 2024-08-12 19:25:33
2026-01-10 14:03:29 - media_renamer_app - WARNING - exifread not available for RAW file GPS extraction: D:\Photos\Nef\Samos\DSC_0788.NEF
2026-01-10 14:03:29 - media_renamer_app - WARNING - Install exifread for better RAW support: pip install exifread
2026-01-10 14:03:29 - media_renamer_app - INFO - Successfully extracted date from image D:\Photos\Nef\Samos\DSC_0789.NEF: 2024-08-12 19:25:38
2026-01-10 14:03:29 - media_renamer_app - WARNING - exifread not available for RAW file GPS extraction: D:\Photos\Nef\Samos\DSC_0789.NEF
2026-01-10 14:03:29 - media_renamer_app - WARNING - Install exifread for better RAW support: pip install exifread
2026-01-10 14:03:29 - media_renamer_app - INFO - Successfully extracted date from image D:\Photos\Nef\Samos\DSC_0790.NEF: 2024-08-12 19:25:41
2026-01-10 14:03:29 - media_renamer_app - WARNING - exifread not available for RAW file GPS extraction: D:\Photos\Nef\Samos\DSC_0790.NEF
2026-01-10 14:03:29 - media_renamer_app - WARNING - Install exifread for better RAW support: pip install exifread
2026-01-10 14:03:29 - media_renamer_app - INFO - Successfully extracted date from image D:\Photos\Nef\Samos\DSC_0791.NEF: 2024-08-12 19:25:58
2026-01-10 14:03:29 - media_renamer_app - WARNING - exifread not available for RAW file GPS extraction: D:\Photos\Nef\Samos\DSC_0791.NEF
2026-01-10 14:03:29 - media_renamer_app - WARNING - Install exifread for better RAW support: pip install exifread
2026-01-10 14:03:29 - media_renamer_app - INFO - Successfully extracted date from image D:\Photos\Nef\Samos\DSC_0792.NEF: 2024-08-12 19:49:41
2026-01-10 14:03:29 - media_renamer_app - WARNING - exifread not available for RAW file GPS extraction: D:\Photos\Nef\Samos\DSC_0792.NEF
2026-01-10 14:03:29 - media_renamer_app - WARNING - Install exifread for better RAW support: pip install exifread
2026-01-10 14:03:29 - media_renamer_app - INFO - Successfully extracted date from image D:\Photos\Nef\Samos\DSC_0793.NEF: 2024-08-12 19:49:43
2026-01-10 14:03:29 - media_renamer_app - WARNING - exifread not available for RAW file GPS extraction: D:\Photos\Nef\Samos\DSC_0793.NEF
2026-01-10 14:03:29 - media_renamer_app - WARNING - Install exifread for better RAW support: pip install exifread
2026-01-10 14:03:29 - media_renamer_app - INFO - Successfully extracted date from image D:\Photos\Nef\Samos\DSC_0794.NEF: 2024-08-12 19:49:46
2026-01-10 14:03:29 - media_renamer_app - WARNING - exifread not available for RAW file GPS extraction: D:\Photos\Nef\Samos\DSC_0794.NEF
2026-01-10 14:03:29 - media_renamer_app - WARNING - Install exifread for better RAW support: pip install exifread
2026-01-10 14:03:29 - media_renamer_app - INFO - Successfully extracted date from image D:\Photos\Nef\Samos\DSC_0795.NEF: 2024-08-12 19:49:48
2026-01-10 14:03:29 - media_renamer_app - WARNING - exifread not available for RAW file GPS extraction: D:\Photos\Nef\Samos\DSC_0795.NEF
2026-01-10 14:03:29 - media_renamer_app - WARNING - Install exifread for better RAW support: pip install exifread
2026-01-10 14:03:29 - media_renamer_app - INFO - Successfully extracted date from image D:\Photos\Nef\Samos\DSC_0796.NEF: 2024-08-12 19:49:53
2026-01-10 14:03:29 - media_renamer_app - WARNING - exifread not available for RAW file GPS extraction: D:\Photos\Nef\Samos\DSC_0796.NEF
2026-01-10 14:03:29 - media_renamer_app - WARNING - Install exifread for better RAW support: pip install exifread
2026-01-10 14:03:29 - media_renamer_app - INFO - Successfully extracted date from image D:\Photos\Nef\Samos\DSC_0797.NEF: 2024-08-12 19:49:55
2026-01-10 14:03:29 - media_renamer_app - WARNING - exifread not available for RAW file GPS extraction: D:\Photos\Nef\Samos\DSC_0797.NEF
2026-01-10 14:03:29 - media_renamer_app - WARNING - Install exifread for better RAW support: pip install exifread
2026-01-10 14:03:29 - media_renamer_app - INFO - Successfully extracted date from image D:\Photos\Nef\Samos\DSC_0798.NEF: 2024-08-12 19:50:08
2026-01-10 14:03:29 - media_renamer_app - WARNING - exifread not available for RAW file GPS extraction: D:\Photos\Nef\Samos\DSC_0798.NEF
2026-01-10 14:03:29 - media_renamer_app - WARNING - Install exifread for better RAW support: pip install exifread
2026-01-10 14:03:29 - media_renamer_app - INFO - Successfully extracted date from image D:\Photos\Nef\Samos\DSC_0799.NEF: 2024-08-12 19:50:12
2026-01-10 14:03:29 - media_renamer_app - WARNING - exifread not available for RAW file GPS extraction: D:\Photos\Nef\Samos\DSC_0799.NEF
2026-01-10 14:03:29 - media_renamer_app - WARNING - Install exifread for better RAW support: pip install exifread
2026-01-10 14:03:29 - media_renamer_app - INFO - Successfully extracted date from image D:\Photos\Nef\Samos\DSC_0800.NEF: 2024-08-12 19:50:39
2026-01-10 14:03:29 - media_renamer_app - WARNING - exifread not available for RAW file GPS extraction: D:\Photos\Nef\Samos\DSC_0800.NEF
2026-01-10 14:03:29 - media_renamer_app - WARNING - Install exifread for better RAW support: pip install exifread
2026-01-10 14:03:29 - media_renamer_app - INFO - Successfully extracted date from image D:\Photos\Nef\Samos\DSC_0801.NEF: 2024-08-12 19:50:43
2026-01-10 14:03:29 - media_renamer_app - WARNING - exifread not available for RAW file GPS extraction: D:\Photos\Nef\Samos\DSC_0801.NEF
2026-01-10 14:03:29 - media_renamer_app - WARNING - Install exifread for better RAW support: pip install exifread
2026-01-10 14:03:29 - media_renamer_app - INFO - Successfully extracted date from image D:\Photos\Nef\Samos\DSC_0802.NEF: 2024-08-12 19:50:46
2026-01-10 14:03:29 - media_renamer_app - WARNING - exifread not available for RAW file GPS extraction: D:\Photos\Nef\Samos\DSC_0802.NEF
2026-01-10 14:03:29 - media_renamer_app - WARNING - Install exifread for better RAW support: pip install exifread
2026-01-10 14:03:29 - media_renamer_app - INFO - Successfully extracted date from image D:\Photos\Nef\Samos\DSC_0803.NEF: 2024-08-12 19:50:51
2026-01-10 14:03:29 - media_renamer_app - WARNING - exifread not available for RAW file GPS extraction: D:\Photos\Nef\Samos\DSC_0803.NEF
2026-01-10 14:03:29 - media_renamer_app - WARNING - Install exifread for better RAW support: pip install exifread
2026-01-10 14:03:29 - media_renamer_app - INFO - Successfully extracted date from image D:\Photos\Nef\Samos\DSC_0804.NEF: 2024-08-12 19:50:54
2026-01-10 14:03:29 - media_renamer_app - WARNING - exifread not available for RAW file GPS extraction: D:\Photos\Nef\Samos\DSC_0804.NEF
2026-01-10 14:03:29 - media_renamer_app - WARNING - Install exifread for better RAW support: pip install exifread
2026-01-10 14:03:29 - media_renamer_app - INFO - Successfully extracted date from image D:\Photos\Nef\Samos\DSC_0805.NEF: 2024-08-13 20:14:39
2026-01-10 14:03:29 - media_renamer_app - WARNING - exifread not available for RAW file GPS extraction: D:\Photos\Nef\Samos\DSC_0805.NEF
2026-01-10 14:03:29 - media_renamer_app - WARNING - Install exifread for better RAW support: pip install exifread
2026-01-10 14:03:29 - media_renamer_app - INFO - Successfully extracted date from image D:\Photos\Nef\Samos\DSC_0806.NEF: 2024-08-13 20:14:44
2026-01-10 14:03:29 - media_renamer_app - WARNING - exifread not available for RAW file GPS extraction: D:\Photos\Nef\Samos\DSC_0806.NEF
2026-01-10 14:03:29 - media_renamer_app - WARNING - Install exifread for better RAW support: pip install exifread
2026-01-10 14:03:29 - media_renamer_app - INFO - Successfully extracted date from image D:\Photos\Nef\Samos\DSC_0807.NEF: 2024-08-13 20:15:09
2026-01-10 14:03:29 - media_renamer_app - WARNING - exifread not available for RAW file GPS extraction: D:\Photos\Nef\Samos\DSC_0807.NEF
2026-01-10 14:03:29 - media_renamer_app - WARNING - Install exifread for better RAW support: pip install exifread
2026-01-10 14:03:29 - media_renamer_app - INFO - Successfully extracted date from image D:\Photos\Nef\Samos\DSC_0808.NEF: 2024-08-13 20:15:17
2026-01-10 14:03:29 - media_renamer_app - WARNING - exifread not available for RAW file GPS extraction: D:\Photos\Nef\Samos\DSC_0808.NEF
2026-01-10 14:03:29 - media_renamer_app - WARNING - Install exifread for better RAW support: pip install exifread
2026-01-10 14:03:29 - media_renamer_app - INFO - Successfully extracted date from image D:\Photos\Nef\Samos\DSC_0809.NEF: 2024-08-13 20:15:54
2026-01-10 14:03:29 - media_renamer_app - WARNING - exifread not available for RAW file GPS extraction: D:\Photos\Nef\Samos\DSC_0809.NEF
2026-01-10 14:03:29 - media_renamer_app - WARNING - Install exifread for better RAW support: pip install exifread
2026-01-10 14:03:29 - media_renamer_app - INFO - Successfully extracted date from image D:\Photos\Nef\Samos\DSC_0810.NEF: 2024-08-13 20:16:03
2026-01-10 14:03:29 - media_renamer_app - WARNING - exifread not available for RAW file GPS extraction: D:\Photos\Nef\Samos\DSC_0810.NEF
2026-01-10 14:03:29 - media_renamer_app - WARNING - Install exifread for better RAW support: pip install exifread
2026-01-10 14:03:29 - media_renamer_app - INFO - Successfully extracted date from image D:\Photos\Nef\Samos\DSC_0811.NEF: 2024-08-13 20:16:07
2026-01-10 14:03:29 - media_renamer_app - WARNING - exifread not available for RAW file GPS extraction: D:\Photos\Nef\Samos\DSC_0811.NEF
2026-01-10 14:03:29 - media_renamer_app - WARNING - Install exifread for better RAW support: pip install exifread
2026-01-10 14:03:29 - media_renamer_app - INFO - Successfully extracted date from image D:\Photos\Nef\Samos\DSC_0812.NEF: 2024-08-13 20:16:10
2026-01-10 14:03:29 - media_renamer_app - WARNING - exifread not available for RAW file GPS extraction: D:\Photos\Nef\Samos\DSC_0812.NEF
2026-01-10 14:03:29 - media_renamer_app - WARNING - Install exifread for better RAW support: pip install exifread
2026-01-10 14:03:29 - media_renamer_app - INFO - Successfully extracted date from image D:\Photos\Nef\Samos\DSC_0813.NEF: 2024-08-13 20:16:12
2026-01-10 14:03:29 - media_renamer_app - WARNING - exifread not available for RAW file GPS extraction: D:\Photos\Nef\Samos\DSC_0813.NEF
2026-01-10 14:03:29 - media_renamer_app - WARNING - Install exifread for better RAW support: pip install exifread
2026-01-10 14:03:29 - media_renamer_app - INFO - Successfully extracted date from image D:\Photos\Nef\Samos\DSC_0814.NEF: 2024-08-13 20:16:51
2026-01-10 14:03:29 - media_renamer_app - WARNING - exifread not available for RAW file GPS extraction: D:\Photos\Nef\Samos\DSC_0814.NEF
2026-01-10 14:03:29 - media_renamer_app - WARNING - Install exifread for better RAW support: pip install exifread
2026-01-10 14:03:29 - media_renamer_app - INFO - Successfully extracted date from image D:\Photos\Nef\Samos\DSC_0815.NEF: 2024-08-13 20:17:05
2026-01-10 14:03:29 - media_renamer_app - WARNING - exifread not available for RAW file GPS extraction: D:\Photos\Nef\Samos\DSC_0815.NEF
2026-01-10 14:03:29 - media_renamer_app - WARNING - Install exifread for better RAW support: pip install exifread
2026-01-10 14:03:29 - media_renamer_app - INFO - Successfully extracted date from image D:\Photos\Nef\Samos\DSC_0816.NEF: 2024-08-14 11:35:43
2026-01-10 14:03:29 - media_renamer_app - WARNING - exifread not available for RAW file GPS extraction: D:\Photos\Nef\Samos\DSC_0816.NEF
2026-01-10 14:03:29 - media_renamer_app - WARNING - Install exifread for better RAW support: pip install exifread
2026-01-10 14:03:29 - media_renamer_app - INFO - Successfully extracted date from image D:\Photos\Nef\Samos\DSC_0817.NEF: 2024-08-14 11:36:04
2026-01-10 14:03:29 - media_renamer_app - WARNING - exifread not available for RAW file GPS extraction: D:\Photos\Nef\Samos\DSC_0817.NEF
2026-01-10 14:03:29 - media_renamer_app - WARNING - Install exifread for better RAW support: pip install exifread
2026-01-10 14:03:29 - media_renamer_app - INFO - Successfully extracted date from image D:\Photos\Nef\Samos\DSC_0818.NEF: 2024-08-14 12:22:49
2026-01-10 14:03:29 - media_renamer_app - WARNING - exifread not available for RAW file GPS extraction: D:\Photos\Nef\Samos\DSC_0818.NEF
2026-01-10 14:03:29 - media_renamer_app - WARNING - Install exifread for better RAW support: pip install exifread
2026-01-10 14:03:29 - media_renamer_app - INFO - Successfully extracted date from image D:\Photos\Nef\Samos\DSC_0819.NEF: 2024-08-14 12:23:50
2026-01-10 14:03:29 - media_renamer_app - WARNING - exifread not available for RAW file GPS extraction: D:\Photos\Nef\Samos\DSC_0819.NEF
2026-01-10 14:03:29 - media_renamer_app - WARNING - Install exifread for better RAW support: pip install exifread
2026-01-10 14:03:29 - media_renamer_app - INFO - Successfully extracted date from image D:\Photos\Nef\Samos\DSC_0820.NEF: 2024-08-14 12:30:39
2026-01-10 14:03:29 - media_renamer_app - WARNING - exifread not available for RAW file GPS extraction: D:\Photos\Nef\Samos\DSC_0820.NEF
2026-01-10 14:03:29 - media_renamer_app - WARNING - Install exifread for better RAW support: pip install exifread
2026-01-10 14:03:29 - media_renamer_app - INFO - Successfully extracted date from image D:\Photos\Nef\Samos\DSC_0821.NEF: 2024-08-14 12:30:44
2026-01-10 14:03:29 - media_renamer_app - WARNING - exifread not available for RAW file GPS extraction: D:\Photos\Nef\Samos\DSC_0821.NEF
2026-01-10 14:03:29 - media_renamer_app - WARNING - Install exifread for better RAW support: pip install exifread
2026-01-10 14:03:29 - media_renamer_app - INFO - Successfully extracted date from image D:\Photos\Nef\Samos\DSC_0822.NEF: 2024-08-14 16:21:11
2026-01-10 14:03:29 - media_renamer_app - WARNING - exifread not available for RAW file GPS extraction: D:\Photos\Nef\Samos\DSC_0822.NEF
2026-01-10 14:03:29 - media_renamer_app - WARNING - Install exifread for better RAW support: pip install exifread
2026-01-10 14:03:29 - media_renamer_app - INFO - Successfully extracted date from image D:\Photos\Nef\Samos\DSC_0823.NEF: 2024-08-14 16:21:14
2026-01-10 14:03:29 - media_renamer_app - WARNING - exifread not available for RAW file GPS extraction: D:\Photos\Nef\Samos\DSC_0823.NEF
2026-01-10 14:03:29 - media_renamer_app - WARNING - Install exifread for better RAW support: pip install exifread
2026-01-10 14:03:29 - media_renamer_app - INFO - Successfully extracted date from image D:\Photos\Nef\Samos\DSC_0824.NEF: 2024-08-14 16:21:29
2026-01-10 14:03:29 - media_renamer_app - WARNING - exifread not available for RAW file GPS extraction: D:\Photos\Nef\Samos\DSC_0824.NEF
2026-01-10 14:03:29 - media_renamer_app - WARNING - Install exifread for better RAW support: pip install exifread
2026-01-10 14:03:29 - media_renamer_app - INFO - Successfully extracted date from image D:\Photos\Nef\Samos\DSC_0825.NEF: 2024-08-14 16:21:33
2026-01-10 14:03:29 - media_renamer_app - WARNING - exifread not available for RAW file GPS extraction: D:\Photos\Nef\Samos\DSC_0825.NEF
2026-01-10 14:03:29 - media_renamer_app - WARNING - Install exifread for better RAW support: pip install exifread
2026-01-10 14:03:29 - media_renamer_app - INFO - Successfully extracted date from image D:\Photos\Nef\Samos\DSC_0826.NEF: 2024-08-14 17:54:57
2026-01-10 14:03:29 - media_renamer_app - WARNING - exifread not available for RAW file GPS extraction: D:\Photos\Nef\Samos\DSC_0826.NEF
2026-01-10 14:03:29 - media_renamer_app - WARNING - Install exifread for better RAW support: pip install exifread
2026-01-10 14:03:29 - media_renamer_app - INFO - Successfully extracted date from image D:\Photos\Nef\Samos\DSC_0827.NEF: 2024-08-14 17:54:59
2026-01-10 14:03:29 - media_renamer_app - WARNING - exifread not available for RAW file GPS extraction: D:\Photos\Nef\Samos\DSC_0827.NEF
2026-01-10 14:03:29 - media_renamer_app - WARNING - Install exifread for better RAW support: pip install exifread
2026-01-10 14:03:29 - media_renamer_app - INFO - Successfully extracted date from image D:\Photos\Nef\Samos\DSC_0828.NEF: 2024-08-14 17:57:00
2026-01-10 14:03:29 - media_renamer_app - WARNING - exifread not available for RAW file GPS extraction: D:\Photos\Nef\Samos\DSC_0828.NEF
2026-01-10 14:03:29 - media_renamer_app - WARNING - Install exifread for better RAW support: pip install exifread
2026-01-10 14:03:29 - media_renamer_app - INFO - Successfully extracted date from image D:\Photos\Nef\Samos\DSC_0829.NEF: 2024-08-14 17:57:02
2026-01-10 14:03:29 - media_renamer_app - WARNING - exifread not available for RAW file GPS extraction: D:\Photos\Nef\Samos\DSC_0829.NEF
2026-01-10 14:03:29 - media_renamer_app - WARNING - Install exifread for better RAW support: pip install exifread
2026-01-10 14:03:29 - media_renamer_app - INFO - Successfully extracted date from image D:\Photos\Nef\Samos\DSC_0830.NEF: 2024-08-14 17:57:10
2026-01-10 14:03:29 - media_renamer_app - WARNING - exifread not available for RAW file GPS extraction: D:\Photos\Nef\Samos\DSC_0830.NEF
2026-01-10 14:03:29 - media_renamer_app - WARNING - Install exifread for better RAW support: pip install exifread
2026-01-10 14:03:29 - media_renamer_app - INFO - Successfully extracted date from image D:\Photos\Nef\Samos\DSC_0831.NEF: 2024-08-14 17:57:13
2026-01-10 14:03:29 - media_renamer_app - WARNING - exifread not available for RAW file GPS extraction: D:\Photos\Nef\Samos\DSC_0831.NEF
2026-01-10 14:03:29 - media_renamer_app - WARNING - Install exifread for better RAW support: pip install exifread
2026-01-10 14:03:29 - media_renamer_app - INFO - Successfully extracted date from image D:\Photos\Nef\Samos\DSC_0832.NEF: 2024-08-14 17:57:53
2026-01-10 14:03:29 - media_renamer_app - WARNING - exifread not available for RAW file GPS extraction: D:\Photos\Nef\Samos\DSC_0832.NEF
2026-01-10 14:03:29 - media_renamer_app - WARNING - Install exifread for better RAW support: pip install exifread
2026-01-10 14:03:29 - media_renamer_app - INFO - Successfully extracted date from image D:\Photos\Nef\Samos\DSC_0833.NEF: 2024-08-14 17:57:56
2026-01-10 14:03:29 - media_renamer_app - WARNING - exifread not available for RAW file GPS extraction: D:\Photos\Nef\Samos\DSC_0833.NEF
2026-01-10 14:03:29 - media_renamer_app - WARNING - Install exifread for better RAW support: pip install exifread
2026-01-10 14:03:29 - media_renamer_app - INFO - Successfully extracted date from image D:\Photos\Nef\Samos\DSC_0834.NEF: 2024-08-14 17:58:58
2026-01-10 14:03:29 - media_renamer_app - WARNING - exifread not available for RAW file GPS extraction: D:\Photos\Nef\Samos\DSC_0834.NEF
2026-01-10 14:03:29 - media_renamer_app - WARNING - Install exifread for better RAW support: pip install exifread
2026-01-10 14:03:29 - media_renamer_app - INFO - Successfully extracted date from image D:\Photos\Nef\Samos\DSC_0835.NEF: 2024-08-14 17:59:01
2026-01-10 14:03:29 - media_renamer_app - WARNING - exifread not available for RAW file GPS extraction: D:\Photos\Nef\Samos\DSC_0835.NEF
2026-01-10 14:03:29 - media_renamer_app - WARNING - Install exifread for better RAW support: pip install exifread
2026-01-10 14:03:29 - media_renamer_app - INFO - Successfully extracted date from image D:\Photos\Nef\Samos\DSC_0836.NEF: 2024-08-14 17:59:04
2026-01-10 14:03:29 - media_renamer_app - WARNING - exifread not available for RAW file GPS extraction: D:\Photos\Nef\Samos\DSC_0836.NEF
2026-01-10 14:03:29 - media_renamer_app - WARNING - Install exifread for better RAW support: pip install exifread
2026-01-10 14:03:29 - media_renamer_app - INFO - Successfully extracted date from image D:\Photos\Nef\Samos\DSC_0837.NEF: 2024-08-16 11:14:49
2026-01-10 14:03:29 - media_renamer_app - WARNING - exifread not available for RAW file GPS extraction: D:\Photos\Nef\Samos\DSC_0837.NEF
2026-01-10 14:03:29 - media_renamer_app - WARNING - Install exifread for better RAW support: pip install exifread
2026-01-10 14:03:29 - media_renamer_app - INFO - Successfully extracted date from image D:\Photos\Nef\Samos\DSC_0838.NEF: 2024-08-16 11:15:03
2026-01-10 14:03:29 - media_renamer_app - WARNING - exifread not available for RAW file GPS extraction: D:\Photos\Nef\Samos\DSC_0838.NEF
2026-01-10 14:03:29 - media_renamer_app - WARNING - Install exifread for better RAW support: pip install exifread
2026-01-10 14:03:29 - media_renamer_app - INFO - Successfully extracted date from image D:\Photos\Nef\Samos\DSC_0839.NEF: 2024-08-16 11:15:26
2026-01-10 14:03:29 - media_renamer_app - WARNING - exifread not available for RAW file GPS extraction: D:\Photos\Nef\Samos\DSC_0839.NEF
2026-01-10 14:03:29 - media_renamer_app - WARNING - Install exifread for better RAW support: pip install exifread
2026-01-10 14:03:29 - media_renamer_app - INFO - Successfully extracted date from image D:\Photos\Nef\Samos\DSC_0840.NEF: 2024-08-16 11:15:39
2026-01-10 14:03:29 - media_renamer_app - WARNING - exifread not available for RAW file GPS extraction: D:\Photos\Nef\Samos\DSC_0840.NEF
2026-01-10 14:03:29 - media_renamer_app - WARNING - Install exifread for better RAW support: pip install exifread
2026-01-10 14:03:29 - media_renamer_app - INFO - Successfully extracted date from image D:\Photos\Nef\Samos\DSC_0841.NEF: 2024-08-16 11:15:45
2026-01-10 14:03:29 - media_renamer_app - WARNING - exifread not available for RAW file GPS extraction: D:\Photos\Nef\Samos\DSC_0841.NEF
2026-01-10 14:03:29 - media_renamer_app - WARNING - Install exifread for better RAW support: pip install exifread
2026-01-10 14:03:29 - media_renamer_app - INFO - Successfully extracted date from image D:\Photos\Nef\Samos\DSC_0842.NEF: 2024-08-16 11:15:50
2026-01-10 14:03:29 - media_renamer_app - WARNING - exifread not available for RAW file GPS extraction: D:\Photos\Nef\Samos\DSC_0842.NEF
2026-01-10 14:03:29 - media_renamer_app - WARNING - Install exifread for better RAW support: pip install exifread
2026-01-10 14:03:29 - media_renamer_app - INFO - Successfully extracted date from image D:\Photos\Nef\Samos\DSC_0843.NEF: 2024-08-16 11:30:15
2026-01-10 14:03:29 - media_renamer_app - WARNING - exifread not available for RAW file GPS extraction: D:\Photos\Nef\Samos\DSC_0843.NEF
2026-01-10 14:03:29 - media_renamer_app - WARNING - Install exifread for better RAW support: pip install exifread
2026-01-10 14:03:29 - media_renamer_app - INFO - Successfully extracted date from image D:\Photos\Nef\Samos\DSC_0845.NEF: 2024-08-16 11:32:06
2026-01-10 14:03:29 - media_renamer_app - WARNING - exifread not available for RAW file GPS extraction: D:\Photos\Nef\Samos\DSC_0845.NEF
2026-01-10 14:03:29 - media_renamer_app - WARNING - Install exifread for better RAW support: pip install exifread
2026-01-10 14:03:29 - media_renamer_app - INFO - Successfully extracted date from image D:\Photos\Nef\Samos\DSC_0846.NEF: 2024-08-16 11:32:21
2026-01-10 14:03:29 - media_renamer_app - WARNING - exifread not available for RAW file GPS extraction: D:\Photos\Nef\Samos\DSC_0846.NEF
2026-01-10 14:03:29 - media_renamer_app - WARNING - Install exifread for better RAW support: pip install exifread
2026-01-10 14:03:29 - media_renamer_app - INFO - Successfully extracted date from image D:\Photos\Nef\Samos\DSC_0847.NEF: 2024-08-16 11:33:00
2026-01-10 14:03:29 - media_renamer_app - WARNING - exifread not available for RAW file GPS extraction: D:\Photos\Nef\Samos\DSC_0847.NEF
2026-01-10 14:03:29 - media_renamer_app - WARNING - Install exifread for better RAW support: pip install exifread
2026-01-10 14:03:29 - media_renamer_app - INFO - Successfully extracted date from image D:\Photos\Nef\Samos\DSC_0848.NEF: 2024-08-16 11:33:09
2026-01-10 14:03:29 - media_renamer_app - WARNING - exifread not available for RAW file GPS extraction: D:\Photos\Nef\Samos\DSC_0848.NEF
2026-01-10 14:03:29 - media_renamer_app - WARNING - Install exifread for better RAW support: pip install exifread
2026-01-10 14:03:29 - media_renamer_app - INFO - Successfully extracted date from image D:\Photos\Nef\Samos\DSC_0849.NEF: 2024-08-16 11:33:16
2026-01-10 14:03:29 - media_renamer_app - WARNING - exifread not available for RAW file GPS extraction: D:\Photos\Nef\Samos\DSC_0849.NEF
2026-01-10 14:03:29 - media_renamer_app - WARNING - Install exifread for better RAW support: pip install exifread
2026-01-10 14:03:29 - media_renamer_app - INFO - Successfully extracted date from image D:\Photos\Nef\Samos\DSC_0851.NEF: 2024-08-16 11:37:25
2026-01-10 14:03:29 - media_renamer_app - WARNING - exifread not available for RAW file GPS extraction: D:\Photos\Nef\Samos\DSC_0851.NEF
2026-01-10 14:03:29 - media_renamer_app - WARNING - Install exifread for better RAW support: pip install exifread
2026-01-10 14:03:29 - media_renamer_app - INFO - Successfully extracted date from image D:\Photos\Nef\Samos\DSC_0852.NEF: 2024-08-16 11:37:26
2026-01-10 14:03:29 - media_renamer_app - WARNING - exifread not available for RAW file GPS extraction: D:\Photos\Nef\Samos\DSC_0852.NEF
2026-01-10 14:03:29 - media_renamer_app - WARNING - Install exifread for better RAW support: pip install exifread
2026-01-10 14:03:29 - media_renamer_app - INFO - Successfully extracted date from image D:\Photos\Nef\Samos\DSC_0853.NEF: 2024-08-16 11:37:35
2026-01-10 14:03:29 - media_renamer_app - WARNING - exifread not available for RAW file GPS extraction: D:\Photos\Nef\Samos\DSC_0853.NEF
2026-01-10 14:03:29 - media_renamer_app - WARNING - Install exifread for better RAW support: pip install exifread
2026-01-10 14:03:29 - media_renamer_app - INFO - Successfully extracted date from image D:\Photos\Nef\Samos\DSC_0854.NEF: 2024-08-16 11:37:37
2026-01-10 14:03:29 - media_renamer_app - WARNING - exifread not available for RAW file GPS extraction: D:\Photos\Nef\Samos\DSC_0854.NEF
2026-01-10 14:03:29 - media_renamer_app - WARNING - Install exifread for better RAW support: pip install exifread
2026-01-10 14:03:29 - media_renamer_app - INFO - Successfully extracted date from image D:\Photos\Nef\Samos\DSC_0857.NEF: 2024-08-16 11:59:40
2026-01-10 14:03:29 - media_renamer_app - WARNING - exifread not available for RAW file GPS extraction: D:\Photos\Nef\Samos\DSC_0857.NEF
2026-01-10 14:03:29 - media_renamer_app - WARNING - Install exifread for better RAW support: pip install exifread
2026-01-10 14:03:29 - media_renamer_app - INFO - Successfully extracted date from image D:\Photos\Nef\Samos\DSC_0859.NEF: 2024-08-16 11:59:45
2026-01-10 14:03:29 - media_renamer_app - WARNING - exifread not available for RAW file GPS extraction: D:\Photos\Nef\Samos\DSC_0859.NEF
2026-01-10 14:03:29 - media_renamer_app - WARNING - Install exifread for better RAW support: pip install exifread
2026-01-10 14:03:30 - media_renamer_app - INFO - Successfully extracted date from image D:\Photos\Nef\Samos\DSC_0864.NEF: 2024-08-16 12:00:37
2026-01-10 14:03:30 - media_renamer_app - WARNING - exifread not available for RAW file GPS extraction: D:\Photos\Nef\Samos\DSC_0864.NEF
2026-01-10 14:03:30 - media_renamer_app - WARNING - Install exifread for better RAW support: pip install exifread
2026-01-10 14:03:30 - media_renamer_app - INFO - Successfully extracted date from image D:\Photos\Nef\Samos\DSC_0865.NEF: 2024-08-16 12:00:39
2026-01-10 14:03:30 - media_renamer_app - WARNING - exifread not available for RAW file GPS extraction: D:\Photos\Nef\Samos\DSC_0865.NEF
2026-01-10 14:03:30 - media_renamer_app - WARNING - Install exifread for better RAW support: pip install exifread
2026-01-10 14:03:30 - media_renamer_app - INFO - Successfully extracted date from image D:\Photos\Nef\Samos\DSC_0869.NEF: 2024-08-16 12:01:50
2026-01-10 14:03:30 - media_renamer_app - WARNING - exifread not available for RAW file GPS extraction: D:\Photos\Nef\Samos\DSC_0869.NEF
2026-01-10 14:03:30 - media_renamer_app - WARNING - Install exifread for better RAW support: pip install exifread
2026-01-10 14:03:30 - media_renamer_app - INFO - Successfully extracted date from image D:\Photos\Nef\Samos\DSC_0871.NEF: 2024-08-16 12:01:54
2026-01-10 14:03:30 - media_renamer_app - WARNING - exifread not available for RAW file GPS extraction: D:\Photos\Nef\Samos\DSC_0871.NEF
2026-01-10 14:03:30 - media_renamer_app - WARNING - Install exifread for better RAW support: pip install exifread
2026-01-10 14:03:30 - media_renamer_app - INFO - Successfully extracted date from image D:\Photos\Nef\Samos\DSC_0872.NEF: 2024-08-16 12:01:55
2026-01-10 14:03:30 - media_renamer_app - WARNING - exifread not available for RAW file GPS extraction: D:\Photos\Nef\Samos\DSC_0872.NEF
2026-01-10 14:03:30 - media_renamer_app - WARNING - Install exifread for better RAW support: pip install exifread
2026-01-10 14:03:30 - media_renamer_app - INFO - Successfully extracted date from image D:\Photos\Nef\Samos\DSC_0873.NEF: 2024-08-16 12:02:08
2026-01-10 14:03:30 - media_renamer_app - WARNING - exifread not available for RAW file GPS extraction: D:\Photos\Nef\Samos\DSC_0873.NEF
2026-01-10 14:03:30 - media_renamer_app - WARNING - Install exifread for better RAW support: pip install exifread
2026-01-10 14:03:30 - media_renamer_app - INFO - Successfully extracted date from image D:\Photos\Nef\Samos\DSC_0874.NEF: 2024-08-16 12:02:08
2026-01-10 14:03:30 - media_renamer_app - WARNING - exifread not available for RAW file GPS extraction: D:\Photos\Nef\Samos\DSC_0874.NEF
2026-01-10 14:03:30 - media_renamer_app - WARNING - Install exifread for better RAW support: pip install exifread
2026-01-10 14:03:30 - media_renamer_app - INFO - Successfully extracted date from image D:\Photos\Nef\Samos\DSC_0879.NEF: 2024-08-16 12:02:39
2026-01-10 14:03:30 - media_renamer_app - WARNING - exifread not available for RAW file GPS extraction: D:\Photos\Nef\Samos\DSC_0879.NEF
2026-01-10 14:03:30 - media_renamer_app - WARNING - Install exifread for better RAW support: pip install exifread
2026-01-10 14:03:30 - media_renamer_app - INFO - Successfully extracted date from image D:\Photos\Nef\Samos\DSC_0880.NEF: 2024-08-16 12:05:58
2026-01-10 14:03:30 - media_renamer_app - WARNING - exifread not available for RAW file GPS extraction: D:\Photos\Nef\Samos\DSC_0880.NEF
2026-01-10 14:03:30 - media_renamer_app - WARNING - Install exifread for better RAW support: pip install exifread
2026-01-10 14:03:30 - media_renamer_app - INFO - Successfully extracted date from image D:\Photos\Nef\Samos\DSC_0881.NEF: 2024-08-16 12:05:59
2026-01-10 14:03:30 - media_renamer_app - WARNING - exifread not available for RAW file GPS extraction: D:\Photos\Nef\Samos\DSC_0881.NEF
2026-01-10 14:03:30 - media_renamer_app - WARNING - Install exifread for better RAW support: pip install exifread
2026-01-10 14:03:30 - media_renamer_app - INFO - Successfully extracted date from image D:\Photos\Nef\Samos\DSC_0882.NEF: 2024-08-16 12:06:22
2026-01-10 14:03:30 - media_renamer_app - WARNING - exifread not available for RAW file GPS extraction: D:\Photos\Nef\Samos\DSC_0882.NEF
2026-01-10 14:03:30 - media_renamer_app - WARNING - Install exifread for better RAW support: pip install exifread
2026-01-10 14:03:30 - media_renamer_app - INFO - Successfully extracted date from image D:\Photos\Nef\Samos\DSC_0883.NEF: 2024-08-16 12:06:25
2026-01-10 14:03:30 - media_renamer_app - WARNING - exifread not available for RAW file GPS extraction: D:\Photos\Nef\Samos\DSC_0883.NEF
2026-01-10 14:03:30 - media_renamer_app - WARNING - Install exifread for better RAW support: pip install exifread
2026-01-10 14:03:30 - media_renamer_app - INFO - Successfully extracted date from image D:\Photos\Nef\Samos\DSC_0884.NEF: 2024-08-16 12:06:43
2026-01-10 14:03:30 - media_renamer_app - WARNING - exifread not available for RAW file GPS extraction: D:\Photos\Nef\Samos\DSC_0884.NEF
2026-01-10 14:03:30 - media_renamer_app - WARNING - Install exifread for better RAW support: pip install exifread
2026-01-10 14:03:30 - media_renamer_app - INFO - Successfully extracted date from image D:\Photos\Nef\Samos\DSC_0885.NEF: 2024-08-16 12:06:48
2026-01-10 14:03:30 - media_renamer_app - WARNING - exifread not available for RAW file GPS extraction: D:\Photos\Nef\Samos\DSC_0885.NEF
2026-01-10 14:03:30 - media_renamer_app - WARNING - Install exifread for better RAW support: pip install exifread
2026-01-10 14:03:30 - media_renamer_app - INFO - Successfully extracted date from image D:\Photos\Nef\Samos\DSC_0886.NEF: 2024-08-16 12:06:52
2026-01-10 14:03:30 - media_renamer_app - WARNING - exifread not available for RAW file GPS extraction: D:\Photos\Nef\Samos\DSC_0886.NEF
2026-01-10 14:03:30 - media_renamer_app - WARNING - Install exifread for better RAW support: pip install exifread
2026-01-10 14:03:30 - media_renamer_app - INFO - Successfully extracted date from image D:\Photos\Nef\Samos\DSC_0887.NEF: 2024-08-16 12:07:22
2026-01-10 14:03:30 - media_renamer_app - WARNING - exifread not available for RAW file GPS extraction: D:\Photos\Nef\Samos\DSC_0887.NEF
2026-01-10 14:03:30 - media_renamer_app - WARNING - Install exifread for better RAW support: pip install exifread
2026-01-10 14:03:30 - media_renamer_app - INFO - Successfully extracted date from image D:\Photos\Nef\Samos\DSC_0888.NEF: 2024-08-16 12:07:24
2026-01-10 14:03:30 - media_renamer_app - WARNING - exifread not available for RAW file GPS extraction: D:\Photos\Nef\Samos\DSC_0888.NEF
2026-01-10 14:03:30 - media_renamer_app - WARNING - Install exifread for better RAW support: pip install exifread
2026-01-10 14:03:30 - media_renamer_app - INFO - Successfully extracted date from image D:\Photos\Nef\Samos\DSC_0889.NEF: 2024-08-16 12:07:27
2026-01-10 14:03:30 - media_renamer_app - WARNING - exifread not available for RAW file GPS extraction: D:\Photos\Nef\Samos\DSC_0889.NEF
2026-01-10 14:03:30 - media_renamer_app - WARNING - Install exifread for better RAW support: pip install exifread
2026-01-10 14:03:30 - media_renamer_app - INFO - File discovery completed: 286 files processed, 0 without metadata
2026-01-10 14:03:50 - media_renamer_app - INFO - User initiated file discovery for folder: D:\Photos\Nef\Samos
2026-01-10 14:03:50 - media_renamer_app - INFO - Starting file discovery and metadata extraction
2026-01-10 14:03:50 - media_renamer_app - INFO - Starting file discovery in folder: D:\Photos\Nef\Samos
2026-01-10 14:03:50 - media_renamer_app - INFO - Found 286 total files in D:\Photos\Nef\Samos
2026-01-10 14:03:50 - media_renamer_app - INFO - Discovered 286 supported media files
2026-01-10 14:03:50 - media_renamer_app - INFO - Discovered 286 files in D:\Photos\Nef\Samos
2026-01-10 14:03:50 - media_renamer_app - INFO - Successfully extracted date from image D:\Photos\Nef\Samos\ 2024.08.09-19.34.35.001..samos.NEF: 2024-08-09 19:34:35
2026-01-10 14:03:50 - media_renamer_app - WARNING - exifread not available for RAW file GPS extraction: D:\Photos\Nef\Samos\ 2024.08.09-19.34.35.001..samos.NEF
2026-01-10 14:03:50 - media_renamer_app - WARNING - Install exifread for better RAW support: pip install exifread
2026-01-10 14:03:50 - media_renamer_app - INFO - Successfully extracted date from image D:\Photos\Nef\Samos\DSC_0457.NEF: 2024-08-09 19:35:13
2026-01-10 14:03:50 - media_renamer_app - WARNING - exifread not available for RAW file GPS extraction: D:\Photos\Nef\Samos\DSC_0457.NEF
2026-01-10 14:03:50 - media_renamer_app - WARNING - Install exifread for better RAW support: pip install exifread
2026-01-10 14:03:50 - media_renamer_app - INFO - Successfully extracted date from image D:\Photos\Nef\Samos\DSC_0458.NEF: 2024-08-09 19:35:19
2026-01-10 14:03:50 - media_renamer_app - WARNING - exifread not available for RAW file GPS extraction: D:\Photos\Nef\Samos\DSC_0458.NEF
2026-01-10 14:03:50 - media_renamer_app - WARNING - Install exifread for better RAW support: pip install exifread
2026-01-10 14:03:50 - media_renamer_app - INFO - Successfully extracted date from image D:\Photos\Nef\Samos\DSC_0459.NEF: 2024-08-09 19:35:31
2026-01-10 14:03:50 - media_renamer_app - WARNING - exifread not available for RAW file GPS extraction: D:\Photos\Nef\Samos\DSC_0459.NEF
2026-01-10 14:03:50 - media_renamer_app - WARNING - Install exifread for better RAW support: pip install exifread
2026-01-10 14:03:50 - media_renamer_app - INFO - Successfully extracted date from image D:\Photos\Nef\Samos\DSC_0460.NEF: 2024-08-09 19:36:22
2026-01-10 14:03:50 - media_renamer_app - WARNING - exifread not available for RAW file GPS extraction: D:\Photos\Nef\Samos\DSC_0460.NEF
2026-01-10 14:03:50 - media_renamer_app - WARNING - Install exifread for better RAW support: pip install exifread
2026-01-10 14:03:50 - media_renamer_app - INFO - Successfully extracted date from image D:\Photos\Nef\Samos\DSC_0461.NEF: 2024-08-09 19:36:32
2026-01-10 14:03:50 - media_renamer_app - WARNING - exifread not available for RAW file GPS extraction: D:\Photos\Nef\Samos\DSC_0461.NEF
2026-01-10 14:03:50 - media_renamer_app - WARNING - Install exifread for better RAW support: pip install exifread
2026-01-10 14:03:50 - media_renamer_app - INFO - Successfully extracted date from image D:\Photos\Nef\Samos\DSC_0464.NEF: 2024-08-09 19:38:38
2026-01-10 14:03:50 - media_renamer_app - WARNING - exifread not available for RAW file GPS extraction: D:\Photos\Nef\Samos\DSC_0464.NEF
2026-01-10 14:03:50 - media_renamer_app - WARNING - Install exifread for better RAW support: pip install exifread
2026-01-10 14:03:50 - media_renamer_app - INFO - Successfully extracted date from image D:\Photos\Nef\Samos\DSC_0465.NEF: 2024-08-09 19:38:53
2026-01-10 14:03:50 - media_renamer_app - WARNING - exifread not available for RAW file GPS extraction: D:\Photos\Nef\Samos\DSC_0465.NEF
2026-01-10 14:03:50 - media_renamer_app - WARNING - Install exifread for better RAW support: pip install exifread
2026-01-10 14:03:50 - media_renamer_app - INFO - Successfully extracted date from image D:\Photos\Nef\Samos\DSC_0466.NEF: 2024-08-09 19:39:02
2026-01-10 14:03:50 - media_renamer_app - WARNING - exifread not available for RAW file GPS extraction: D:\Photos\Nef\Samos\DSC_0466.NEF
2026-01-10 14:03:50 - media_renamer_app - WARNING - Install exifread for better RAW support: pip install exifread
2026-01-10 14:03:50 - media_renamer_app - INFO - Successfully extracted date from image D:\Photos\Nef\Samos\DSC_0467.NEF: 2024-08-09 19:39:20
2026-01-10 14:03:50 - media_renamer_app - WARNING - exifread not available for RAW file GPS extraction: D:\Photos\Nef\Samos\DSC_0467.NEF
2026-01-10 14:03:50 - media_renamer_app - WARNING - Install exifread for better RAW support: pip install exifread
2026-01-10 14:03:50 - media_renamer_app - INFO - Successfully extracted date from image D:\Photos\Nef\Samos\DSC_0468.NEF: 2024-08-09 19:39:53
2026-01-10 14:03:50 - media_renamer_app - WARNING - exifread not available for RAW file GPS extraction: D:\Photos\Nef\Samos\DSC_0468.NEF
2026-01-10 14:03:50 - media_renamer_app - WARNING - Install exifread for better RAW support: pip install exifread
2026-01-10 14:03:50 - media_renamer_app - INFO - Successfully extracted date from image D:\Photos\Nef\Samos\DSC_0469.NEF: 2024-08-09 19:40:32
2026-01-10 14:03:50 - media_renamer_app - WARNING - exifread not available for RAW file GPS extraction: D:\Photos\Nef\Samos\DSC_0469.NEF
2026-01-10 14:03:50 - media_renamer_app - WARNING - Install exifread for better RAW support: pip install exifread
2026-01-10 14:03:50 - media_renamer_app - INFO - Successfully extracted date from image D:\Photos\Nef\Samos\DSC_0470.NEF: 2024-08-09 19:40:49
2026-01-10 14:03:50 - media_renamer_app - WARNING - exifread not available for RAW file GPS extraction: D:\Photos\Nef\Samos\DSC_0470.NEF
2026-01-10 14:03:50 - media_renamer_app - WARNING - Install exifread for better RAW support: pip install exifread
2026-01-10 14:03:50 - media_renamer_app - INFO - Successfully extracted date from image D:\Photos\Nef\Samos\DSC_0471.NEF: 2024-08-09 19:40:55
2026-01-10 14:03:50 - media_renamer_app - WARNING - exifread not available for RAW file GPS extraction: D:\Photos\Nef\Samos\DSC_0471.NEF
2026-01-10 14:03:50 - media_renamer_app - WARNING - Install exifread for better RAW support: pip install exifread
2026-01-10 14:03:50 - media_renamer_app - INFO - Successfully extracted date from image D:\Photos\Nef\Samos\DSC_0473.NEF: 2024-08-09 19:44:27
2026-01-10 14:03:50 - media_renamer_app - WARNING - exifread not available for RAW file GPS extraction: D:\Photos\Nef\Samos\DSC_0473.NEF
2026-01-10 14:03:50 - media_renamer_app - WARNING - Install exifread for better RAW support: pip install exifread
2026-01-10 14:03:50 - media_renamer_app - INFO - Successfully extracted date from image D:\Photos\Nef\Samos\DSC_0484.NEF: 2024-08-09 19:45:14
2026-01-10 14:03:50 - media_renamer_app - WARNING - exifread not available for RAW file GPS extraction: D:\Photos\Nef\Samos\DSC_0484.NEF
2026-01-10 14:03:50 - media_renamer_app - WARNING - Install exifread for better RAW support: pip install exifread
2026-01-10 14:03:50 - media_renamer_app - INFO - Successfully extracted date from image D:\Photos\Nef\Samos\DSC_0486.NEF: 2024-08-09 19:45:17
2026-01-10 14:03:50 - media_renamer_app - WARNING - exifread not available for RAW file GPS extraction: D:\Photos\Nef\Samos\DSC_0486.NEF
2026-01-10 14:03:50 - media_renamer_app - WARNING - Install exifread for better RAW support: pip install exifread
2026-01-10 14:03:50 - media_renamer_app - INFO - Successfully extracted date from image D:\Photos\Nef\Samos\DSC_0512.NEF: 2024-08-09 19:46:19
2026-01-10 14:03:50 - media_renamer_app - WARNING - exifread not available for RAW file GPS extraction: D:\Photos\Nef\Samos\DSC_0512.NEF
2026-01-10 14:03:50 - media_renamer_app - WARNING - Install exifread for better RAW support: pip install exifread
2026-01-10 14:03:50 - media_renamer_app - INFO - Successfully extracted date from image D:\Photos\Nef\Samos\DSC_0514.NEF: 2024-08-09 19:46:20
2026-01-10 14:03:50 - media_renamer_app - WARNING - exifread not available for RAW file GPS extraction: D:\Photos\Nef\Samos\DSC_0514.NEF
2026-01-10 14:03:50 - media_renamer_app - WARNING - Install exifread for better RAW support: pip install exifread
2026-01-10 14:03:50 - media_renamer_app - INFO - Successfully extracted date from image D:\Photos\Nef\Samos\DSC_0523.NEF: 2024-08-09 19:48:13
2026-01-10 14:03:50 - media_renamer_app - WARNING - exifread not available for RAW file GPS extraction: D:\Photos\Nef\Samos\DSC_0523.NEF
2026-01-10 14:03:50 - media_renamer_app - WARNING - Install exifread for better RAW support: pip install exifread
2026-01-10 14:03:50 - media_renamer_app - INFO - Successfully extracted date from image D:\Photos\Nef\Samos\DSC_0526.NEF: 2024-08-09 19:48:49
2026-01-10 14:03:50 - media_renamer_app - WARNING - exifread not available for RAW file GPS extraction: D:\Photos\Nef\Samos\DSC_0526.NEF
2026-01-10 14:03:50 - media_renamer_app - WARNING - Install exifread for better RAW support: pip install exifread
2026-01-10 14:03:50 - media_renamer_app - INFO - Successfully extracted date from image D:\Photos\Nef\Samos\DSC_0528.NEF: 2024-08-09 19:59:09
2026-01-10 14:03:50 - media_renamer_app - WARNING - exifread not available for RAW file GPS extraction: D:\Photos\Nef\Samos\DSC_0528.NEF
2026-01-10 14:03:50 - media_renamer_app - WARNING - Install exifread for better RAW support: pip install exifread
2026-01-10 14:03:50 - media_renamer_app - INFO - Successfully extracted date from image D:\Photos\Nef\Samos\DSC_0529.NEF: 2024-08-09 19:59:20
2026-01-10 14:03:50 - media_renamer_app - WARNING - exifread not available for RAW file GPS extraction: D:\Photos\Nef\Samos\DSC_0529.NEF
2026-01-10 14:03:50 - media_renamer_app - WARNING - Install exifread for better RAW support: pip install exifread
2026-01-10 14:03:50 - media_renamer_app - INFO - Successfully extracted date from image D:\Photos\Nef\Samos\DSC_0530.NEF: 2024-08-09 19:59:32
2026-01-10 14:03:50 - media_renamer_app - WARNING - exifread not available for RAW file GPS extraction: D:\Photos\Nef\Samos\DSC_0530.NEF
2026-01-10 14:03:50 - media_renamer_app - WARNING - Install exifread for better RAW support: pip install exifread
2026-01-10 14:03:50 - media_renamer_app - INFO - Successfully extracted date from image D:\Photos\Nef\Samos\DSC_0532.NEF: 2024-08-09 20:00:20
2026-01-10 14:03:50 - media_renamer_app - WARNING - exifread not available for RAW file GPS extraction: D:\Photos\Nef\Samos\DSC_0532.NEF
2026-01-10 14:03:50 - media_renamer_app - WARNING - Install exifread for better RAW support: pip install exifread
2026-01-10 14:03:50 - media_renamer_app - INFO - Successfully extracted date from image D:\Photos\Nef\Samos\DSC_0540.NEF: 2024-08-09 20:03:10
2026-01-10 14:03:50 - media_renamer_app - WARNING - exifread not available for RAW file GPS extraction: D:\Photos\Nef\Samos\DSC_0540.NEF
2026-01-10 14:03:50 - media_renamer_app - WARNING - Install exifread for better RAW support: pip install exifread
2026-01-10 14:03:50 - media_renamer_app - INFO - Successfully extracted date from image D:\Photos\Nef\Samos\DSC_0541.NEF: 2024-08-09 20:03:35
2026-01-10 14:03:50 - media_renamer_app - WARNING - exifread not available for RAW file GPS extraction: D:\Photos\Nef\Samos\DSC_0541.NEF
2026-01-10 14:03:50 - media_renamer_app - WARNING - Install exifread for better RAW support: pip install exifread
2026-01-10 14:03:50 - media_renamer_app - INFO - Successfully extracted date from image D:\Photos\Nef\Samos\DSC_0542.NEF: 2024-08-09 20:03:37
2026-01-10 14:03:50 - media_renamer_app - WARNING - exifread not available for RAW file GPS extraction: D:\Photos\Nef\Samos\DSC_0542.NEF
2026-01-10 14:03:50 - media_renamer_app - WARNING - Install exifread for better RAW support: pip install exifread
2026-01-10 14:03:51 - media_renamer_app - INFO - Successfully extracted date from image D:\Photos\Nef\Samos\DSC_0543.NEF: 2024-08-09 20:03:37
2026-01-10 14:03:51 - media_renamer_app - WARNING - exifread not available for RAW file GPS extraction: D:\Photos\Nef\Samos\DSC_0543.NEF
2026-01-10 14:03:51 - media_renamer_app - WARNING - Install exifread for better RAW support: pip install exifread
2026-01-10 14:03:51 - media_renamer_app - INFO - Successfully extracted date from image D:\Photos\Nef\Samos\DSC_0548.NEF: 2024-08-10 10:04:53
2026-01-10 14:03:51 - media_renamer_app - WARNING - exifread not available for RAW file GPS extraction: D:\Photos\Nef\Samos\DSC_0548.NEF
2026-01-10 14:03:51 - media_renamer_app - WARNING - Install exifread for better RAW support: pip install exifread
2026-01-10 14:03:51 - media_renamer_app - INFO - Successfully extracted date from image D:\Photos\Nef\Samos\DSC_0556.NEF: 2024-08-10 10:04:55
2026-01-10 14:03:51 - media_renamer_app - WARNING - exifread not available for RAW file GPS extraction: D:\Photos\Nef\Samos\DSC_0556.NEF
2026-01-10 14:03:51 - media_renamer_app - WARNING - Install exifread for better RAW support: pip install exifread
2026-01-10 14:03:51 - media_renamer_app - INFO - Successfully extracted date from image D:\Photos\Nef\Samos\DSC_0569.NEF: 2024-08-10 10:10:25
2026-01-10 14:03:51 - media_renamer_app - WARNING - exifread not available for RAW file GPS extraction: D:\Photos\Nef\Samos\DSC_0569.NEF
2026-01-10 14:03:51 - media_renamer_app - WARNING - Install exifread for better RAW support: pip install exifread
2026-01-10 14:03:51 - media_renamer_app - INFO - Successfully extracted date from image D:\Photos\Nef\Samos\DSC_0573.NEF: 2024-08-10 10:11:27
2026-01-10 14:03:51 - media_renamer_app - WARNING - exifread not available for RAW file GPS extraction: D:\Photos\Nef\Samos\DSC_0573.NEF
2026-01-10 14:03:51 - media_renamer_app - WARNING - Install exifread for better RAW support: pip install exifread
2026-01-10 14:03:51 - media_renamer_app - INFO - Successfully extracted date from image D:\Photos\Nef\Samos\DSC_0574.NEF: 2024-08-10 10:11:50
2026-01-10 14:03:51 - media_renamer_app - WARNING - exifread not available for RAW file GPS extraction: D:\Photos\Nef\Samos\DSC_0574.NEF
2026-01-10 14:03:51 - media_renamer_app - WARNING - Install exifread for better RAW support: pip install exifread
2026-01-10 14:03:51 - media_renamer_app - INFO - Successfully extracted date from image D:\Photos\Nef\Samos\DSC_0575.NEF: 2024-08-10 10:11:56
2026-01-10 14:03:51 - media_renamer_app - WARNING - exifread not available for RAW file GPS extraction: D:\Photos\Nef\Samos\DSC_0575.NEF
2026-01-10 14:03:51 - media_renamer_app - WARNING - Install exifread for better RAW support: pip install exifread
2026-01-10 14:03:51 - media_renamer_app - INFO - Successfully extracted date from image D:\Photos\Nef\Samos\DSC_0576.NEF: 2024-08-10 10:14:25
2026-01-10 14:03:51 - media_renamer_app - WARNING - exifread not available for RAW file GPS extraction: D:\Photos\Nef\Samos\DSC_0576.NEF
2026-01-10 14:03:51 - media_renamer_app - WARNING - Install exifread for better RAW support: pip install exifread
2026-01-10 14:03:51 - media_renamer_app - INFO - Successfully extracted date from image D:\Photos\Nef\Samos\DSC_0577.NEF: 2024-08-10 10:15:32
2026-01-10 14:03:51 - media_renamer_app - WARNING - exifread not available for RAW file GPS extraction: D:\Photos\Nef\Samos\DSC_0577.NEF
2026-01-10 14:03:51 - media_renamer_app - WARNING - Install exifread for better RAW support: pip install exifread
2026-01-10 14:03:51 - media_renamer_app - INFO - Successfully extracted date from image D:\Photos\Nef\Samos\DSC_0578.NEF: 2024-08-10 10:15:50
2026-01-10 14:03:51 - media_renamer_app - WARNING - exifread not available for RAW file GPS extraction: D:\Photos\Nef\Samos\DSC_0578.NEF
2026-01-10 14:03:51 - media_renamer_app - WARNING - Install exifread for better RAW support: pip install exifread
2026-01-10 14:03:51 - media_renamer_app - INFO - Successfully extracted date from image D:\Photos\Nef\Samos\DSC_0579.NEF: 2024-08-10 10:16:01
2026-01-10 14:03:51 - media_renamer_app - WARNING - exifread not available for RAW file GPS extraction: D:\Photos\Nef\Samos\DSC_0579.NEF
2026-01-10 14:03:51 - media_renamer_app - WARNING - Install exifread for better RAW support: pip install exifread
2026-01-10 14:03:51 - media_renamer_app - INFO - Successfully extracted date from image D:\Photos\Nef\Samos\DSC_0580.NEF: 2024-08-10 10:16:31
2026-01-10 14:03:51 - media_renamer_app - WARNING - exifread not available for RAW file GPS extraction: D:\Photos\Nef\Samos\DSC_0580.NEF
2026-01-10 14:03:51 - media_renamer_app - WARNING - Install exifread for better RAW support: pip install exifread
2026-01-10 14:03:51 - media_renamer_app - INFO - Successfully extracted date from image D:\Photos\Nef\Samos\DSC_0581.NEF: 2024-08-10 10:16:39
2026-01-10 14:03:51 - media_renamer_app - WARNING - exifread not available for RAW file GPS extraction: D:\Photos\Nef\Samos\DSC_0581.NEF
2026-01-10 14:03:51 - media_renamer_app - WARNING - Install exifread for better RAW support: pip install exifread
2026-01-10 14:03:51 - media_renamer_app - INFO - Successfully extracted date from image D:\Photos\Nef\Samos\DSC_0583.NEF: 2024-08-10 10:17:16
2026-01-10 14:03:51 - media_renamer_app - WARNING - exifread not available for RAW file GPS extraction: D:\Photos\Nef\Samos\DSC_0583.NEF
2026-01-10 14:03:51 - media_renamer_app - WARNING - Install exifread for better RAW support: pip install exifread
2026-01-10 14:03:51 - media_renamer_app - INFO - Successfully extracted date from image D:\Photos\Nef\Samos\DSC_0590.NEF: 2024-08-10 10:18:21
2026-01-10 14:03:51 - media_renamer_app - WARNING - exifread not available for RAW file GPS extraction: D:\Photos\Nef\Samos\DSC_0590.NEF
2026-01-10 14:03:51 - media_renamer_app - WARNING - Install exifread for better RAW support: pip install exifread
2026-01-10 14:03:51 - media_renamer_app - INFO - Successfully extracted date from image D:\Photos\Nef\Samos\DSC_0591.NEF: 2024-08-10 10:18:23
2026-01-10 14:03:51 - media_renamer_app - WARNING - exifread not available for RAW file GPS extraction: D:\Photos\Nef\Samos\DSC_0591.NEF
2026-01-10 14:03:51 - media_renamer_app - WARNING - Install exifread for better RAW support: pip install exifread
2026-01-10 14:03:51 - media_renamer_app - INFO - Successfully extracted date from image D:\Photos\Nef\Samos\DSC_0593.NEF: 2024-08-10 10:18:51
2026-01-10 14:03:51 - media_renamer_app - WARNING - exifread not available for RAW file GPS extraction: D:\Photos\Nef\Samos\DSC_0593.NEF
2026-01-10 14:03:51 - media_renamer_app - WARNING - Install exifread for better RAW support: pip install exifread
2026-01-10 14:03:51 - media_renamer_app - INFO - Successfully extracted date from image D:\Photos\Nef\Samos\DSC_0594.NEF: 2024-08-10 10:18:55
2026-01-10 14:03:51 - media_renamer_app - WARNING - exifread not available for RAW file GPS extraction: D:\Photos\Nef\Samos\DSC_0594.NEF
2026-01-10 14:03:51 - media_renamer_app - WARNING - Install exifread for better RAW support: pip install exifread
2026-01-10 14:03:51 - media_renamer_app - INFO - Successfully extracted date from image D:\Photos\Nef\Samos\DSC_0595.NEF: 2024-08-10 10:18:56
2026-01-10 14:03:51 - media_renamer_app - WARNING - exifread not available for RAW file GPS extraction: D:\Photos\Nef\Samos\DSC_0595.NEF
2026-01-10 14:03:51 - media_renamer_app - WARNING - Install exifread for better RAW support: pip install exifread
2026-01-10 14:03:51 - media_renamer_app - INFO - Successfully extracted date from image D:\Photos\Nef\Samos\DSC_0596.NEF: 2024-08-10 10:19:08
2026-01-10 14:03:51 - media_renamer_app - WARNING - exifread not available for RAW file GPS extraction: D:\Photos\Nef\Samos\DSC_0596.NEF
2026-01-10 14:03:51 - media_renamer_app - WARNING - Install exifread for better RAW support: pip install exifread
2026-01-10 14:03:51 - media_renamer_app - INFO - Successfully extracted date from image D:\Photos\Nef\Samos\DSC_0597.NEF: 2024-08-10 10:19:10
2026-01-10 14:03:51 - media_renamer_app - WARNING - exifread not available for RAW file GPS extraction: D:\Photos\Nef\Samos\DSC_0597.NEF
2026-01-10 14:03:51 - media_renamer_app - WARNING - Install exifread for better RAW support: pip install exifread
2026-01-10 14:03:51 - media_renamer_app - INFO - Successfully extracted date from image D:\Photos\Nef\Samos\DSC_0598.NEF: 2024-08-10 10:19:37
2026-01-10 14:03:51 - media_renamer_app - WARNING - exifread not available for RAW file GPS extraction: D:\Photos\Nef\Samos\DSC_0598.NEF
2026-01-10 14:03:51 - media_renamer_app - WARNING - Install exifread for better RAW support: pip install exifread
2026-01-10 14:03:51 - media_renamer_app - INFO - Successfully extracted date from image D:\Photos\Nef\Samos\DSC_0599.NEF: 2024-08-10 10:19:48
2026-01-10 14:03:51 - media_renamer_app - WARNING - exifread not available for RAW file GPS extraction: D:\Photos\Nef\Samos\DSC_0599.NEF
2026-01-10 14:03:51 - media_renamer_app - WARNING - Install exifread for better RAW support: pip install exifread
2026-01-10 14:03:51 - media_renamer_app - INFO - Successfully extracted date from image D:\Photos\Nef\Samos\DSC_0600.NEF: 2024-08-10 10:20:23
2026-01-10 14:03:51 - media_renamer_app - WARNING - exifread not available for RAW file GPS extraction: D:\Photos\Nef\Samos\DSC_0600.NEF
2026-01-10 14:03:51 - media_renamer_app - WARNING - Install exifread for better RAW support: pip install exifread
2026-01-10 14:03:51 - media_renamer_app - INFO - Successfully extracted date from image D:\Photos\Nef\Samos\DSC_0601.NEF: 2024-08-10 10:20:34
2026-01-10 14:03:51 - media_renamer_app - WARNING - exifread not available for RAW file GPS extraction: D:\Photos\Nef\Samos\DSC_0601.NEF
2026-01-10 14:03:51 - media_renamer_app - WARNING - Install exifread for better RAW support: pip install exifread
2026-01-10 14:03:51 - media_renamer_app - INFO - Successfully extracted date from image D:\Photos\Nef\Samos\DSC_0602.NEF: 2024-08-10 10:21:03
2026-01-10 14:03:51 - media_renamer_app - WARNING - exifread not available for RAW file GPS extraction: D:\Photos\Nef\Samos\DSC_0602.NEF
2026-01-10 14:03:51 - media_renamer_app - WARNING - Install exifread for better RAW support: pip install exifread
2026-01-10 14:03:51 - media_renamer_app - INFO - Successfully extracted date from image D:\Photos\Nef\Samos\DSC_0603.NEF: 2024-08-10 10:21:40
2026-01-10 14:03:51 - media_renamer_app - WARNING - exifread not available for RAW file GPS extraction: D:\Photos\Nef\Samos\DSC_0603.NEF
2026-01-10 14:03:51 - media_renamer_app - WARNING - Install exifread for better RAW support: pip install exifread
2026-01-10 14:03:51 - media_renamer_app - INFO - Successfully extracted date from image D:\Photos\Nef\Samos\DSC_0604.NEF: 2024-08-10 10:21:44
2026-01-10 14:03:51 - media_renamer_app - WARNING - exifread not available for RAW file GPS extraction: D:\Photos\Nef\Samos\DSC_0604.NEF
2026-01-10 14:03:51 - media_renamer_app - WARNING - Install exifread for better RAW support: pip install exifread
2026-01-10 14:03:51 - media_renamer_app - INFO - Successfully extracted date from image D:\Photos\Nef\Samos\DSC_0605.NEF: 2024-08-10 10:21:47
2026-01-10 14:03:51 - media_renamer_app - WARNING - exifread not available for RAW file GPS extraction: D:\Photos\Nef\Samos\DSC_0605.NEF
2026-01-10 14:03:51 - media_renamer_app - WARNING - Install exifread for better RAW support: pip install exifread
2026-01-10 14:03:51 - media_renamer_app - INFO - Successfully extracted date from image D:\Photos\Nef\Samos\DSC_0608.NEF: 2024-08-10 10:24:03
2026-01-10 14:03:51 - media_renamer_app - WARNING - exifread not available for RAW file GPS extraction: D:\Photos\Nef\Samos\DSC_0608.NEF
2026-01-10 14:03:51 - media_renamer_app - WARNING - Install exifread for better RAW support: pip install exifread
2026-01-10 14:03:51 - media_renamer_app - INFO - Successfully extracted date from image D:\Photos\Nef\Samos\DSC_0609.NEF: 2024-08-10 10:24:15
2026-01-10 14:03:51 - media_renamer_app - WARNING - exifread not available for RAW file GPS extraction: D:\Photos\Nef\Samos\DSC_0609.NEF
2026-01-10 14:03:51 - media_renamer_app - WARNING - Install exifread for better RAW support: pip install exifread
2026-01-10 14:03:51 - media_renamer_app - INFO - Successfully extracted date from image D:\Photos\Nef\Samos\DSC_0610.NEF: 2024-08-10 10:25:09
2026-01-10 14:03:51 - media_renamer_app - WARNING - exifread not available for RAW file GPS extraction: D:\Photos\Nef\Samos\DSC_0610.NEF
2026-01-10 14:03:51 - media_renamer_app - WARNING - Install exifread for better RAW support: pip install exifread
2026-01-10 14:03:51 - media_renamer_app - INFO - Successfully extracted date from image D:\Photos\Nef\Samos\DSC_0611.NEF: 2024-08-10 10:25:42
2026-01-10 14:03:51 - media_renamer_app - WARNING - exifread not available for RAW file GPS extraction: D:\Photos\Nef\Samos\DSC_0611.NEF
2026-01-10 14:03:51 - media_renamer_app - WARNING - Install exifread for better RAW support: pip install exifread
2026-01-10 14:03:51 - media_renamer_app - INFO - Successfully extracted date from image D:\Photos\Nef\Samos\DSC_0612.NEF: 2024-08-10 10:26:35
2026-01-10 14:03:51 - media_renamer_app - WARNING - exifread not available for RAW file GPS extraction: D:\Photos\Nef\Samos\DSC_0612.NEF
2026-01-10 14:03:51 - media_renamer_app - WARNING - Install exifread for better RAW support: pip install exifread
2026-01-10 14:03:51 - media_renamer_app - INFO - Successfully extracted date from image D:\Photos\Nef\Samos\DSC_0613.NEF: 2024-08-10 10:26:38
2026-01-10 14:03:51 - media_renamer_app - WARNING - exifread not available for RAW file GPS extraction: D:\Photos\Nef\Samos\DSC_0613.NEF
2026-01-10 14:03:51 - media_renamer_app - WARNING - Install exifread for better RAW support: pip install exifread
2026-01-10 14:03:51 - media_renamer_app - INFO - Successfully extracted date from image D:\Photos\Nef\Samos\DSC_0614.NEF: 2024-08-10 10:27:40
2026-01-10 14:03:51 - media_renamer_app - WARNING - exifread not available for RAW file GPS extraction: D:\Photos\Nef\Samos\DSC_0614.NEF
2026-01-10 14:03:51 - media_renamer_app - WARNING - Install exifread for better RAW support: pip install exifread
2026-01-10 14:03:51 - media_renamer_app - INFO - Successfully extracted date from image D:\Photos\Nef\Samos\DSC_0615.NEF: 2024-08-10 10:28:05
2026-01-10 14:03:51 - media_renamer_app - WARNING - exifread not available for RAW file GPS extraction: D:\Photos\Nef\Samos\DSC_0615.NEF
2026-01-10 14:03:51 - media_renamer_app - WARNING - Install exifread for better RAW support: pip install exifread
2026-01-10 14:03:51 - media_renamer_app - INFO - Successfully extracted date from image D:\Photos\Nef\Samos\DSC_0616.NEF: 2024-08-10 10:30:46
2026-01-10 14:03:51 - media_renamer_app - WARNING - exifread not available for RAW file GPS extraction: D:\Photos\Nef\Samos\DSC_0616.NEF
2026-01-10 14:03:51 - media_renamer_app - WARNING - Install exifread for better RAW support: pip install exifread
2026-01-10 14:03:51 - media_renamer_app - INFO - Successfully extracted date from image D:\Photos\Nef\Samos\DSC_0617.NEF: 2024-08-10 10:31:58
2026-01-10 14:03:51 - media_renamer_app - WARNING - exifread not available for RAW file GPS extraction: D:\Photos\Nef\Samos\DSC_0617.NEF
2026-01-10 14:03:51 - media_renamer_app - WARNING - Install exifread for better RAW support: pip install exifread
2026-01-10 14:03:51 - media_renamer_app - INFO - Successfully extracted date from image D:\Photos\Nef\Samos\DSC_0618.NEF: 2024-08-10 10:32:00
2026-01-10 14:03:51 - media_renamer_app - WARNING - exifread not available for RAW file GPS extraction: D:\Photos\Nef\Samos\DSC_0618.NEF
2026-01-10 14:03:51 - media_renamer_app - WARNING - Install exifread for better RAW support: pip install exifread
2026-01-10 14:03:51 - media_renamer_app - INFO - Successfully extracted date from image D:\Photos\Nef\Samos\DSC_0619.NEF: 2024-08-10 10:32:06
2026-01-10 14:03:51 - media_renamer_app - WARNING - exifread not available for RAW file GPS extraction: D:\Photos\Nef\Samos\DSC_0619.NEF
2026-01-10 14:03:51 - media_renamer_app - WARNING - Install exifread for better RAW support: pip install exifread
2026-01-10 14:03:51 - media_renamer_app - INFO - Successfully extracted date from image D:\Photos\Nef\Samos\DSC_0620.NEF: 2024-08-10 10:35:37
2026-01-10 14:03:51 - media_renamer_app - WARNING - exifread not available for RAW file GPS extraction: D:\Photos\Nef\Samos\DSC_0620.NEF
2026-01-10 14:03:51 - media_renamer_app - WARNING - Install exifread for better RAW support: pip install exifread
2026-01-10 14:03:51 - media_renamer_app - INFO - Successfully extracted date from image D:\Photos\Nef\Samos\DSC_0621.NEF: 2024-08-10 10:35:41
2026-01-10 14:03:51 - media_renamer_app - WARNING - exifread not available for RAW file GPS extraction: D:\Photos\Nef\Samos\DSC_0621.NEF
2026-01-10 14:03:51 - media_renamer_app - WARNING - Install exifread for better RAW support: pip install exifread
2026-01-10 14:03:51 - media_renamer_app - INFO - Successfully extracted date from image D:\Photos\Nef\Samos\DSC_0622.NEF: 2024-08-11 12:27:53
2026-01-10 14:03:51 - media_renamer_app - WARNING - exifread not available for RAW file GPS extraction: D:\Photos\Nef\Samos\DSC_0622.NEF
2026-01-10 14:03:51 - media_renamer_app - WARNING - Install exifread for better RAW support: pip install exifread
2026-01-10 14:03:51 - media_renamer_app - INFO - Successfully extracted date from image D:\Photos\Nef\Samos\DSC_0623.NEF: 2024-08-11 12:28:16
2026-01-10 14:03:51 - media_renamer_app - WARNING - exifread not available for RAW file GPS extraction: D:\Photos\Nef\Samos\DSC_0623.NEF
2026-01-10 14:03:51 - media_renamer_app - WARNING - Install exifread for better RAW support: pip install exifread
2026-01-10 14:03:51 - media_renamer_app - INFO - Successfully extracted date from image D:\Photos\Nef\Samos\DSC_0624.NEF: 2024-08-11 12:31:26
2026-01-10 14:03:51 - media_renamer_app - WARNING - exifread not available for RAW file GPS extraction: D:\Photos\Nef\Samos\DSC_0624.NEF
2026-01-10 14:03:51 - media_renamer_app - WARNING - Install exifread for better RAW support: pip install exifread
2026-01-10 14:03:51 - media_renamer_app - INFO - Successfully extracted date from image D:\Photos\Nef\Samos\DSC_0625.NEF: 2024-08-11 12:33:30
2026-01-10 14:03:51 - media_renamer_app - WARNING - exifread not available for RAW file GPS extraction: D:\Photos\Nef\Samos\DSC_0625.NEF
2026-01-10 14:03:51 - media_renamer_app - WARNING - Install exifread for better RAW support: pip install exifread
2026-01-10 14:03:51 - media_renamer_app - INFO - Successfully extracted date from image D:\Photos\Nef\Samos\DSC_0626.NEF: 2024-08-11 12:33:36
2026-01-10 14:03:51 - media_renamer_app - WARNING - exifread not available for RAW file GPS extraction: D:\Photos\Nef\Samos\DSC_0626.NEF
2026-01-10 14:03:51 - media_renamer_app - WARNING - Install exifread for better RAW support: pip install exifread
2026-01-10 14:03:51 - media_renamer_app - INFO - Successfully extracted date from image D:\Photos\Nef\Samos\DSC_0627.NEF: 2024-08-11 12:33:38
2026-01-10 14:03:51 - media_renamer_app - WARNING - exifread not available for RAW file GPS extraction: D:\Photos\Nef\Samos\DSC_0627.NEF
2026-01-10 14:03:51 - media_renamer_app - WARNING - Install exifread for better RAW support: pip install exifread
2026-01-10 14:03:51 - media_renamer_app - INFO - Successfully extracted date from image D:\Photos\Nef\Samos\DSC_0628.NEF: 2024-08-11 12:33:54
2026-01-10 14:03:51 - media_renamer_app - WARNING - exifread not available for RAW file GPS extraction: D:\Photos\Nef\Samos\DSC_0628.NEF
2026-01-10 14:03:51 - media_renamer_app - WARNING - Install exifread for better RAW support: pip install exifread
2026-01-10 14:03:51 - media_renamer_app - INFO - Successfully extracted date from image D:\Photos\Nef\Samos\DSC_0629.NEF: 2024-08-11 12:34:00
2026-01-10 14:03:51 - media_renamer_app - WARNING - exifread not available for RAW file GPS extraction: D:\Photos\Nef\Samos\DSC_0629.NEF
2026-01-10 14:03:51 - media_renamer_app - WARNING - Install exifread for better RAW support: pip install exifread
2026-01-10 14:03:51 - media_renamer_app - INFO - Successfully extracted date from image D:\Photos\Nef\Samos\DSC_0630.NEF: 2024-08-11 12:34:27
2026-01-10 14:03:51 - media_renamer_app - WARNING - exifread not available for RAW file GPS extraction: D:\Photos\Nef\Samos\DSC_0630.NEF
2026-01-10 14:03:51 - media_renamer_app - WARNING - Install exifread for better RAW support: pip install exifread
2026-01-10 14:03:51 - media_renamer_app - INFO - Successfully extracted date from image D:\Photos\Nef\Samos\DSC_0631.NEF: 2024-08-11 12:35:35
2026-01-10 14:03:51 - media_renamer_app - WARNING - exifread not available for RAW file GPS extraction: D:\Photos\Nef\Samos\DSC_0631.NEF
2026-01-10 14:03:51 - media_renamer_app - WARNING - Install exifread for better RAW support: pip install exifread
2026-01-10 14:03:51 - media_renamer_app - INFO - Successfully extracted date from image D:\Photos\Nef\Samos\DSC_0632.NEF: 2024-08-11 12:36:30
2026-01-10 14:03:51 - media_renamer_app - WARNING - exifread not available for RAW file GPS extraction: D:\Photos\Nef\Samos\DSC_0632.NEF
2026-01-10 14:03:51 - media_renamer_app - WARNING - Install exifread for better RAW support: pip install exifread
2026-01-10 14:03:51 - media_renamer_app - INFO - Successfully extracted date from image D:\Photos\Nef\Samos\DSC_0633.NEF: 2024-08-11 12:36:34
2026-01-10 14:03:51 - media_renamer_app - WARNING - exifread not available for RAW file GPS extraction: D:\Photos\Nef\Samos\DSC_0633.NEF
2026-01-10 14:03:51 - media_renamer_app - WARNING - Install exifread for better RAW support: pip install exifread
2026-01-10 14:03:51 - media_renamer_app - INFO - Successfully extracted date from image D:\Photos\Nef\Samos\DSC_0634.NEF: 2024-08-11 12:39:26
2026-01-10 14:03:51 - media_renamer_app - WARNING - exifread not available for RAW file GPS extraction: D:\Photos\Nef\Samos\DSC_0634.NEF
2026-01-10 14:03:51 - media_renamer_app - WARNING - Install exifread for better RAW support: pip install exifread
2026-01-10 14:03:51 - media_renamer_app - INFO - Successfully extracted date from image D:\Photos\Nef\Samos\DSC_0635.NEF: 2024-08-11 12:39:36
2026-01-10 14:03:51 - media_renamer_app - WARNING - exifread not available for RAW file GPS extraction: D:\Photos\Nef\Samos\DSC_0635.NEF
2026-01-10 14:03:51 - media_renamer_app - WARNING - Install exifread for better RAW support: pip install exifread
2026-01-10 14:03:51 - media_renamer_app - INFO - Successfully extracted date from image D:\Photos\Nef\Samos\DSC_0636.NEF: 2024-08-11 12:41:25
2026-01-10 14:03:51 - media_renamer_app - WARNING - exifread not available for RAW file GPS extraction: D:\Photos\Nef\Samos\DSC_0636.NEF
2026-01-10 14:03:51 - media_renamer_app - WARNING - Install exifread for better RAW support: pip install exifread
2026-01-10 14:03:51 - media_renamer_app - INFO - Successfully extracted date from image D:\Photos\Nef\Samos\DSC_0637.NEF: 2024-08-11 12:41:27
2026-01-10 14:03:51 - media_renamer_app - WARNING - exifread not available for RAW file GPS extraction: D:\Photos\Nef\Samos\DSC_0637.NEF
2026-01-10 14:03:51 - media_renamer_app - WARNING - Install exifread for better RAW support: pip install exifread
2026-01-10 14:03:51 - media_renamer_app - INFO - Successfully extracted date from image D:\Photos\Nef\Samos\DSC_0638.NEF: 2024-08-11 12:41:37
2026-01-10 14:03:51 - media_renamer_app - WARNING - exifread not available for RAW file GPS extraction: D:\Photos\Nef\Samos\DSC_0638.NEF
2026-01-10 14:03:51 - media_renamer_app - WARNING - Install exifread for better RAW support: pip install exifread
2026-01-10 14:03:51 - media_renamer_app - INFO - Successfully extracted date from image D:\Photos\Nef\Samos\DSC_0639.NEF: 2024-08-11 12:41:41
2026-01-10 14:03:51 - media_renamer_app - WARNING - exifread not available for RAW file GPS extraction: D:\Photos\Nef\Samos\DSC_0639.NEF
2026-01-10 14:03:51 - media_renamer_app - WARNING - Install exifread for better RAW support: pip install exifread
2026-01-10 14:03:51 - media_renamer_app - INFO - Successfully extracted date from image D:\Photos\Nef\Samos\DSC_0640.NEF: 2024-08-11 12:41:43
2026-01-10 14:03:51 - media_renamer_app - WARNING - exifread not available for RAW file GPS extraction: D:\Photos\Nef\Samos\DSC_0640.NEF
2026-01-10 14:03:51 - media_renamer_app - WARNING - Install exifread for better RAW support: pip install exifread
2026-01-10 14:03:51 - media_renamer_app - INFO - Successfully extracted date from image D:\Photos\Nef\Samos\DSC_0641.NEF: 2024-08-11 12:41:50
2026-01-10 14:03:51 - media_renamer_app - WARNING - exifread not available for RAW file GPS extraction: D:\Photos\Nef\Samos\DSC_0641.NEF
2026-01-10 14:03:51 - media_renamer_app - WARNING - Install exifread for better RAW support: pip install exifread
2026-01-10 14:03:51 - media_renamer_app - INFO - Successfully extracted date from image D:\Photos\Nef\Samos\DSC_0642.NEF: 2024-08-11 12:41:53
2026-01-10 14:03:51 - media_renamer_app - WARNING - exifread not available for RAW file GPS extraction: D:\Photos\Nef\Samos\DSC_0642.NEF
2026-01-10 14:03:51 - media_renamer_app - WARNING - Install exifread for better RAW support: pip install exifread
2026-01-10 14:03:51 - media_renamer_app - INFO - Successfully extracted date from image D:\Photos\Nef\Samos\DSC_0643.NEF: 2024-08-11 12:42:22
2026-01-10 14:03:51 - media_renamer_app - WARNING - exifread not available for RAW file GPS extraction: D:\Photos\Nef\Samos\DSC_0643.NEF
2026-01-10 14:03:51 - media_renamer_app - WARNING - Install exifread for better RAW support: pip install exifread
2026-01-10 14:03:51 - media_renamer_app - INFO - Successfully extracted date from image D:\Photos\Nef\Samos\DSC_0644.NEF: 2024-08-11 12:42:23
2026-01-10 14:03:51 - media_renamer_app - WARNING - exifread not available for RAW file GPS extraction: D:\Photos\Nef\Samos\DSC_0644.NEF
2026-01-10 14:03:51 - media_renamer_app - WARNING - Install exifread for better RAW support: pip install exifread
2026-01-10 14:03:51 - media_renamer_app - INFO - Successfully extracted date from image D:\Photos\Nef\Samos\DSC_0645.NEF: 2024-08-11 12:42:28
2026-01-10 14:03:51 - media_renamer_app - WARNING - exifread not available for RAW file GPS extraction: D:\Photos\Nef\Samos\DSC_0645.NEF
2026-01-10 14:03:51 - media_renamer_app - WARNING - Install exifread for better RAW support: pip install exifread
2026-01-10 14:03:51 - media_renamer_app - INFO - Successfully extracted date from image D:\Photos\Nef\Samos\DSC_0646.NEF: 2024-08-11 12:42:30
2026-01-10 14:03:51 - media_renamer_app - WARNING - exifread not available for RAW file GPS extraction: D:\Photos\Nef\Samos\DSC_0646.NEF
2026-01-10 14:03:51 - media_renamer_app - WARNING - Install exifread for better RAW support: pip install exifread
2026-01-10 14:03:51 - media_renamer_app - INFO - Successfully extracted date from image D:\Photos\Nef\Samos\DSC_0647.NEF: 2024-08-11 12:42:32
2026-01-10 14:03:51 - media_renamer_app - WARNING - exifread not available for RAW file GPS extraction: D:\Photos\Nef\Samos\DSC_0647.NEF
2026-01-10 14:03:51 - media_renamer_app - WARNING - Install exifread for better RAW support: pip install exifread
2026-01-10 14:03:51 - media_renamer_app - INFO - Successfully extracted date from image D:\Photos\Nef\Samos\DSC_0648.NEF: 2024-08-11 12:47:53
2026-01-10 14:03:51 - media_renamer_app - WARNING - exifread not available for RAW file GPS extraction: D:\Photos\Nef\Samos\DSC_0648.NEF
2026-01-10 14:03:51 - media_renamer_app - WARNING - Install exifread for better RAW support: pip install exifread
2026-01-10 14:03:51 - media_renamer_app - INFO - Successfully extracted date from image D:\Photos\Nef\Samos\DSC_0649.NEF: 2024-08-11 12:47:55
2026-01-10 14:03:51 - media_renamer_app - WARNING - exifread not available for RAW file GPS extraction: D:\Photos\Nef\Samos\DSC_0649.NEF
2026-01-10 14:03:51 - media_renamer_app - WARNING - Install exifread for better RAW support: pip install exifread
2026-01-10 14:03:51 - media_renamer_app - INFO - Successfully extracted date from image D:\Photos\Nef\Samos\DSC_0650.NEF: 2024-08-11 12:47:58
2026-01-10 14:03:51 - media_renamer_app - WARNING - exifread not available for RAW file GPS extraction: D:\Photos\Nef\Samos\DSC_0650.NEF
2026-01-10 14:03:51 - media_renamer_app - WARNING - Install exifread for better RAW support: pip install exifread
2026-01-10 14:03:51 - media_renamer_app - INFO - Successfully extracted date from image D:\Photos\Nef\Samos\DSC_0651.NEF: 2024-08-11 12:48:21
2026-01-10 14:03:51 - media_renamer_app - WARNING - exifread not available for RAW file GPS extraction: D:\Photos\Nef\Samos\DSC_0651.NEF
2026-01-10 14:03:51 - media_renamer_app - WARNING - Install exifread for better RAW support: pip install exifread
2026-01-10 14:03:51 - media_renamer_app - INFO - Successfully extracted date from image D:\Photos\Nef\Samos\DSC_0652.NEF: 2024-08-11 12:48:24
2026-01-10 14:03:51 - media_renamer_app - WARNING - exifread not available for RAW file GPS extraction: D:\Photos\Nef\Samos\DSC_0652.NEF
2026-01-10 14:03:51 - media_renamer_app - WARNING - Install exifread for better RAW support: pip install exifread
2026-01-10 14:03:51 - media_renamer_app - INFO - Successfully extracted date from image D:\Photos\Nef\Samos\DSC_0653.NEF: 2024-08-11 12:51:08
2026-01-10 14:03:51 - media_renamer_app - WARNING - exifread not available for RAW file GPS extraction: D:\Photos\Nef\Samos\DSC_0653.NEF
2026-01-10 14:03:51 - media_renamer_app - WARNING - Install exifread for better RAW support: pip install exifread
2026-01-10 14:03:51 - media_renamer_app - INFO - Successfully extracted date from image D:\Photos\Nef\Samos\DSC_0654.NEF: 2024-08-11 12:51:28
2026-01-10 14:03:51 - media_renamer_app - WARNING - exifread not available for RAW file GPS extraction: D:\Photos\Nef\Samos\DSC_0654.NEF
2026-01-10 14:03:51 - media_renamer_app - WARNING - Install exifread for better RAW support: pip install exifread
2026-01-10 14:03:51 - media_renamer_app - INFO - Successfully extracted date from image D:\Photos\Nef\Samos\DSC_0655.NEF: 2024-08-11 12:51:48
2026-01-10 14:03:51 - media_renamer_app - WARNING - exifread not available for RAW file GPS extraction: D:\Photos\Nef\Samos\DSC_0655.NEF
2026-01-10 14:03:51 - media_renamer_app - WARNING - Install exifread for better RAW support: pip install exifread
2026-01-10 14:03:51 - media_renamer_app - INFO - Successfully extracted date from image D:\Photos\Nef\Samos\DSC_0656.NEF: 2024-08-11 12:51:51
2026-01-10 14:03:51 - media_renamer_app - WARNING - exifread not available for RAW file GPS extraction: D:\Photos\Nef\Samos\DSC_0656.NEF
2026-01-10 14:03:51 - media_renamer_app - WARNING - Install exifread for better RAW support: pip install exifread
2026-01-10 14:03:51 - media_renamer_app - INFO - Successfully extracted date from image D:\Photos\Nef\Samos\DSC_0657.NEF: 2024-08-11 12:51:59
2026-01-10 14:03:51 - media_renamer_app - WARNING - exifread not available for RAW file GPS extraction: D:\Photos\Nef\Samos\DSC_0657.NEF
2026-01-10 14:03:51 - media_renamer_app - WARNING - Install exifread for better RAW support: pip install exifread
2026-01-10 14:03:51 - media_renamer_app - INFO - Successfully extracted date from image D:\Photos\Nef\Samos\DSC_0658.NEF: 2024-08-11 12:52:02
2026-01-10 14:03:51 - media_renamer_app - WARNING - exifread not available for RAW file GPS extraction: D:\Photos\Nef\Samos\DSC_0658.NEF
2026-01-10 14:03:51 - media_renamer_app - WARNING - Install exifread for better RAW support: pip install exifread
2026-01-10 14:03:51 - media_renamer_app - INFO - Successfully extracted date from image D:\Photos\Nef\Samos\DSC_0659.NEF: 2024-08-11 12:52:04
2026-01-10 14:03:51 - media_renamer_app - WARNING - exifread not available for RAW file GPS extraction: D:\Photos\Nef\Samos\DSC_0659.NEF
2026-01-10 14:03:51 - media_renamer_app - WARNING - Install exifread for better RAW support: pip install exifread
2026-01-10 14:03:51 - media_renamer_app - INFO - Successfully extracted date from image D:\Photos\Nef\Samos\DSC_0660.NEF: 2024-08-11 12:52:05
2026-01-10 14:03:51 - media_renamer_app - WARNING - exifread not available for RAW file GPS extraction: D:\Photos\Nef\Samos\DSC_0660.NEF
2026-01-10 14:03:51 - media_renamer_app - WARNING - Install exifread for better RAW support: pip install exifread
2026-01-10 14:03:51 - media_renamer_app - INFO - Successfully extracted date from image D:\Photos\Nef\Samos\DSC_0661.NEF: 2024-08-11 12:52:07
2026-01-10 14:03:51 - media_renamer_app - WARNING - exifread not available for RAW file GPS extraction: D:\Photos\Nef\Samos\DSC_0661.NEF
2026-01-10 14:03:51 - media_renamer_app - WARNING - Install exifread for better RAW support: pip install exifread
2026-01-10 14:03:51 - media_renamer_app - INFO - Successfully extracted date from image D:\Photos\Nef\Samos\DSC_0662.NEF: 2024-08-11 12:52:08
2026-01-10 14:03:51 - media_renamer_app - WARNING - exifread not available for RAW file GPS extraction: D:\Photos\Nef\Samos\DSC_0662.NEF
2026-01-10 14:03:51 - media_renamer_app - WARNING - Install exifread for better RAW support: pip install exifread
2026-01-10 14:03:51 - media_renamer_app - INFO - Successfully extracted date from image D:\Photos\Nef\Samos\DSC_0663.NEF: 2024-08-11 13:05:41
2026-01-10 14:03:51 - media_renamer_app - WARNING - exifread not available for RAW file GPS extraction: D:\Photos\Nef\Samos\DSC_0663.NEF
2026-01-10 14:03:51 - media_renamer_app - WARNING - Install exifread for better RAW support: pip install exifread
2026-01-10 14:03:51 - media_renamer_app - INFO - Successfully extracted date from image D:\Photos\Nef\Samos\DSC_0664.NEF: 2024-08-11 13:05:43
2026-01-10 14:03:51 - media_renamer_app - WARNING - exifread not available for RAW file GPS extraction: D:\Photos\Nef\Samos\DSC_0664.NEF
2026-01-10 14:03:51 - media_renamer_app - WARNING - Install exifread for better RAW support: pip install exifread
2026-01-10 14:03:51 - media_renamer_app - INFO - Successfully extracted date from image D:\Photos\Nef\Samos\DSC_0665.NEF: 2024-08-11 13:06:04
2026-01-10 14:03:51 - media_renamer_app - WARNING - exifread not available for RAW file GPS extraction: D:\Photos\Nef\Samos\DSC_0665.NEF
2026-01-10 14:03:51 - media_renamer_app - WARNING - Install exifread for better RAW support: pip install exifread
2026-01-10 14:03:51 - media_renamer_app - INFO - Successfully extracted date from image D:\Photos\Nef\Samos\DSC_0666.NEF: 2024-08-11 13:06:07
2026-01-10 14:03:51 - media_renamer_app - WARNING - exifread not available for RAW file GPS extraction: D:\Photos\Nef\Samos\DSC_0666.NEF
2026-01-10 14:03:51 - media_renamer_app - WARNING - Install exifread for better RAW support: pip install exifread
2026-01-10 14:03:51 - media_renamer_app - INFO - Successfully extracted date from image D:\Photos\Nef\Samos\DSC_0667.NEF: 2024-08-11 13:07:08
2026-01-10 14:03:51 - media_renamer_app - WARNING - exifread not available for RAW file GPS extraction: D:\Photos\Nef\Samos\DSC_0667.NEF
2026-01-10 14:03:51 - media_renamer_app - WARNING - Install exifread for better RAW support: pip install exifread
2026-01-10 14:03:51 - media_renamer_app - INFO - Successfully extracted date from image D:\Photos\Nef\Samos\DSC_0668.NEF: 2024-08-11 13:07:19
2026-01-10 14:03:51 - media_renamer_app - WARNING - exifread not available for RAW file GPS extraction: D:\Photos\Nef\Samos\DSC_0668.NEF
2026-01-10 14:03:51 - media_renamer_app - WARNING - Install exifread for better RAW support: pip install exifread
2026-01-10 14:03:51 - media_renamer_app - INFO - Successfully extracted date from image D:\Photos\Nef\Samos\DSC_0669.NEF: 2024-08-11 13:07:20
2026-01-10 14:03:51 - media_renamer_app - WARNING - exifread not available for RAW file GPS extraction: D:\Photos\Nef\Samos\DSC_0669.NEF
2026-01-10 14:03:51 - media_renamer_app - WARNING - Install exifread for better RAW support: pip install exifread
2026-01-10 14:03:51 - media_renamer_app - INFO - Successfully extracted date from image D:\Photos\Nef\Samos\DSC_0670.NEF: 2024-08-11 13:10:14
2026-01-10 14:03:51 - media_renamer_app - WARNING - exifread not available for RAW file GPS extraction: D:\Photos\Nef\Samos\DSC_0670.NEF
2026-01-10 14:03:51 - media_renamer_app - WARNING - Install exifread for better RAW support: pip install exifread
2026-01-10 14:03:51 - media_renamer_app - INFO - Successfully extracted date from image D:\Photos\Nef\Samos\DSC_0671.NEF: 2024-08-11 13:10:19
2026-01-10 14:03:51 - media_renamer_app - WARNING - exifread not available for RAW file GPS extraction: D:\Photos\Nef\Samos\DSC_0671.NEF
2026-01-10 14:03:51 - media_renamer_app - WARNING - Install exifread for better RAW support: pip install exifread
2026-01-10 14:03:51 - media_renamer_app - INFO - Successfully extracted date from image D:\Photos\Nef\Samos\DSC_0672.NEF: 2024-08-11 13:10:21
2026-01-10 14:03:51 - media_renamer_app - WARNING - exifread not available for RAW file GPS extraction: D:\Photos\Nef\Samos\DSC_0672.NEF
2026-01-10 14:03:51 - media_renamer_app - WARNING - Install exifread for better RAW support: pip install exifread
2026-01-10 14:03:51 - media_renamer_app - INFO - Successfully extracted date from image D:\Photos\Nef\Samos\DSC_0673.NEF: 2024-08-11 13:10:34
2026-01-10 14:03:51 - media_renamer_app - WARNING - exifread not available for RAW file GPS extraction: D:\Photos\Nef\Samos\DSC_0673.NEF
2026-01-10 14:03:51 - media_renamer_app - WARNING - Install exifread for better RAW support: pip install exifread
2026-01-10 14:03:51 - media_renamer_app - INFO - Successfully extracted date from image D:\Photos\Nef\Samos\DSC_0674.NEF: 2024-08-11 13:10:37
2026-01-10 14:03:51 - media_renamer_app - WARNING - exifread not available for RAW file GPS extraction: D:\Photos\Nef\Samos\DSC_0674.NEF
2026-01-10 14:03:51 - media_renamer_app - WARNING - Install exifread for better RAW support: pip install exifread
2026-01-10 14:03:51 - media_renamer_app - INFO - Successfully extracted date from image D:\Photos\Nef\Samos\DSC_0675.NEF: 2024-08-11 13:10:39
2026-01-10 14:03:51 - media_renamer_app - WARNING - exifread not available for RAW file GPS extraction: D:\Photos\Nef\Samos\DSC_0675.NEF
2026-01-10 14:03:51 - media_renamer_app - WARNING - Install exifread for better RAW support: pip install exifread
2026-01-10 14:03:51 - media_renamer_app - INFO - Successfully extracted date from image D:\Photos\Nef\Samos\DSC_0676.NEF: 2024-08-11 13:10:59
2026-01-10 14:03:51 - media_renamer_app - WARNING - exifread not available for RAW file GPS extraction: D:\Photos\Nef\Samos\DSC_0676.NEF
2026-01-10 14:03:51 - media_renamer_app - WARNING - Install exifread for better RAW support: pip install exifread
2026-01-10 14:03:51 - media_renamer_app - INFO - Successfully extracted date from image D:\Photos\Nef\Samos\DSC_0677.NEF: 2024-08-11 13:11:02
2026-01-10 14:03:51 - media_renamer_app - WARNING - exifread not available for RAW file GPS extraction: D:\Photos\Nef\Samos\DSC_0677.NEF
2026-01-10 14:03:51 - media_renamer_app - WARNING - Install exifread for better RAW support: pip install exifread
2026-01-10 14:03:51 - media_renamer_app - INFO - Successfully extracted date from image D:\Photos\Nef\Samos\DSC_0678.NEF: 2024-08-11 13:11:04
2026-01-10 14:03:51 - media_renamer_app - WARNING - exifread not available for RAW file GPS extraction: D:\Photos\Nef\Samos\DSC_0678.NEF
2026-01-10 14:03:51 - media_renamer_app - WARNING - Install exifread for better RAW support: pip install exifread
2026-01-10 14:03:51 - media_renamer_app - INFO - Successfully extracted date from image D:\Photos\Nef\Samos\DSC_0679.NEF: 2024-08-11 13:11:16
2026-01-10 14:03:51 - media_renamer_app - WARNING - exifread not available for RAW file GPS extraction: D:\Photos\Nef\Samos\DSC_0679.NEF
2026-01-10 14:03:51 - media_renamer_app - WARNING - Install exifread for better RAW support: pip install exifread
2026-01-10 14:03:51 - media_renamer_app - INFO - Successfully extracted date from image D:\Photos\Nef\Samos\DSC_0680.NEF: 2024-08-11 13:11:18
2026-01-10 14:03:51 - media_renamer_app - WARNING - exifread not available for RAW file GPS extraction: D:\Photos\Nef\Samos\DSC_0680.NEF
2026-01-10 14:03:51 - media_renamer_app - WARNING - Install exifread for better RAW support: pip install exifread
2026-01-10 14:03:51 - media_renamer_app - INFO - Successfully extracted date from image D:\Photos\Nef\Samos\DSC_0681.NEF: 2024-08-11 13:11:21
2026-01-10 14:03:51 - media_renamer_app - WARNING - exifread not available for RAW file GPS extraction: D:\Photos\Nef\Samos\DSC_0681.NEF
2026-01-10 14:03:51 - media_renamer_app - WARNING - Install exifread for better RAW support: pip install exifread
2026-01-10 14:03:51 - media_renamer_app - INFO - Successfully extracted date from image D:\Photos\Nef\Samos\DSC_0682.NEF: 2024-08-11 13:11:22
2026-01-10 14:03:51 - media_renamer_app - WARNING - exifread not available for RAW file GPS extraction: D:\Photos\Nef\Samos\DSC_0682.NEF
2026-01-10 14:03:51 - media_renamer_app - WARNING - Install exifread for better RAW support: pip install exifread
2026-01-10 14:03:51 - media_renamer_app - INFO - Successfully extracted date from image D:\Photos\Nef\Samos\DSC_0683.NEF: 2024-08-11 13:11:24
2026-01-10 14:03:51 - media_renamer_app - WARNING - exifread not available for RAW file GPS extraction: D:\Photos\Nef\Samos\DSC_0683.NEF
2026-01-10 14:03:51 - media_renamer_app - WARNING - Install exifread for better RAW support: pip install exifread
2026-01-10 14:03:51 - media_renamer_app - INFO - Successfully extracted date from image D:\Photos\Nef\Samos\DSC_0684.NEF: 2024-08-11 13:11:35
2026-01-10 14:03:51 - media_renamer_app - WARNING - exifread not available for RAW file GPS extraction: D:\Photos\Nef\Samos\DSC_0684.NEF
2026-01-10 14:03:51 - media_renamer_app - WARNING - Install exifread for better RAW support: pip install exifread
2026-01-10 14:03:51 - media_renamer_app - INFO - Successfully extracted date from image D:\Photos\Nef\Samos\DSC_0685.NEF: 2024-08-11 13:11:40
2026-01-10 14:03:51 - media_renamer_app - WARNING - exifread not available for RAW file GPS extraction: D:\Photos\Nef\Samos\DSC_0685.NEF
2026-01-10 14:03:51 - media_renamer_app - WARNING - Install exifread for better RAW support: pip install exifread
2026-01-10 14:03:51 - media_renamer_app - INFO - Successfully extracted date from image D:\Photos\Nef\Samos\DSC_0686.NEF: 2024-08-11 13:12:12
2026-01-10 14:03:51 - media_renamer_app - WARNING - exifread not available for RAW file GPS extraction: D:\Photos\Nef\Samos\DSC_0686.NEF
2026-01-10 14:03:51 - media_renamer_app - WARNING - Install exifread for better RAW support: pip install exifread
2026-01-10 14:03:51 - media_renamer_app - INFO - Successfully extracted date from image D:\Photos\Nef\Samos\DSC_0687.NEF: 2024-08-11 13:12:19
2026-01-10 14:03:51 - media_renamer_app - WARNING - exifread not available for RAW file GPS extraction: D:\Photos\Nef\Samos\DSC_0687.NEF
2026-01-10 14:03:51 - media_renamer_app - WARNING - Install exifread for better RAW support: pip install exifread
2026-01-10 14:03:51 - media_renamer_app - INFO - Successfully extracted date from image D:\Photos\Nef\Samos\DSC_0688.NEF: 2024-08-11 13:12:21
2026-01-10 14:03:51 - media_renamer_app - WARNING - exifread not available for RAW file GPS extraction: D:\Photos\Nef\Samos\DSC_0688.NEF
2026-01-10 14:03:51 - media_renamer_app - WARNING - Install exifread for better RAW support: pip install exifread
2026-01-10 14:03:51 - media_renamer_app - INFO - Successfully extracted date from image D:\Photos\Nef\Samos\DSC_0689.NEF: 2024-08-11 13:39:10
2026-01-10 14:03:51 - media_renamer_app - WARNING - exifread not available for RAW file GPS extraction: D:\Photos\Nef\Samos\DSC_0689.NEF
2026-01-10 14:03:51 - media_renamer_app - WARNING - Install exifread for better RAW support: pip install exifread
2026-01-10 14:03:51 - media_renamer_app - INFO - Successfully extracted date from image D:\Photos\Nef\Samos\DSC_0690.NEF: 2024-08-11 13:39:14
2026-01-10 14:03:51 - media_renamer_app - WARNING - exifread not available for RAW file GPS extraction: D:\Photos\Nef\Samos\DSC_0690.NEF
2026-01-10 14:03:51 - media_renamer_app - WARNING - Install exifread for better RAW support: pip install exifread
2026-01-10 14:03:51 - media_renamer_app - INFO - Successfully extracted date from image D:\Photos\Nef\Samos\DSC_0691.NEF: 2024-08-11 13:39:18
2026-01-10 14:03:51 - media_renamer_app - WARNING - exifread not available for RAW file GPS extraction: D:\Photos\Nef\Samos\DSC_0691.NEF
2026-01-10 14:03:51 - media_renamer_app - WARNING - Install exifread for better RAW support: pip install exifread
2026-01-10 14:03:51 - media_renamer_app - INFO - Successfully extracted date from image D:\Photos\Nef\Samos\DSC_0692.NEF: 2024-08-11 13:39:53
2026-01-10 14:03:51 - media_renamer_app - WARNING - exifread not available for RAW file GPS extraction: D:\Photos\Nef\Samos\DSC_0692.NEF
2026-01-10 14:03:51 - media_renamer_app - WARNING - Install exifread for better RAW support: pip install exifread
2026-01-10 14:03:51 - media_renamer_app - INFO - Successfully extracted date from image D:\Photos\Nef\Samos\DSC_0693.NEF: 2024-08-11 13:40:03
2026-01-10 14:03:51 - media_renamer_app - WARNING - exifread not available for RAW file GPS extraction: D:\Photos\Nef\Samos\DSC_0693.NEF
2026-01-10 14:03:51 - media_renamer_app - WARNING - Install exifread for better RAW support: pip install exifread
2026-01-10 14:03:51 - media_renamer_app - INFO - Successfully extracted date from image D:\Photos\Nef\Samos\DSC_0694.NEF: 2024-08-11 13:40:04
2026-01-10 14:03:51 - media_renamer_app - WARNING - exifread not available for RAW file GPS extraction: D:\Photos\Nef\Samos\DSC_0694.NEF
2026-01-10 14:03:51 - media_renamer_app - WARNING - Install exifread for better RAW support: pip install exifread
2026-01-10 14:03:51 - media_renamer_app - INFO - Successfully extracted date from image D:\Photos\Nef\Samos\DSC_0695.NEF: 2024-08-11 13:40:05
2026-01-10 14:03:51 - media_renamer_app - WARNING - exifread not available for RAW file GPS extraction: D:\Photos\Nef\Samos\DSC_0695.NEF
2026-01-10 14:03:51 - media_renamer_app - WARNING - Install exifread for better RAW support: pip install exifread
2026-01-10 14:03:51 - media_renamer_app - INFO - Successfully extracted date from image D:\Photos\Nef\Samos\DSC_0696.NEF: 2024-08-11 13:40:08
2026-01-10 14:03:51 - media_renamer_app - WARNING - exifread not available for RAW file GPS extraction: D:\Photos\Nef\Samos\DSC_0696.NEF
2026-01-10 14:03:51 - media_renamer_app - WARNING - Install exifread for better RAW support: pip install exifread
2026-01-10 14:03:51 - media_renamer_app - INFO - Successfully extracted date from image D:\Photos\Nef\Samos\DSC_0697.NEF: 2024-08-11 13:40:08
2026-01-10 14:03:51 - media_renamer_app - WARNING - exifread not available for RAW file GPS extraction: D:\Photos\Nef\Samos\DSC_0697.NEF
2026-01-10 14:03:51 - media_renamer_app - WARNING - Install exifread for better RAW support: pip install exifread
2026-01-10 14:03:51 - media_renamer_app - INFO - Successfully extracted date from image D:\Photos\Nef\Samos\DSC_0698.NEF: 2024-08-11 13:40:14
2026-01-10 14:03:51 - media_renamer_app - WARNING - exifread not available for RAW file GPS extraction: D:\Photos\Nef\Samos\DSC_0698.NEF
2026-01-10 14:03:51 - media_renamer_app - WARNING - Install exifread for better RAW support: pip install exifread
2026-01-10 14:03:51 - media_renamer_app - INFO - Successfully extracted date from image D:\Photos\Nef\Samos\DSC_0699.NEF: 2024-08-11 13:40:15
2026-01-10 14:03:51 - media_renamer_app - WARNING - exifread not available for RAW file GPS extraction: D:\Photos\Nef\Samos\DSC_0699.NEF
2026-01-10 14:03:51 - media_renamer_app - WARNING - Install exifread for better RAW support: pip install exifread
2026-01-10 14:03:51 - media_renamer_app - INFO - Successfully extracted date from image D:\Photos\Nef\Samos\DSC_0700.NEF: 2024-08-11 13:40:17
2026-01-10 14:03:51 - media_renamer_app - WARNING - exifread not available for RAW file GPS extraction: D:\Photos\Nef\Samos\DSC_0700.NEF
2026-01-10 14:03:51 - media_renamer_app - WARNING - Install exifread for better RAW support: pip install exifread
2026-01-10 14:03:51 - media_renamer_app - INFO - Successfully extracted date from image D:\Photos\Nef\Samos\DSC_0701.NEF: 2024-08-11 13:40:43
2026-01-10 14:03:51 - media_renamer_app - WARNING - exifread not available for RAW file GPS extraction: D:\Photos\Nef\Samos\DSC_0701.NEF
2026-01-10 14:03:51 - media_renamer_app - WARNING - Install exifread for better RAW support: pip install exifread
2026-01-10 14:03:51 - media_renamer_app - INFO - Successfully extracted date from image D:\Photos\Nef\Samos\DSC_0702.NEF: 2024-08-11 13:40:59
2026-01-10 14:03:51 - media_renamer_app - WARNING - exifread not available for RAW file GPS extraction: D:\Photos\Nef\Samos\DSC_0702.NEF
2026-01-10 14:03:51 - media_renamer_app - WARNING - Install exifread for better RAW support: pip install exifread
2026-01-10 14:03:51 - media_renamer_app - INFO - Successfully extracted date from image D:\Photos\Nef\Samos\DSC_0703.NEF: 2024-08-11 13:40:59
2026-01-10 14:03:51 - media_renamer_app - WARNING - exifread not available for RAW file GPS extraction: D:\Photos\Nef\Samos\DSC_0703.NEF
2026-01-10 14:03:51 - media_renamer_app - WARNING - Install exifread for better RAW support: pip install exifread
2026-01-10 14:03:51 - media_renamer_app - INFO - Successfully extracted date from image D:\Photos\Nef\Samos\DSC_0704.NEF: 2024-08-11 13:41:12
2026-01-10 14:03:51 - media_renamer_app - WARNING - exifread not available for RAW file GPS extraction: D:\Photos\Nef\Samos\DSC_0704.NEF
2026-01-10 14:03:51 - media_renamer_app - WARNING - Install exifread for better RAW support: pip install exifread
2026-01-10 14:03:51 - media_renamer_app - INFO - Successfully extracted date from image D:\Photos\Nef\Samos\DSC_0705.NEF: 2024-08-11 13:41:13
2026-01-10 14:03:51 - media_renamer_app - WARNING - exifread not available for RAW file GPS extraction: D:\Photos\Nef\Samos\DSC_0705.NEF
2026-01-10 14:03:51 - media_renamer_app - WARNING - Install exifread for better RAW support: pip install exifread
2026-01-10 14:03:51 - media_renamer_app - INFO - Successfully extracted date from image D:\Photos\Nef\Samos\DSC_0706.NEF: 2024-08-11 13:41:14
2026-01-10 14:03:51 - media_renamer_app - WARNING - exifread not available for RAW file GPS extraction: D:\Photos\Nef\Samos\DSC_0706.NEF
2026-01-10 14:03:51 - media_renamer_app - WARNING - Install exifread for better RAW support: pip install exifread
2026-01-10 14:03:51 - media_renamer_app - INFO - Successfully extracted date from image D:\Photos\Nef\Samos\DSC_0707.NEF: 2024-08-11 13:41:14
2026-01-10 14:03:51 - media_renamer_app - WARNING - exifread not available for RAW file GPS extraction: D:\Photos\Nef\Samos\DSC_0707.NEF
2026-01-10 14:03:51 - media_renamer_app - WARNING - Install exifread for better RAW support: pip install exifread
2026-01-10 14:03:51 - media_renamer_app - INFO - Successfully extracted date from image D:\Photos\Nef\Samos\DSC_0708.NEF: 2024-08-11 13:41:14
2026-01-10 14:03:51 - media_renamer_app - WARNING - exifread not available for RAW file GPS extraction: D:\Photos\Nef\Samos\DSC_0708.NEF
2026-01-10 14:03:51 - media_renamer_app - WARNING - Install exifread for better RAW support: pip install exifread
2026-01-10 14:03:51 - media_renamer_app - INFO - Successfully extracted date from image D:\Photos\Nef\Samos\DSC_0709.NEF: 2024-08-11 13:41:15
2026-01-10 14:03:51 - media_renamer_app - WARNING - exifread not available for RAW file GPS extraction: D:\Photos\Nef\Samos\DSC_0709.NEF
2026-01-10 14:03:51 - media_renamer_app - WARNING - Install exifread for better RAW support: pip install exifread
2026-01-10 14:03:51 - media_renamer_app - INFO - Successfully extracted date from image D:\Photos\Nef\Samos\DSC_0710.NEF: 2024-08-11 13:41:16
2026-01-10 14:03:51 - media_renamer_app - WARNING - exifread not available for RAW file GPS extraction: D:\Photos\Nef\Samos\DSC_0710.NEF
2026-01-10 14:03:51 - media_renamer_app - WARNING - Install exifread for better RAW support: pip install exifread
2026-01-10 14:03:51 - media_renamer_app - INFO - Successfully extracted date from image D:\Photos\Nef\Samos\DSC_0714.NEF: 2024-08-11 13:41:20
2026-01-10 14:03:51 - media_renamer_app - WARNING - exifread not available for RAW file GPS extraction: D:\Photos\Nef\Samos\DSC_0714.NEF
2026-01-10 14:03:51 - media_renamer_app - WARNING - Install exifread for better RAW support: pip install exifread
2026-01-10 14:03:51 - media_renamer_app - INFO - Successfully extracted date from image D:\Photos\Nef\Samos\DSC_0715.NEF: 2024-08-11 13:42:52
2026-01-10 14:03:51 - media_renamer_app - WARNING - exifread not available for RAW file GPS extraction: D:\Photos\Nef\Samos\DSC_0715.NEF
2026-01-10 14:03:51 - media_renamer_app - WARNING - Install exifread for better RAW support: pip install exifread
2026-01-10 14:03:51 - media_renamer_app - INFO - Successfully extracted date from image D:\Photos\Nef\Samos\DSC_0716.NEF: 2024-08-11 13:42:57
2026-01-10 14:03:51 - media_renamer_app - WARNING - exifread not available for RAW file GPS extraction: D:\Photos\Nef\Samos\DSC_0716.NEF
2026-01-10 14:03:51 - media_renamer_app - WARNING - Install exifread for better RAW support: pip install exifread
2026-01-10 14:03:51 - media_renamer_app - INFO - Successfully extracted date from image D:\Photos\Nef\Samos\DSC_0717.NEF: 2024-08-11 13:43:02
2026-01-10 14:03:51 - media_renamer_app - WARNING - exifread not available for RAW file GPS extraction: D:\Photos\Nef\Samos\DSC_0717.NEF
2026-01-10 14:03:51 - media_renamer_app - WARNING - Install exifread for better RAW support: pip install exifread
2026-01-10 14:03:51 - media_renamer_app - INFO - Successfully extracted date from image D:\Photos\Nef\Samos\DSC_0718.NEF: 2024-08-11 13:43:13
2026-01-10 14:03:51 - media_renamer_app - WARNING - exifread not available for RAW file GPS extraction: D:\Photos\Nef\Samos\DSC_0718.NEF
2026-01-10 14:03:51 - media_renamer_app - WARNING - Install exifread for better RAW support: pip install exifread
2026-01-10 14:03:51 - media_renamer_app - INFO - Successfully extracted date from image D:\Photos\Nef\Samos\DSC_0719.NEF: 2024-08-11 15:59:35
2026-01-10 14:03:51 - media_renamer_app - WARNING - exifread not available for RAW file GPS extraction: D:\Photos\Nef\Samos\DSC_0719.NEF
2026-01-10 14:03:51 - media_renamer_app - WARNING - Install exifread for better RAW support: pip install exifread
2026-01-10 14:03:51 - media_renamer_app - INFO - Successfully extracted date from image D:\Photos\Nef\Samos\DSC_0721.NEF: 2024-08-11 17:07:53
2026-01-10 14:03:51 - media_renamer_app - WARNING - exifread not available for RAW file GPS extraction: D:\Photos\Nef\Samos\DSC_0721.NEF
2026-01-10 14:03:51 - media_renamer_app - WARNING - Install exifread for better RAW support: pip install exifread
2026-01-10 14:03:51 - media_renamer_app - INFO - Successfully extracted date from image D:\Photos\Nef\Samos\DSC_0722.NEF: 2024-08-11 17:07:57
2026-01-10 14:03:51 - media_renamer_app - WARNING - exifread not available for RAW file GPS extraction: D:\Photos\Nef\Samos\DSC_0722.NEF
2026-01-10 14:03:51 - media_renamer_app - WARNING - Install exifread for better RAW support: pip install exifread
2026-01-10 14:03:51 - media_renamer_app - INFO - Successfully extracted date from image D:\Photos\Nef\Samos\DSC_0723.NEF: 2024-08-11 17:08:00
2026-01-10 14:03:51 - media_renamer_app - WARNING - exifread not available for RAW file GPS extraction: D:\Photos\Nef\Samos\DSC_0723.NEF
2026-01-10 14:03:51 - media_renamer_app - WARNING - Install exifread for better RAW support: pip install exifread
2026-01-10 14:03:51 - media_renamer_app - INFO - Successfully extracted date from image D:\Photos\Nef\Samos\DSC_0725.NEF: 2024-08-11 17:08:17
2026-01-10 14:03:51 - media_renamer_app - WARNING - exifread not available for RAW file GPS extraction: D:\Photos\Nef\Samos\DSC_0725.NEF
2026-01-10 14:03:51 - media_renamer_app - WARNING - Install exifread for better RAW support: pip install exifread
2026-01-10 14:03:51 - media_renamer_app - INFO - Successfully extracted date from image D:\Photos\Nef\Samos\DSC_0727.NEF: 2024-08-11 17:09:38
2026-01-10 14:03:51 - media_renamer_app - WARNING - exifread not available for RAW file GPS extraction: D:\Photos\Nef\Samos\DSC_0727.NEF
2026-01-10 14:03:51 - media_renamer_app - WARNING - Install exifread for better RAW support: pip install exifread
2026-01-10 14:03:51 - media_renamer_app - INFO - Successfully extracted date from image D:\Photos\Nef\Samos\DSC_0728.NEF: 2024-08-11 17:09:42
2026-01-10 14:03:51 - media_renamer_app - WARNING - exifread not available for RAW file GPS extraction: D:\Photos\Nef\Samos\DSC_0728.NEF
2026-01-10 14:03:51 - media_renamer_app - WARNING - Install exifread for better RAW support: pip install exifread
2026-01-10 14:03:51 - media_renamer_app - INFO - Successfully extracted date from image D:\Photos\Nef\Samos\DSC_0729.NEF: 2024-08-11 17:09:44
2026-01-10 14:03:51 - media_renamer_app - WARNING - exifread not available for RAW file GPS extraction: D:\Photos\Nef\Samos\DSC_0729.NEF
2026-01-10 14:03:51 - media_renamer_app - WARNING - Install exifread for better RAW support: pip install exifread
2026-01-10 14:03:51 - media_renamer_app - INFO - Successfully extracted date from image D:\Photos\Nef\Samos\DSC_0730.NEF: 2024-08-11 17:09:45
2026-01-10 14:03:51 - media_renamer_app - WARNING - exifread not available for RAW file GPS extraction: D:\Photos\Nef\Samos\DSC_0730.NEF
2026-01-10 14:03:51 - media_renamer_app - WARNING - Install exifread for better RAW support: pip install exifread
2026-01-10 14:03:51 - media_renamer_app - INFO - Successfully extracted date from image D:\Photos\Nef\Samos\DSC_0731.NEF: 2024-08-11 17:09:49
2026-01-10 14:03:51 - media_renamer_app - WARNING - exifread not available for RAW file GPS extraction: D:\Photos\Nef\Samos\DSC_0731.NEF
2026-01-10 14:03:51 - media_renamer_app - WARNING - Install exifread for better RAW support: pip install exifread
2026-01-10 14:03:51 - media_renamer_app - INFO - Successfully extracted date from image D:\Photos\Nef\Samos\DSC_0732.NEF: 2024-08-12 11:19:21
2026-01-10 14:03:51 - media_renamer_app - WARNING - exifread not available for RAW file GPS extraction: D:\Photos\Nef\Samos\DSC_0732.NEF
2026-01-10 14:03:51 - media_renamer_app - WARNING - Install exifread for better RAW support: pip install exifread
2026-01-10 14:03:51 - media_renamer_app - INFO - Successfully extracted date from image D:\Photos\Nef\Samos\DSC_0733.NEF: 2024-08-12 11:19:39
2026-01-10 14:03:51 - media_renamer_app - WARNING - exifread not available for RAW file GPS extraction: D:\Photos\Nef\Samos\DSC_0733.NEF
2026-01-10 14:03:51 - media_renamer_app - WARNING - Install exifread for better RAW support: pip install exifread
2026-01-10 14:03:51 - media_renamer_app - INFO - Successfully extracted date from image D:\Photos\Nef\Samos\DSC_0734.NEF: 2024-08-12 11:20:00
2026-01-10 14:03:51 - media_renamer_app - WARNING - exifread not available for RAW file GPS extraction: D:\Photos\Nef\Samos\DSC_0734.NEF
2026-01-10 14:03:51 - media_renamer_app - WARNING - Install exifread for better RAW support: pip install exifread
2026-01-10 14:03:51 - media_renamer_app - INFO - Successfully extracted date from image D:\Photos\Nef\Samos\DSC_0735.NEF: 2024-08-12 11:21:50
2026-01-10 14:03:51 - media_renamer_app - WARNING - exifread not available for RAW file GPS extraction: D:\Photos\Nef\Samos\DSC_0735.NEF
2026-01-10 14:03:51 - media_renamer_app - WARNING - Install exifread for better RAW support: pip install exifread
2026-01-10 14:03:51 - media_renamer_app - INFO - Successfully extracted date from image D:\Photos\Nef\Samos\DSC_0737.NEF: 2024-08-12 11:22:18
2026-01-10 14:03:51 - media_renamer_app - WARNING - exifread not available for RAW file GPS extraction: D:\Photos\Nef\Samos\DSC_0737.NEF
2026-01-10 14:03:51 - media_renamer_app - WARNING - Install exifread for better RAW support: pip install exifread
2026-01-10 14:03:51 - media_renamer_app - INFO - Successfully extracted date from image D:\Photos\Nef\Samos\DSC_0744.JPG: 2024-08-12 11:24:37
2026-01-10 14:03:52 - media_renamer_app - INFO - Successfully extracted date from image D:\Photos\Nef\Samos\DSC_0746.JPG: 2024-08-12 11:25:05
2026-01-10 14:03:52 - media_renamer_app - INFO - Successfully extracted date from image D:\Photos\Nef\Samos\DSC_0747.JPG: 2024-08-12 11:25:06
2026-01-10 14:03:52 - media_renamer_app - INFO - Successfully extracted date from image D:\Photos\Nef\Samos\DSC_0748.JPG: 2024-08-12 11:25:13
2026-01-10 14:03:52 - media_renamer_app - INFO - Successfully extracted date from image D:\Photos\Nef\Samos\DSC_0749.JPG: 2024-08-12 11:25:34
2026-01-10 14:03:52 - media_renamer_app - INFO - Successfully extracted date from image D:\Photos\Nef\Samos\DSC_0761.NEF: 2024-08-12 11:31:36
2026-01-10 14:03:52 - media_renamer_app - WARNING - exifread not available for RAW file GPS extraction: D:\Photos\Nef\Samos\DSC_0761.NEF
2026-01-10 14:03:52 - media_renamer_app - WARNING - Install exifread for better RAW support: pip install exifread
2026-01-10 14:03:52 - media_renamer_app - INFO - Successfully extracted date from image D:\Photos\Nef\Samos\DSC_0763.NEF: 2024-08-12 11:31:53
2026-01-10 14:03:52 - media_renamer_app - WARNING - exifread not available for RAW file GPS extraction: D:\Photos\Nef\Samos\DSC_0763.NEF
2026-01-10 14:03:52 - media_renamer_app - WARNING - Install exifread for better RAW support: pip install exifread
2026-01-10 14:03:52 - media_renamer_app - INFO - Successfully extracted date from image D:\Photos\Nef\Samos\DSC_0764.NEF: 2024-08-12 11:31:59
2026-01-10 14:03:52 - media_renamer_app - WARNING - exifread not available for RAW file GPS extraction: D:\Photos\Nef\Samos\DSC_0764.NEF
2026-01-10 14:03:52 - media_renamer_app - WARNING - Install exifread for better RAW support: pip install exifread
2026-01-10 14:03:52 - media_renamer_app - INFO - Successfully extracted date from image D:\Photos\Nef\Samos\DSC_0772.NEF: 2024-08-12 11:40:34
2026-01-10 14:03:52 - media_renamer_app - WARNING - exifread not available for RAW file GPS extraction: D:\Photos\Nef\Samos\DSC_0772.NEF
2026-01-10 14:03:52 - media_renamer_app - WARNING - Install exifread for better RAW support: pip install exifread
2026-01-10 14:03:52 - media_renamer_app - INFO - Successfully extracted date from image D:\Photos\Nef\Samos\DSC_0775.NEF: 2024-08-12 12:28:14
2026-01-10 14:03:52 - media_renamer_app - WARNING - exifread not available for RAW file GPS extraction: D:\Photos\Nef\Samos\DSC_0775.NEF
2026-01-10 14:03:52 - media_renamer_app - WARNING - Install exifread for better RAW support: pip install exifread
2026-01-10 14:03:52 - media_renamer_app - INFO - Successfully extracted date from image D:\Photos\Nef\Samos\DSC_0776.NEF: 2024-08-12 12:28:57
2026-01-10 14:03:52 - media_renamer_app - WARNING - exifread not available for RAW file GPS extraction: D:\Photos\Nef\Samos\DSC_0776.NEF
2026-01-10 14:03:52 - media_renamer_app - WARNING - Install exifread for better RAW support: pip install exifread
2026-01-10 14:03:52 - media_renamer_app - INFO - Successfully extracted date from image D:\Photos\Nef\Samos\DSC_0777.NEF: 2024-08-12 12:29:00
2026-01-10 14:03:52 - media_renamer_app - WARNING - exifread not available for RAW file GPS extraction: D:\Photos\Nef\Samos\DSC_0777.NEF
2026-01-10 14:03:52 - media_renamer_app - WARNING - Install exifread for better RAW support: pip install exifread
2026-01-10 14:03:52 - media_renamer_app - INFO - Successfully extracted date from image D:\Photos\Nef\Samos\DSC_0778.NEF: 2024-08-12 15:07:23
2026-01-10 14:03:52 - media_renamer_app - WARNING - exifread not available for RAW file GPS extraction: D:\Photos\Nef\Samos\DSC_0778.NEF
2026-01-10 14:03:52 - media_renamer_app - WARNING - Install exifread for better RAW support: pip install exifread
2026-01-10 14:03:52 - media_renamer_app - INFO - Successfully extracted date from image D:\Photos\Nef\Samos\DSC_0779.NEF: 2024-08-12 15:07:33
2026-01-10 14:03:52 - media_renamer_app - WARNING - exifread not available for RAW file GPS extraction: D:\Photos\Nef\Samos\DSC_0779.NEF
2026-01-10 14:03:52 - media_renamer_app - WARNING - Install exifread for better RAW support: pip install exifread
2026-01-10 14:03:52 - media_renamer_app - INFO - Successfully extracted date from image D:\Photos\Nef\Samos\DSC_0780.NEF: 2024-08-12 15:07:38
2026-01-10 14:03:52 - media_renamer_app - WARNING - exifread not available for RAW file GPS extraction: D:\Photos\Nef\Samos\DSC_0780.NEF
2026-01-10 14:03:52 - media_renamer_app - WARNING - Install exifread for better RAW support: pip install exifread
2026-01-10 14:03:52 - media_renamer_app - INFO - Successfully extracted date from image D:\Photos\Nef\Samos\DSC_0781.NEF: 2024-08-12 15:08:13
2026-01-10 14:03:52 - media_renamer_app - WARNING - exifread not available for RAW file GPS extraction: D:\Photos\Nef\Samos\DSC_0781.NEF
2026-01-10 14:03:52 - media_renamer_app - WARNING - Install exifread for better RAW support: pip install exifread
2026-01-10 14:03:52 - media_renamer_app - INFO - Successfully extracted date from image D:\Photos\Nef\Samos\DSC_0782.NEF: 2024-08-12 15:08:31
2026-01-10 14:03:52 - media_renamer_app - WARNING - exifread not available for RAW file GPS extraction: D:\Photos\Nef\Samos\DSC_0782.NEF
2026-01-10 14:03:52 - media_renamer_app - WARNING - Install exifread for better RAW support: pip install exifread
2026-01-10 14:03:52 - media_renamer_app - INFO - Successfully extracted date from image D:\Photos\Nef\Samos\DSC_0783.NEF: 2024-08-12 15:08:50
2026-01-10 14:03:52 - media_renamer_app - WARNING - exifread not available for RAW file GPS extraction: D:\Photos\Nef\Samos\DSC_0783.NEF
2026-01-10 14:03:52 - media_renamer_app - WARNING - Install exifread for better RAW support: pip install exifread
2026-01-10 14:03:52 - media_renamer_app - INFO - Successfully extracted date from image D:\Photos\Nef\Samos\DSC_0784.NEF: 2024-08-12 15:09:20
2026-01-10 14:03:52 - media_renamer_app - WARNING - exifread not available for RAW file GPS extraction: D:\Photos\Nef\Samos\DSC_0784.NEF
2026-01-10 14:03:52 - media_renamer_app - WARNING - Install exifread for better RAW support: pip install exifread
2026-01-10 14:03:52 - media_renamer_app - INFO - Successfully extracted date from image D:\Photos\Nef\Samos\DSC_0786.NEF: 2024-08-12 15:10:22
2026-01-10 14:03:52 - media_renamer_app - WARNING - exifread not available for RAW file GPS extraction: D:\Photos\Nef\Samos\DSC_0786.NEF
2026-01-10 14:03:52 - media_renamer_app - WARNING - Install exifread for better RAW support: pip install exifread
2026-01-10 14:03:52 - media_renamer_app - INFO - Successfully extracted date from image D:\Photos\Nef\Samos\DSC_0787.NEF: 2024-08-12 16:04:58
2026-01-10 14:03:52 - media_renamer_app - WARNING - exifread not available for RAW file GPS extraction: D:\Photos\Nef\Samos\DSC_0787.NEF
2026-01-10 14:03:52 - media_renamer_app - WARNING - Install exifread for better RAW support: pip install exifread
2026-01-10 14:03:52 - media_renamer_app - INFO - Successfully extracted date from image D:\Photos\Nef\Samos\DSC_0788.NEF: 2024-08-12 19:25:33
2026-01-10 14:03:52 - media_renamer_app - WARNING - exifread not available for RAW file GPS extraction: D:\Photos\Nef\Samos\DSC_0788.NEF
2026-01-10 14:03:52 - media_renamer_app - WARNING - Install exifread for better RAW support: pip install exifread
2026-01-10 14:03:52 - media_renamer_app - INFO - Successfully extracted date from image D:\Photos\Nef\Samos\DSC_0789.NEF: 2024-08-12 19:25:38
2026-01-10 14:03:52 - media_renamer_app - WARNING - exifread not available for RAW file GPS extraction: D:\Photos\Nef\Samos\DSC_0789.NEF
2026-01-10 14:03:52 - media_renamer_app - WARNING - Install exifread for better RAW support: pip install exifread
2026-01-10 14:03:52 - media_renamer_app - INFO - Successfully extracted date from image D:\Photos\Nef\Samos\DSC_0790.NEF: 2024-08-12 19:25:41
2026-01-10 14:03:52 - media_renamer_app - WARNING - exifread not available for RAW file GPS extraction: D:\Photos\Nef\Samos\DSC_0790.NEF
2026-01-10 14:03:52 - media_renamer_app - WARNING - Install exifread for better RAW support: pip install exifread
2026-01-10 14:03:52 - media_renamer_app - INFO - Successfully extracted date from image D:\Photos\Nef\Samos\DSC_0791.NEF: 2024-08-12 19:25:58
2026-01-10 14:03:52 - media_renamer_app - WARNING - exifread not available for RAW file GPS extraction: D:\Photos\Nef\Samos\DSC_0791.NEF
2026-01-10 14:03:52 - media_renamer_app - WARNING - Install exifread for better RAW support: pip install exifread
2026-01-10 14:03:52 - media_renamer_app - INFO - Successfully extracted date from image D:\Photos\Nef\Samos\DSC_0792.NEF: 2024-08-12 19:49:41
2026-01-10 14:03:52 - media_renamer_app - WARNING - exifread not available for RAW file GPS extraction: D:\Photos\Nef\Samos\DSC_0792.NEF
2026-01-10 14:03:52 - media_renamer_app - WARNING - Install exifread for better RAW support: pip install exifread
2026-01-10 14:03:52 - media_renamer_app - INFO - Successfully extracted date from image D:\Photos\Nef\Samos\DSC_0793.NEF: 2024-08-12 19:49:43
2026-01-10 14:03:52 - media_renamer_app - WARNING - exifread not available for RAW file GPS extraction: D:\Photos\Nef\Samos\DSC_0793.NEF
2026-01-10 14:03:52 - media_renamer_app - WARNING - Install exifread for better RAW support: pip install exifread
2026-01-10 14:03:52 - media_renamer_app - INFO - Successfully extracted date from image D:\Photos\Nef\Samos\DSC_0794.NEF: 2024-08-12 19:49:46
2026-01-10 14:03:52 - media_renamer_app - WARNING - exifread not available for RAW file GPS extraction: D:\Photos\Nef\Samos\DSC_0794.NEF
2026-01-10 14:03:52 - media_renamer_app - WARNING - Install exifread for better RAW support: pip install exifread
2026-01-10 14:03:52 - media_renamer_app - INFO - Successfully extracted date from image D:\Photos\Nef\Samos\DSC_0795.NEF: 2024-08-12 19:49:48
2026-01-10 14:03:52 - media_renamer_app - WARNING - exifread not available for RAW file GPS extraction: D:\Photos\Nef\Samos\DSC_0795.NEF
2026-01-10 14:03:52 - media_renamer_app - WARNING - Install exifread for better RAW support: pip install exifread
2026-01-10 14:03:52 - media_renamer_app - INFO - Successfully extracted date from image D:\Photos\Nef\Samos\DSC_0796.NEF: 2024-08-12 19:49:53
2026-01-10 14:03:52 - media_renamer_app - WARNING - exifread not available for RAW file GPS extraction: D:\Photos\Nef\Samos\DSC_0796.NEF
2026-01-10 14:03:52 - media_renamer_app - WARNING - Install exifread for better RAW support: pip install exifread
2026-01-10 14:03:52 - media_renamer_app - INFO - Successfully extracted date from image D:\Photos\Nef\Samos\DSC_0797.NEF: 2024-08-12 19:49:55
2026-01-10 14:03:52 - media_renamer_app - WARNING - exifread not available for RAW file GPS extraction: D:\Photos\Nef\Samos\DSC_0797.NEF
2026-01-10 14:03:52 - media_renamer_app - WARNING - Install exifread for better RAW support: pip install exifread
2026-01-10 14:03:52 - media_renamer_app - INFO - Successfully extracted date from image D:\Photos\Nef\Samos\DSC_0798.NEF: 2024-08-12 19:50:08
2026-01-10 14:03:52 - media_renamer_app - WARNING - exifread not available for RAW file GPS extraction: D:\Photos\Nef\Samos\DSC_0798.NEF
2026-01-10 14:03:52 - media_renamer_app - WARNING - Install exifread for better RAW support: pip install exifread
2026-01-10 14:03:52 - media_renamer_app - INFO - Successfully extracted date from image D:\Photos\Nef\Samos\DSC_0799.NEF: 2024-08-12 19:50:12
2026-01-10 14:03:52 - media_renamer_app - WARNING - exifread not available for RAW file GPS extraction: D:\Photos\Nef\Samos\DSC_0799.NEF
2026-01-10 14:03:52 - media_renamer_app - WARNING - Install exifread for better RAW support: pip install exifread
2026-01-10 14:03:52 - media_renamer_app - INFO - Successfully extracted date from image D:\Photos\Nef\Samos\DSC_0800.NEF: 2024-08-12 19:50:39
2026-01-10 14:03:52 - media_renamer_app - WARNING - exifread not available for RAW file GPS extraction: D:\Photos\Nef\Samos\DSC_0800.NEF
2026-01-10 14:03:52 - media_renamer_app - WARNING - Install exifread for better RAW support: pip install exifread
2026-01-10 14:03:52 - media_renamer_app - INFO - Successfully extracted date from image D:\Photos\Nef\Samos\DSC_0801.NEF: 2024-08-12 19:50:43
2026-01-10 14:03:52 - media_renamer_app - WARNING - exifread not available for RAW file GPS extraction: D:\Photos\Nef\Samos\DSC_0801.NEF
2026-01-10 14:03:52 - media_renamer_app - WARNING - Install exifread for better RAW support: pip install exifread
2026-01-10 14:03:52 - media_renamer_app - INFO - Successfully extracted date from image D:\Photos\Nef\Samos\DSC_0802.NEF: 2024-08-12 19:50:46
2026-01-10 14:03:52 - media_renamer_app - WARNING - exifread not available for RAW file GPS extraction: D:\Photos\Nef\Samos\DSC_0802.NEF
2026-01-10 14:03:52 - media_renamer_app - WARNING - Install exifread for better RAW support: pip install exifread
2026-01-10 14:03:52 - media_renamer_app - INFO - Successfully extracted date from image D:\Photos\Nef\Samos\DSC_0803.NEF: 2024-08-12 19:50:51
2026-01-10 14:03:52 - media_renamer_app - WARNING - exifread not available for RAW file GPS extraction: D:\Photos\Nef\Samos\DSC_0803.NEF
2026-01-10 14:03:52 - media_renamer_app - WARNING - Install exifread for better RAW support: pip install exifread
2026-01-10 14:03:52 - media_renamer_app - INFO - Successfully extracted date from image D:\Photos\Nef\Samos\DSC_0804.NEF: 2024-08-12 19:50:54
2026-01-10 14:03:52 - media_renamer_app - WARNING - exifread not available for RAW file GPS extraction: D:\Photos\Nef\Samos\DSC_0804.NEF
2026-01-10 14:03:52 - media_renamer_app - WARNING - Install exifread for better RAW support: pip install exifread
2026-01-10 14:03:52 - media_renamer_app - INFO - Successfully extracted date from image D:\Photos\Nef\Samos\DSC_0805.NEF: 2024-08-13 20:14:39
2026-01-10 14:03:52 - media_renamer_app - WARNING - exifread not available for RAW file GPS extraction: D:\Photos\Nef\Samos\DSC_0805.NEF
2026-01-10 14:03:52 - media_renamer_app - WARNING - Install exifread for better RAW support: pip install exifread
2026-01-10 14:03:52 - media_renamer_app - INFO - Successfully extracted date from image D:\Photos\Nef\Samos\DSC_0806.NEF: 2024-08-13 20:14:44
2026-01-10 14:03:52 - media_renamer_app - WARNING - exifread not available for RAW file GPS extraction: D:\Photos\Nef\Samos\DSC_0806.NEF
2026-01-10 14:03:52 - media_renamer_app - WARNING - Install exifread for better RAW support: pip install exifread
2026-01-10 14:03:52 - media_renamer_app - INFO - Successfully extracted date from image D:\Photos\Nef\Samos\DSC_0807.NEF: 2024-08-13 20:15:09
2026-01-10 14:03:52 - media_renamer_app - WARNING - exifread not available for RAW file GPS extraction: D:\Photos\Nef\Samos\DSC_0807.NEF
2026-01-10 14:03:52 - media_renamer_app - WARNING - Install exifread for better RAW support: pip install exifread
2026-01-10 14:03:52 - media_renamer_app - INFO - Successfully extracted date from image D:\Photos\Nef\Samos\DSC_0808.NEF: 2024-08-13 20:15:17
2026-01-10 14:03:52 - media_renamer_app - WARNING - exifread not available for RAW file GPS extraction: D:\Photos\Nef\Samos\DSC_0808.NEF
2026-01-10 14:03:52 - media_renamer_app - WARNING - Install exifread for better RAW support: pip install exifread
2026-01-10 14:03:52 - media_renamer_app - INFO - Successfully extracted date from image D:\Photos\Nef\Samos\DSC_0809.NEF: 2024-08-13 20:15:54
2026-01-10 14:03:52 - media_renamer_app - WARNING - exifread not available for RAW file GPS extraction: D:\Photos\Nef\Samos\DSC_0809.NEF
2026-01-10 14:03:52 - media_renamer_app - WARNING - Install exifread for better RAW support: pip install exifread
2026-01-10 14:03:52 - media_renamer_app - INFO - Successfully extracted date from image D:\Photos\Nef\Samos\DSC_0810.NEF: 2024-08-13 20:16:03
2026-01-10 14:03:52 - media_renamer_app - WARNING - exifread not available for RAW file GPS extraction: D:\Photos\Nef\Samos\DSC_0810.NEF
2026-01-10 14:03:52 - media_renamer_app - WARNING - Install exifread for better RAW support: pip install exifread
2026-01-10 14:03:52 - media_renamer_app - INFO - Successfully extracted date from image D:\Photos\Nef\Samos\DSC_0811.NEF: 2024-08-13 20:16:07
2026-01-10 14:03:52 - media_renamer_app - WARNING - exifread not available for RAW file GPS extraction: D:\Photos\Nef\Samos\DSC_0811.NEF
2026-01-10 14:03:52 - media_renamer_app - WARNING - Install exifread for better RAW support: pip install exifread
2026-01-10 14:03:52 - media_renamer_app - INFO - Successfully extracted date from image D:\Photos\Nef\Samos\DSC_0812.NEF: 2024-08-13 20:16:10
2026-01-10 14:03:52 - media_renamer_app - WARNING - exifread not available for RAW file GPS extraction: D:\Photos\Nef\Samos\DSC_0812.NEF
2026-01-10 14:03:52 - media_renamer_app - WARNING - Install exifread for better RAW support: pip install exifread
2026-01-10 14:03:52 - media_renamer_app - INFO - Successfully extracted date from image D:\Photos\Nef\Samos\DSC_0813.NEF: 2024-08-13 20:16:12
2026-01-10 14:03:52 - media_renamer_app - WARNING - exifread not available for RAW file GPS extraction: D:\Photos\Nef\Samos\DSC_0813.NEF
2026-01-10 14:03:52 - media_renamer_app - WARNING - Install exifread for better RAW support: pip install exifread
2026-01-10 14:03:52 - media_renamer_app - INFO - Successfully extracted date from image D:\Photos\Nef\Samos\DSC_0814.NEF: 2024-08-13 20:16:51
2026-01-10 14:03:52 - media_renamer_app - WARNING - exifread not available for RAW file GPS extraction: D:\Photos\Nef\Samos\DSC_0814.NEF
2026-01-10 14:03:52 - media_renamer_app - WARNING - Install exifread for better RAW support: pip install exifread
2026-01-10 14:03:52 - media_renamer_app - INFO - Successfully extracted date from image D:\Photos\Nef\Samos\DSC_0815.NEF: 2024-08-13 20:17:05
2026-01-10 14:03:52 - media_renamer_app - WARNING - exifread not available for RAW file GPS extraction: D:\Photos\Nef\Samos\DSC_0815.NEF
2026-01-10 14:03:52 - media_renamer_app - WARNING - Install exifread for better RAW support: pip install exifread
2026-01-10 14:03:52 - media_renamer_app - INFO - Successfully extracted date from image D:\Photos\Nef\Samos\DSC_0816.NEF: 2024-08-14 11:35:43
2026-01-10 14:03:52 - media_renamer_app - WARNING - exifread not available for RAW file GPS extraction: D:\Photos\Nef\Samos\DSC_0816.NEF
2026-01-10 14:03:52 - media_renamer_app - WARNING - Install exifread for better RAW support: pip install exifread
2026-01-10 14:03:52 - media_renamer_app - INFO - Successfully extracted date from image D:\Photos\Nef\Samos\DSC_0817.NEF: 2024-08-14 11:36:04
2026-01-10 14:03:52 - media_renamer_app - WARNING - exifread not available for RAW file GPS extraction: D:\Photos\Nef\Samos\DSC_0817.NEF
2026-01-10 14:03:52 - media_renamer_app - WARNING - Install exifread for better RAW support: pip install exifread
2026-01-10 14:03:52 - media_renamer_app - INFO - Successfully extracted date from image D:\Photos\Nef\Samos\DSC_0818.NEF: 2024-08-14 12:22:49
2026-01-10 14:03:52 - media_renamer_app - WARNING - exifread not available for RAW file GPS extraction: D:\Photos\Nef\Samos\DSC_0818.NEF
2026-01-10 14:03:52 - media_renamer_app - WARNING - Install exifread for better RAW support: pip install exifread
2026-01-10 14:03:52 - media_renamer_app - INFO - Successfully extracted date from image D:\Photos\Nef\Samos\DSC_0819.NEF: 2024-08-14 12:23:50
2026-01-10 14:03:52 - media_renamer_app - WARNING - exifread not available for RAW file GPS extraction: D:\Photos\Nef\Samos\DSC_0819.NEF
2026-01-10 14:03:52 - media_renamer_app - WARNING - Install exifread for better RAW support: pip install exifread
2026-01-10 14:03:52 - media_renamer_app - INFO - Successfully extracted date from image D:\Photos\Nef\Samos\DSC_0820.NEF: 2024-08-14 12:30:39
2026-01-10 14:03:52 - media_renamer_app - WARNING - exifread not available for RAW file GPS extraction: D:\Photos\Nef\Samos\DSC_0820.NEF
2026-01-10 14:03:52 - media_renamer_app - WARNING - Install exifread for better RAW support: pip install exifread
2026-01-10 14:03:52 - media_renamer_app - INFO - Successfully extracted date from image D:\Photos\Nef\Samos\DSC_0821.NEF: 2024-08-14 12:30:44
2026-01-10 14:03:52 - media_renamer_app - WARNING - exifread not available for RAW file GPS extraction: D:\Photos\Nef\Samos\DSC_0821.NEF
2026-01-10 14:03:52 - media_renamer_app - WARNING - Install exifread for better RAW support: pip install exifread
2026-01-10 14:03:52 - media_renamer_app - INFO - Successfully extracted date from image D:\Photos\Nef\Samos\DSC_0822.NEF: 2024-08-14 16:21:11
2026-01-10 14:03:52 - media_renamer_app - WARNING - exifread not available for RAW file GPS extraction: D:\Photos\Nef\Samos\DSC_0822.NEF
2026-01-10 14:03:52 - media_renamer_app - WARNING - Install exifread for better RAW support: pip install exifread
2026-01-10 14:03:52 - media_renamer_app - INFO - Successfully extracted date from image D:\Photos\Nef\Samos\DSC_0823.NEF: 2024-08-14 16:21:14
2026-01-10 14:03:52 - media_renamer_app - WARNING - exifread not available for RAW file GPS extraction: D:\Photos\Nef\Samos\DSC_0823.NEF
2026-01-10 14:03:52 - media_renamer_app - WARNING - Install exifread for better RAW support: pip install exifread
2026-01-10 14:03:52 - media_renamer_app - INFO - Successfully extracted date from image D:\Photos\Nef\Samos\DSC_0824.NEF: 2024-08-14 16:21:29
2026-01-10 14:03:52 - media_renamer_app - WARNING - exifread not available for RAW file GPS extraction: D:\Photos\Nef\Samos\DSC_0824.NEF
2026-01-10 14:03:52 - media_renamer_app - WARNING - Install exifread for better RAW support: pip install exifread
2026-01-10 14:03:52 - media_renamer_app - INFO - Successfully extracted date from image D:\Photos\Nef\Samos\DSC_0825.NEF: 2024-08-14 16:21:33
2026-01-10 14:03:52 - media_renamer_app - WARNING - exifread not available for RAW file GPS extraction: D:\Photos\Nef\Samos\DSC_0825.NEF
2026-01-10 14:03:52 - media_renamer_app - WARNING - Install exifread for better RAW support: pip install exifread
2026-01-10 14:03:52 - media_renamer_app - INFO - Successfully extracted date from image D:\Photos\Nef\Samos\DSC_0826.NEF: 2024-08-14 17:54:57
2026-01-10 14:03:52 - media_renamer_app - WARNING - exifread not available for RAW file GPS extraction: D:\Photos\Nef\Samos\DSC_0826.NEF
2026-01-10 14:03:52 - media_renamer_app - WARNING - Install exifread for better RAW support: pip install exifread
2026-01-10 14:03:52 - media_renamer_app - INFO - Successfully extracted date from image D:\Photos\Nef\Samos\DSC_0827.NEF: 2024-08-14 17:54:59
2026-01-10 14:03:52 - media_renamer_app - WARNING - exifread not available for RAW file GPS extraction: D:\Photos\Nef\Samos\DSC_0827.NEF
2026-01-10 14:03:52 - media_renamer_app - WARNING - Install exifread for better RAW support: pip install exifread
2026-01-10 14:03:52 - media_renamer_app - INFO - Successfully extracted date from image D:\Photos\Nef\Samos\DSC_0828.NEF: 2024-08-14 17:57:00
2026-01-10 14:03:52 - media_renamer_app - WARNING - exifread not available for RAW file GPS extraction: D:\Photos\Nef\Samos\DSC_0828.NEF
2026-01-10 14:03:52 - media_renamer_app - WARNING - Install exifread for better RAW support: pip install exifread
2026-01-10 14:03:52 - media_renamer_app - INFO - Successfully extracted date from image D:\Photos\Nef\Samos\DSC_0829.NEF: 2024-08-14 17:57:02
2026-01-10 14:03:52 - media_renamer_app - WARNING - exifread not available for RAW file GPS extraction: D:\Photos\Nef\Samos\DSC_0829.NEF
2026-01-10 14:03:52 - media_renamer_app - WARNING - Install exifread for better RAW support: pip install exifread
2026-01-10 14:03:52 - media_renamer_app - INFO - Successfully extracted date from image D:\Photos\Nef\Samos\DSC_0830.NEF: 2024-08-14 17:57:10
2026-01-10 14:03:52 - media_renamer_app - WARNING - exifread not available for RAW file GPS extraction: D:\Photos\Nef\Samos\DSC_0830.NEF
2026-01-10 14:03:52 - media_renamer_app - WARNING - Install exifread for better RAW support: pip install exifread
2026-01-10 14:03:52 - media_renamer_app - INFO - Successfully extracted date from image D:\Photos\Nef\Samos\DSC_0831.NEF: 2024-08-14 17:57:13
2026-01-10 14:03:52 - media_renamer_app - WARNING - exifread not available for RAW file GPS extraction: D:\Photos\Nef\Samos\DSC_0831.NEF
2026-01-10 14:03:52 - media_renamer_app - WARNING - Install exifread for better RAW support: pip install exifread
2026-01-10 14:03:52 - media_renamer_app - INFO - Successfully extracted date from image D:\Photos\Nef\Samos\DSC_0832.NEF: 2024-08-14 17:57:53
2026-01-10 14:03:52 - media_renamer_app - WARNING - exifread not available for RAW file GPS extraction: D:\Photos\Nef\Samos\DSC_0832.NEF
2026-01-10 14:03:52 - media_renamer_app - WARNING - Install exifread for better RAW support: pip install exifread
2026-01-10 14:03:52 - media_renamer_app - INFO - Successfully extracted date from image D:\Photos\Nef\Samos\DSC_0833.NEF: 2024-08-14 17:57:56
2026-01-10 14:03:52 - media_renamer_app - WARNING - exifread not available for RAW file GPS extraction: D:\Photos\Nef\Samos\DSC_0833.NEF
2026-01-10 14:03:52 - media_renamer_app - WARNING - Install exifread for better RAW support: pip install exifread
2026-01-10 14:03:52 - media_renamer_app - INFO - Successfully extracted date from image D:\Photos\Nef\Samos\DSC_0834.NEF: 2024-08-14 17:58:58
2026-01-10 14:03:52 - media_renamer_app - WARNING - exifread not available for RAW file GPS extraction: D:\Photos\Nef\Samos\DSC_0834.NEF
2026-01-10 14:03:52 - media_renamer_app - WARNING - Install exifread for better RAW support: pip install exifread
2026-01-10 14:03:52 - media_renamer_app - INFO - Successfully extracted date from image D:\Photos\Nef\Samos\DSC_0835.NEF: 2024-08-14 17:59:01
2026-01-10 14:03:52 - media_renamer_app - WARNING - exifread not available for RAW file GPS extraction: D:\Photos\Nef\Samos\DSC_0835.NEF
2026-01-10 14:03:52 - media_renamer_app - WARNING - Install exifread for better RAW support: pip install exifread
2026-01-10 14:03:52 - media_renamer_app - INFO - Successfully extracted date from image D:\Photos\Nef\Samos\DSC_0836.NEF: 2024-08-14 17:59:04
2026-01-10 14:03:52 - media_renamer_app - WARNING - exifread not available for RAW file GPS extraction: D:\Photos\Nef\Samos\DSC_0836.NEF
2026-01-10 14:03:52 - media_renamer_app - WARNING - Install exifread for better RAW support: pip install exifread
2026-01-10 14:03:52 - media_renamer_app - INFO - Successfully extracted date from image D:\Photos\Nef\Samos\DSC_0837.NEF: 2024-08-16 11:14:49
2026-01-10 14:03:52 - media_renamer_app - WARNING - exifread not available for RAW file GPS extraction: D:\Photos\Nef\Samos\DSC_0837.NEF
2026-01-10 14:03:52 - media_renamer_app - WARNING - Install exifread for better RAW support: pip install exifread
2026-01-10 14:03:52 - media_renamer_app - INFO - Successfully extracted date from image D:\Photos\Nef\Samos\DSC_0838.NEF: 2024-08-16 11:15:03
2026-01-10 14:03:52 - media_renamer_app - WARNING - exifread not available for RAW file GPS extraction: D:\Photos\Nef\Samos\DSC_0838.NEF
2026-01-10 14:03:52 - media_renamer_app - WARNING - Install exifread for better RAW support: pip install exifread
2026-01-10 14:03:52 - media_renamer_app - INFO - Successfully extracted date from image D:\Photos\Nef\Samos\DSC_0839.NEF: 2024-08-16 11:15:26
2026-01-10 14:03:52 - media_renamer_app - WARNING - exifread not available for RAW file GPS extraction: D:\Photos\Nef\Samos\DSC_0839.NEF
2026-01-10 14:03:52 - media_renamer_app - WARNING - Install exifread for better RAW support: pip install exifread
2026-01-10 14:03:52 - media_renamer_app - INFO - Successfully extracted date from image D:\Photos\Nef\Samos\DSC_0840.NEF: 2024-08-16 11:15:39
2026-01-10 14:03:52 - media_renamer_app - WARNING - exifread not available for RAW file GPS extraction: D:\Photos\Nef\Samos\DSC_0840.NEF
2026-01-10 14:03:52 - media_renamer_app - WARNING - Install exifread for better RAW support: pip install exifread
2026-01-10 14:03:52 - media_renamer_app - INFO - Successfully extracted date from image D:\Photos\Nef\Samos\DSC_0841.NEF: 2024-08-16 11:15:45
2026-01-10 14:03:52 - media_renamer_app - WARNING - exifread not available for RAW file GPS extraction: D:\Photos\Nef\Samos\DSC_0841.NEF
2026-01-10 14:03:52 - media_renamer_app - WARNING - Install exifread for better RAW support: pip install exifread
2026-01-10 14:03:52 - media_renamer_app - INFO - Successfully extracted date from image D:\Photos\Nef\Samos\DSC_0842.NEF: 2024-08-16 11:15:50
2026-01-10 14:03:52 - media_renamer_app - WARNING - exifread not available for RAW file GPS extraction: D:\Photos\Nef\Samos\DSC_0842.NEF
2026-01-10 14:03:52 - media_renamer_app - WARNING - Install exifread for better RAW support: pip install exifread
2026-01-10 14:03:52 - media_renamer_app - INFO - Successfully extracted date from image D:\Photos\Nef\Samos\DSC_0843.NEF: 2024-08-16 11:30:15
2026-01-10 14:03:52 - media_renamer_app - WARNING - exifread not available for RAW file GPS extraction: D:\Photos\Nef\Samos\DSC_0843.NEF
2026-01-10 14:03:52 - media_renamer_app - WARNING - Install exifread for better RAW support: pip install exifread
2026-01-10 14:03:52 - media_renamer_app - INFO - Successfully extracted date from image D:\Photos\Nef\Samos\DSC_0845.NEF: 2024-08-16 11:32:06
2026-01-10 14:03:52 - media_renamer_app - WARNING - exifread not available for RAW file GPS extraction: D:\Photos\Nef\Samos\DSC_0845.NEF
2026-01-10 14:03:52 - media_renamer_app - WARNING - Install exifread for better RAW support: pip install exifread
2026-01-10 14:03:52 - media_renamer_app - INFO - Successfully extracted date from image D:\Photos\Nef\Samos\DSC_0846.NEF: 2024-08-16 11:32:21
2026-01-10 14:03:52 - media_renamer_app - WARNING - exifread not available for RAW file GPS extraction: D:\Photos\Nef\Samos\DSC_0846.NEF
2026-01-10 14:03:52 - media_renamer_app - WARNING - Install exifread for better RAW support: pip install exifread
2026-01-10 14:03:52 - media_renamer_app - INFO - Successfully extracted date from image D:\Photos\Nef\Samos\DSC_0847.NEF: 2024-08-16 11:33:00
2026-01-10 14:03:52 - media_renamer_app - WARNING - exifread not available for RAW file GPS extraction: D:\Photos\Nef\Samos\DSC_0847.NEF
2026-01-10 14:03:52 - media_renamer_app - WARNING - Install exifread for better RAW support: pip install exifread
2026-01-10 14:03:52 - media_renamer_app - INFO - Successfully extracted date from image D:\Photos\Nef\Samos\DSC_0848.NEF: 2024-08-16 11:33:09
2026-01-10 14:03:52 - media_renamer_app - WARNING - exifread not available for RAW file GPS extraction: D:\Photos\Nef\Samos\DSC_0848.NEF
2026-01-10 14:03:52 - media_renamer_app - WARNING - Install exifread for better RAW support: pip install exifread
2026-01-10 14:03:52 - media_renamer_app - INFO - Successfully extracted date from image D:\Photos\Nef\Samos\DSC_0849.NEF: 2024-08-16 11:33:16
2026-01-10 14:03:52 - media_renamer_app - WARNING - exifread not available for RAW file GPS extraction: D:\Photos\Nef\Samos\DSC_0849.NEF
2026-01-10 14:03:52 - media_renamer_app - WARNING - Install exifread for better RAW support: pip install exifread
2026-01-10 14:03:52 - media_renamer_app - INFO - Successfully extracted date from image D:\Photos\Nef\Samos\DSC_0851.NEF: 2024-08-16 11:37:25
2026-01-10 14:03:52 - media_renamer_app - WARNING - exifread not available for RAW file GPS extraction: D:\Photos\Nef\Samos\DSC_0851.NEF
2026-01-10 14:03:52 - media_renamer_app - WARNING - Install exifread for better RAW support: pip install exifread
2026-01-10 14:03:52 - media_renamer_app - INFO - Successfully extracted date from image D:\Photos\Nef\Samos\DSC_0852.NEF: 2024-08-16 11:37:26
2026-01-10 14:03:52 - media_renamer_app - WARNING - exifread not available for RAW file GPS extraction: D:\Photos\Nef\Samos\DSC_0852.NEF
2026-01-10 14:03:52 - media_renamer_app - WARNING - Install exifread for better RAW support: pip install exifread
2026-01-10 14:03:52 - media_renamer_app - INFO - Successfully extracted date from image D:\Photos\Nef\Samos\DSC_0853.NEF: 2024-08-16 11:37:35
2026-01-10 14:03:52 - media_renamer_app - WARNING - exifread not available for RAW file GPS extraction: D:\Photos\Nef\Samos\DSC_0853.NEF
2026-01-10 14:03:52 - media_renamer_app - WARNING - Install exifread for better RAW support: pip install exifread
2026-01-10 14:03:52 - media_renamer_app - INFO - Successfully extracted date from image D:\Photos\Nef\Samos\DSC_0854.NEF: 2024-08-16 11:37:37
2026-01-10 14:03:52 - media_renamer_app - WARNING - exifread not available for RAW file GPS extraction: D:\Photos\Nef\Samos\DSC_0854.NEF
2026-01-10 14:03:52 - media_renamer_app - WARNING - Install exifread for better RAW support: pip install exifread
2026-01-10 14:03:52 - media_renamer_app - INFO - Successfully extracted date from image D:\Photos\Nef\Samos\DSC_0857.NEF: 2024-08-16 11:59:40
2026-01-10 14:03:52 - media_renamer_app - WARNING - exifread not available for RAW file GPS extraction: D:\Photos\Nef\Samos\DSC_0857.NEF
2026-01-10 14:03:52 - media_renamer_app - WARNING - Install exifread for better RAW support: pip install exifread
2026-01-10 14:03:52 - media_renamer_app - INFO - Successfully extracted date from image D:\Photos\Nef\Samos\DSC_0859.NEF: 2024-08-16 11:59:45
2026-01-10 14:03:52 - media_renamer_app - WARNING - exifread not available for RAW file GPS extraction: D:\Photos\Nef\Samos\DSC_0859.NEF
2026-01-10 14:03:52 - media_renamer_app - WARNING - Install exifread for better RAW support: pip install exifread
2026-01-10 14:03:52 - media_renamer_app - INFO - Successfully extracted date from image D:\Photos\Nef\Samos\DSC_0864.NEF: 2024-08-16 12:00:37
2026-01-10 14:03:52 - media_renamer_app - WARNING - exifread not available for RAW file GPS extraction: D:\Photos\Nef\Samos\DSC_0864.NEF
2026-01-10 14:03:52 - media_renamer_app - WARNING - Install exifread for better RAW support: pip install exifread
2026-01-10 14:03:52 - media_renamer_app - INFO - Successfully extracted date from image D:\Photos\Nef\Samos\DSC_0865.NEF: 2024-08-16 12:00:39
2026-01-10 14:03:52 - media_renamer_app - WARNING - exifread not available for RAW file GPS extraction: D:\Photos\Nef\Samos\DSC_0865.NEF
2026-01-10 14:03:52 - media_renamer_app - WARNING - Install exifread for better RAW support: pip install exifread
2026-01-10 14:03:52 - media_renamer_app - INFO - Successfully extracted date from image D:\Photos\Nef\Samos\DSC_0869.NEF: 2024-08-16 12:01:50
2026-01-10 14:03:52 - media_renamer_app - WARNING - exifread not available for RAW file GPS extraction: D:\Photos\Nef\Samos\DSC_0869.NEF
2026-01-10 14:03:52 - media_renamer_app - WARNING - Install exifread for better RAW support: pip install exifread
2026-01-10 14:03:52 - media_renamer_app - INFO - Successfully extracted date from image D:\Photos\Nef\Samos\DSC_0871.NEF: 2024-08-16 12:01:54
2026-01-10 14:03:52 - media_renamer_app - WARNING - exifread not available for RAW file GPS extraction: D:\Photos\Nef\Samos\DSC_0871.NEF
2026-01-10 14:03:52 - media_renamer_app - WARNING - Install exifread for better RAW support: pip install exifread
2026-01-10 14:03:52 - media_renamer_app - INFO - Successfully extracted date from image D:\Photos\Nef\Samos\DSC_0872.NEF: 2024-08-16 12:01:55
2026-01-10 14:03:52 - media_renamer_app - WARNING - exifread not available for RAW file GPS extraction: D:\Photos\Nef\Samos\DSC_0872.NEF
2026-01-10 14:03:52 - media_renamer_app - WARNING - Install exifread for better RAW support: pip install exifread
2026-01-10 14:03:52 - media_renamer_app - INFO - Successfully extracted date from image D:\Photos\Nef\Samos\DSC_0873.NEF: 2024-08-16 12:02:08
2026-01-10 14:03:52 - media_renamer_app - WARNING - exifread not available for RAW file GPS extraction: D:\Photos\Nef\Samos\DSC_0873.NEF
2026-01-10 14:03:52 - media_renamer_app - WARNING - Install exifread for better RAW support: pip install exifread
2026-01-10 14:03:52 - media_renamer_app - INFO - Successfully extracted date from image D:\Photos\Nef\Samos\DSC_0874.NEF: 2024-08-16 12:02:08
2026-01-10 14:03:52 - media_renamer_app - WARNING - exifread not available for RAW file GPS extraction: D:\Photos\Nef\Samos\DSC_0874.NEF
2026-01-10 14:03:52 - media_renamer_app - WARNING - Install exifread for better RAW support: pip install exifread
2026-01-10 14:03:52 - media_renamer_app - INFO - Successfully extracted date from image D:\Photos\Nef\Samos\DSC_0879.NEF: 2024-08-16 12:02:39
2026-01-10 14:03:52 - media_renamer_app - WARNING - exifread not available for RAW file GPS extraction: D:\Photos\Nef\Samos\DSC_0879.NEF
2026-01-10 14:03:52 - media_renamer_app - WARNING - Install exifread for better RAW support: pip install exifread
2026-01-10 14:03:52 - media_renamer_app - INFO - Successfully extracted date from image D:\Photos\Nef\Samos\DSC_0880.NEF: 2024-08-16 12:05:58
2026-01-10 14:03:52 - media_renamer_app - WARNING - exifread not available for RAW file GPS extraction: D:\Photos\Nef\Samos\DSC_0880.NEF
2026-01-10 14:03:52 - media_renamer_app - WARNING - Install exifread for better RAW support: pip install exifread
2026-01-10 14:03:52 - media_renamer_app - INFO - Successfully extracted date from image D:\Photos\Nef\Samos\DSC_0881.NEF: 2024-08-16 12:05:59
2026-01-10 14:03:52 - media_renamer_app - WARNING - exifread not available for RAW file GPS extraction: D:\Photos\Nef\Samos\DSC_0881.NEF
2026-01-10 14:03:52 - media_renamer_app - WARNING - Install exifread for better RAW support: pip install exifread
2026-01-10 14:03:52 - media_renamer_app - INFO - Successfully extracted date from image D:\Photos\Nef\Samos\DSC_0882.NEF: 2024-08-16 12:06:22
2026-01-10 14:03:52 - media_renamer_app - WARNING - exifread not available for RAW file GPS extraction: D:\Photos\Nef\Samos\DSC_0882.NEF
2026-01-10 14:03:52 - media_renamer_app - WARNING - Install exifread for better RAW support: pip install exifread
2026-01-10 14:03:52 - media_renamer_app - INFO - Successfully extracted date from image D:\Photos\Nef\Samos\DSC_0883.NEF: 2024-08-16 12:06:25
2026-01-10 14:03:52 - media_renamer_app - WARNING - exifread not available for RAW file GPS extraction: D:\Photos\Nef\Samos\DSC_0883.NEF
2026-01-10 14:03:52 - media_renamer_app - WARNING - Install exifread for better RAW support: pip install exifread
2026-01-10 14:03:52 - media_renamer_app - INFO - Successfully extracted date from image D:\Photos\Nef\Samos\DSC_0884.NEF: 2024-08-16 12:06:43
2026-01-10 14:03:52 - media_renamer_app - WARNING - exifread not available for RAW file GPS extraction: D:\Photos\Nef\Samos\DSC_0884.NEF
2026-01-10 14:03:52 - media_renamer_app - WARNING - Install exifread for better RAW support: pip install exifread
2026-01-10 14:03:52 - media_renamer_app - INFO - Successfully extracted date from image D:\Photos\Nef\Samos\DSC_0885.NEF: 2024-08-16 12:06:48
2026-01-10 14:03:52 - media_renamer_app - WARNING - exifread not available for RAW file GPS extraction: D:\Photos\Nef\Samos\DSC_0885.NEF
2026-01-10 14:03:52 - media_renamer_app - WARNING - Install exifread for better RAW support: pip install exifread
2026-01-10 14:03:52 - media_renamer_app - INFO - Successfully extracted date from image D:\Photos\Nef\Samos\DSC_0886.NEF: 2024-08-16 12:06:52
2026-01-10 14:03:52 - media_renamer_app - WARNING - exifread not available for RAW file GPS extraction: D:\Photos\Nef\Samos\DSC_0886.NEF
2026-01-10 14:03:52 - media_renamer_app - WARNING - Install exifread for better RAW support: pip install exifread
2026-01-10 14:03:52 - media_renamer_app - INFO - Successfully extracted date from image D:\Photos\Nef\Samos\DSC_0887.NEF: 2024-08-16 12:07:22
2026-01-10 14:03:52 - media_renamer_app - WARNING - exifread not available for RAW file GPS extraction: D:\Photos\Nef\Samos\DSC_0887.NEF
2026-01-10 14:03:52 - media_renamer_app - WARNING - Install exifread for better RAW support: pip install exifread
2026-01-10 14:03:52 - media_renamer_app - INFO - Successfully extracted date from image D:\Photos\Nef\Samos\DSC_0888.NEF: 2024-08-16 12:07:24
2026-01-10 14:03:52 - media_renamer_app - WARNING - exifread not available for RAW file GPS extraction: D:\Photos\Nef\Samos\DSC_0888.NEF
2026-01-10 14:03:52 - media_renamer_app - WARNING - Install exifread for better RAW support: pip install exifread
2026-01-10 14:03:52 - media_renamer_app - INFO - Successfully extracted date from image D:\Photos\Nef\Samos\DSC_0889.NEF: 2024-08-16 12:07:27
2026-01-10 14:03:52 - media_renamer_app - WARNING - exifread not available for RAW file GPS extraction: D:\Photos\Nef\Samos\DSC_0889.NEF
2026-01-10 14:03:52 - media_renamer_app - WARNING - Install exifread for better RAW support: pip install exifread
2026-01-10 14:03:52 - media_renamer_app - INFO - File discovery completed: 286 files processed, 0 without metadata
2026-01-10 14:03:57 - media_renamer_app - INFO - User selected all files (286 files)
2026-01-10 14:03:59 - media_renamer_app - INFO - User initiated file processing
2026-01-10 14:03:59 - media_renamer_app - INFO - Processing 286 selected files
2026-01-10 14:04:00 - media_renamer_app - INFO - User confirmed file processing, starting operation
2026-01-10 14:04:00 - media_renamer_app - INFO - Starting file processing: 286 files selected
2026-01-10 14:04:00 - media_renamer_app - INFO - Starting file processing: 286 files selected for renaming
2026-01-10 14:04:00 - media_renamer_app - INFO - Operation completed: session_start - {'total_files': 286, 'folder_path': 'D:\\Photos\\Nef\\Samos'}
2026-01-10 14:04:01 - media_renamer_app - INFO - Operation completed: progress - {'current': 1, 'total': 286, 'filename': ' 2024.08.09-19.34.35.001..samos.NEF'}
2026-01-10 14:04:01 - media_renamer_app - INFO - File renamed successfully:  2024.08.09-19.34.35.001..samos.NEF ->  2024.08.09-19.34.35.001.Samos.NEF
2026-01-10 14:04:01 - media_renamer_app - INFO - Successfully renamed:  2024.08.09-19.34.35.001..samos.NEF ->  2024.08.09-19.34.35.001.Samos.NEF
2026-01-10 14:04:01 - media_renamer_app - INFO - Operation completed: rename - {'old_name': ' 2024.08.09-19.34.35.001..samos.NEF', 'new_name': ' 2024.08.09-19.34.35.001.Samos.NEF', 'folder_path': 'D:\\Photos\\Nef\\Samos'}
2026-01-10 14:04:01 - media_renamer_app - INFO - Operation completed: progress - {'current': 2, 'total': 286, 'filename': 'DSC_0457.NEF'}
2026-01-10 14:04:01 - media_renamer_app - INFO - File renamed successfully: DSC_0457.NEF ->  2024.08.09-19.35.13.002.Samos.NEF
2026-01-10 14:04:01 - media_renamer_app - INFO - Successfully renamed: DSC_0457.NEF ->  2024.08.09-19.35.13.002.Samos.NEF
2026-01-10 14:04:01 - media_renamer_app - INFO - Operation completed: rename - {'old_name': 'DSC_0457.NEF', 'new_name': ' 2024.08.09-19.35.13.002.Samos.NEF', 'folder_path': 'D:\\Photos\\Nef\\Samos'}
2026-01-10 14:04:01 - media_renamer_app - INFO - Operation completed: progress - {'current': 3, 'total': 286, 'filename': 'DSC_0458.NEF'}
2026-01-10 14:04:01 - media_renamer_app - INFO - File renamed successfully: DSC_0458.NEF ->  2024.08.09-19.35.19.003.Samos.NEF
2026-01-10 14:04:01 - media_renamer_app - INFO - Successfully renamed: DSC_0458.NEF ->  2024.08.09-19.35.19.003.Samos.NEF
2026-01-10 14:04:01 - media_renamer_app - INFO - Operation completed: rename - {'old_name': 'DSC_0458.NEF', 'new_name': ' 2024.08.09-19.35.19.003.Samos.NEF', 'folder_path': 'D:\\Photos\\Nef\\Samos'}
2026-01-10 14:04:01 - media_renamer_app - INFO - Operation completed: progress - {'current': 4, 'total': 286, 'filename': 'DSC_0459.NEF'}
2026-01-10 14:04:01 - media_renamer_app - INFO - File renamed successfully: DSC_0459.NEF ->  2024.08.09-19.35.31.004.Samos.NEF
2026-01-10 14:04:01 - media_renamer_app - INFO - Successfully renamed: DSC_0459.NEF ->  2024.08.09-19.35.31.004.Samos.NEF
2026-01-10 14:04:01 - media_renamer_app - INFO - Operation completed: rename - {'old_name': 'DSC_0459.NEF', 'new_name': ' 2024.08.09-19.35.31.004.Samos.NEF', 'folder_path': 'D:\\Photos\\Nef\\Samos'}
2026-01-10 14:04:01 - media_renamer_app - INFO - Operation completed: progress - {'current': 5, 'total': 286, 'filename': 'DSC_0460.NEF'}
2026-01-10 14:04:01 - media_renamer_app - INFO - File renamed successfully: DSC_0460.NEF ->  2024.08.09-19.36.22.005.Samos.NEF
2026-01-10 14:04:01 - media_renamer_app - INFO - Successfully renamed: DSC_0460.NEF ->  2024.08.09-19.36.22.005.Samos.NEF
2026-01-10 14:04:01 - media_renamer_app - INFO - Operation completed: rename - {'old_name': 'DSC_0460.NEF', 'new_name': ' 2024.08.09-19.36.22.005.Samos.NEF', 'folder_path': 'D:\\Photos\\Nef\\Samos'}
2026-01-10 14:04:01 - media_renamer_app - INFO - Operation completed: progress - {'current': 6, 'total': 286, 'filename': 'DSC_0461.NEF'}
2026-01-10 14:04:01 - media_renamer_app - INFO - File renamed successfully: DSC_0461.NEF ->  2024.08.09-19.36.32.006.Samos.NEF
2026-01-10 14:04:01 - media_renamer_app - INFO - Successfully renamed: DSC_0461.NEF ->  2024.08.09-19.36.32.006.Samos.NEF
2026-01-10 14:04:01 - media_renamer_app - INFO - Operation completed: rename - {'old_name': 'DSC_0461.NEF', 'new_name': ' 2024.08.09-19.36.32.006.Samos.NEF', 'folder_path': 'D:\\Photos\\Nef\\Samos'}
2026-01-10 14:04:01 - media_renamer_app - INFO - Operation completed: progress - {'current': 7, 'total': 286, 'filename': 'DSC_0464.NEF'}
2026-01-10 14:04:01 - media_renamer_app - INFO - File renamed successfully: DSC_0464.NEF ->  2024.08.09-19.38.38.007.Samos.NEF
2026-01-10 14:04:01 - media_renamer_app - INFO - Successfully renamed: DSC_0464.NEF ->  2024.08.09-19.38.38.007.Samos.NEF
2026-01-10 14:04:01 - media_renamer_app - INFO - Operation completed: rename - {'old_name': 'DSC_0464.NEF', 'new_name': ' 2024.08.09-19.38.38.007.Samos.NEF', 'folder_path': 'D:\\Photos\\Nef\\Samos'}
2026-01-10 14:04:01 - media_renamer_app - INFO - Operation completed: progress - {'current': 8, 'total': 286, 'filename': 'DSC_0465.NEF'}
2026-01-10 14:04:01 - media_renamer_app - INFO - File renamed successfully: DSC_0465.NEF ->  2024.08.09-19.38.53.008.Samos.NEF
2026-01-10 14:04:01 - media_renamer_app - INFO - Successfully renamed: DSC_0465.NEF ->  2024.08.09-19.38.53.008.Samos.NEF
2026-01-10 14:04:01 - media_renamer_app - INFO - Operation completed: rename - {'old_name': 'DSC_0465.NEF', 'new_name': ' 2024.08.09-19.38.53.008.Samos.NEF', 'folder_path': 'D:\\Photos\\Nef\\Samos'}
2026-01-10 14:04:01 - media_renamer_app - INFO - Operation completed: progress - {'current': 9, 'total': 286, 'filename': 'DSC_0466.NEF'}
2026-01-10 14:04:01 - media_renamer_app - INFO - File renamed successfully: DSC_0466.NEF ->  2024.08.09-19.39.02.009.Samos.NEF
2026-01-10 14:04:01 - media_renamer_app - INFO - Successfully renamed: DSC_0466.NEF ->  2024.08.09-19.39.02.009.Samos.NEF
2026-01-10 14:04:01 - media_renamer_app - INFO - Operation completed: rename - {'old_name': 'DSC_0466.NEF', 'new_name': ' 2024.08.09-19.39.02.009.Samos.NEF', 'folder_path': 'D:\\Photos\\Nef\\Samos'}
2026-01-10 14:04:01 - media_renamer_app - INFO - Operation completed: progress - {'current': 10, 'total': 286, 'filename': 'DSC_0467.NEF'}
2026-01-10 14:04:01 - media_renamer_app - INFO - File renamed successfully: DSC_0467.NEF ->  2024.08.09-19.39.20.010.Samos.NEF
2026-01-10 14:04:01 - media_renamer_app - INFO - Successfully renamed: DSC_0467.NEF ->  2024.08.09-19.39.20.010.Samos.NEF
2026-01-10 14:04:01 - media_renamer_app - INFO - Operation completed: rename - {'old_name': 'DSC_0467.NEF', 'new_name': ' 2024.08.09-19.39.20.010.Samos.NEF', 'folder_path': 'D:\\Photos\\Nef\\Samos'}
2026-01-10 14:04:01 - media_renamer_app - INFO - Operation completed: progress - {'current': 11, 'total': 286, 'filename': 'DSC_0468.NEF'}
2026-01-10 14:04:01 - media_renamer_app - INFO - File renamed successfully: DSC_0468.NEF ->  2024.08.09-19.39.53.011.Samos.NEF
2026-01-10 14:04:01 - media_renamer_app - INFO - Successfully renamed: DSC_0468.NEF ->  2024.08.09-19.39.53.011.Samos.NEF
2026-01-10 14:04:01 - media_renamer_app - INFO - Operation completed: rename - {'old_name': 'DSC_0468.NEF', 'new_name': ' 2024.08.09-19.39.53.011.Samos.NEF', 'folder_path': 'D:\\Photos\\Nef\\Samos'}
2026-01-10 14:04:01 - media_renamer_app - INFO - Operation completed: progress - {'current': 12, 'total': 286, 'filename': 'DSC_0469.NEF'}
2026-01-10 14:04:01 - media_renamer_app - INFO - File renamed successfully: DSC_0469.NEF ->  2024.08.09-19.40.32.012.Samos.NEF
2026-01-10 14:04:01 - media_renamer_app - INFO - Successfully renamed: DSC_0469.NEF ->  2024.08.09-19.40.32.012.Samos.NEF
2026-01-10 14:04:01 - media_renamer_app - INFO - Operation completed: rename - {'old_name': 'DSC_0469.NEF', 'new_name': ' 2024.08.09-19.40.32.012.Samos.NEF', 'folder_path': 'D:\\Photos\\Nef\\Samos'}
2026-01-10 14:04:01 - media_renamer_app - INFO - Operation completed: progress - {'current': 13, 'total': 286, 'filename': 'DSC_0470.NEF'}
2026-01-10 14:04:01 - media_renamer_app - INFO - File renamed successfully: DSC_0470.NEF ->  2024.08.09-19.40.49.013.Samos.NEF
2026-01-10 14:04:01 - media_renamer_app - INFO - Successfully renamed: DSC_0470.NEF ->  2024.08.09-19.40.49.013.Samos.NEF
2026-01-10 14:04:01 - media_renamer_app - INFO - Operation completed: rename - {'old_name': 'DSC_0470.NEF', 'new_name': ' 2024.08.09-19.40.49.013.Samos.NEF', 'folder_path': 'D:\\Photos\\Nef\\Samos'}
2026-01-10 14:04:01 - media_renamer_app - INFO - Operation completed: progress - {'current': 14, 'total': 286, 'filename': 'DSC_0471.NEF'}
2026-01-10 14:04:01 - media_renamer_app - INFO - File renamed successfully: DSC_0471.NEF ->  2024.08.09-19.40.55.014.Samos.NEF
2026-01-10 14:04:01 - media_renamer_app - INFO - Successfully renamed: DSC_0471.NEF ->  2024.08.09-19.40.55.014.Samos.NEF
2026-01-10 14:04:01 - media_renamer_app - INFO - Operation completed: rename - {'old_name': 'DSC_0471.NEF', 'new_name': ' 2024.08.09-19.40.55.014.Samos.NEF', 'folder_path': 'D:\\Photos\\Nef\\Samos'}
2026-01-10 14:04:01 - media_renamer_app - INFO - Operation completed: progress - {'current': 15, 'total': 286, 'filename': 'DSC_0473.NEF'}
2026-01-10 14:04:01 - media_renamer_app - INFO - File renamed successfully: DSC_0473.NEF ->  2024.08.09-19.44.27.015.Samos.NEF
2026-01-10 14:04:01 - media_renamer_app - INFO - Successfully renamed: DSC_0473.NEF ->  2024.08.09-19.44.27.015.Samos.NEF
2026-01-10 14:04:01 - media_renamer_app - INFO - Operation completed: rename - {'old_name': 'DSC_0473.NEF', 'new_name': ' 2024.08.09-19.44.27.015.Samos.NEF', 'folder_path': 'D:\\Photos\\Nef\\Samos'}
2026-01-10 14:04:01 - media_renamer_app - INFO - Operation completed: progress - {'current': 16, 'total': 286, 'filename': 'DSC_0484.NEF'}
2026-01-10 14:04:01 - media_renamer_app - INFO - File renamed successfully: DSC_0484.NEF ->  2024.08.09-19.45.14.016.Samos.NEF
2026-01-10 14:04:01 - media_renamer_app - INFO - Successfully renamed: DSC_0484.NEF ->  2024.08.09-19.45.14.016.Samos.NEF
2026-01-10 14:04:01 - media_renamer_app - INFO - Operation completed: rename - {'old_name': 'DSC_0484.NEF', 'new_name': ' 2024.08.09-19.45.14.016.Samos.NEF', 'folder_path': 'D:\\Photos\\Nef\\Samos'}
2026-01-10 14:04:01 - media_renamer_app - INFO - Operation completed: progress - {'current': 17, 'total': 286, 'filename': 'DSC_0486.NEF'}
2026-01-10 14:04:01 - media_renamer_app - INFO - File renamed successfully: DSC_0486.NEF ->  2024.08.09-19.45.17.017.Samos.NEF
2026-01-10 14:04:01 - media_renamer_app - INFO - Successfully renamed: DSC_0486.NEF ->  2024.08.09-19.45.17.017.Samos.NEF
2026-01-10 14:04:01 - media_renamer_app - INFO - Operation completed: rename - {'old_name': 'DSC_0486.NEF', 'new_name': ' 2024.08.09-19.45.17.017.Samos.NEF', 'folder_path': 'D:\\Photos\\Nef\\Samos'}
2026-01-10 14:04:01 - media_renamer_app - INFO - Operation completed: progress - {'current': 18, 'total': 286, 'filename': 'DSC_0512.NEF'}
2026-01-10 14:04:01 - media_renamer_app - INFO - File renamed successfully: DSC_0512.NEF ->  2024.08.09-19.46.19.018.Samos.NEF
2026-01-10 14:04:01 - media_renamer_app - INFO - Successfully renamed: DSC_0512.NEF ->  2024.08.09-19.46.19.018.Samos.NEF
2026-01-10 14:04:01 - media_renamer_app - INFO - Operation completed: rename - {'old_name': 'DSC_0512.NEF', 'new_name': ' 2024.08.09-19.46.19.018.Samos.NEF', 'folder_path': 'D:\\Photos\\Nef\\Samos'}
2026-01-10 14:04:01 - media_renamer_app - INFO - Operation completed: progress - {'current': 19, 'total': 286, 'filename': 'DSC_0514.NEF'}
2026-01-10 14:04:01 - media_renamer_app - INFO - File renamed successfully: DSC_0514.NEF ->  2024.08.09-19.46.20.019.Samos.NEF
2026-01-10 14:04:01 - media_renamer_app - INFO - Successfully renamed: DSC_0514.NEF ->  2024.08.09-19.46.20.019.Samos.NEF
2026-01-10 14:04:01 - media_renamer_app - INFO - Operation completed: rename - {'old_name': 'DSC_0514.NEF', 'new_name': ' 2024.08.09-19.46.20.019.Samos.NEF', 'folder_path': 'D:\\Photos\\Nef\\Samos'}
2026-01-10 14:04:01 - media_renamer_app - INFO - Operation completed: progress - {'current': 20, 'total': 286, 'filename': 'DSC_0523.NEF'}
2026-01-10 14:04:01 - media_renamer_app - INFO - File renamed successfully: DSC_0523.NEF ->  2024.08.09-19.48.13.020.Samos.NEF
2026-01-10 14:04:01 - media_renamer_app - INFO - Successfully renamed: DSC_0523.NEF ->  2024.08.09-19.48.13.020.Samos.NEF
2026-01-10 14:04:01 - media_renamer_app - INFO - Operation completed: rename - {'old_name': 'DSC_0523.NEF', 'new_name': ' 2024.08.09-19.48.13.020.Samos.NEF', 'folder_path': 'D:\\Photos\\Nef\\Samos'}
2026-01-10 14:04:01 - media_renamer_app - INFO - Operation completed: progress - {'current': 21, 'total': 286, 'filename': 'DSC_0526.NEF'}
2026-01-10 14:04:01 - media_renamer_app - INFO - File renamed successfully: DSC_0526.NEF ->  2024.08.09-19.48.49.021.Samos.NEF
2026-01-10 14:04:01 - media_renamer_app - INFO - Successfully renamed: DSC_0526.NEF ->  2024.08.09-19.48.49.021.Samos.NEF
2026-01-10 14:04:01 - media_renamer_app - INFO - Operation completed: rename - {'old_name': 'DSC_0526.NEF', 'new_name': ' 2024.08.09-19.48.49.021.Samos.NEF', 'folder_path': 'D:\\Photos\\Nef\\Samos'}
2026-01-10 14:04:01 - media_renamer_app - INFO - Operation completed: progress - {'current': 22, 'total': 286, 'filename': 'DSC_0528.NEF'}
2026-01-10 14:04:01 - media_renamer_app - INFO - File renamed successfully: DSC_0528.NEF ->  2024.08.09-19.59.09.022.Samos.NEF
2026-01-10 14:04:01 - media_renamer_app - INFO - Successfully renamed: DSC_0528.NEF ->  2024.08.09-19.59.09.022.Samos.NEF
2026-01-10 14:04:01 - media_renamer_app - INFO - Operation completed: rename - {'old_name': 'DSC_0528.NEF', 'new_name': ' 2024.08.09-19.59.09.022.Samos.NEF', 'folder_path': 'D:\\Photos\\Nef\\Samos'}
2026-01-10 14:04:01 - media_renamer_app - INFO - Operation completed: progress - {'current': 23, 'total': 286, 'filename': 'DSC_0529.NEF'}
2026-01-10 14:04:01 - media_renamer_app - INFO - File renamed successfully: DSC_0529.NEF ->  2024.08.09-19.59.20.023.Samos.NEF
2026-01-10 14:04:01 - media_renamer_app - INFO - Successfully renamed: DSC_0529.NEF ->  2024.08.09-19.59.20.023.Samos.NEF
2026-01-10 14:04:01 - media_renamer_app - INFO - Operation completed: rename - {'old_name': 'DSC_0529.NEF', 'new_name': ' 2024.08.09-19.59.20.023.Samos.NEF', 'folder_path': 'D:\\Photos\\Nef\\Samos'}
2026-01-10 14:04:01 - media_renamer_app - INFO - Operation completed: progress - {'current': 24, 'total': 286, 'filename': 'DSC_0530.NEF'}
2026-01-10 14:04:01 - media_renamer_app - INFO - File renamed successfully: DSC_0530.NEF ->  2024.08.09-19.59.32.024.Samos.NEF
2026-01-10 14:04:01 - media_renamer_app - INFO - Successfully renamed: DSC_0530.NEF ->  2024.08.09-19.59.32.024.Samos.NEF
2026-01-10 14:04:01 - media_renamer_app - INFO - Operation completed: rename - {'old_name': 'DSC_0530.NEF', 'new_name': ' 2024.08.09-19.59.32.024.Samos.NEF', 'folder_path': 'D:\\Photos\\Nef\\Samos'}
2026-01-10 14:04:01 - media_renamer_app - INFO - Operation completed: progress - {'current': 25, 'total': 286, 'filename': 'DSC_0532.NEF'}
2026-01-10 14:04:01 - media_renamer_app - INFO - File renamed successfully: DSC_0532.NEF ->  2024.08.09-20.00.20.025.Samos.NEF
2026-01-10 14:04:01 - media_renamer_app - INFO - Successfully renamed: DSC_0532.NEF ->  2024.08.09-20.00.20.025.Samos.NEF
2026-01-10 14:04:01 - media_renamer_app - INFO - Operation completed: rename - {'old_name': 'DSC_0532.NEF', 'new_name': ' 2024.08.09-20.00.20.025.Samos.NEF', 'folder_path': 'D:\\Photos\\Nef\\Samos'}
2026-01-10 14:04:01 - media_renamer_app - INFO - Operation completed: progress - {'current': 26, 'total': 286, 'filename': 'DSC_0540.NEF'}
2026-01-10 14:04:01 - media_renamer_app - INFO - File renamed successfully: DSC_0540.NEF ->  2024.08.09-20.03.10.026.Samos.NEF
2026-01-10 14:04:01 - media_renamer_app - INFO - Successfully renamed: DSC_0540.NEF ->  2024.08.09-20.03.10.026.Samos.NEF
2026-01-10 14:04:01 - media_renamer_app - INFO - Operation completed: rename - {'old_name': 'DSC_0540.NEF', 'new_name': ' 2024.08.09-20.03.10.026.Samos.NEF', 'folder_path': 'D:\\Photos\\Nef\\Samos'}
2026-01-10 14:04:01 - media_renamer_app - INFO - Operation completed: progress - {'current': 27, 'total': 286, 'filename': 'DSC_0541.NEF'}
2026-01-10 14:04:01 - media_renamer_app - INFO - File renamed successfully: DSC_0541.NEF ->  2024.08.09-20.03.35.027.Samos.NEF
2026-01-10 14:04:01 - media_renamer_app - INFO - Successfully renamed: DSC_0541.NEF ->  2024.08.09-20.03.35.027.Samos.NEF
2026-01-10 14:04:01 - media_renamer_app - INFO - Operation completed: rename - {'old_name': 'DSC_0541.NEF', 'new_name': ' 2024.08.09-20.03.35.027.Samos.NEF', 'folder_path': 'D:\\Photos\\Nef\\Samos'}
2026-01-10 14:04:01 - media_renamer_app - INFO - Operation completed: progress - {'current': 28, 'total': 286, 'filename': 'DSC_0542.NEF'}
2026-01-10 14:04:01 - media_renamer_app - INFO - File renamed successfully: DSC_0542.NEF ->  2024.08.09-20.03.37.028.Samos.NEF
2026-01-10 14:04:01 - media_renamer_app - INFO - Successfully renamed: DSC_0542.NEF ->  2024.08.09-20.03.37.028.Samos.NEF
2026-01-10 14:04:01 - media_renamer_app - INFO - Operation completed: rename - {'old_name': 'DSC_0542.NEF', 'new_name': ' 2024.08.09-20.03.37.028.Samos.NEF', 'folder_path': 'D:\\Photos\\Nef\\Samos'}
2026-01-10 14:04:01 - media_renamer_app - INFO - Operation completed: progress - {'current': 29, 'total': 286, 'filename': 'DSC_0543.NEF'}
2026-01-10 14:04:01 - media_renamer_app - INFO - File renamed successfully: DSC_0543.NEF ->  2024.08.09-20.03.37.029.Samos.NEF
2026-01-10 14:04:01 - media_renamer_app - INFO - Successfully renamed: DSC_0543.NEF ->  2024.08.09-20.03.37.029.Samos.NEF
2026-01-10 14:04:01 - media_renamer_app - INFO - Operation completed: rename - {'old_name': 'DSC_0543.NEF', 'new_name': ' 2024.08.09-20.03.37.029.Samos.NEF', 'folder_path': 'D:\\Photos\\Nef\\Samos'}
2026-01-10 14:04:01 - media_renamer_app - INFO - Operation completed: progress - {'current': 30, 'total': 286, 'filename': 'DSC_0548.NEF'}
2026-01-10 14:04:01 - media_renamer_app - INFO - File renamed successfully: DSC_0548.NEF ->  2024.08.10-10.04.53.030.Samos.NEF
2026-01-10 14:04:01 - media_renamer_app - INFO - Successfully renamed: DSC_0548.NEF ->  2024.08.10-10.04.53.030.Samos.NEF
2026-01-10 14:04:01 - media_renamer_app - INFO - Operation completed: rename - {'old_name': 'DSC_0548.NEF', 'new_name': ' 2024.08.10-10.04.53.030.Samos.NEF', 'folder_path': 'D:\\Photos\\Nef\\Samos'}
2026-01-10 14:04:01 - media_renamer_app - INFO - Operation completed: progress - {'current': 31, 'total': 286, 'filename': 'DSC_0556.NEF'}
2026-01-10 14:04:01 - media_renamer_app - INFO - File renamed successfully: DSC_0556.NEF ->  2024.08.10-10.04.55.031.Samos.NEF
2026-01-10 14:04:01 - media_renamer_app - INFO - Successfully renamed: DSC_0556.NEF ->  2024.08.10-10.04.55.031.Samos.NEF
2026-01-10 14:04:01 - media_renamer_app - INFO - Operation completed: rename - {'old_name': 'DSC_0556.NEF', 'new_name': ' 2024.08.10-10.04.55.031.Samos.NEF', 'folder_path': 'D:\\Photos\\Nef\\Samos'}
2026-01-10 14:04:01 - media_renamer_app - INFO - Operation completed: progress - {'current': 32, 'total': 286, 'filename': 'DSC_0569.NEF'}
2026-01-10 14:04:01 - media_renamer_app - INFO - File renamed successfully: DSC_0569.NEF ->  2024.08.10-10.10.25.032.Samos.NEF
2026-01-10 14:04:01 - media_renamer_app - INFO - Successfully renamed: DSC_0569.NEF ->  2024.08.10-10.10.25.032.Samos.NEF
2026-01-10 14:04:01 - media_renamer_app - INFO - Operation completed: rename - {'old_name': 'DSC_0569.NEF', 'new_name': ' 2024.08.10-10.10.25.032.Samos.NEF', 'folder_path': 'D:\\Photos\\Nef\\Samos'}
2026-01-10 14:04:01 - media_renamer_app - INFO - Operation completed: progress - {'current': 33, 'total': 286, 'filename': 'DSC_0573.NEF'}
2026-01-10 14:04:01 - media_renamer_app - INFO - File renamed successfully: DSC_0573.NEF ->  2024.08.10-10.11.27.033.Samos.NEF
2026-01-10 14:04:01 - media_renamer_app - INFO - Successfully renamed: DSC_0573.NEF ->  2024.08.10-10.11.27.033.Samos.NEF
2026-01-10 14:04:01 - media_renamer_app - INFO - Operation completed: rename - {'old_name': 'DSC_0573.NEF', 'new_name': ' 2024.08.10-10.11.27.033.Samos.NEF', 'folder_path': 'D:\\Photos\\Nef\\Samos'}
2026-01-10 14:04:01 - media_renamer_app - INFO - Operation completed: progress - {'current': 34, 'total': 286, 'filename': 'DSC_0574.NEF'}
2026-01-10 14:04:01 - media_renamer_app - INFO - File renamed successfully: DSC_0574.NEF ->  2024.08.10-10.11.50.034.Samos.NEF
2026-01-10 14:04:01 - media_renamer_app - INFO - Successfully renamed: DSC_0574.NEF ->  2024.08.10-10.11.50.034.Samos.NEF
2026-01-10 14:04:01 - media_renamer_app - INFO - Operation completed: rename - {'old_name': 'DSC_0574.NEF', 'new_name': ' 2024.08.10-10.11.50.034.Samos.NEF', 'folder_path': 'D:\\Photos\\Nef\\Samos'}
2026-01-10 14:04:01 - media_renamer_app - INFO - Operation completed: progress - {'current': 35, 'total': 286, 'filename': 'DSC_0575.NEF'}
2026-01-10 14:04:01 - media_renamer_app - INFO - File renamed successfully: DSC_0575.NEF ->  2024.08.10-10.11.56.035.Samos.NEF
2026-01-10 14:04:01 - media_renamer_app - INFO - Successfully renamed: DSC_0575.NEF ->  2024.08.10-10.11.56.035.Samos.NEF
2026-01-10 14:04:01 - media_renamer_app - INFO - Operation completed: rename - {'old_name': 'DSC_0575.NEF', 'new_name': ' 2024.08.10-10.11.56.035.Samos.NEF', 'folder_path': 'D:\\Photos\\Nef\\Samos'}
2026-01-10 14:04:01 - media_renamer_app - INFO - Operation completed: progress - {'current': 36, 'total': 286, 'filename': 'DSC_0576.NEF'}
2026-01-10 14:04:01 - media_renamer_app - INFO - File renamed successfully: DSC_0576.NEF ->  2024.08.10-10.14.25.036.Samos.NEF
2026-01-10 14:04:01 - media_renamer_app - INFO - Successfully renamed: DSC_0576.NEF ->  2024.08.10-10.14.25.036.Samos.NEF
2026-01-10 14:04:01 - media_renamer_app - INFO - Operation completed: rename - {'old_name': 'DSC_0576.NEF', 'new_name': ' 2024.08.10-10.14.25.036.Samos.NEF', 'folder_path': 'D:\\Photos\\Nef\\Samos'}
2026-01-10 14:04:01 - media_renamer_app - INFO - Operation completed: progress - {'current': 37, 'total': 286, 'filename': 'DSC_0577.NEF'}
2026-01-10 14:04:01 - media_renamer_app - INFO - File renamed successfully: DSC_0577.NEF ->  2024.08.10-10.15.32.037.Samos.NEF
2026-01-10 14:04:01 - media_renamer_app - INFO - Successfully renamed: DSC_0577.NEF ->  2024.08.10-10.15.32.037.Samos.NEF
2026-01-10 14:04:01 - media_renamer_app - INFO - Operation completed: rename - {'old_name': 'DSC_0577.NEF', 'new_name': ' 2024.08.10-10.15.32.037.Samos.NEF', 'folder_path': 'D:\\Photos\\Nef\\Samos'}
2026-01-10 14:04:01 - media_renamer_app - INFO - Operation completed: progress - {'current': 38, 'total': 286, 'filename': 'DSC_0578.NEF'}
2026-01-10 14:04:01 - media_renamer_app - INFO - File renamed successfully: DSC_0578.NEF ->  2024.08.10-10.15.50.038.Samos.NEF
2026-01-10 14:04:01 - media_renamer_app - INFO - Successfully renamed: DSC_0578.NEF ->  2024.08.10-10.15.50.038.Samos.NEF
2026-01-10 14:04:01 - media_renamer_app - INFO - Operation completed: rename - {'old_name': 'DSC_0578.NEF', 'new_name': ' 2024.08.10-10.15.50.038.Samos.NEF', 'folder_path': 'D:\\Photos\\Nef\\Samos'}
2026-01-10 14:04:01 - media_renamer_app - INFO - Operation completed: progress - {'current': 39, 'total': 286, 'filename': 'DSC_0579.NEF'}
2026-01-10 14:04:01 - media_renamer_app - INFO - File renamed successfully: DSC_0579.NEF ->  2024.08.10-10.16.01.039.Samos.NEF
2026-01-10 14:04:01 - media_renamer_app - INFO - Successfully renamed: DSC_0579.NEF ->  2024.08.10-10.16.01.039.Samos.NEF
2026-01-10 14:04:01 - media_renamer_app - INFO - Operation completed: rename - {'old_name': 'DSC_0579.NEF', 'new_name': ' 2024.08.10-10.16.01.039.Samos.NEF', 'folder_path': 'D:\\Photos\\Nef\\Samos'}
2026-01-10 14:04:01 - media_renamer_app - INFO - Operation completed: progress - {'current': 40, 'total': 286, 'filename': 'DSC_0580.NEF'}
2026-01-10 14:04:01 - media_renamer_app - INFO - File renamed successfully: DSC_0580.NEF ->  2024.08.10-10.16.31.040.Samos.NEF
2026-01-10 14:04:01 - media_renamer_app - INFO - Successfully renamed: DSC_0580.NEF ->  2024.08.10-10.16.31.040.Samos.NEF
2026-01-10 14:04:01 - media_renamer_app - INFO - Operation completed: rename - {'old_name': 'DSC_0580.NEF', 'new_name': ' 2024.08.10-10.16.31.040.Samos.NEF', 'folder_path': 'D:\\Photos\\Nef\\Samos'}
2026-01-10 14:04:01 - media_renamer_app - INFO - Operation completed: progress - {'current': 41, 'total': 286, 'filename': 'DSC_0581.NEF'}
2026-01-10 14:04:01 - media_renamer_app - INFO - File renamed successfully: DSC_0581.NEF ->  2024.08.10-10.16.39.041.Samos.NEF
2026-01-10 14:04:01 - media_renamer_app - INFO - Successfully renamed: DSC_0581.NEF ->  2024.08.10-10.16.39.041.Samos.NEF
2026-01-10 14:04:01 - media_renamer_app - INFO - Operation completed: rename - {'old_name': 'DSC_0581.NEF', 'new_name': ' 2024.08.10-10.16.39.041.Samos.NEF', 'folder_path': 'D:\\Photos\\Nef\\Samos'}
2026-01-10 14:04:01 - media_renamer_app - INFO - Operation completed: progress - {'current': 42, 'total': 286, 'filename': 'DSC_0583.NEF'}
2026-01-10 14:04:01 - media_renamer_app - INFO - File renamed successfully: DSC_0583.NEF ->  2024.08.10-10.17.16.042.Samos.NEF
2026-01-10 14:04:01 - media_renamer_app - INFO - Successfully renamed: DSC_0583.NEF ->  2024.08.10-10.17.16.042.Samos.NEF
2026-01-10 14:04:01 - media_renamer_app - INFO - Operation completed: rename - {'old_name': 'DSC_0583.NEF', 'new_name': ' 2024.08.10-10.17.16.042.Samos.NEF', 'folder_path': 'D:\\Photos\\Nef\\Samos'}
2026-01-10 14:04:01 - media_renamer_app - INFO - Operation completed: progress - {'current': 43, 'total': 286, 'filename': 'DSC_0590.NEF'}
2026-01-10 14:04:01 - media_renamer_app - INFO - File renamed successfully: DSC_0590.NEF ->  2024.08.10-10.18.21.043.Samos.NEF
2026-01-10 14:04:01 - media_renamer_app - INFO - Successfully renamed: DSC_0590.NEF ->  2024.08.10-10.18.21.043.Samos.NEF
2026-01-10 14:04:01 - media_renamer_app - INFO - Operation completed: rename - {'old_name': 'DSC_0590.NEF', 'new_name': ' 2024.08.10-10.18.21.043.Samos.NEF', 'folder_path': 'D:\\Photos\\Nef\\Samos'}
2026-01-10 14:04:01 - media_renamer_app - INFO - Operation completed: progress - {'current': 44, 'total': 286, 'filename': 'DSC_0591.NEF'}
2026-01-10 14:04:01 - media_renamer_app - INFO - File renamed successfully: DSC_0591.NEF ->  2024.08.10-10.18.23.044.Samos.NEF
2026-01-10 14:04:01 - media_renamer_app - INFO - Successfully renamed: DSC_0591.NEF ->  2024.08.10-10.18.23.044.Samos.NEF
2026-01-10 14:04:01 - media_renamer_app - INFO - Operation completed: rename - {'old_name': 'DSC_0591.NEF', 'new_name': ' 2024.08.10-10.18.23.044.Samos.NEF', 'folder_path': 'D:\\Photos\\Nef\\Samos'}
2026-01-10 14:04:01 - media_renamer_app - INFO - Operation completed: progress - {'current': 45, 'total': 286, 'filename': 'DSC_0593.NEF'}
2026-01-10 14:04:01 - media_renamer_app - INFO - File renamed successfully: DSC_0593.NEF ->  2024.08.10-10.18.51.045.Samos.NEF
2026-01-10 14:04:01 - media_renamer_app - INFO - Successfully renamed: DSC_0593.NEF ->  2024.08.10-10.18.51.045.Samos.NEF
2026-01-10 14:04:01 - media_renamer_app - INFO - Operation completed: rename - {'old_name': 'DSC_0593.NEF', 'new_name': ' 2024.08.10-10.18.51.045.Samos.NEF', 'folder_path': 'D:\\Photos\\Nef\\Samos'}
2026-01-10 14:04:01 - media_renamer_app - INFO - Operation completed: progress - {'current': 46, 'total': 286, 'filename': 'DSC_0594.NEF'}
2026-01-10 14:04:01 - media_renamer_app - INFO - File renamed successfully: DSC_0594.NEF ->  2024.08.10-10.18.55.046.Samos.NEF
2026-01-10 14:04:01 - media_renamer_app - INFO - Successfully renamed: DSC_0594.NEF ->  2024.08.10-10.18.55.046.Samos.NEF
2026-01-10 14:04:01 - media_renamer_app - INFO - Operation completed: rename - {'old_name': 'DSC_0594.NEF', 'new_name': ' 2024.08.10-10.18.55.046.Samos.NEF', 'folder_path': 'D:\\Photos\\Nef\\Samos'}
2026-01-10 14:04:01 - media_renamer_app - INFO - Operation completed: progress - {'current': 47, 'total': 286, 'filename': 'DSC_0595.NEF'}
2026-01-10 14:04:01 - media_renamer_app - INFO - File renamed successfully: DSC_0595.NEF ->  2024.08.10-10.18.56.047.Samos.NEF
2026-01-10 14:04:01 - media_renamer_app - INFO - Successfully renamed: DSC_0595.NEF ->  2024.08.10-10.18.56.047.Samos.NEF
2026-01-10 14:04:01 - media_renamer_app - INFO - Operation completed: rename - {'old_name': 'DSC_0595.NEF', 'new_name': ' 2024.08.10-10.18.56.047.Samos.NEF', 'folder_path': 'D:\\Photos\\Nef\\Samos'}
2026-01-10 14:04:01 - media_renamer_app - INFO - Operation completed: progress - {'current': 48, 'total': 286, 'filename': 'DSC_0596.NEF'}
2026-01-10 14:04:01 - media_renamer_app - INFO - File renamed successfully: DSC_0596.NEF ->  2024.08.10-10.19.08.048.Samos.NEF
2026-01-10 14:04:01 - media_renamer_app - INFO - Successfully renamed: DSC_0596.NEF ->  2024.08.10-10.19.08.048.Samos.NEF
2026-01-10 14:04:01 - media_renamer_app - INFO - Operation completed: rename - {'old_name': 'DSC_0596.NEF', 'new_name': ' 2024.08.10-10.19.08.048.Samos.NEF', 'folder_path': 'D:\\Photos\\Nef\\Samos'}
2026-01-10 14:04:01 - media_renamer_app - INFO - Operation completed: progress - {'current': 49, 'total': 286, 'filename': 'DSC_0597.NEF'}
2026-01-10 14:04:01 - media_renamer_app - INFO - File renamed successfully: DSC_0597.NEF ->  2024.08.10-10.19.10.049.Samos.NEF
2026-01-10 14:04:01 - media_renamer_app - INFO - Successfully renamed: DSC_0597.NEF ->  2024.08.10-10.19.10.049.Samos.NEF
2026-01-10 14:04:01 - media_renamer_app - INFO - Operation completed: rename - {'old_name': 'DSC_0597.NEF', 'new_name': ' 2024.08.10-10.19.10.049.Samos.NEF', 'folder_path': 'D:\\Photos\\Nef\\Samos'}
2026-01-10 14:04:01 - media_renamer_app - INFO - Operation completed: progress - {'current': 50, 'total': 286, 'filename': 'DSC_0598.NEF'}
2026-01-10 14:04:01 - media_renamer_app - INFO - File renamed successfully: DSC_0598.NEF ->  2024.08.10-10.19.37.050.Samos.NEF
2026-01-10 14:04:01 - media_renamer_app - INFO - Successfully renamed: DSC_0598.NEF ->  2024.08.10-10.19.37.050.Samos.NEF
2026-01-10 14:04:01 - media_renamer_app - INFO - Operation completed: rename - {'old_name': 'DSC_0598.NEF', 'new_name': ' 2024.08.10-10.19.37.050.Samos.NEF', 'folder_path': 'D:\\Photos\\Nef\\Samos'}
2026-01-10 14:04:01 - media_renamer_app - INFO - Operation completed: progress - {'current': 51, 'total': 286, 'filename': 'DSC_0599.NEF'}
2026-01-10 14:04:01 - media_renamer_app - INFO - File renamed successfully: DSC_0599.NEF ->  2024.08.10-10.19.48.051.Samos.NEF
2026-01-10 14:04:01 - media_renamer_app - INFO - Successfully renamed: DSC_0599.NEF ->  2024.08.10-10.19.48.051.Samos.NEF
2026-01-10 14:04:01 - media_renamer_app - INFO - Operation completed: rename - {'old_name': 'DSC_0599.NEF', 'new_name': ' 2024.08.10-10.19.48.051.Samos.NEF', 'folder_path': 'D:\\Photos\\Nef\\Samos'}
2026-01-10 14:04:01 - media_renamer_app - INFO - Operation completed: progress - {'current': 52, 'total': 286, 'filename': 'DSC_0600.NEF'}
2026-01-10 14:04:01 - media_renamer_app - INFO - File renamed successfully: DSC_0600.NEF ->  2024.08.10-10.20.23.052.Samos.NEF
2026-01-10 14:04:01 - media_renamer_app - INFO - Successfully renamed: DSC_0600.NEF ->  2024.08.10-10.20.23.052.Samos.NEF
2026-01-10 14:04:01 - media_renamer_app - INFO - Operation completed: rename - {'old_name': 'DSC_0600.NEF', 'new_name': ' 2024.08.10-10.20.23.052.Samos.NEF', 'folder_path': 'D:\\Photos\\Nef\\Samos'}
2026-01-10 14:04:01 - media_renamer_app - INFO - Operation completed: progress - {'current': 53, 'total': 286, 'filename': 'DSC_0601.NEF'}
2026-01-10 14:04:01 - media_renamer_app - INFO - File renamed successfully: DSC_0601.NEF ->  2024.08.10-10.20.34.053.Samos.NEF
2026-01-10 14:04:01 - media_renamer_app - INFO - Successfully renamed: DSC_0601.NEF ->  2024.08.10-10.20.34.053.Samos.NEF
2026-01-10 14:04:01 - media_renamer_app - INFO - Operation completed: rename - {'old_name': 'DSC_0601.NEF', 'new_name': ' 2024.08.10-10.20.34.053.Samos.NEF', 'folder_path': 'D:\\Photos\\Nef\\Samos'}
2026-01-10 14:04:01 - media_renamer_app - INFO - Operation completed: progress - {'current': 54, 'total': 286, 'filename': 'DSC_0602.NEF'}
2026-01-10 14:04:01 - media_renamer_app - INFO - File renamed successfully: DSC_0602.NEF ->  2024.08.10-10.21.03.054.Samos.NEF
2026-01-10 14:04:01 - media_renamer_app - INFO - Successfully renamed: DSC_0602.NEF ->  2024.08.10-10.21.03.054.Samos.NEF
2026-01-10 14:04:01 - media_renamer_app - INFO - Operation completed: rename - {'old_name': 'DSC_0602.NEF', 'new_name': ' 2024.08.10-10.21.03.054.Samos.NEF', 'folder_path': 'D:\\Photos\\Nef\\Samos'}
2026-01-10 14:04:01 - media_renamer_app - INFO - Operation completed: progress - {'current': 55, 'total': 286, 'filename': 'DSC_0603.NEF'}
2026-01-10 14:04:01 - media_renamer_app - INFO - File renamed successfully: DSC_0603.NEF ->  2024.08.10-10.21.40.055.Samos.NEF
2026-01-10 14:04:01 - media_renamer_app - INFO - Successfully renamed: DSC_0603.NEF ->  2024.08.10-10.21.40.055.Samos.NEF
2026-01-10 14:04:01 - media_renamer_app - INFO - Operation completed: rename - {'old_name': 'DSC_0603.NEF', 'new_name': ' 2024.08.10-10.21.40.055.Samos.NEF', 'folder_path': 'D:\\Photos\\Nef\\Samos'}
2026-01-10 14:04:01 - media_renamer_app - INFO - Operation completed: progress - {'current': 56, 'total': 286, 'filename': 'DSC_0604.NEF'}
2026-01-10 14:04:01 - media_renamer_app - INFO - File renamed successfully: DSC_0604.NEF ->  2024.08.10-10.21.44.056.Samos.NEF
2026-01-10 14:04:01 - media_renamer_app - INFO - Successfully renamed: DSC_0604.NEF ->  2024.08.10-10.21.44.056.Samos.NEF
2026-01-10 14:04:01 - media_renamer_app - INFO - Operation completed: rename - {'old_name': 'DSC_0604.NEF', 'new_name': ' 2024.08.10-10.21.44.056.Samos.NEF', 'folder_path': 'D:\\Photos\\Nef\\Samos'}
2026-01-10 14:04:01 - media_renamer_app - INFO - Operation completed: progress - {'current': 57, 'total': 286, 'filename': 'DSC_0605.NEF'}
2026-01-10 14:04:01 - media_renamer_app - INFO - File renamed successfully: DSC_0605.NEF ->  2024.08.10-10.21.47.057.Samos.NEF
2026-01-10 14:04:01 - media_renamer_app - INFO - Successfully renamed: DSC_0605.NEF ->  2024.08.10-10.21.47.057.Samos.NEF
2026-01-10 14:04:01 - media_renamer_app - INFO - Operation completed: rename - {'old_name': 'DSC_0605.NEF', 'new_name': ' 2024.08.10-10.21.47.057.Samos.NEF', 'folder_path': 'D:\\Photos\\Nef\\Samos'}
2026-01-10 14:04:01 - media_renamer_app - INFO - Operation completed: progress - {'current': 58, 'total': 286, 'filename': 'DSC_0608.NEF'}
2026-01-10 14:04:01 - media_renamer_app - INFO - File renamed successfully: DSC_0608.NEF ->  2024.08.10-10.24.03.058.Samos.NEF
2026-01-10 14:04:01 - media_renamer_app - INFO - Successfully renamed: DSC_0608.NEF ->  2024.08.10-10.24.03.058.Samos.NEF
2026-01-10 14:04:01 - media_renamer_app - INFO - Operation completed: rename - {'old_name': 'DSC_0608.NEF', 'new_name': ' 2024.08.10-10.24.03.058.Samos.NEF', 'folder_path': 'D:\\Photos\\Nef\\Samos'}
2026-01-10 14:04:01 - media_renamer_app - INFO - Operation completed: progress - {'current': 59, 'total': 286, 'filename': 'DSC_0609.NEF'}
2026-01-10 14:04:01 - media_renamer_app - INFO - File renamed successfully: DSC_0609.NEF ->  2024.08.10-10.24.15.059.Samos.NEF
2026-01-10 14:04:01 - media_renamer_app - INFO - Successfully renamed: DSC_0609.NEF ->  2024.08.10-10.24.15.059.Samos.NEF
2026-01-10 14:04:01 - media_renamer_app - INFO - Operation completed: rename - {'old_name': 'DSC_0609.NEF', 'new_name': ' 2024.08.10-10.24.15.059.Samos.NEF', 'folder_path': 'D:\\Photos\\Nef\\Samos'}
2026-01-10 14:04:01 - media_renamer_app - INFO - Operation completed: progress - {'current': 60, 'total': 286, 'filename': 'DSC_0610.NEF'}
2026-01-10 14:04:01 - media_renamer_app - INFO - File renamed successfully: DSC_0610.NEF ->  2024.08.10-10.25.09.060.Samos.NEF
2026-01-10 14:04:01 - media_renamer_app - INFO - Successfully renamed: DSC_0610.NEF ->  2024.08.10-10.25.09.060.Samos.NEF
2026-01-10 14:04:01 - media_renamer_app - INFO - Operation completed: rename - {'old_name': 'DSC_0610.NEF', 'new_name': ' 2024.08.10-10.25.09.060.Samos.NEF', 'folder_path': 'D:\\Photos\\Nef\\Samos'}
2026-01-10 14:04:01 - media_renamer_app - INFO - Operation completed: progress - {'current': 61, 'total': 286, 'filename': 'DSC_0611.NEF'}
2026-01-10 14:04:01 - media_renamer_app - INFO - File renamed successfully: DSC_0611.NEF ->  2024.08.10-10.25.42.061.Samos.NEF
2026-01-10 14:04:01 - media_renamer_app - INFO - Successfully renamed: DSC_0611.NEF ->  2024.08.10-10.25.42.061.Samos.NEF
2026-01-10 14:04:01 - media_renamer_app - INFO - Operation completed: rename - {'old_name': 'DSC_0611.NEF', 'new_name': ' 2024.08.10-10.25.42.061.Samos.NEF', 'folder_path': 'D:\\Photos\\Nef\\Samos'}
2026-01-10 14:04:01 - media_renamer_app - INFO - Operation completed: progress - {'current': 62, 'total': 286, 'filename': 'DSC_0612.NEF'}
2026-01-10 14:04:01 - media_renamer_app - INFO - File renamed successfully: DSC_0612.NEF ->  2024.08.10-10.26.35.062.Samos.NEF
2026-01-10 14:04:01 - media_renamer_app - INFO - Successfully renamed: DSC_0612.NEF ->  2024.08.10-10.26.35.062.Samos.NEF
2026-01-10 14:04:01 - media_renamer_app - INFO - Operation completed: rename - {'old_name': 'DSC_0612.NEF', 'new_name': ' 2024.08.10-10.26.35.062.Samos.NEF', 'folder_path': 'D:\\Photos\\Nef\\Samos'}
2026-01-10 14:04:01 - media_renamer_app - INFO - Operation completed: progress - {'current': 63, 'total': 286, 'filename': 'DSC_0613.NEF'}
2026-01-10 14:04:01 - media_renamer_app - INFO - File renamed successfully: DSC_0613.NEF ->  2024.08.10-10.26.38.063.Samos.NEF
2026-01-10 14:04:01 - media_renamer_app - INFO - Successfully renamed: DSC_0613.NEF ->  2024.08.10-10.26.38.063.Samos.NEF
2026-01-10 14:04:01 - media_renamer_app - INFO - Operation completed: rename - {'old_name': 'DSC_0613.NEF', 'new_name': ' 2024.08.10-10.26.38.063.Samos.NEF', 'folder_path': 'D:\\Photos\\Nef\\Samos'}
2026-01-10 14:04:01 - media_renamer_app - INFO - Operation completed: progress - {'current': 64, 'total': 286, 'filename': 'DSC_0614.NEF'}
2026-01-10 14:04:01 - media_renamer_app - INFO - File renamed successfully: DSC_0614.NEF ->  2024.08.10-10.27.40.064.Samos.NEF
2026-01-10 14:04:01 - media_renamer_app - INFO - Successfully renamed: DSC_0614.NEF ->  2024.08.10-10.27.40.064.Samos.NEF
2026-01-10 14:04:01 - media_renamer_app - INFO - Operation completed: rename - {'old_name': 'DSC_0614.NEF', 'new_name': ' 2024.08.10-10.27.40.064.Samos.NEF', 'folder_path': 'D:\\Photos\\Nef\\Samos'}
2026-01-10 14:04:01 - media_renamer_app - INFO - Operation completed: progress - {'current': 65, 'total': 286, 'filename': 'DSC_0615.NEF'}
2026-01-10 14:04:01 - media_renamer_app - INFO - File renamed successfully: DSC_0615.NEF ->  2024.08.10-10.28.05.065.Samos.NEF
2026-01-10 14:04:01 - media_renamer_app - INFO - Successfully renamed: DSC_0615.NEF ->  2024.08.10-10.28.05.065.Samos.NEF
2026-01-10 14:04:01 - media_renamer_app - INFO - Operation completed: rename - {'old_name': 'DSC_0615.NEF', 'new_name': ' 2024.08.10-10.28.05.065.Samos.NEF', 'folder_path': 'D:\\Photos\\Nef\\Samos'}
2026-01-10 14:04:01 - media_renamer_app - INFO - Operation completed: progress - {'current': 66, 'total': 286, 'filename': 'DSC_0616.NEF'}
2026-01-10 14:04:01 - media_renamer_app - INFO - File renamed successfully: DSC_0616.NEF ->  2024.08.10-10.30.46.066.Samos.NEF
2026-01-10 14:04:01 - media_renamer_app - INFO - Successfully renamed: DSC_0616.NEF ->  2024.08.10-10.30.46.066.Samos.NEF
2026-01-10 14:04:01 - media_renamer_app - INFO - Operation completed: rename - {'old_name': 'DSC_0616.NEF', 'new_name': ' 2024.08.10-10.30.46.066.Samos.NEF', 'folder_path': 'D:\\Photos\\Nef\\Samos'}
2026-01-10 14:04:01 - media_renamer_app - INFO - Operation completed: progress - {'current': 67, 'total': 286, 'filename': 'DSC_0617.NEF'}
2026-01-10 14:04:01 - media_renamer_app - INFO - File renamed successfully: DSC_0617.NEF ->  2024.08.10-10.31.58.067.Samos.NEF
2026-01-10 14:04:01 - media_renamer_app - INFO - Successfully renamed: DSC_0617.NEF ->  2024.08.10-10.31.58.067.Samos.NEF
2026-01-10 14:04:01 - media_renamer_app - INFO - Operation completed: rename - {'old_name': 'DSC_0617.NEF', 'new_name': ' 2024.08.10-10.31.58.067.Samos.NEF', 'folder_path': 'D:\\Photos\\Nef\\Samos'}
2026-01-10 14:04:01 - media_renamer_app - INFO - Operation completed: progress - {'current': 68, 'total': 286, 'filename': 'DSC_0618.NEF'}
2026-01-10 14:04:01 - media_renamer_app - INFO - File renamed successfully: DSC_0618.NEF ->  2024.08.10-10.32.00.068.Samos.NEF
2026-01-10 14:04:01 - media_renamer_app - INFO - Successfully renamed: DSC_0618.NEF ->  2024.08.10-10.32.00.068.Samos.NEF
2026-01-10 14:04:01 - media_renamer_app - INFO - Operation completed: rename - {'old_name': 'DSC_0618.NEF', 'new_name': ' 2024.08.10-10.32.00.068.Samos.NEF', 'folder_path': 'D:\\Photos\\Nef\\Samos'}
2026-01-10 14:04:01 - media_renamer_app - INFO - Operation completed: progress - {'current': 69, 'total': 286, 'filename': 'DSC_0619.NEF'}
2026-01-10 14:04:01 - media_renamer_app - INFO - File renamed successfully: DSC_0619.NEF ->  2024.08.10-10.32.06.069.Samos.NEF
2026-01-10 14:04:01 - media_renamer_app - INFO - Successfully renamed: DSC_0619.NEF ->  2024.08.10-10.32.06.069.Samos.NEF
2026-01-10 14:04:01 - media_renamer_app - INFO - Operation completed: rename - {'old_name': 'DSC_0619.NEF', 'new_name': ' 2024.08.10-10.32.06.069.Samos.NEF', 'folder_path': 'D:\\Photos\\Nef\\Samos'}
2026-01-10 14:04:01 - media_renamer_app - INFO - Operation completed: progress - {'current': 70, 'total': 286, 'filename': 'DSC_0620.NEF'}
2026-01-10 14:04:01 - media_renamer_app - INFO - File renamed successfully: DSC_0620.NEF ->  2024.08.10-10.35.37.070.Samos.NEF
2026-01-10 14:04:01 - media_renamer_app - INFO - Successfully renamed: DSC_0620.NEF ->  2024.08.10-10.35.37.070.Samos.NEF
2026-01-10 14:04:01 - media_renamer_app - INFO - Operation completed: rename - {'old_name': 'DSC_0620.NEF', 'new_name': ' 2024.08.10-10.35.37.070.Samos.NEF', 'folder_path': 'D:\\Photos\\Nef\\Samos'}
2026-01-10 14:04:01 - media_renamer_app - INFO - Operation completed: progress - {'current': 71, 'total': 286, 'filename': 'DSC_0621.NEF'}
2026-01-10 14:04:01 - media_renamer_app - INFO - File renamed successfully: DSC_0621.NEF ->  2024.08.10-10.35.41.071.Samos.NEF
2026-01-10 14:04:01 - media_renamer_app - INFO - Successfully renamed: DSC_0621.NEF ->  2024.08.10-10.35.41.071.Samos.NEF
2026-01-10 14:04:01 - media_renamer_app - INFO - Operation completed: rename - {'old_name': 'DSC_0621.NEF', 'new_name': ' 2024.08.10-10.35.41.071.Samos.NEF', 'folder_path': 'D:\\Photos\\Nef\\Samos'}
2026-01-10 14:04:01 - media_renamer_app - INFO - Operation completed: progress - {'current': 72, 'total': 286, 'filename': 'DSC_0622.NEF'}
2026-01-10 14:04:01 - media_renamer_app - INFO - File renamed successfully: DSC_0622.NEF ->  2024.08.11-12.27.53.072.Samos.NEF
2026-01-10 14:04:01 - media_renamer_app - INFO - Successfully renamed: DSC_0622.NEF ->  2024.08.11-12.27.53.072.Samos.NEF
2026-01-10 14:04:01 - media_renamer_app - INFO - Operation completed: rename - {'old_name': 'DSC_0622.NEF', 'new_name': ' 2024.08.11-12.27.53.072.Samos.NEF', 'folder_path': 'D:\\Photos\\Nef\\Samos'}
2026-01-10 14:04:01 - media_renamer_app - INFO - Operation completed: progress - {'current': 73, 'total': 286, 'filename': 'DSC_0623.NEF'}
2026-01-10 14:04:01 - media_renamer_app - INFO - File renamed successfully: DSC_0623.NEF ->  2024.08.11-12.28.16.073.Samos.NEF
2026-01-10 14:04:01 - media_renamer_app - INFO - Successfully renamed: DSC_0623.NEF ->  2024.08.11-12.28.16.073.Samos.NEF
2026-01-10 14:04:01 - media_renamer_app - INFO - Operation completed: rename - {'old_name': 'DSC_0623.NEF', 'new_name': ' 2024.08.11-12.28.16.073.Samos.NEF', 'folder_path': 'D:\\Photos\\Nef\\Samos'}
2026-01-10 14:04:01 - media_renamer_app - INFO - Operation completed: progress - {'current': 74, 'total': 286, 'filename': 'DSC_0624.NEF'}
2026-01-10 14:04:01 - media_renamer_app - INFO - File renamed successfully: DSC_0624.NEF ->  2024.08.11-12.31.26.074.Samos.NEF
2026-01-10 14:04:01 - media_renamer_app - INFO - Successfully renamed: DSC_0624.NEF ->  2024.08.11-12.31.26.074.Samos.NEF
2026-01-10 14:04:01 - media_renamer_app - INFO - Operation completed: rename - {'old_name': 'DSC_0624.NEF', 'new_name': ' 2024.08.11-12.31.26.074.Samos.NEF', 'folder_path': 'D:\\Photos\\Nef\\Samos'}
2026-01-10 14:04:01 - media_renamer_app - INFO - Operation completed: progress - {'current': 75, 'total': 286, 'filename': 'DSC_0625.NEF'}
2026-01-10 14:04:01 - media_renamer_app - INFO - File renamed successfully: DSC_0625.NEF ->  2024.08.11-12.33.30.075.Samos.NEF
2026-01-10 14:04:01 - media_renamer_app - INFO - Successfully renamed: DSC_0625.NEF ->  2024.08.11-12.33.30.075.Samos.NEF
2026-01-10 14:04:01 - media_renamer_app - INFO - Operation completed: rename - {'old_name': 'DSC_0625.NEF', 'new_name': ' 2024.08.11-12.33.30.075.Samos.NEF', 'folder_path': 'D:\\Photos\\Nef\\Samos'}
2026-01-10 14:04:01 - media_renamer_app - INFO - Operation completed: progress - {'current': 76, 'total': 286, 'filename': 'DSC_0626.NEF'}
2026-01-10 14:04:01 - media_renamer_app - INFO - File renamed successfully: DSC_0626.NEF ->  2024.08.11-12.33.36.076.Samos.NEF
2026-01-10 14:04:01 - media_renamer_app - INFO - Successfully renamed: DSC_0626.NEF ->  2024.08.11-12.33.36.076.Samos.NEF
2026-01-10 14:04:01 - media_renamer_app - INFO - Operation completed: rename - {'old_name': 'DSC_0626.NEF', 'new_name': ' 2024.08.11-12.33.36.076.Samos.NEF', 'folder_path': 'D:\\Photos\\Nef\\Samos'}
2026-01-10 14:04:01 - media_renamer_app - INFO - Operation completed: progress - {'current': 77, 'total': 286, 'filename': 'DSC_0627.NEF'}
2026-01-10 14:04:01 - media_renamer_app - INFO - File renamed successfully: DSC_0627.NEF ->  2024.08.11-12.33.38.077.Samos.NEF
2026-01-10 14:04:01 - media_renamer_app - INFO - Successfully renamed: DSC_0627.NEF ->  2024.08.11-12.33.38.077.Samos.NEF
2026-01-10 14:04:01 - media_renamer_app - INFO - Operation completed: rename - {'old_name': 'DSC_0627.NEF', 'new_name': ' 2024.08.11-12.33.38.077.Samos.NEF', 'folder_path': 'D:\\Photos\\Nef\\Samos'}
2026-01-10 14:04:01 - media_renamer_app - INFO - Operation completed: progress - {'current': 78, 'total': 286, 'filename': 'DSC_0628.NEF'}
2026-01-10 14:04:01 - media_renamer_app - INFO - File renamed successfully: DSC_0628.NEF ->  2024.08.11-12.33.54.078.Samos.NEF
2026-01-10 14:04:01 - media_renamer_app - INFO - Successfully renamed: DSC_0628.NEF ->  2024.08.11-12.33.54.078.Samos.NEF
2026-01-10 14:04:01 - media_renamer_app - INFO - Operation completed: rename - {'old_name': 'DSC_0628.NEF', 'new_name': ' 2024.08.11-12.33.54.078.Samos.NEF', 'folder_path': 'D:\\Photos\\Nef\\Samos'}
2026-01-10 14:04:01 - media_renamer_app - INFO - Operation completed: progress - {'current': 79, 'total': 286, 'filename': 'DSC_0629.NEF'}
2026-01-10 14:04:01 - media_renamer_app - INFO - File renamed successfully: DSC_0629.NEF ->  2024.08.11-12.34.00.079.Samos.NEF
2026-01-10 14:04:01 - media_renamer_app - INFO - Successfully renamed: DSC_0629.NEF ->  2024.08.11-12.34.00.079.Samos.NEF
2026-01-10 14:04:01 - media_renamer_app - INFO - Operation completed: rename - {'old_name': 'DSC_0629.NEF', 'new_name': ' 2024.08.11-12.34.00.079.Samos.NEF', 'folder_path': 'D:\\Photos\\Nef\\Samos'}
2026-01-10 14:04:01 - media_renamer_app - INFO - Operation completed: progress - {'current': 80, 'total': 286, 'filename': 'DSC_0630.NEF'}
2026-01-10 14:04:01 - media_renamer_app - INFO - File renamed successfully: DSC_0630.NEF ->  2024.08.11-12.34.27.080.Samos.NEF
2026-01-10 14:04:01 - media_renamer_app - INFO - Successfully renamed: DSC_0630.NEF ->  2024.08.11-12.34.27.080.Samos.NEF
2026-01-10 14:04:01 - media_renamer_app - INFO - Operation completed: rename - {'old_name': 'DSC_0630.NEF', 'new_name': ' 2024.08.11-12.34.27.080.Samos.NEF', 'folder_path': 'D:\\Photos\\Nef\\Samos'}
2026-01-10 14:04:01 - media_renamer_app - INFO - Operation completed: progress - {'current': 81, 'total': 286, 'filename': 'DSC_0631.NEF'}
2026-01-10 14:04:01 - media_renamer_app - INFO - File renamed successfully: DSC_0631.NEF ->  2024.08.11-12.35.35.081.Samos.NEF
2026-01-10 14:04:01 - media_renamer_app - INFO - Successfully renamed: DSC_0631.NEF ->  2024.08.11-12.35.35.081.Samos.NEF
2026-01-10 14:04:01 - media_renamer_app - INFO - Operation completed: rename - {'old_name': 'DSC_0631.NEF', 'new_name': ' 2024.08.11-12.35.35.081.Samos.NEF', 'folder_path': 'D:\\Photos\\Nef\\Samos'}
2026-01-10 14:04:01 - media_renamer_app - INFO - Operation completed: progress - {'current': 82, 'total': 286, 'filename': 'DSC_0632.NEF'}
2026-01-10 14:04:01 - media_renamer_app - INFO - File renamed successfully: DSC_0632.NEF ->  2024.08.11-12.36.30.082.Samos.NEF
2026-01-10 14:04:01 - media_renamer_app - INFO - Successfully renamed: DSC_0632.NEF ->  2024.08.11-12.36.30.082.Samos.NEF
2026-01-10 14:04:01 - media_renamer_app - INFO - Operation completed: rename - {'old_name': 'DSC_0632.NEF', 'new_name': ' 2024.08.11-12.36.30.082.Samos.NEF', 'folder_path': 'D:\\Photos\\Nef\\Samos'}
2026-01-10 14:04:01 - media_renamer_app - INFO - Operation completed: progress - {'current': 83, 'total': 286, 'filename': 'DSC_0633.NEF'}
2026-01-10 14:04:01 - media_renamer_app - INFO - File renamed successfully: DSC_0633.NEF ->  2024.08.11-12.36.34.083.Samos.NEF
2026-01-10 14:04:01 - media_renamer_app - INFO - Successfully renamed: DSC_0633.NEF ->  2024.08.11-12.36.34.083.Samos.NEF
2026-01-10 14:04:01 - media_renamer_app - INFO - Operation completed: rename - {'old_name': 'DSC_0633.NEF', 'new_name': ' 2024.08.11-12.36.34.083.Samos.NEF', 'folder_path': 'D:\\Photos\\Nef\\Samos'}
2026-01-10 14:04:01 - media_renamer_app - INFO - Operation completed: progress - {'current': 84, 'total': 286, 'filename': 'DSC_0634.NEF'}
2026-01-10 14:04:01 - media_renamer_app - INFO - File renamed successfully: DSC_0634.NEF ->  2024.08.11-12.39.26.084.Samos.NEF
2026-01-10 14:04:01 - media_renamer_app - INFO - Successfully renamed: DSC_0634.NEF ->  2024.08.11-12.39.26.084.Samos.NEF
2026-01-10 14:04:01 - media_renamer_app - INFO - Operation completed: rename - {'old_name': 'DSC_0634.NEF', 'new_name': ' 2024.08.11-12.39.26.084.Samos.NEF', 'folder_path': 'D:\\Photos\\Nef\\Samos'}
2026-01-10 14:04:01 - media_renamer_app - INFO - Operation completed: progress - {'current': 85, 'total': 286, 'filename': 'DSC_0635.NEF'}
2026-01-10 14:04:01 - media_renamer_app - INFO - File renamed successfully: DSC_0635.NEF ->  2024.08.11-12.39.36.085.Samos.NEF
2026-01-10 14:04:01 - media_renamer_app - INFO - Successfully renamed: DSC_0635.NEF ->  2024.08.11-12.39.36.085.Samos.NEF
2026-01-10 14:04:01 - media_renamer_app - INFO - Operation completed: rename - {'old_name': 'DSC_0635.NEF', 'new_name': ' 2024.08.11-12.39.36.085.Samos.NEF', 'folder_path': 'D:\\Photos\\Nef\\Samos'}
2026-01-10 14:04:01 - media_renamer_app - INFO - Operation completed: progress - {'current': 86, 'total': 286, 'filename': 'DSC_0636.NEF'}
2026-01-10 14:04:01 - media_renamer_app - INFO - File renamed successfully: DSC_0636.NEF ->  2024.08.11-12.41.25.086.Samos.NEF
2026-01-10 14:04:01 - media_renamer_app - INFO - Successfully renamed: DSC_0636.NEF ->  2024.08.11-12.41.25.086.Samos.NEF
2026-01-10 14:04:01 - media_renamer_app - INFO - Operation completed: rename - {'old_name': 'DSC_0636.NEF', 'new_name': ' 2024.08.11-12.41.25.086.Samos.NEF', 'folder_path': 'D:\\Photos\\Nef\\Samos'}
2026-01-10 14:04:01 - media_renamer_app - INFO - Operation completed: progress - {'current': 87, 'total': 286, 'filename': 'DSC_0637.NEF'}
2026-01-10 14:04:01 - media_renamer_app - INFO - File renamed successfully: DSC_0637.NEF ->  2024.08.11-12.41.27.087.Samos.NEF
2026-01-10 14:04:01 - media_renamer_app - INFO - Successfully renamed: DSC_0637.NEF ->  2024.08.11-12.41.27.087.Samos.NEF
2026-01-10 14:04:01 - media_renamer_app - INFO - Operation completed: rename - {'old_name': 'DSC_0637.NEF', 'new_name': ' 2024.08.11-12.41.27.087.Samos.NEF', 'folder_path': 'D:\\Photos\\Nef\\Samos'}
2026-01-10 14:04:01 - media_renamer_app - INFO - Operation completed: progress - {'current': 88, 'total': 286, 'filename': 'DSC_0638.NEF'}
2026-01-10 14:04:01 - media_renamer_app - INFO - File renamed successfully: DSC_0638.NEF ->  2024.08.11-12.41.37.088.Samos.NEF
2026-01-10 14:04:01 - media_renamer_app - INFO - Successfully renamed: DSC_0638.NEF ->  2024.08.11-12.41.37.088.Samos.NEF
2026-01-10 14:04:01 - media_renamer_app - INFO - Operation completed: rename - {'old_name': 'DSC_0638.NEF', 'new_name': ' 2024.08.11-12.41.37.088.Samos.NEF', 'folder_path': 'D:\\Photos\\Nef\\Samos'}
2026-01-10 14:04:01 - media_renamer_app - INFO - Operation completed: progress - {'current': 89, 'total': 286, 'filename': 'DSC_0639.NEF'}
2026-01-10 14:04:01 - media_renamer_app - INFO - File renamed successfully: DSC_0639.NEF ->  2024.08.11-12.41.41.089.Samos.NEF
2026-01-10 14:04:01 - media_renamer_app - INFO - Successfully renamed: DSC_0639.NEF ->  2024.08.11-12.41.41.089.Samos.NEF
2026-01-10 14:04:01 - media_renamer_app - INFO - Operation completed: rename - {'old_name': 'DSC_0639.NEF', 'new_name': ' 2024.08.11-12.41.41.089.Samos.NEF', 'folder_path': 'D:\\Photos\\Nef\\Samos'}
2026-01-10 14:04:01 - media_renamer_app - INFO - Operation completed: progress - {'current': 90, 'total': 286, 'filename': 'DSC_0640.NEF'}
2026-01-10 14:04:01 - media_renamer_app - INFO - File renamed successfully: DSC_0640.NEF ->  2024.08.11-12.41.43.090.Samos.NEF
2026-01-10 14:04:01 - media_renamer_app - INFO - Successfully renamed: DSC_0640.NEF ->  2024.08.11-12.41.43.090.Samos.NEF
2026-01-10 14:04:01 - media_renamer_app - INFO - Operation completed: rename - {'old_name': 'DSC_0640.NEF', 'new_name': ' 2024.08.11-12.41.43.090.Samos.NEF', 'folder_path': 'D:\\Photos\\Nef\\Samos'}
2026-01-10 14:04:01 - media_renamer_app - INFO - Operation completed: progress - {'current': 91, 'total': 286, 'filename': 'DSC_0641.NEF'}
2026-01-10 14:04:01 - media_renamer_app - INFO - File renamed successfully: DSC_0641.NEF ->  2024.08.11-12.41.50.091.Samos.NEF
2026-01-10 14:04:01 - media_renamer_app - INFO - Successfully renamed: DSC_0641.NEF ->  2024.08.11-12.41.50.091.Samos.NEF
2026-01-10 14:04:01 - media_renamer_app - INFO - Operation completed: rename - {'old_name': 'DSC_0641.NEF', 'new_name': ' 2024.08.11-12.41.50.091.Samos.NEF', 'folder_path': 'D:\\Photos\\Nef\\Samos'}
2026-01-10 14:04:01 - media_renamer_app - INFO - Operation completed: progress - {'current': 92, 'total': 286, 'filename': 'DSC_0642.NEF'}
2026-01-10 14:04:01 - media_renamer_app - INFO - File renamed successfully: DSC_0642.NEF ->  2024.08.11-12.41.53.092.Samos.NEF
2026-01-10 14:04:01 - media_renamer_app - INFO - Successfully renamed: DSC_0642.NEF ->  2024.08.11-12.41.53.092.Samos.NEF
2026-01-10 14:04:01 - media_renamer_app - INFO - Operation completed: rename - {'old_name': 'DSC_0642.NEF', 'new_name': ' 2024.08.11-12.41.53.092.Samos.NEF', 'folder_path': 'D:\\Photos\\Nef\\Samos'}
2026-01-10 14:04:01 - media_renamer_app - INFO - Operation completed: progress - {'current': 93, 'total': 286, 'filename': 'DSC_0643.NEF'}
2026-01-10 14:04:01 - media_renamer_app - INFO - File renamed successfully: DSC_0643.NEF ->  2024.08.11-12.42.22.093.Samos.NEF
2026-01-10 14:04:01 - media_renamer_app - INFO - Successfully renamed: DSC_0643.NEF ->  2024.08.11-12.42.22.093.Samos.NEF
2026-01-10 14:04:01 - media_renamer_app - INFO - Operation completed: rename - {'old_name': 'DSC_0643.NEF', 'new_name': ' 2024.08.11-12.42.22.093.Samos.NEF', 'folder_path': 'D:\\Photos\\Nef\\Samos'}
2026-01-10 14:04:01 - media_renamer_app - INFO - Operation completed: progress - {'current': 94, 'total': 286, 'filename': 'DSC_0644.NEF'}
2026-01-10 14:04:01 - media_renamer_app - INFO - File renamed successfully: DSC_0644.NEF ->  2024.08.11-12.42.23.094.Samos.NEF
2026-01-10 14:04:01 - media_renamer_app - INFO - Successfully renamed: DSC_0644.NEF ->  2024.08.11-12.42.23.094.Samos.NEF
2026-01-10 14:04:01 - media_renamer_app - INFO - Operation completed: rename - {'old_name': 'DSC_0644.NEF', 'new_name': ' 2024.08.11-12.42.23.094.Samos.NEF', 'folder_path': 'D:\\Photos\\Nef\\Samos'}
2026-01-10 14:04:01 - media_renamer_app - INFO - Operation completed: progress - {'current': 95, 'total': 286, 'filename': 'DSC_0645.NEF'}
2026-01-10 14:04:01 - media_renamer_app - INFO - File renamed successfully: DSC_0645.NEF ->  2024.08.11-12.42.28.095.Samos.NEF
2026-01-10 14:04:01 - media_renamer_app - INFO - Successfully renamed: DSC_0645.NEF ->  2024.08.11-12.42.28.095.Samos.NEF
2026-01-10 14:04:01 - media_renamer_app - INFO - Operation completed: rename - {'old_name': 'DSC_0645.NEF', 'new_name': ' 2024.08.11-12.42.28.095.Samos.NEF', 'folder_path': 'D:\\Photos\\Nef\\Samos'}
2026-01-10 14:04:01 - media_renamer_app - INFO - Operation completed: progress - {'current': 96, 'total': 286, 'filename': 'DSC_0646.NEF'}
2026-01-10 14:04:01 - media_renamer_app - INFO - File renamed successfully: DSC_0646.NEF ->  2024.08.11-12.42.30.096.Samos.NEF
2026-01-10 14:04:01 - media_renamer_app - INFO - Successfully renamed: DSC_0646.NEF ->  2024.08.11-12.42.30.096.Samos.NEF
2026-01-10 14:04:01 - media_renamer_app - INFO - Operation completed: rename - {'old_name': 'DSC_0646.NEF', 'new_name': ' 2024.08.11-12.42.30.096.Samos.NEF', 'folder_path': 'D:\\Photos\\Nef\\Samos'}
2026-01-10 14:04:01 - media_renamer_app - INFO - Operation completed: progress - {'current': 97, 'total': 286, 'filename': 'DSC_0647.NEF'}
2026-01-10 14:04:01 - media_renamer_app - INFO - File renamed successfully: DSC_0647.NEF ->  2024.08.11-12.42.32.097.Samos.NEF
2026-01-10 14:04:01 - media_renamer_app - INFO - Successfully renamed: DSC_0647.NEF ->  2024.08.11-12.42.32.097.Samos.NEF
2026-01-10 14:04:01 - media_renamer_app - INFO - Operation completed: rename - {'old_name': 'DSC_0647.NEF', 'new_name': ' 2024.08.11-12.42.32.097.Samos.NEF', 'folder_path': 'D:\\Photos\\Nef\\Samos'}
2026-01-10 14:04:01 - media_renamer_app - INFO - Operation completed: progress - {'current': 98, 'total': 286, 'filename': 'DSC_0648.NEF'}
2026-01-10 14:04:01 - media_renamer_app - INFO - File renamed successfully: DSC_0648.NEF ->  2024.08.11-12.47.53.098.Samos.NEF
2026-01-10 14:04:01 - media_renamer_app - INFO - Successfully renamed: DSC_0648.NEF ->  2024.08.11-12.47.53.098.Samos.NEF
2026-01-10 14:04:01 - media_renamer_app - INFO - Operation completed: rename - {'old_name': 'DSC_0648.NEF', 'new_name': ' 2024.08.11-12.47.53.098.Samos.NEF', 'folder_path': 'D:\\Photos\\Nef\\Samos'}
2026-01-10 14:04:01 - media_renamer_app - INFO - Operation completed: progress - {'current': 99, 'total': 286, 'filename': 'DSC_0649.NEF'}
2026-01-10 14:04:01 - media_renamer_app - INFO - File renamed successfully: DSC_0649.NEF ->  2024.08.11-12.47.55.099.Samos.NEF
2026-01-10 14:04:01 - media_renamer_app - INFO - Successfully renamed: DSC_0649.NEF ->  2024.08.11-12.47.55.099.Samos.NEF
2026-01-10 14:04:01 - media_renamer_app - INFO - Operation completed: rename - {'old_name': 'DSC_0649.NEF', 'new_name': ' 2024.08.11-12.47.55.099.Samos.NEF', 'folder_path': 'D:\\Photos\\Nef\\Samos'}
2026-01-10 14:04:01 - media_renamer_app - INFO - Operation completed: progress - {'current': 100, 'total': 286, 'filename': 'DSC_0650.NEF'}
2026-01-10 14:04:01 - media_renamer_app - INFO - File renamed successfully: DSC_0650.NEF ->  2024.08.11-12.47.58.100.Samos.NEF
2026-01-10 14:04:01 - media_renamer_app - INFO - Successfully renamed: DSC_0650.NEF ->  2024.08.11-12.47.58.100.Samos.NEF
2026-01-10 14:04:01 - media_renamer_app - INFO - Operation completed: rename - {'old_name': 'DSC_0650.NEF', 'new_name': ' 2024.08.11-12.47.58.100.Samos.NEF', 'folder_path': 'D:\\Photos\\Nef\\Samos'}
2026-01-10 14:04:01 - media_renamer_app - INFO - Operation completed: progress - {'current': 101, 'total': 286, 'filename': 'DSC_0651.NEF'}
2026-01-10 14:04:01 - media_renamer_app - INFO - File renamed successfully: DSC_0651.NEF ->  2024.08.11-12.48.21.101.Samos.NEF
2026-01-10 14:04:01 - media_renamer_app - INFO - Successfully renamed: DSC_0651.NEF ->  2024.08.11-12.48.21.101.Samos.NEF
2026-01-10 14:04:01 - media_renamer_app - INFO - Operation completed: rename - {'old_name': 'DSC_0651.NEF', 'new_name': ' 2024.08.11-12.48.21.101.Samos.NEF', 'folder_path': 'D:\\Photos\\Nef\\Samos'}
2026-01-10 14:04:01 - media_renamer_app - INFO - Operation completed: progress - {'current': 102, 'total': 286, 'filename': 'DSC_0652.NEF'}
2026-01-10 14:04:01 - media_renamer_app - INFO - File renamed successfully: DSC_0652.NEF ->  2024.08.11-12.48.24.102.Samos.NEF
2026-01-10 14:04:01 - media_renamer_app - INFO - Successfully renamed: DSC_0652.NEF ->  2024.08.11-12.48.24.102.Samos.NEF
2026-01-10 14:04:01 - media_renamer_app - INFO - Operation completed: rename - {'old_name': 'DSC_0652.NEF', 'new_name': ' 2024.08.11-12.48.24.102.Samos.NEF', 'folder_path': 'D:\\Photos\\Nef\\Samos'}
2026-01-10 14:04:01 - media_renamer_app - INFO - Operation completed: progress - {'current': 103, 'total': 286, 'filename': 'DSC_0653.NEF'}
2026-01-10 14:04:01 - media_renamer_app - INFO - File renamed successfully: DSC_0653.NEF ->  2024.08.11-12.51.08.103.Samos.NEF
2026-01-10 14:04:01 - media_renamer_app - INFO - Successfully renamed: DSC_0653.NEF ->  2024.08.11-12.51.08.103.Samos.NEF
2026-01-10 14:04:01 - media_renamer_app - INFO - Operation completed: rename - {'old_name': 'DSC_0653.NEF', 'new_name': ' 2024.08.11-12.51.08.103.Samos.NEF', 'folder_path': 'D:\\Photos\\Nef\\Samos'}
2026-01-10 14:04:01 - media_renamer_app - INFO - Operation completed: progress - {'current': 104, 'total': 286, 'filename': 'DSC_0654.NEF'}
2026-01-10 14:04:01 - media_renamer_app - INFO - File renamed successfully: DSC_0654.NEF ->  2024.08.11-12.51.28.104.Samos.NEF
2026-01-10 14:04:01 - media_renamer_app - INFO - Successfully renamed: DSC_0654.NEF ->  2024.08.11-12.51.28.104.Samos.NEF
2026-01-10 14:04:01 - media_renamer_app - INFO - Operation completed: rename - {'old_name': 'DSC_0654.NEF', 'new_name': ' 2024.08.11-12.51.28.104.Samos.NEF', 'folder_path': 'D:\\Photos\\Nef\\Samos'}
2026-01-10 14:04:01 - media_renamer_app - INFO - Operation completed: progress - {'current': 105, 'total': 286, 'filename': 'DSC_0655.NEF'}
2026-01-10 14:04:01 - media_renamer_app - INFO - File renamed successfully: DSC_0655.NEF ->  2024.08.11-12.51.48.105.Samos.NEF
2026-01-10 14:04:01 - media_renamer_app - INFO - Successfully renamed: DSC_0655.NEF ->  2024.08.11-12.51.48.105.Samos.NEF
2026-01-10 14:04:01 - media_renamer_app - INFO - Operation completed: rename - {'old_name': 'DSC_0655.NEF', 'new_name': ' 2024.08.11-12.51.48.105.Samos.NEF', 'folder_path': 'D:\\Photos\\Nef\\Samos'}
2026-01-10 14:04:01 - media_renamer_app - INFO - Operation completed: progress - {'current': 106, 'total': 286, 'filename': 'DSC_0656.NEF'}
2026-01-10 14:04:01 - media_renamer_app - INFO - File renamed successfully: DSC_0656.NEF ->  2024.08.11-12.51.51.106.Samos.NEF
2026-01-10 14:04:01 - media_renamer_app - INFO - Successfully renamed: DSC_0656.NEF ->  2024.08.11-12.51.51.106.Samos.NEF
2026-01-10 14:04:01 - media_renamer_app - INFO - Operation completed: rename - {'old_name': 'DSC_0656.NEF', 'new_name': ' 2024.08.11-12.51.51.106.Samos.NEF', 'folder_path': 'D:\\Photos\\Nef\\Samos'}
2026-01-10 14:04:01 - media_renamer_app - INFO - Operation completed: progress - {'current': 107, 'total': 286, 'filename': 'DSC_0657.NEF'}
2026-01-10 14:04:01 - media_renamer_app - INFO - File renamed successfully: DSC_0657.NEF ->  2024.08.11-12.51.59.107.Samos.NEF
2026-01-10 14:04:01 - media_renamer_app - INFO - Successfully renamed: DSC_0657.NEF ->  2024.08.11-12.51.59.107.Samos.NEF
2026-01-10 14:04:01 - media_renamer_app - INFO - Operation completed: rename - {'old_name': 'DSC_0657.NEF', 'new_name': ' 2024.08.11-12.51.59.107.Samos.NEF', 'folder_path': 'D:\\Photos\\Nef\\Samos'}
2026-01-10 14:04:01 - media_renamer_app - INFO - Operation completed: progress - {'current': 108, 'total': 286, 'filename': 'DSC_0658.NEF'}
2026-01-10 14:04:01 - media_renamer_app - INFO - File renamed successfully: DSC_0658.NEF ->  2024.08.11-12.52.02.108.Samos.NEF
2026-01-10 14:04:01 - media_renamer_app - INFO - Successfully renamed: DSC_0658.NEF ->  2024.08.11-12.52.02.108.Samos.NEF
2026-01-10 14:04:01 - media_renamer_app - INFO - Operation completed: rename - {'old_name': 'DSC_0658.NEF', 'new_name': ' 2024.08.11-12.52.02.108.Samos.NEF', 'folder_path': 'D:\\Photos\\Nef\\Samos'}
2026-01-10 14:04:01 - media_renamer_app - INFO - Operation completed: progress - {'current': 109, 'total': 286, 'filename': 'DSC_0659.NEF'}
2026-01-10 14:04:01 - media_renamer_app - INFO - File renamed successfully: DSC_0659.NEF ->  2024.08.11-12.52.04.109.Samos.NEF
2026-01-10 14:04:01 - media_renamer_app - INFO - Successfully renamed: DSC_0659.NEF ->  2024.08.11-12.52.04.109.Samos.NEF
2026-01-10 14:04:01 - media_renamer_app - INFO - Operation completed: rename - {'old_name': 'DSC_0659.NEF', 'new_name': ' 2024.08.11-12.52.04.109.Samos.NEF', 'folder_path': 'D:\\Photos\\Nef\\Samos'}
2026-01-10 14:04:01 - media_renamer_app - INFO - Operation completed: progress - {'current': 110, 'total': 286, 'filename': 'DSC_0660.NEF'}
2026-01-10 14:04:01 - media_renamer_app - INFO - File renamed successfully: DSC_0660.NEF ->  2024.08.11-12.52.05.110.Samos.NEF
2026-01-10 14:04:01 - media_renamer_app - INFO - Successfully renamed: DSC_0660.NEF ->  2024.08.11-12.52.05.110.Samos.NEF
2026-01-10 14:04:01 - media_renamer_app - INFO - Operation completed: rename - {'old_name': 'DSC_0660.NEF', 'new_name': ' 2024.08.11-12.52.05.110.Samos.NEF', 'folder_path': 'D:\\Photos\\Nef\\Samos'}
2026-01-10 14:04:01 - media_renamer_app - INFO - Operation completed: progress - {'current': 111, 'total': 286, 'filename': 'DSC_0661.NEF'}
2026-01-10 14:04:01 - media_renamer_app - INFO - File renamed successfully: DSC_0661.NEF ->  2024.08.11-12.52.07.111.Samos.NEF
2026-01-10 14:04:01 - media_renamer_app - INFO - Successfully renamed: DSC_0661.NEF ->  2024.08.11-12.52.07.111.Samos.NEF
2026-01-10 14:04:01 - media_renamer_app - INFO - Operation completed: rename - {'old_name': 'DSC_0661.NEF', 'new_name': ' 2024.08.11-12.52.07.111.Samos.NEF', 'folder_path': 'D:\\Photos\\Nef\\Samos'}
2026-01-10 14:04:01 - media_renamer_app - INFO - Operation completed: progress - {'current': 112, 'total': 286, 'filename': 'DSC_0662.NEF'}
2026-01-10 14:04:01 - media_renamer_app - INFO - File renamed successfully: DSC_0662.NEF ->  2024.08.11-12.52.08.112.Samos.NEF
2026-01-10 14:04:01 - media_renamer_app - INFO - Successfully renamed: DSC_0662.NEF ->  2024.08.11-12.52.08.112.Samos.NEF
2026-01-10 14:04:01 - media_renamer_app - INFO - Operation completed: rename - {'old_name': 'DSC_0662.NEF', 'new_name': ' 2024.08.11-12.52.08.112.Samos.NEF', 'folder_path': 'D:\\Photos\\Nef\\Samos'}
2026-01-10 14:04:01 - media_renamer_app - INFO - Operation completed: progress - {'current': 113, 'total': 286, 'filename': 'DSC_0663.NEF'}
2026-01-10 14:04:01 - media_renamer_app - INFO - File renamed successfully: DSC_0663.NEF ->  2024.08.11-13.05.41.113.Samos.NEF
2026-01-10 14:04:01 - media_renamer_app - INFO - Successfully renamed: DSC_0663.NEF ->  2024.08.11-13.05.41.113.Samos.NEF
2026-01-10 14:04:01 - media_renamer_app - INFO - Operation completed: rename - {'old_name': 'DSC_0663.NEF', 'new_name': ' 2024.08.11-13.05.41.113.Samos.NEF', 'folder_path': 'D:\\Photos\\Nef\\Samos'}
2026-01-10 14:04:01 - media_renamer_app - INFO - Operation completed: progress - {'current': 114, 'total': 286, 'filename': 'DSC_0664.NEF'}
2026-01-10 14:04:01 - media_renamer_app - INFO - File renamed successfully: DSC_0664.NEF ->  2024.08.11-13.05.43.114.Samos.NEF
2026-01-10 14:04:01 - media_renamer_app - INFO - Successfully renamed: DSC_0664.NEF ->  2024.08.11-13.05.43.114.Samos.NEF
2026-01-10 14:04:01 - media_renamer_app - INFO - Operation completed: rename - {'old_name': 'DSC_0664.NEF', 'new_name': ' 2024.08.11-13.05.43.114.Samos.NEF', 'folder_path': 'D:\\Photos\\Nef\\Samos'}
2026-01-10 14:04:01 - media_renamer_app - INFO - Operation completed: progress - {'current': 115, 'total': 286, 'filename': 'DSC_0665.NEF'}
2026-01-10 14:04:01 - media_renamer_app - INFO - File renamed successfully: DSC_0665.NEF ->  2024.08.11-13.06.04.115.Samos.NEF
2026-01-10 14:04:01 - media_renamer_app - INFO - Successfully renamed: DSC_0665.NEF ->  2024.08.11-13.06.04.115.Samos.NEF
2026-01-10 14:04:01 - media_renamer_app - INFO - Operation completed: rename - {'old_name': 'DSC_0665.NEF', 'new_name': ' 2024.08.11-13.06.04.115.Samos.NEF', 'folder_path': 'D:\\Photos\\Nef\\Samos'}
2026-01-10 14:04:01 - media_renamer_app - INFO - Operation completed: progress - {'current': 116, 'total': 286, 'filename': 'DSC_0666.NEF'}
2026-01-10 14:04:01 - media_renamer_app - INFO - File renamed successfully: DSC_0666.NEF ->  2024.08.11-13.06.07.116.Samos.NEF
2026-01-10 14:04:01 - media_renamer_app - INFO - Successfully renamed: DSC_0666.NEF ->  2024.08.11-13.06.07.116.Samos.NEF
2026-01-10 14:04:01 - media_renamer_app - INFO - Operation completed: rename - {'old_name': 'DSC_0666.NEF', 'new_name': ' 2024.08.11-13.06.07.116.Samos.NEF', 'folder_path': 'D:\\Photos\\Nef\\Samos'}
2026-01-10 14:04:01 - media_renamer_app - INFO - Operation completed: progress - {'current': 117, 'total': 286, 'filename': 'DSC_0667.NEF'}
2026-01-10 14:04:01 - media_renamer_app - INFO - File renamed successfully: DSC_0667.NEF ->  2024.08.11-13.07.08.117.Samos.NEF
2026-01-10 14:04:01 - media_renamer_app - INFO - Successfully renamed: DSC_0667.NEF ->  2024.08.11-13.07.08.117.Samos.NEF
2026-01-10 14:04:01 - media_renamer_app - INFO - Operation completed: rename - {'old_name': 'DSC_0667.NEF', 'new_name': ' 2024.08.11-13.07.08.117.Samos.NEF', 'folder_path': 'D:\\Photos\\Nef\\Samos'}
2026-01-10 14:04:01 - media_renamer_app - INFO - Operation completed: progress - {'current': 118, 'total': 286, 'filename': 'DSC_0668.NEF'}
2026-01-10 14:04:01 - media_renamer_app - INFO - File renamed successfully: DSC_0668.NEF ->  2024.08.11-13.07.19.118.Samos.NEF
2026-01-10 14:04:01 - media_renamer_app - INFO - Successfully renamed: DSC_0668.NEF ->  2024.08.11-13.07.19.118.Samos.NEF
2026-01-10 14:04:01 - media_renamer_app - INFO - Operation completed: rename - {'old_name': 'DSC_0668.NEF', 'new_name': ' 2024.08.11-13.07.19.118.Samos.NEF', 'folder_path': 'D:\\Photos\\Nef\\Samos'}
2026-01-10 14:04:01 - media_renamer_app - INFO - Operation completed: progress - {'current': 119, 'total': 286, 'filename': 'DSC_0669.NEF'}
2026-01-10 14:04:01 - media_renamer_app - INFO - File renamed successfully: DSC_0669.NEF ->  2024.08.11-13.07.20.119.Samos.NEF
2026-01-10 14:04:01 - media_renamer_app - INFO - Successfully renamed: DSC_0669.NEF ->  2024.08.11-13.07.20.119.Samos.NEF
2026-01-10 14:04:01 - media_renamer_app - INFO - Operation completed: rename - {'old_name': 'DSC_0669.NEF', 'new_name': ' 2024.08.11-13.07.20.119.Samos.NEF', 'folder_path': 'D:\\Photos\\Nef\\Samos'}
2026-01-10 14:04:01 - media_renamer_app - INFO - Operation completed: progress - {'current': 120, 'total': 286, 'filename': 'DSC_0670.NEF'}
2026-01-10 14:04:01 - media_renamer_app - INFO - File renamed successfully: DSC_0670.NEF ->  2024.08.11-13.10.14.120.Samos.NEF
2026-01-10 14:04:01 - media_renamer_app - INFO - Successfully renamed: DSC_0670.NEF ->  2024.08.11-13.10.14.120.Samos.NEF
2026-01-10 14:04:01 - media_renamer_app - INFO - Operation completed: rename - {'old_name': 'DSC_0670.NEF', 'new_name': ' 2024.08.11-13.10.14.120.Samos.NEF', 'folder_path': 'D:\\Photos\\Nef\\Samos'}
2026-01-10 14:04:01 - media_renamer_app - INFO - Operation completed: progress - {'current': 121, 'total': 286, 'filename': 'DSC_0671.NEF'}
2026-01-10 14:04:01 - media_renamer_app - INFO - File renamed successfully: DSC_0671.NEF ->  2024.08.11-13.10.19.121.Samos.NEF
2026-01-10 14:04:01 - media_renamer_app - INFO - Successfully renamed: DSC_0671.NEF ->  2024.08.11-13.10.19.121.Samos.NEF
2026-01-10 14:04:01 - media_renamer_app - INFO - Operation completed: rename - {'old_name': 'DSC_0671.NEF', 'new_name': ' 2024.08.11-13.10.19.121.Samos.NEF', 'folder_path': 'D:\\Photos\\Nef\\Samos'}
2026-01-10 14:04:01 - media_renamer_app - INFO - Operation completed: progress - {'current': 122, 'total': 286, 'filename': 'DSC_0672.NEF'}
2026-01-10 14:04:01 - media_renamer_app - INFO - File renamed successfully: DSC_0672.NEF ->  2024.08.11-13.10.21.122.Samos.NEF
2026-01-10 14:04:01 - media_renamer_app - INFO - Successfully renamed: DSC_0672.NEF ->  2024.08.11-13.10.21.122.Samos.NEF
2026-01-10 14:04:01 - media_renamer_app - INFO - Operation completed: rename - {'old_name': 'DSC_0672.NEF', 'new_name': ' 2024.08.11-13.10.21.122.Samos.NEF', 'folder_path': 'D:\\Photos\\Nef\\Samos'}
2026-01-10 14:04:01 - media_renamer_app - INFO - Operation completed: progress - {'current': 123, 'total': 286, 'filename': 'DSC_0673.NEF'}
2026-01-10 14:04:01 - media_renamer_app - INFO - File renamed successfully: DSC_0673.NEF ->  2024.08.11-13.10.34.123.Samos.NEF
2026-01-10 14:04:01 - media_renamer_app - INFO - Successfully renamed: DSC_0673.NEF ->  2024.08.11-13.10.34.123.Samos.NEF
2026-01-10 14:04:01 - media_renamer_app - INFO - Operation completed: rename - {'old_name': 'DSC_0673.NEF', 'new_name': ' 2024.08.11-13.10.34.123.Samos.NEF', 'folder_path': 'D:\\Photos\\Nef\\Samos'}
2026-01-10 14:04:01 - media_renamer_app - INFO - Operation completed: progress - {'current': 124, 'total': 286, 'filename': 'DSC_0674.NEF'}
2026-01-10 14:04:01 - media_renamer_app - INFO - File renamed successfully: DSC_0674.NEF ->  2024.08.11-13.10.37.124.Samos.NEF
2026-01-10 14:04:01 - media_renamer_app - INFO - Successfully renamed: DSC_0674.NEF ->  2024.08.11-13.10.37.124.Samos.NEF
2026-01-10 14:04:01 - media_renamer_app - INFO - Operation completed: rename - {'old_name': 'DSC_0674.NEF', 'new_name': ' 2024.08.11-13.10.37.124.Samos.NEF', 'folder_path': 'D:\\Photos\\Nef\\Samos'}
2026-01-10 14:04:01 - media_renamer_app - INFO - Operation completed: progress - {'current': 125, 'total': 286, 'filename': 'DSC_0675.NEF'}
2026-01-10 14:04:01 - media_renamer_app - INFO - File renamed successfully: DSC_0675.NEF ->  2024.08.11-13.10.39.125.Samos.NEF
2026-01-10 14:04:01 - media_renamer_app - INFO - Successfully renamed: DSC_0675.NEF ->  2024.08.11-13.10.39.125.Samos.NEF
2026-01-10 14:04:01 - media_renamer_app - INFO - Operation completed: rename - {'old_name': 'DSC_0675.NEF', 'new_name': ' 2024.08.11-13.10.39.125.Samos.NEF', 'folder_path': 'D:\\Photos\\Nef\\Samos'}
2026-01-10 14:04:01 - media_renamer_app - INFO - Operation completed: progress - {'current': 126, 'total': 286, 'filename': 'DSC_0676.NEF'}
2026-01-10 14:04:01 - media_renamer_app - INFO - File renamed successfully: DSC_0676.NEF ->  2024.08.11-13.10.59.126.Samos.NEF
2026-01-10 14:04:01 - media_renamer_app - INFO - Successfully renamed: DSC_0676.NEF ->  2024.08.11-13.10.59.126.Samos.NEF
2026-01-10 14:04:01 - media_renamer_app - INFO - Operation completed: rename - {'old_name': 'DSC_0676.NEF', 'new_name': ' 2024.08.11-13.10.59.126.Samos.NEF', 'folder_path': 'D:\\Photos\\Nef\\Samos'}
2026-01-10 14:04:01 - media_renamer_app - INFO - Operation completed: progress - {'current': 127, 'total': 286, 'filename': 'DSC_0677.NEF'}
2026-01-10 14:04:01 - media_renamer_app - INFO - File renamed successfully: DSC_0677.NEF ->  2024.08.11-13.11.02.127.Samos.NEF
2026-01-10 14:04:01 - media_renamer_app - INFO - Successfully renamed: DSC_0677.NEF ->  2024.08.11-13.11.02.127.Samos.NEF
2026-01-10 14:04:01 - media_renamer_app - INFO - Operation completed: rename - {'old_name': 'DSC_0677.NEF', 'new_name': ' 2024.08.11-13.11.02.127.Samos.NEF', 'folder_path': 'D:\\Photos\\Nef\\Samos'}
2026-01-10 14:04:01 - media_renamer_app - INFO - Operation completed: progress - {'current': 128, 'total': 286, 'filename': 'DSC_0678.NEF'}
2026-01-10 14:04:01 - media_renamer_app - INFO - File renamed successfully: DSC_0678.NEF ->  2024.08.11-13.11.04.128.Samos.NEF
2026-01-10 14:04:01 - media_renamer_app - INFO - Successfully renamed: DSC_0678.NEF ->  2024.08.11-13.11.04.128.Samos.NEF
2026-01-10 14:04:01 - media_renamer_app - INFO - Operation completed: rename - {'old_name': 'DSC_0678.NEF', 'new_name': ' 2024.08.11-13.11.04.128.Samos.NEF', 'folder_path': 'D:\\Photos\\Nef\\Samos'}
2026-01-10 14:04:01 - media_renamer_app - INFO - Operation completed: progress - {'current': 129, 'total': 286, 'filename': 'DSC_0679.NEF'}
2026-01-10 14:04:01 - media_renamer_app - INFO - File renamed successfully: DSC_0679.NEF ->  2024.08.11-13.11.16.129.Samos.NEF
2026-01-10 14:04:01 - media_renamer_app - INFO - Successfully renamed: DSC_0679.NEF ->  2024.08.11-13.11.16.129.Samos.NEF
2026-01-10 14:04:01 - media_renamer_app - INFO - Operation completed: rename - {'old_name': 'DSC_0679.NEF', 'new_name': ' 2024.08.11-13.11.16.129.Samos.NEF', 'folder_path': 'D:\\Photos\\Nef\\Samos'}
2026-01-10 14:04:01 - media_renamer_app - INFO - Operation completed: progress - {'current': 130, 'total': 286, 'filename': 'DSC_0680.NEF'}
2026-01-10 14:04:01 - media_renamer_app - INFO - File renamed successfully: DSC_0680.NEF ->  2024.08.11-13.11.18.130.Samos.NEF
2026-01-10 14:04:01 - media_renamer_app - INFO - Successfully renamed: DSC_0680.NEF ->  2024.08.11-13.11.18.130.Samos.NEF
2026-01-10 14:04:01 - media_renamer_app - INFO - Operation completed: rename - {'old_name': 'DSC_0680.NEF', 'new_name': ' 2024.08.11-13.11.18.130.Samos.NEF', 'folder_path': 'D:\\Photos\\Nef\\Samos'}
2026-01-10 14:04:01 - media_renamer_app - INFO - Operation completed: progress - {'current': 131, 'total': 286, 'filename': 'DSC_0681.NEF'}
2026-01-10 14:04:01 - media_renamer_app - INFO - File renamed successfully: DSC_0681.NEF ->  2024.08.11-13.11.21.131.Samos.NEF
2026-01-10 14:04:01 - media_renamer_app - INFO - Successfully renamed: DSC_0681.NEF ->  2024.08.11-13.11.21.131.Samos.NEF
2026-01-10 14:04:01 - media_renamer_app - INFO - Operation completed: rename - {'old_name': 'DSC_0681.NEF', 'new_name': ' 2024.08.11-13.11.21.131.Samos.NEF', 'folder_path': 'D:\\Photos\\Nef\\Samos'}
2026-01-10 14:04:01 - media_renamer_app - INFO - Operation completed: progress - {'current': 132, 'total': 286, 'filename': 'DSC_0682.NEF'}
2026-01-10 14:04:01 - media_renamer_app - INFO - File renamed successfully: DSC_0682.NEF ->  2024.08.11-13.11.22.132.Samos.NEF
2026-01-10 14:04:01 - media_renamer_app - INFO - Successfully renamed: DSC_0682.NEF ->  2024.08.11-13.11.22.132.Samos.NEF
2026-01-10 14:04:01 - media_renamer_app - INFO - Operation completed: rename - {'old_name': 'DSC_0682.NEF', 'new_name': ' 2024.08.11-13.11.22.132.Samos.NEF', 'folder_path': 'D:\\Photos\\Nef\\Samos'}
2026-01-10 14:04:01 - media_renamer_app - INFO - Operation completed: progress - {'current': 133, 'total': 286, 'filename': 'DSC_0683.NEF'}
2026-01-10 14:04:01 - media_renamer_app - INFO - File renamed successfully: DSC_0683.NEF ->  2024.08.11-13.11.24.133.Samos.NEF
2026-01-10 14:04:01 - media_renamer_app - INFO - Successfully renamed: DSC_0683.NEF ->  2024.08.11-13.11.24.133.Samos.NEF
2026-01-10 14:04:01 - media_renamer_app - INFO - Operation completed: rename - {'old_name': 'DSC_0683.NEF', 'new_name': ' 2024.08.11-13.11.24.133.Samos.NEF', 'folder_path': 'D:\\Photos\\Nef\\Samos'}
2026-01-10 14:04:01 - media_renamer_app - INFO - Operation completed: progress - {'current': 134, 'total': 286, 'filename': 'DSC_0684.NEF'}
2026-01-10 14:04:01 - media_renamer_app - INFO - File renamed successfully: DSC_0684.NEF ->  2024.08.11-13.11.35.134.Samos.NEF
2026-01-10 14:04:01 - media_renamer_app - INFO - Successfully renamed: DSC_0684.NEF ->  2024.08.11-13.11.35.134.Samos.NEF
2026-01-10 14:04:01 - media_renamer_app - INFO - Operation completed: rename - {'old_name': 'DSC_0684.NEF', 'new_name': ' 2024.08.11-13.11.35.134.Samos.NEF', 'folder_path': 'D:\\Photos\\Nef\\Samos'}
2026-01-10 14:04:01 - media_renamer_app - INFO - Operation completed: progress - {'current': 135, 'total': 286, 'filename': 'DSC_0685.NEF'}
2026-01-10 14:04:01 - media_renamer_app - INFO - File renamed successfully: DSC_0685.NEF ->  2024.08.11-13.11.40.135.Samos.NEF
2026-01-10 14:04:01 - media_renamer_app - INFO - Successfully renamed: DSC_0685.NEF ->  2024.08.11-13.11.40.135.Samos.NEF
2026-01-10 14:04:01 - media_renamer_app - INFO - Operation completed: rename - {'old_name': 'DSC_0685.NEF', 'new_name': ' 2024.08.11-13.11.40.135.Samos.NEF', 'folder_path': 'D:\\Photos\\Nef\\Samos'}
2026-01-10 14:04:01 - media_renamer_app - INFO - Operation completed: progress - {'current': 136, 'total': 286, 'filename': 'DSC_0686.NEF'}
2026-01-10 14:04:01 - media_renamer_app - INFO - File renamed successfully: DSC_0686.NEF ->  2024.08.11-13.12.12.136.Samos.NEF
2026-01-10 14:04:01 - media_renamer_app - INFO - Successfully renamed: DSC_0686.NEF ->  2024.08.11-13.12.12.136.Samos.NEF
2026-01-10 14:04:01 - media_renamer_app - INFO - Operation completed: rename - {'old_name': 'DSC_0686.NEF', 'new_name': ' 2024.08.11-13.12.12.136.Samos.NEF', 'folder_path': 'D:\\Photos\\Nef\\Samos'}
2026-01-10 14:04:01 - media_renamer_app - INFO - Operation completed: progress - {'current': 137, 'total': 286, 'filename': 'DSC_0687.NEF'}
2026-01-10 14:04:01 - media_renamer_app - INFO - File renamed successfully: DSC_0687.NEF ->  2024.08.11-13.12.19.137.Samos.NEF
2026-01-10 14:04:01 - media_renamer_app - INFO - Successfully renamed: DSC_0687.NEF ->  2024.08.11-13.12.19.137.Samos.NEF
2026-01-10 14:04:01 - media_renamer_app - INFO - Operation completed: rename - {'old_name': 'DSC_0687.NEF', 'new_name': ' 2024.08.11-13.12.19.137.Samos.NEF', 'folder_path': 'D:\\Photos\\Nef\\Samos'}
2026-01-10 14:04:01 - media_renamer_app - INFO - Operation completed: progress - {'current': 138, 'total': 286, 'filename': 'DSC_0688.NEF'}
2026-01-10 14:04:01 - media_renamer_app - INFO - File renamed successfully: DSC_0688.NEF ->  2024.08.11-13.12.21.138.Samos.NEF
2026-01-10 14:04:01 - media_renamer_app - INFO - Successfully renamed: DSC_0688.NEF ->  2024.08.11-13.12.21.138.Samos.NEF
2026-01-10 14:04:01 - media_renamer_app - INFO - Operation completed: rename - {'old_name': 'DSC_0688.NEF', 'new_name': ' 2024.08.11-13.12.21.138.Samos.NEF', 'folder_path': 'D:\\Photos\\Nef\\Samos'}
2026-01-10 14:04:01 - media_renamer_app - INFO - Operation completed: progress - {'current': 139, 'total': 286, 'filename': 'DSC_0689.NEF'}
2026-01-10 14:04:01 - media_renamer_app - INFO - File renamed successfully: DSC_0689.NEF ->  2024.08.11-13.39.10.139.Samos.NEF
2026-01-10 14:04:01 - media_renamer_app - INFO - Successfully renamed: DSC_0689.NEF ->  2024.08.11-13.39.10.139.Samos.NEF
2026-01-10 14:04:01 - media_renamer_app - INFO - Operation completed: rename - {'old_name': 'DSC_0689.NEF', 'new_name': ' 2024.08.11-13.39.10.139.Samos.NEF', 'folder_path': 'D:\\Photos\\Nef\\Samos'}
2026-01-10 14:04:01 - media_renamer_app - INFO - Operation completed: progress - {'current': 140, 'total': 286, 'filename': 'DSC_0690.NEF'}
2026-01-10 14:04:01 - media_renamer_app - INFO - File renamed successfully: DSC_0690.NEF ->  2024.08.11-13.39.14.140.Samos.NEF
2026-01-10 14:04:01 - media_renamer_app - INFO - Successfully renamed: DSC_0690.NEF ->  2024.08.11-13.39.14.140.Samos.NEF
2026-01-10 14:04:01 - media_renamer_app - INFO - Operation completed: rename - {'old_name': 'DSC_0690.NEF', 'new_name': ' 2024.08.11-13.39.14.140.Samos.NEF', 'folder_path': 'D:\\Photos\\Nef\\Samos'}
2026-01-10 14:04:01 - media_renamer_app - INFO - Operation completed: progress - {'current': 141, 'total': 286, 'filename': 'DSC_0691.NEF'}
2026-01-10 14:04:01 - media_renamer_app - INFO - File renamed successfully: DSC_0691.NEF ->  2024.08.11-13.39.18.141.Samos.NEF
2026-01-10 14:04:01 - media_renamer_app - INFO - Successfully renamed: DSC_0691.NEF ->  2024.08.11-13.39.18.141.Samos.NEF
2026-01-10 14:04:01 - media_renamer_app - INFO - Operation completed: rename - {'old_name': 'DSC_0691.NEF', 'new_name': ' 2024.08.11-13.39.18.141.Samos.NEF', 'folder_path': 'D:\\Photos\\Nef\\Samos'}
2026-01-10 14:04:01 - media_renamer_app - INFO - Operation completed: progress - {'current': 142, 'total': 286, 'filename': 'DSC_0692.NEF'}
2026-01-10 14:04:01 - media_renamer_app - INFO - File renamed successfully: DSC_0692.NEF ->  2024.08.11-13.39.53.142.Samos.NEF
2026-01-10 14:04:01 - media_renamer_app - INFO - Successfully renamed: DSC_0692.NEF ->  2024.08.11-13.39.53.142.Samos.NEF
2026-01-10 14:04:01 - media_renamer_app - INFO - Operation completed: rename - {'old_name': 'DSC_0692.NEF', 'new_name': ' 2024.08.11-13.39.53.142.Samos.NEF', 'folder_path': 'D:\\Photos\\Nef\\Samos'}
2026-01-10 14:04:01 - media_renamer_app - INFO - Operation completed: progress - {'current': 143, 'total': 286, 'filename': 'DSC_0693.NEF'}
2026-01-10 14:04:01 - media_renamer_app - INFO - File renamed successfully: DSC_0693.NEF ->  2024.08.11-13.40.03.143.Samos.NEF
2026-01-10 14:04:01 - media_renamer_app - INFO - Successfully renamed: DSC_0693.NEF ->  2024.08.11-13.40.03.143.Samos.NEF
2026-01-10 14:04:01 - media_renamer_app - INFO - Operation completed: rename - {'old_name': 'DSC_0693.NEF', 'new_name': ' 2024.08.11-13.40.03.143.Samos.NEF', 'folder_path': 'D:\\Photos\\Nef\\Samos'}
2026-01-10 14:04:01 - media_renamer_app - INFO - Operation completed: progress - {'current': 144, 'total': 286, 'filename': 'DSC_0694.NEF'}
2026-01-10 14:04:01 - media_renamer_app - INFO - File renamed successfully: DSC_0694.NEF ->  2024.08.11-13.40.04.144.Samos.NEF
2026-01-10 14:04:01 - media_renamer_app - INFO - Successfully renamed: DSC_0694.NEF ->  2024.08.11-13.40.04.144.Samos.NEF
2026-01-10 14:04:01 - media_renamer_app - INFO - Operation completed: rename - {'old_name': 'DSC_0694.NEF', 'new_name': ' 2024.08.11-13.40.04.144.Samos.NEF', 'folder_path': 'D:\\Photos\\Nef\\Samos'}
2026-01-10 14:04:01 - media_renamer_app - INFO - Operation completed: progress - {'current': 145, 'total': 286, 'filename': 'DSC_0695.NEF'}
2026-01-10 14:04:01 - media_renamer_app - INFO - File renamed successfully: DSC_0695.NEF ->  2024.08.11-13.40.05.145.Samos.NEF
2026-01-10 14:04:01 - media_renamer_app - INFO - Successfully renamed: DSC_0695.NEF ->  2024.08.11-13.40.05.145.Samos.NEF
2026-01-10 14:04:01 - media_renamer_app - INFO - Operation completed: rename - {'old_name': 'DSC_0695.NEF', 'new_name': ' 2024.08.11-13.40.05.145.Samos.NEF', 'folder_path': 'D:\\Photos\\Nef\\Samos'}
2026-01-10 14:04:01 - media_renamer_app - INFO - Operation completed: progress - {'current': 146, 'total': 286, 'filename': 'DSC_0696.NEF'}
2026-01-10 14:04:01 - media_renamer_app - INFO - File renamed successfully: DSC_0696.NEF ->  2024.08.11-13.40.08.146.Samos.NEF
2026-01-10 14:04:01 - media_renamer_app - INFO - Successfully renamed: DSC_0696.NEF ->  2024.08.11-13.40.08.146.Samos.NEF
2026-01-10 14:04:01 - media_renamer_app - INFO - Operation completed: rename - {'old_name': 'DSC_0696.NEF', 'new_name': ' 2024.08.11-13.40.08.146.Samos.NEF', 'folder_path': 'D:\\Photos\\Nef\\Samos'}
2026-01-10 14:04:01 - media_renamer_app - INFO - Operation completed: progress - {'current': 147, 'total': 286, 'filename': 'DSC_0697.NEF'}
2026-01-10 14:04:01 - media_renamer_app - INFO - File renamed successfully: DSC_0697.NEF ->  2024.08.11-13.40.08.147.Samos.NEF
2026-01-10 14:04:01 - media_renamer_app - INFO - Successfully renamed: DSC_0697.NEF ->  2024.08.11-13.40.08.147.Samos.NEF
2026-01-10 14:04:01 - media_renamer_app - INFO - Operation completed: rename - {'old_name': 'DSC_0697.NEF', 'new_name': ' 2024.08.11-13.40.08.147.Samos.NEF', 'folder_path': 'D:\\Photos\\Nef\\Samos'}
2026-01-10 14:04:01 - media_renamer_app - INFO - Operation completed: progress - {'current': 148, 'total': 286, 'filename': 'DSC_0698.NEF'}
2026-01-10 14:04:01 - media_renamer_app - INFO - File renamed successfully: DSC_0698.NEF ->  2024.08.11-13.40.14.148.Samos.NEF
2026-01-10 14:04:01 - media_renamer_app - INFO - Successfully renamed: DSC_0698.NEF ->  2024.08.11-13.40.14.148.Samos.NEF
2026-01-10 14:04:01 - media_renamer_app - INFO - Operation completed: rename - {'old_name': 'DSC_0698.NEF', 'new_name': ' 2024.08.11-13.40.14.148.Samos.NEF', 'folder_path': 'D:\\Photos\\Nef\\Samos'}
2026-01-10 14:04:01 - media_renamer_app - INFO - Operation completed: progress - {'current': 149, 'total': 286, 'filename': 'DSC_0699.NEF'}
2026-01-10 14:04:01 - media_renamer_app - INFO - File renamed successfully: DSC_0699.NEF ->  2024.08.11-13.40.15.149.Samos.NEF
2026-01-10 14:04:01 - media_renamer_app - INFO - Successfully renamed: DSC_0699.NEF ->  2024.08.11-13.40.15.149.Samos.NEF
2026-01-10 14:04:01 - media_renamer_app - INFO - Operation completed: rename - {'old_name': 'DSC_0699.NEF', 'new_name': ' 2024.08.11-13.40.15.149.Samos.NEF', 'folder_path': 'D:\\Photos\\Nef\\Samos'}
2026-01-10 14:04:01 - media_renamer_app - INFO - Operation completed: progress - {'current': 150, 'total': 286, 'filename': 'DSC_0700.NEF'}
2026-01-10 14:04:01 - media_renamer_app - INFO - File renamed successfully: DSC_0700.NEF ->  2024.08.11-13.40.17.150.Samos.NEF
2026-01-10 14:04:01 - media_renamer_app - INFO - Successfully renamed: DSC_0700.NEF ->  2024.08.11-13.40.17.150.Samos.NEF
2026-01-10 14:04:01 - media_renamer_app - INFO - Operation completed: rename - {'old_name': 'DSC_0700.NEF', 'new_name': ' 2024.08.11-13.40.17.150.Samos.NEF', 'folder_path': 'D:\\Photos\\Nef\\Samos'}
2026-01-10 14:04:01 - media_renamer_app - INFO - Operation completed: progress - {'current': 151, 'total': 286, 'filename': 'DSC_0701.NEF'}
2026-01-10 14:04:01 - media_renamer_app - INFO - File renamed successfully: DSC_0701.NEF ->  2024.08.11-13.40.43.151.Samos.NEF
2026-01-10 14:04:01 - media_renamer_app - INFO - Successfully renamed: DSC_0701.NEF ->  2024.08.11-13.40.43.151.Samos.NEF
2026-01-10 14:04:01 - media_renamer_app - INFO - Operation completed: rename - {'old_name': 'DSC_0701.NEF', 'new_name': ' 2024.08.11-13.40.43.151.Samos.NEF', 'folder_path': 'D:\\Photos\\Nef\\Samos'}
2026-01-10 14:04:01 - media_renamer_app - INFO - Operation completed: progress - {'current': 152, 'total': 286, 'filename': 'DSC_0702.NEF'}
2026-01-10 14:04:01 - media_renamer_app - INFO - File renamed successfully: DSC_0702.NEF ->  2024.08.11-13.40.59.152.Samos.NEF
2026-01-10 14:04:01 - media_renamer_app - INFO - Successfully renamed: DSC_0702.NEF ->  2024.08.11-13.40.59.152.Samos.NEF
2026-01-10 14:04:01 - media_renamer_app - INFO - Operation completed: rename - {'old_name': 'DSC_0702.NEF', 'new_name': ' 2024.08.11-13.40.59.152.Samos.NEF', 'folder_path': 'D:\\Photos\\Nef\\Samos'}
2026-01-10 14:04:01 - media_renamer_app - INFO - Operation completed: progress - {'current': 153, 'total': 286, 'filename': 'DSC_0703.NEF'}
2026-01-10 14:04:01 - media_renamer_app - INFO - File renamed successfully: DSC_0703.NEF ->  2024.08.11-13.40.59.153.Samos.NEF
2026-01-10 14:04:01 - media_renamer_app - INFO - Successfully renamed: DSC_0703.NEF ->  2024.08.11-13.40.59.153.Samos.NEF
2026-01-10 14:04:01 - media_renamer_app - INFO - Operation completed: rename - {'old_name': 'DSC_0703.NEF', 'new_name': ' 2024.08.11-13.40.59.153.Samos.NEF', 'folder_path': 'D:\\Photos\\Nef\\Samos'}
2026-01-10 14:04:01 - media_renamer_app - INFO - Operation completed: progress - {'current': 154, 'total': 286, 'filename': 'DSC_0704.NEF'}
2026-01-10 14:04:01 - media_renamer_app - INFO - File renamed successfully: DSC_0704.NEF ->  2024.08.11-13.41.12.154.Samos.NEF
2026-01-10 14:04:01 - media_renamer_app - INFO - Successfully renamed: DSC_0704.NEF ->  2024.08.11-13.41.12.154.Samos.NEF
2026-01-10 14:04:01 - media_renamer_app - INFO - Operation completed: rename - {'old_name': 'DSC_0704.NEF', 'new_name': ' 2024.08.11-13.41.12.154.Samos.NEF', 'folder_path': 'D:\\Photos\\Nef\\Samos'}
2026-01-10 14:04:01 - media_renamer_app - INFO - Operation completed: progress - {'current': 155, 'total': 286, 'filename': 'DSC_0705.NEF'}
2026-01-10 14:04:01 - media_renamer_app - INFO - File renamed successfully: DSC_0705.NEF ->  2024.08.11-13.41.13.155.Samos.NEF
2026-01-10 14:04:01 - media_renamer_app - INFO - Successfully renamed: DSC_0705.NEF ->  2024.08.11-13.41.13.155.Samos.NEF
2026-01-10 14:04:01 - media_renamer_app - INFO - Operation completed: rename - {'old_name': 'DSC_0705.NEF', 'new_name': ' 2024.08.11-13.41.13.155.Samos.NEF', 'folder_path': 'D:\\Photos\\Nef\\Samos'}
2026-01-10 14:04:01 - media_renamer_app - INFO - Operation completed: progress - {'current': 156, 'total': 286, 'filename': 'DSC_0706.NEF'}
2026-01-10 14:04:01 - media_renamer_app - INFO - File renamed successfully: DSC_0706.NEF ->  2024.08.11-13.41.14.156.Samos.NEF
2026-01-10 14:04:01 - media_renamer_app - INFO - Successfully renamed: DSC_0706.NEF ->  2024.08.11-13.41.14.156.Samos.NEF
2026-01-10 14:04:01 - media_renamer_app - INFO - Operation completed: rename - {'old_name': 'DSC_0706.NEF', 'new_name': ' 2024.08.11-13.41.14.156.Samos.NEF', 'folder_path': 'D:\\Photos\\Nef\\Samos'}
2026-01-10 14:04:01 - media_renamer_app - INFO - Operation completed: progress - {'current': 157, 'total': 286, 'filename': 'DSC_0707.NEF'}
2026-01-10 14:04:01 - media_renamer_app - INFO - File renamed successfully: DSC_0707.NEF ->  2024.08.11-13.41.14.157.Samos.NEF
2026-01-10 14:04:01 - media_renamer_app - INFO - Successfully renamed: DSC_0707.NEF ->  2024.08.11-13.41.14.157.Samos.NEF
2026-01-10 14:04:01 - media_renamer_app - INFO - Operation completed: rename - {'old_name': 'DSC_0707.NEF', 'new_name': ' 2024.08.11-13.41.14.157.Samos.NEF', 'folder_path': 'D:\\Photos\\Nef\\Samos'}
2026-01-10 14:04:01 - media_renamer_app - INFO - Operation completed: progress - {'current': 158, 'total': 286, 'filename': 'DSC_0708.NEF'}
2026-01-10 14:04:01 - media_renamer_app - INFO - File renamed successfully: DSC_0708.NEF ->  2024.08.11-13.41.14.158.Samos.NEF
2026-01-10 14:04:01 - media_renamer_app - INFO - Successfully renamed: DSC_0708.NEF ->  2024.08.11-13.41.14.158.Samos.NEF
2026-01-10 14:04:01 - media_renamer_app - INFO - Operation completed: rename - {'old_name': 'DSC_0708.NEF', 'new_name': ' 2024.08.11-13.41.14.158.Samos.NEF', 'folder_path': 'D:\\Photos\\Nef\\Samos'}
2026-01-10 14:04:01 - media_renamer_app - INFO - Operation completed: progress - {'current': 159, 'total': 286, 'filename': 'DSC_0709.NEF'}
2026-01-10 14:04:01 - media_renamer_app - INFO - File renamed successfully: DSC_0709.NEF ->  2024.08.11-13.41.15.159.Samos.NEF
2026-01-10 14:04:01 - media_renamer_app - INFO - Successfully renamed: DSC_0709.NEF ->  2024.08.11-13.41.15.159.Samos.NEF
2026-01-10 14:04:01 - media_renamer_app - INFO - Operation completed: rename - {'old_name': 'DSC_0709.NEF', 'new_name': ' 2024.08.11-13.41.15.159.Samos.NEF', 'folder_path': 'D:\\Photos\\Nef\\Samos'}
2026-01-10 14:04:01 - media_renamer_app - INFO - Operation completed: progress - {'current': 160, 'total': 286, 'filename': 'DSC_0710.NEF'}
2026-01-10 14:04:01 - media_renamer_app - INFO - File renamed successfully: DSC_0710.NEF ->  2024.08.11-13.41.16.160.Samos.NEF
2026-01-10 14:04:01 - media_renamer_app - INFO - Successfully renamed: DSC_0710.NEF ->  2024.08.11-13.41.16.160.Samos.NEF
2026-01-10 14:04:01 - media_renamer_app - INFO - Operation completed: rename - {'old_name': 'DSC_0710.NEF', 'new_name': ' 2024.08.11-13.41.16.160.Samos.NEF', 'folder_path': 'D:\\Photos\\Nef\\Samos'}
2026-01-10 14:04:01 - media_renamer_app - INFO - Operation completed: progress - {'current': 161, 'total': 286, 'filename': 'DSC_0714.NEF'}
2026-01-10 14:04:01 - media_renamer_app - INFO - File renamed successfully: DSC_0714.NEF ->  2024.08.11-13.41.20.161.Samos.NEF
2026-01-10 14:04:01 - media_renamer_app - INFO - Successfully renamed: DSC_0714.NEF ->  2024.08.11-13.41.20.161.Samos.NEF
2026-01-10 14:04:01 - media_renamer_app - INFO - Operation completed: rename - {'old_name': 'DSC_0714.NEF', 'new_name': ' 2024.08.11-13.41.20.161.Samos.NEF', 'folder_path': 'D:\\Photos\\Nef\\Samos'}
2026-01-10 14:04:01 - media_renamer_app - INFO - Operation completed: progress - {'current': 162, 'total': 286, 'filename': 'DSC_0715.NEF'}
2026-01-10 14:04:01 - media_renamer_app - INFO - File renamed successfully: DSC_0715.NEF ->  2024.08.11-13.42.52.162.Samos.NEF
2026-01-10 14:04:01 - media_renamer_app - INFO - Successfully renamed: DSC_0715.NEF ->  2024.08.11-13.42.52.162.Samos.NEF
2026-01-10 14:04:01 - media_renamer_app - INFO - Operation completed: rename - {'old_name': 'DSC_0715.NEF', 'new_name': ' 2024.08.11-13.42.52.162.Samos.NEF', 'folder_path': 'D:\\Photos\\Nef\\Samos'}
2026-01-10 14:04:01 - media_renamer_app - INFO - Operation completed: progress - {'current': 163, 'total': 286, 'filename': 'DSC_0716.NEF'}
2026-01-10 14:04:01 - media_renamer_app - INFO - File renamed successfully: DSC_0716.NEF ->  2024.08.11-13.42.57.163.Samos.NEF
2026-01-10 14:04:01 - media_renamer_app - INFO - Successfully renamed: DSC_0716.NEF ->  2024.08.11-13.42.57.163.Samos.NEF
2026-01-10 14:04:01 - media_renamer_app - INFO - Operation completed: rename - {'old_name': 'DSC_0716.NEF', 'new_name': ' 2024.08.11-13.42.57.163.Samos.NEF', 'folder_path': 'D:\\Photos\\Nef\\Samos'}
2026-01-10 14:04:01 - media_renamer_app - INFO - Operation completed: progress - {'current': 164, 'total': 286, 'filename': 'DSC_0717.NEF'}
2026-01-10 14:04:01 - media_renamer_app - INFO - File renamed successfully: DSC_0717.NEF ->  2024.08.11-13.43.02.164.Samos.NEF
2026-01-10 14:04:01 - media_renamer_app - INFO - Successfully renamed: DSC_0717.NEF ->  2024.08.11-13.43.02.164.Samos.NEF
2026-01-10 14:04:01 - media_renamer_app - INFO - Operation completed: rename - {'old_name': 'DSC_0717.NEF', 'new_name': ' 2024.08.11-13.43.02.164.Samos.NEF', 'folder_path': 'D:\\Photos\\Nef\\Samos'}
2026-01-10 14:04:01 - media_renamer_app - INFO - Operation completed: progress - {'current': 165, 'total': 286, 'filename': 'DSC_0718.NEF'}
2026-01-10 14:04:01 - media_renamer_app - INFO - File renamed successfully: DSC_0718.NEF ->  2024.08.11-13.43.13.165.Samos.NEF
2026-01-10 14:04:01 - media_renamer_app - INFO - Successfully renamed: DSC_0718.NEF ->  2024.08.11-13.43.13.165.Samos.NEF
2026-01-10 14:04:01 - media_renamer_app - INFO - Operation completed: rename - {'old_name': 'DSC_0718.NEF', 'new_name': ' 2024.08.11-13.43.13.165.Samos.NEF', 'folder_path': 'D:\\Photos\\Nef\\Samos'}
2026-01-10 14:04:01 - media_renamer_app - INFO - Operation completed: progress - {'current': 166, 'total': 286, 'filename': 'DSC_0719.NEF'}
2026-01-10 14:04:01 - media_renamer_app - INFO - File renamed successfully: DSC_0719.NEF ->  2024.08.11-15.59.35.166.Samos.NEF
2026-01-10 14:04:01 - media_renamer_app - INFO - Successfully renamed: DSC_0719.NEF ->  2024.08.11-15.59.35.166.Samos.NEF
2026-01-10 14:04:01 - media_renamer_app - INFO - Operation completed: rename - {'old_name': 'DSC_0719.NEF', 'new_name': ' 2024.08.11-15.59.35.166.Samos.NEF', 'folder_path': 'D:\\Photos\\Nef\\Samos'}
2026-01-10 14:04:01 - media_renamer_app - INFO - Operation completed: progress - {'current': 167, 'total': 286, 'filename': 'DSC_0721.NEF'}
2026-01-10 14:04:01 - media_renamer_app - INFO - File renamed successfully: DSC_0721.NEF ->  2024.08.11-17.07.53.167.Samos.NEF
2026-01-10 14:04:01 - media_renamer_app - INFO - Successfully renamed: DSC_0721.NEF ->  2024.08.11-17.07.53.167.Samos.NEF
2026-01-10 14:04:01 - media_renamer_app - INFO - Operation completed: rename - {'old_name': 'DSC_0721.NEF', 'new_name': ' 2024.08.11-17.07.53.167.Samos.NEF', 'folder_path': 'D:\\Photos\\Nef\\Samos'}
2026-01-10 14:04:01 - media_renamer_app - INFO - Operation completed: progress - {'current': 168, 'total': 286, 'filename': 'DSC_0722.NEF'}
2026-01-10 14:04:01 - media_renamer_app - INFO - File renamed successfully: DSC_0722.NEF ->  2024.08.11-17.07.57.168.Samos.NEF
2026-01-10 14:04:01 - media_renamer_app - INFO - Successfully renamed: DSC_0722.NEF ->  2024.08.11-17.07.57.168.Samos.NEF
2026-01-10 14:04:01 - media_renamer_app - INFO - Operation completed: rename - {'old_name': 'DSC_0722.NEF', 'new_name': ' 2024.08.11-17.07.57.168.Samos.NEF', 'folder_path': 'D:\\Photos\\Nef\\Samos'}
2026-01-10 14:04:01 - media_renamer_app - INFO - Operation completed: progress - {'current': 169, 'total': 286, 'filename': 'DSC_0723.NEF'}
2026-01-10 14:04:01 - media_renamer_app - INFO - File renamed successfully: DSC_0723.NEF ->  2024.08.11-17.08.00.169.Samos.NEF
2026-01-10 14:04:01 - media_renamer_app - INFO - Successfully renamed: DSC_0723.NEF ->  2024.08.11-17.08.00.169.Samos.NEF
2026-01-10 14:04:01 - media_renamer_app - INFO - Operation completed: rename - {'old_name': 'DSC_0723.NEF', 'new_name': ' 2024.08.11-17.08.00.169.Samos.NEF', 'folder_path': 'D:\\Photos\\Nef\\Samos'}
2026-01-10 14:04:01 - media_renamer_app - INFO - Operation completed: progress - {'current': 170, 'total': 286, 'filename': 'DSC_0725.NEF'}
2026-01-10 14:04:01 - media_renamer_app - INFO - File renamed successfully: DSC_0725.NEF ->  2024.08.11-17.08.17.170.Samos.NEF
2026-01-10 14:04:01 - media_renamer_app - INFO - Successfully renamed: DSC_0725.NEF ->  2024.08.11-17.08.17.170.Samos.NEF
2026-01-10 14:04:01 - media_renamer_app - INFO - Operation completed: rename - {'old_name': 'DSC_0725.NEF', 'new_name': ' 2024.08.11-17.08.17.170.Samos.NEF', 'folder_path': 'D:\\Photos\\Nef\\Samos'}
2026-01-10 14:04:01 - media_renamer_app - INFO - Operation completed: progress - {'current': 171, 'total': 286, 'filename': 'DSC_0727.NEF'}
2026-01-10 14:04:01 - media_renamer_app - INFO - File renamed successfully: DSC_0727.NEF ->  2024.08.11-17.09.38.171.Samos.NEF
2026-01-10 14:04:01 - media_renamer_app - INFO - Successfully renamed: DSC_0727.NEF ->  2024.08.11-17.09.38.171.Samos.NEF
2026-01-10 14:04:01 - media_renamer_app - INFO - Operation completed: rename - {'old_name': 'DSC_0727.NEF', 'new_name': ' 2024.08.11-17.09.38.171.Samos.NEF', 'folder_path': 'D:\\Photos\\Nef\\Samos'}
2026-01-10 14:04:01 - media_renamer_app - INFO - Operation completed: progress - {'current': 172, 'total': 286, 'filename': 'DSC_0728.NEF'}
2026-01-10 14:04:01 - media_renamer_app - INFO - File renamed successfully: DSC_0728.NEF ->  2024.08.11-17.09.42.172.Samos.NEF
2026-01-10 14:04:01 - media_renamer_app - INFO - Successfully renamed: DSC_0728.NEF ->  2024.08.11-17.09.42.172.Samos.NEF
2026-01-10 14:04:01 - media_renamer_app - INFO - Operation completed: rename - {'old_name': 'DSC_0728.NEF', 'new_name': ' 2024.08.11-17.09.42.172.Samos.NEF', 'folder_path': 'D:\\Photos\\Nef\\Samos'}
2026-01-10 14:04:01 - media_renamer_app - INFO - Operation completed: progress - {'current': 173, 'total': 286, 'filename': 'DSC_0729.NEF'}
2026-01-10 14:04:01 - media_renamer_app - INFO - File renamed successfully: DSC_0729.NEF ->  2024.08.11-17.09.44.173.Samos.NEF
2026-01-10 14:04:01 - media_renamer_app - INFO - Successfully renamed: DSC_0729.NEF ->  2024.08.11-17.09.44.173.Samos.NEF
2026-01-10 14:04:01 - media_renamer_app - INFO - Operation completed: rename - {'old_name': 'DSC_0729.NEF', 'new_name': ' 2024.08.11-17.09.44.173.Samos.NEF', 'folder_path': 'D:\\Photos\\Nef\\Samos'}
2026-01-10 14:04:01 - media_renamer_app - INFO - Operation completed: progress - {'current': 174, 'total': 286, 'filename': 'DSC_0730.NEF'}
2026-01-10 14:04:01 - media_renamer_app - INFO - File renamed successfully: DSC_0730.NEF ->  2024.08.11-17.09.45.174.Samos.NEF
2026-01-10 14:04:01 - media_renamer_app - INFO - Successfully renamed: DSC_0730.NEF ->  2024.08.11-17.09.45.174.Samos.NEF
2026-01-10 14:04:01 - media_renamer_app - INFO - Operation completed: rename - {'old_name': 'DSC_0730.NEF', 'new_name': ' 2024.08.11-17.09.45.174.Samos.NEF', 'folder_path': 'D:\\Photos\\Nef\\Samos'}
2026-01-10 14:04:01 - media_renamer_app - INFO - Operation completed: progress - {'current': 175, 'total': 286, 'filename': 'DSC_0731.NEF'}
2026-01-10 14:04:01 - media_renamer_app - INFO - File renamed successfully: DSC_0731.NEF ->  2024.08.11-17.09.49.175.Samos.NEF
2026-01-10 14:04:01 - media_renamer_app - INFO - Successfully renamed: DSC_0731.NEF ->  2024.08.11-17.09.49.175.Samos.NEF
2026-01-10 14:04:01 - media_renamer_app - INFO - Operation completed: rename - {'old_name': 'DSC_0731.NEF', 'new_name': ' 2024.08.11-17.09.49.175.Samos.NEF', 'folder_path': 'D:\\Photos\\Nef\\Samos'}
2026-01-10 14:04:01 - media_renamer_app - INFO - Operation completed: progress - {'current': 176, 'total': 286, 'filename': 'DSC_0732.NEF'}
2026-01-10 14:04:01 - media_renamer_app - INFO - File renamed successfully: DSC_0732.NEF ->  2024.08.12-11.19.21.176.Samos.NEF
2026-01-10 14:04:01 - media_renamer_app - INFO - Successfully renamed: DSC_0732.NEF ->  2024.08.12-11.19.21.176.Samos.NEF
2026-01-10 14:04:01 - media_renamer_app - INFO - Operation completed: rename - {'old_name': 'DSC_0732.NEF', 'new_name': ' 2024.08.12-11.19.21.176.Samos.NEF', 'folder_path': 'D:\\Photos\\Nef\\Samos'}
2026-01-10 14:04:01 - media_renamer_app - INFO - Operation completed: progress - {'current': 177, 'total': 286, 'filename': 'DSC_0733.NEF'}
2026-01-10 14:04:01 - media_renamer_app - INFO - File renamed successfully: DSC_0733.NEF ->  2024.08.12-11.19.39.177.Samos.NEF
2026-01-10 14:04:01 - media_renamer_app - INFO - Successfully renamed: DSC_0733.NEF ->  2024.08.12-11.19.39.177.Samos.NEF
2026-01-10 14:04:01 - media_renamer_app - INFO - Operation completed: rename - {'old_name': 'DSC_0733.NEF', 'new_name': ' 2024.08.12-11.19.39.177.Samos.NEF', 'folder_path': 'D:\\Photos\\Nef\\Samos'}
2026-01-10 14:04:01 - media_renamer_app - INFO - Operation completed: progress - {'current': 178, 'total': 286, 'filename': 'DSC_0734.NEF'}
2026-01-10 14:04:01 - media_renamer_app - INFO - File renamed successfully: DSC_0734.NEF ->  2024.08.12-11.20.00.178.Samos.NEF
2026-01-10 14:04:01 - media_renamer_app - INFO - Successfully renamed: DSC_0734.NEF ->  2024.08.12-11.20.00.178.Samos.NEF
2026-01-10 14:04:01 - media_renamer_app - INFO - Operation completed: rename - {'old_name': 'DSC_0734.NEF', 'new_name': ' 2024.08.12-11.20.00.178.Samos.NEF', 'folder_path': 'D:\\Photos\\Nef\\Samos'}
2026-01-10 14:04:01 - media_renamer_app - INFO - Operation completed: progress - {'current': 179, 'total': 286, 'filename': 'DSC_0735.NEF'}
2026-01-10 14:04:01 - media_renamer_app - INFO - File renamed successfully: DSC_0735.NEF ->  2024.08.12-11.21.50.179.Samos.NEF
2026-01-10 14:04:01 - media_renamer_app - INFO - Successfully renamed: DSC_0735.NEF ->  2024.08.12-11.21.50.179.Samos.NEF
2026-01-10 14:04:01 - media_renamer_app - INFO - Operation completed: rename - {'old_name': 'DSC_0735.NEF', 'new_name': ' 2024.08.12-11.21.50.179.Samos.NEF', 'folder_path': 'D:\\Photos\\Nef\\Samos'}
2026-01-10 14:04:01 - media_renamer_app - INFO - Operation completed: progress - {'current': 180, 'total': 286, 'filename': 'DSC_0737.NEF'}
2026-01-10 14:04:01 - media_renamer_app - INFO - File renamed successfully: DSC_0737.NEF ->  2024.08.12-11.22.18.180.Samos.NEF
2026-01-10 14:04:01 - media_renamer_app - INFO - Successfully renamed: DSC_0737.NEF ->  2024.08.12-11.22.18.180.Samos.NEF
2026-01-10 14:04:01 - media_renamer_app - INFO - Operation completed: rename - {'old_name': 'DSC_0737.NEF', 'new_name': ' 2024.08.12-11.22.18.180.Samos.NEF', 'folder_path': 'D:\\Photos\\Nef\\Samos'}
2026-01-10 14:04:01 - media_renamer_app - INFO - Operation completed: progress - {'current': 181, 'total': 286, 'filename': 'DSC_0744.JPG'}
2026-01-10 14:04:01 - media_renamer_app - INFO - File renamed successfully: DSC_0744.JPG ->  2024.08.12-11.24.37.181.Samos.JPG
2026-01-10 14:04:01 - media_renamer_app - INFO - Successfully renamed: DSC_0744.JPG ->  2024.08.12-11.24.37.181.Samos.JPG
2026-01-10 14:04:01 - media_renamer_app - INFO - Operation completed: rename - {'old_name': 'DSC_0744.JPG', 'new_name': ' 2024.08.12-11.24.37.181.Samos.JPG', 'folder_path': 'D:\\Photos\\Nef\\Samos'}
2026-01-10 14:04:01 - media_renamer_app - INFO - Operation completed: progress - {'current': 182, 'total': 286, 'filename': 'DSC_0746.JPG'}
2026-01-10 14:04:01 - media_renamer_app - INFO - File renamed successfully: DSC_0746.JPG ->  2024.08.12-11.25.05.182.Samos.JPG
2026-01-10 14:04:01 - media_renamer_app - INFO - Successfully renamed: DSC_0746.JPG ->  2024.08.12-11.25.05.182.Samos.JPG
2026-01-10 14:04:01 - media_renamer_app - INFO - Operation completed: rename - {'old_name': 'DSC_0746.JPG', 'new_name': ' 2024.08.12-11.25.05.182.Samos.JPG', 'folder_path': 'D:\\Photos\\Nef\\Samos'}
2026-01-10 14:04:01 - media_renamer_app - INFO - Operation completed: progress - {'current': 183, 'total': 286, 'filename': 'DSC_0747.JPG'}
2026-01-10 14:04:01 - media_renamer_app - INFO - File renamed successfully: DSC_0747.JPG ->  2024.08.12-11.25.06.183.Samos.JPG
2026-01-10 14:04:01 - media_renamer_app - INFO - Successfully renamed: DSC_0747.JPG ->  2024.08.12-11.25.06.183.Samos.JPG
2026-01-10 14:04:01 - media_renamer_app - INFO - Operation completed: rename - {'old_name': 'DSC_0747.JPG', 'new_name': ' 2024.08.12-11.25.06.183.Samos.JPG', 'folder_path': 'D:\\Photos\\Nef\\Samos'}
2026-01-10 14:04:01 - media_renamer_app - INFO - Operation completed: progress - {'current': 184, 'total': 286, 'filename': 'DSC_0748.JPG'}
2026-01-10 14:04:01 - media_renamer_app - INFO - File renamed successfully: DSC_0748.JPG ->  2024.08.12-11.25.13.184.Samos.JPG
2026-01-10 14:04:01 - media_renamer_app - INFO - Successfully renamed: DSC_0748.JPG ->  2024.08.12-11.25.13.184.Samos.JPG
2026-01-10 14:04:01 - media_renamer_app - INFO - Operation completed: rename - {'old_name': 'DSC_0748.JPG', 'new_name': ' 2024.08.12-11.25.13.184.Samos.JPG', 'folder_path': 'D:\\Photos\\Nef\\Samos'}
2026-01-10 14:04:01 - media_renamer_app - INFO - Operation completed: progress - {'current': 185, 'total': 286, 'filename': 'DSC_0749.JPG'}
2026-01-10 14:04:01 - media_renamer_app - INFO - File renamed successfully: DSC_0749.JPG ->  2024.08.12-11.25.34.185.Samos.JPG
2026-01-10 14:04:01 - media_renamer_app - INFO - Successfully renamed: DSC_0749.JPG ->  2024.08.12-11.25.34.185.Samos.JPG
2026-01-10 14:04:01 - media_renamer_app - INFO - Operation completed: rename - {'old_name': 'DSC_0749.JPG', 'new_name': ' 2024.08.12-11.25.34.185.Samos.JPG', 'folder_path': 'D:\\Photos\\Nef\\Samos'}
2026-01-10 14:04:01 - media_renamer_app - INFO - Operation completed: progress - {'current': 186, 'total': 286, 'filename': 'DSC_0761.NEF'}
2026-01-10 14:04:01 - media_renamer_app - INFO - File renamed successfully: DSC_0761.NEF ->  2024.08.12-11.31.36.186.Samos.NEF
2026-01-10 14:04:01 - media_renamer_app - INFO - Successfully renamed: DSC_0761.NEF ->  2024.08.12-11.31.36.186.Samos.NEF
2026-01-10 14:04:01 - media_renamer_app - INFO - Operation completed: rename - {'old_name': 'DSC_0761.NEF', 'new_name': ' 2024.08.12-11.31.36.186.Samos.NEF', 'folder_path': 'D:\\Photos\\Nef\\Samos'}
2026-01-10 14:04:01 - media_renamer_app - INFO - Operation completed: progress - {'current': 187, 'total': 286, 'filename': 'DSC_0763.NEF'}
2026-01-10 14:04:01 - media_renamer_app - INFO - File renamed successfully: DSC_0763.NEF ->  2024.08.12-11.31.53.187.Samos.NEF
2026-01-10 14:04:01 - media_renamer_app - INFO - Successfully renamed: DSC_0763.NEF ->  2024.08.12-11.31.53.187.Samos.NEF
2026-01-10 14:04:01 - media_renamer_app - INFO - Operation completed: rename - {'old_name': 'DSC_0763.NEF', 'new_name': ' 2024.08.12-11.31.53.187.Samos.NEF', 'folder_path': 'D:\\Photos\\Nef\\Samos'}
2026-01-10 14:04:01 - media_renamer_app - INFO - Operation completed: progress - {'current': 188, 'total': 286, 'filename': 'DSC_0764.NEF'}
2026-01-10 14:04:01 - media_renamer_app - INFO - File renamed successfully: DSC_0764.NEF ->  2024.08.12-11.31.59.188.Samos.NEF
2026-01-10 14:04:01 - media_renamer_app - INFO - Successfully renamed: DSC_0764.NEF ->  2024.08.12-11.31.59.188.Samos.NEF
2026-01-10 14:04:01 - media_renamer_app - INFO - Operation completed: rename - {'old_name': 'DSC_0764.NEF', 'new_name': ' 2024.08.12-11.31.59.188.Samos.NEF', 'folder_path': 'D:\\Photos\\Nef\\Samos'}
2026-01-10 14:04:01 - media_renamer_app - INFO - Operation completed: progress - {'current': 189, 'total': 286, 'filename': 'DSC_0772.NEF'}
2026-01-10 14:04:01 - media_renamer_app - INFO - File renamed successfully: DSC_0772.NEF ->  2024.08.12-11.40.34.189.Samos.NEF
2026-01-10 14:04:01 - media_renamer_app - INFO - Successfully renamed: DSC_0772.NEF ->  2024.08.12-11.40.34.189.Samos.NEF
2026-01-10 14:04:01 - media_renamer_app - INFO - Operation completed: rename - {'old_name': 'DSC_0772.NEF', 'new_name': ' 2024.08.12-11.40.34.189.Samos.NEF', 'folder_path': 'D:\\Photos\\Nef\\Samos'}
2026-01-10 14:04:01 - media_renamer_app - INFO - Operation completed: progress - {'current': 190, 'total': 286, 'filename': 'DSC_0775.NEF'}
2026-01-10 14:04:01 - media_renamer_app - INFO - File renamed successfully: DSC_0775.NEF ->  2024.08.12-12.28.14.190.Samos.NEF
2026-01-10 14:04:01 - media_renamer_app - INFO - Successfully renamed: DSC_0775.NEF ->  2024.08.12-12.28.14.190.Samos.NEF
2026-01-10 14:04:01 - media_renamer_app - INFO - Operation completed: rename - {'old_name': 'DSC_0775.NEF', 'new_name': ' 2024.08.12-12.28.14.190.Samos.NEF', 'folder_path': 'D:\\Photos\\Nef\\Samos'}
2026-01-10 14:04:01 - media_renamer_app - INFO - Operation completed: progress - {'current': 191, 'total': 286, 'filename': 'DSC_0776.NEF'}
2026-01-10 14:04:01 - media_renamer_app - INFO - File renamed successfully: DSC_0776.NEF ->  2024.08.12-12.28.57.191.Samos.NEF
2026-01-10 14:04:01 - media_renamer_app - INFO - Successfully renamed: DSC_0776.NEF ->  2024.08.12-12.28.57.191.Samos.NEF
2026-01-10 14:04:01 - media_renamer_app - INFO - Operation completed: rename - {'old_name': 'DSC_0776.NEF', 'new_name': ' 2024.08.12-12.28.57.191.Samos.NEF', 'folder_path': 'D:\\Photos\\Nef\\Samos'}
2026-01-10 14:04:01 - media_renamer_app - INFO - Operation completed: progress - {'current': 192, 'total': 286, 'filename': 'DSC_0777.NEF'}
2026-01-10 14:04:01 - media_renamer_app - INFO - File renamed successfully: DSC_0777.NEF ->  2024.08.12-12.29.00.192.Samos.NEF
2026-01-10 14:04:01 - media_renamer_app - INFO - Successfully renamed: DSC_0777.NEF ->  2024.08.12-12.29.00.192.Samos.NEF
2026-01-10 14:04:01 - media_renamer_app - INFO - Operation completed: rename - {'old_name': 'DSC_0777.NEF', 'new_name': ' 2024.08.12-12.29.00.192.Samos.NEF', 'folder_path': 'D:\\Photos\\Nef\\Samos'}
2026-01-10 14:04:01 - media_renamer_app - INFO - Operation completed: progress - {'current': 193, 'total': 286, 'filename': 'DSC_0778.NEF'}
2026-01-10 14:04:01 - media_renamer_app - INFO - File renamed successfully: DSC_0778.NEF ->  2024.08.12-15.07.23.193.Samos.NEF
2026-01-10 14:04:01 - media_renamer_app - INFO - Successfully renamed: DSC_0778.NEF ->  2024.08.12-15.07.23.193.Samos.NEF
2026-01-10 14:04:01 - media_renamer_app - INFO - Operation completed: rename - {'old_name': 'DSC_0778.NEF', 'new_name': ' 2024.08.12-15.07.23.193.Samos.NEF', 'folder_path': 'D:\\Photos\\Nef\\Samos'}
2026-01-10 14:04:01 - media_renamer_app - INFO - Operation completed: progress - {'current': 194, 'total': 286, 'filename': 'DSC_0779.NEF'}
2026-01-10 14:04:01 - media_renamer_app - INFO - File renamed successfully: DSC_0779.NEF ->  2024.08.12-15.07.33.194.Samos.NEF
2026-01-10 14:04:01 - media_renamer_app - INFO - Successfully renamed: DSC_0779.NEF ->  2024.08.12-15.07.33.194.Samos.NEF
2026-01-10 14:04:01 - media_renamer_app - INFO - Operation completed: rename - {'old_name': 'DSC_0779.NEF', 'new_name': ' 2024.08.12-15.07.33.194.Samos.NEF', 'folder_path': 'D:\\Photos\\Nef\\Samos'}
2026-01-10 14:04:01 - media_renamer_app - INFO - Operation completed: progress - {'current': 195, 'total': 286, 'filename': 'DSC_0780.NEF'}
2026-01-10 14:04:01 - media_renamer_app - INFO - File renamed successfully: DSC_0780.NEF ->  2024.08.12-15.07.38.195.Samos.NEF
2026-01-10 14:04:01 - media_renamer_app - INFO - Successfully renamed: DSC_0780.NEF ->  2024.08.12-15.07.38.195.Samos.NEF
2026-01-10 14:04:01 - media_renamer_app - INFO - Operation completed: rename - {'old_name': 'DSC_0780.NEF', 'new_name': ' 2024.08.12-15.07.38.195.Samos.NEF', 'folder_path': 'D:\\Photos\\Nef\\Samos'}
2026-01-10 14:04:01 - media_renamer_app - INFO - Operation completed: progress - {'current': 196, 'total': 286, 'filename': 'DSC_0781.NEF'}
2026-01-10 14:04:01 - media_renamer_app - INFO - File renamed successfully: DSC_0781.NEF ->  2024.08.12-15.08.13.196.Samos.NEF
2026-01-10 14:04:01 - media_renamer_app - INFO - Successfully renamed: DSC_0781.NEF ->  2024.08.12-15.08.13.196.Samos.NEF
2026-01-10 14:04:01 - media_renamer_app - INFO - Operation completed: rename - {'old_name': 'DSC_0781.NEF', 'new_name': ' 2024.08.12-15.08.13.196.Samos.NEF', 'folder_path': 'D:\\Photos\\Nef\\Samos'}
2026-01-10 14:04:01 - media_renamer_app - INFO - Operation completed: progress - {'current': 197, 'total': 286, 'filename': 'DSC_0782.NEF'}
2026-01-10 14:04:01 - media_renamer_app - INFO - File renamed successfully: DSC_0782.NEF ->  2024.08.12-15.08.31.197.Samos.NEF
2026-01-10 14:04:01 - media_renamer_app - INFO - Successfully renamed: DSC_0782.NEF ->  2024.08.12-15.08.31.197.Samos.NEF
2026-01-10 14:04:01 - media_renamer_app - INFO - Operation completed: rename - {'old_name': 'DSC_0782.NEF', 'new_name': ' 2024.08.12-15.08.31.197.Samos.NEF', 'folder_path': 'D:\\Photos\\Nef\\Samos'}
2026-01-10 14:04:01 - media_renamer_app - INFO - Operation completed: progress - {'current': 198, 'total': 286, 'filename': 'DSC_0783.NEF'}
2026-01-10 14:04:01 - media_renamer_app - INFO - File renamed successfully: DSC_0783.NEF ->  2024.08.12-15.08.50.198.Samos.NEF
2026-01-10 14:04:01 - media_renamer_app - INFO - Successfully renamed: DSC_0783.NEF ->  2024.08.12-15.08.50.198.Samos.NEF
2026-01-10 14:04:01 - media_renamer_app - INFO - Operation completed: rename - {'old_name': 'DSC_0783.NEF', 'new_name': ' 2024.08.12-15.08.50.198.Samos.NEF', 'folder_path': 'D:\\Photos\\Nef\\Samos'}
2026-01-10 14:04:01 - media_renamer_app - INFO - Operation completed: progress - {'current': 199, 'total': 286, 'filename': 'DSC_0784.NEF'}
2026-01-10 14:04:01 - media_renamer_app - INFO - File renamed successfully: DSC_0784.NEF ->  2024.08.12-15.09.20.199.Samos.NEF
2026-01-10 14:04:01 - media_renamer_app - INFO - Successfully renamed: DSC_0784.NEF ->  2024.08.12-15.09.20.199.Samos.NEF
2026-01-10 14:04:01 - media_renamer_app - INFO - Operation completed: rename - {'old_name': 'DSC_0784.NEF', 'new_name': ' 2024.08.12-15.09.20.199.Samos.NEF', 'folder_path': 'D:\\Photos\\Nef\\Samos'}
2026-01-10 14:04:01 - media_renamer_app - INFO - Operation completed: progress - {'current': 200, 'total': 286, 'filename': 'DSC_0786.NEF'}
2026-01-10 14:04:01 - media_renamer_app - INFO - File renamed successfully: DSC_0786.NEF ->  2024.08.12-15.10.22.200.Samos.NEF
2026-01-10 14:04:01 - media_renamer_app - INFO - Successfully renamed: DSC_0786.NEF ->  2024.08.12-15.10.22.200.Samos.NEF
2026-01-10 14:04:01 - media_renamer_app - INFO - Operation completed: rename - {'old_name': 'DSC_0786.NEF', 'new_name': ' 2024.08.12-15.10.22.200.Samos.NEF', 'folder_path': 'D:\\Photos\\Nef\\Samos'}
2026-01-10 14:04:01 - media_renamer_app - INFO - Operation completed: progress - {'current': 201, 'total': 286, 'filename': 'DSC_0787.NEF'}
2026-01-10 14:04:01 - media_renamer_app - INFO - File renamed successfully: DSC_0787.NEF ->  2024.08.12-16.04.58.201.Samos.NEF
2026-01-10 14:04:01 - media_renamer_app - INFO - Successfully renamed: DSC_0787.NEF ->  2024.08.12-16.04.58.201.Samos.NEF
2026-01-10 14:04:01 - media_renamer_app - INFO - Operation completed: rename - {'old_name': 'DSC_0787.NEF', 'new_name': ' 2024.08.12-16.04.58.201.Samos.NEF', 'folder_path': 'D:\\Photos\\Nef\\Samos'}
2026-01-10 14:04:01 - media_renamer_app - INFO - Operation completed: progress - {'current': 202, 'total': 286, 'filename': 'DSC_0788.NEF'}
2026-01-10 14:04:01 - media_renamer_app - INFO - File renamed successfully: DSC_0788.NEF ->  2024.08.12-19.25.33.202.Samos.NEF
2026-01-10 14:04:01 - media_renamer_app - INFO - Successfully renamed: DSC_0788.NEF ->  2024.08.12-19.25.33.202.Samos.NEF
2026-01-10 14:04:01 - media_renamer_app - INFO - Operation completed: rename - {'old_name': 'DSC_0788.NEF', 'new_name': ' 2024.08.12-19.25.33.202.Samos.NEF', 'folder_path': 'D:\\Photos\\Nef\\Samos'}
2026-01-10 14:04:01 - media_renamer_app - INFO - Operation completed: progress - {'current': 203, 'total': 286, 'filename': 'DSC_0789.NEF'}
2026-01-10 14:04:01 - media_renamer_app - INFO - File renamed successfully: DSC_0789.NEF ->  2024.08.12-19.25.38.203.Samos.NEF
2026-01-10 14:04:01 - media_renamer_app - INFO - Successfully renamed: DSC_0789.NEF ->  2024.08.12-19.25.38.203.Samos.NEF
2026-01-10 14:04:01 - media_renamer_app - INFO - Operation completed: rename - {'old_name': 'DSC_0789.NEF', 'new_name': ' 2024.08.12-19.25.38.203.Samos.NEF', 'folder_path': 'D:\\Photos\\Nef\\Samos'}
2026-01-10 14:04:01 - media_renamer_app - INFO - Operation completed: progress - {'current': 204, 'total': 286, 'filename': 'DSC_0790.NEF'}
2026-01-10 14:04:01 - media_renamer_app - INFO - File renamed successfully: DSC_0790.NEF ->  2024.08.12-19.25.41.204.Samos.NEF
2026-01-10 14:04:01 - media_renamer_app - INFO - Successfully renamed: DSC_0790.NEF ->  2024.08.12-19.25.41.204.Samos.NEF
2026-01-10 14:04:01 - media_renamer_app - INFO - Operation completed: rename - {'old_name': 'DSC_0790.NEF', 'new_name': ' 2024.08.12-19.25.41.204.Samos.NEF', 'folder_path': 'D:\\Photos\\Nef\\Samos'}
2026-01-10 14:04:01 - media_renamer_app - INFO - Operation completed: progress - {'current': 205, 'total': 286, 'filename': 'DSC_0791.NEF'}
2026-01-10 14:04:01 - media_renamer_app - INFO - File renamed successfully: DSC_0791.NEF ->  2024.08.12-19.25.58.205.Samos.NEF
2026-01-10 14:04:01 - media_renamer_app - INFO - Successfully renamed: DSC_0791.NEF ->  2024.08.12-19.25.58.205.Samos.NEF
2026-01-10 14:04:01 - media_renamer_app - INFO - Operation completed: rename - {'old_name': 'DSC_0791.NEF', 'new_name': ' 2024.08.12-19.25.58.205.Samos.NEF', 'folder_path': 'D:\\Photos\\Nef\\Samos'}
2026-01-10 14:04:01 - media_renamer_app - INFO - Operation completed: progress - {'current': 206, 'total': 286, 'filename': 'DSC_0792.NEF'}
2026-01-10 14:04:01 - media_renamer_app - INFO - File renamed successfully: DSC_0792.NEF ->  2024.08.12-19.49.41.206.Samos.NEF
2026-01-10 14:04:01 - media_renamer_app - INFO - Successfully renamed: DSC_0792.NEF ->  2024.08.12-19.49.41.206.Samos.NEF
2026-01-10 14:04:01 - media_renamer_app - INFO - Operation completed: rename - {'old_name': 'DSC_0792.NEF', 'new_name': ' 2024.08.12-19.49.41.206.Samos.NEF', 'folder_path': 'D:\\Photos\\Nef\\Samos'}
2026-01-10 14:04:01 - media_renamer_app - INFO - Operation completed: progress - {'current': 207, 'total': 286, 'filename': 'DSC_0793.NEF'}
2026-01-10 14:04:01 - media_renamer_app - INFO - File renamed successfully: DSC_0793.NEF ->  2024.08.12-19.49.43.207.Samos.NEF
2026-01-10 14:04:01 - media_renamer_app - INFO - Successfully renamed: DSC_0793.NEF ->  2024.08.12-19.49.43.207.Samos.NEF
2026-01-10 14:04:01 - media_renamer_app - INFO - Operation completed: rename - {'old_name': 'DSC_0793.NEF', 'new_name': ' 2024.08.12-19.49.43.207.Samos.NEF', 'folder_path': 'D:\\Photos\\Nef\\Samos'}
2026-01-10 14:04:01 - media_renamer_app - INFO - Operation completed: progress - {'current': 208, 'total': 286, 'filename': 'DSC_0794.NEF'}
2026-01-10 14:04:01 - media_renamer_app - INFO - File renamed successfully: DSC_0794.NEF ->  2024.08.12-19.49.46.208.Samos.NEF
2026-01-10 14:04:01 - media_renamer_app - INFO - Successfully renamed: DSC_0794.NEF ->  2024.08.12-19.49.46.208.Samos.NEF
2026-01-10 14:04:01 - media_renamer_app - INFO - Operation completed: rename - {'old_name': 'DSC_0794.NEF', 'new_name': ' 2024.08.12-19.49.46.208.Samos.NEF', 'folder_path': 'D:\\Photos\\Nef\\Samos'}
2026-01-10 14:04:01 - media_renamer_app - INFO - Operation completed: progress - {'current': 209, 'total': 286, 'filename': 'DSC_0795.NEF'}
2026-01-10 14:04:01 - media_renamer_app - INFO - File renamed successfully: DSC_0795.NEF ->  2024.08.12-19.49.48.209.Samos.NEF
2026-01-10 14:04:01 - media_renamer_app - INFO - Successfully renamed: DSC_0795.NEF ->  2024.08.12-19.49.48.209.Samos.NEF
2026-01-10 14:04:01 - media_renamer_app - INFO - Operation completed: rename - {'old_name': 'DSC_0795.NEF', 'new_name': ' 2024.08.12-19.49.48.209.Samos.NEF', 'folder_path': 'D:\\Photos\\Nef\\Samos'}
2026-01-10 14:04:01 - media_renamer_app - INFO - Operation completed: progress - {'current': 210, 'total': 286, 'filename': 'DSC_0796.NEF'}
2026-01-10 14:04:01 - media_renamer_app - INFO - File renamed successfully: DSC_0796.NEF ->  2024.08.12-19.49.53.210.Samos.NEF
2026-01-10 14:04:01 - media_renamer_app - INFO - Successfully renamed: DSC_0796.NEF ->  2024.08.12-19.49.53.210.Samos.NEF
2026-01-10 14:04:01 - media_renamer_app - INFO - Operation completed: rename - {'old_name': 'DSC_0796.NEF', 'new_name': ' 2024.08.12-19.49.53.210.Samos.NEF', 'folder_path': 'D:\\Photos\\Nef\\Samos'}
2026-01-10 14:04:01 - media_renamer_app - INFO - Operation completed: progress - {'current': 211, 'total': 286, 'filename': 'DSC_0797.NEF'}
2026-01-10 14:04:01 - media_renamer_app - INFO - File renamed successfully: DSC_0797.NEF ->  2024.08.12-19.49.55.211.Samos.NEF
2026-01-10 14:04:01 - media_renamer_app - INFO - Successfully renamed: DSC_0797.NEF ->  2024.08.12-19.49.55.211.Samos.NEF
2026-01-10 14:04:01 - media_renamer_app - INFO - Operation completed: rename - {'old_name': 'DSC_0797.NEF', 'new_name': ' 2024.08.12-19.49.55.211.Samos.NEF', 'folder_path': 'D:\\Photos\\Nef\\Samos'}
2026-01-10 14:04:01 - media_renamer_app - INFO - Operation completed: progress - {'current': 212, 'total': 286, 'filename': 'DSC_0798.NEF'}
2026-01-10 14:04:01 - media_renamer_app - INFO - File renamed successfully: DSC_0798.NEF ->  2024.08.12-19.50.08.212.Samos.NEF
2026-01-10 14:04:01 - media_renamer_app - INFO - Successfully renamed: DSC_0798.NEF ->  2024.08.12-19.50.08.212.Samos.NEF
2026-01-10 14:04:01 - media_renamer_app - INFO - Operation completed: rename - {'old_name': 'DSC_0798.NEF', 'new_name': ' 2024.08.12-19.50.08.212.Samos.NEF', 'folder_path': 'D:\\Photos\\Nef\\Samos'}
2026-01-10 14:04:01 - media_renamer_app - INFO - Operation completed: progress - {'current': 213, 'total': 286, 'filename': 'DSC_0799.NEF'}
2026-01-10 14:04:01 - media_renamer_app - INFO - File renamed successfully: DSC_0799.NEF ->  2024.08.12-19.50.12.213.Samos.NEF
2026-01-10 14:04:01 - media_renamer_app - INFO - Successfully renamed: DSC_0799.NEF ->  2024.08.12-19.50.12.213.Samos.NEF
2026-01-10 14:04:01 - media_renamer_app - INFO - Operation completed: rename - {'old_name': 'DSC_0799.NEF', 'new_name': ' 2024.08.12-19.50.12.213.Samos.NEF', 'folder_path': 'D:\\Photos\\Nef\\Samos'}
2026-01-10 14:04:01 - media_renamer_app - INFO - Operation completed: progress - {'current': 214, 'total': 286, 'filename': 'DSC_0800.NEF'}
2026-01-10 14:04:01 - media_renamer_app - INFO - File renamed successfully: DSC_0800.NEF ->  2024.08.12-19.50.39.214.Samos.NEF
2026-01-10 14:04:01 - media_renamer_app - INFO - Successfully renamed: DSC_0800.NEF ->  2024.08.12-19.50.39.214.Samos.NEF
2026-01-10 14:04:01 - media_renamer_app - INFO - Operation completed: rename - {'old_name': 'DSC_0800.NEF', 'new_name': ' 2024.08.12-19.50.39.214.Samos.NEF', 'folder_path': 'D:\\Photos\\Nef\\Samos'}
2026-01-10 14:04:01 - media_renamer_app - INFO - Operation completed: progress - {'current': 215, 'total': 286, 'filename': 'DSC_0801.NEF'}
2026-01-10 14:04:01 - media_renamer_app - INFO - File renamed successfully: DSC_0801.NEF ->  2024.08.12-19.50.43.215.Samos.NEF
2026-01-10 14:04:01 - media_renamer_app - INFO - Successfully renamed: DSC_0801.NEF ->  2024.08.12-19.50.43.215.Samos.NEF
2026-01-10 14:04:01 - media_renamer_app - INFO - Operation completed: rename - {'old_name': 'DSC_0801.NEF', 'new_name': ' 2024.08.12-19.50.43.215.Samos.NEF', 'folder_path': 'D:\\Photos\\Nef\\Samos'}
2026-01-10 14:04:01 - media_renamer_app - INFO - Operation completed: progress - {'current': 216, 'total': 286, 'filename': 'DSC_0802.NEF'}
2026-01-10 14:04:01 - media_renamer_app - INFO - File renamed successfully: DSC_0802.NEF ->  2024.08.12-19.50.46.216.Samos.NEF
2026-01-10 14:04:01 - media_renamer_app - INFO - Successfully renamed: DSC_0802.NEF ->  2024.08.12-19.50.46.216.Samos.NEF
2026-01-10 14:04:01 - media_renamer_app - INFO - Operation completed: rename - {'old_name': 'DSC_0802.NEF', 'new_name': ' 2024.08.12-19.50.46.216.Samos.NEF', 'folder_path': 'D:\\Photos\\Nef\\Samos'}
2026-01-10 14:04:01 - media_renamer_app - INFO - Operation completed: progress - {'current': 217, 'total': 286, 'filename': 'DSC_0803.NEF'}
2026-01-10 14:04:01 - media_renamer_app - INFO - File renamed successfully: DSC_0803.NEF ->  2024.08.12-19.50.51.217.Samos.NEF
2026-01-10 14:04:01 - media_renamer_app - INFO - Successfully renamed: DSC_0803.NEF ->  2024.08.12-19.50.51.217.Samos.NEF
2026-01-10 14:04:01 - media_renamer_app - INFO - Operation completed: rename - {'old_name': 'DSC_0803.NEF', 'new_name': ' 2024.08.12-19.50.51.217.Samos.NEF', 'folder_path': 'D:\\Photos\\Nef\\Samos'}
2026-01-10 14:04:01 - media_renamer_app - INFO - Operation completed: progress - {'current': 218, 'total': 286, 'filename': 'DSC_0804.NEF'}
2026-01-10 14:04:01 - media_renamer_app - INFO - File renamed successfully: DSC_0804.NEF ->  2024.08.12-19.50.54.218.Samos.NEF
2026-01-10 14:04:01 - media_renamer_app - INFO - Successfully renamed: DSC_0804.NEF ->  2024.08.12-19.50.54.218.Samos.NEF
2026-01-10 14:04:01 - media_renamer_app - INFO - Operation completed: rename - {'old_name': 'DSC_0804.NEF', 'new_name': ' 2024.08.12-19.50.54.218.Samos.NEF', 'folder_path': 'D:\\Photos\\Nef\\Samos'}
2026-01-10 14:04:01 - media_renamer_app - INFO - Operation completed: progress - {'current': 219, 'total': 286, 'filename': 'DSC_0805.NEF'}
2026-01-10 14:04:01 - media_renamer_app - INFO - File renamed successfully: DSC_0805.NEF ->  2024.08.13-20.14.39.219.Samos.NEF
2026-01-10 14:04:01 - media_renamer_app - INFO - Successfully renamed: DSC_0805.NEF ->  2024.08.13-20.14.39.219.Samos.NEF
2026-01-10 14:04:01 - media_renamer_app - INFO - Operation completed: rename - {'old_name': 'DSC_0805.NEF', 'new_name': ' 2024.08.13-20.14.39.219.Samos.NEF', 'folder_path': 'D:\\Photos\\Nef\\Samos'}
2026-01-10 14:04:01 - media_renamer_app - INFO - Operation completed: progress - {'current': 220, 'total': 286, 'filename': 'DSC_0806.NEF'}
2026-01-10 14:04:01 - media_renamer_app - INFO - File renamed successfully: DSC_0806.NEF ->  2024.08.13-20.14.44.220.Samos.NEF
2026-01-10 14:04:01 - media_renamer_app - INFO - Successfully renamed: DSC_0806.NEF ->  2024.08.13-20.14.44.220.Samos.NEF
2026-01-10 14:04:01 - media_renamer_app - INFO - Operation completed: rename - {'old_name': 'DSC_0806.NEF', 'new_name': ' 2024.08.13-20.14.44.220.Samos.NEF', 'folder_path': 'D:\\Photos\\Nef\\Samos'}
2026-01-10 14:04:01 - media_renamer_app - INFO - Operation completed: progress - {'current': 221, 'total': 286, 'filename': 'DSC_0807.NEF'}
2026-01-10 14:04:01 - media_renamer_app - INFO - File renamed successfully: DSC_0807.NEF ->  2024.08.13-20.15.09.221.Samos.NEF
2026-01-10 14:04:01 - media_renamer_app - INFO - Successfully renamed: DSC_0807.NEF ->  2024.08.13-20.15.09.221.Samos.NEF
2026-01-10 14:04:01 - media_renamer_app - INFO - Operation completed: rename - {'old_name': 'DSC_0807.NEF', 'new_name': ' 2024.08.13-20.15.09.221.Samos.NEF', 'folder_path': 'D:\\Photos\\Nef\\Samos'}
2026-01-10 14:04:01 - media_renamer_app - INFO - Operation completed: progress - {'current': 222, 'total': 286, 'filename': 'DSC_0808.NEF'}
2026-01-10 14:04:01 - media_renamer_app - INFO - File renamed successfully: DSC_0808.NEF ->  2024.08.13-20.15.17.222.Samos.NEF
2026-01-10 14:04:01 - media_renamer_app - INFO - Successfully renamed: DSC_0808.NEF ->  2024.08.13-20.15.17.222.Samos.NEF
2026-01-10 14:04:01 - media_renamer_app - INFO - Operation completed: rename - {'old_name': 'DSC_0808.NEF', 'new_name': ' 2024.08.13-20.15.17.222.Samos.NEF', 'folder_path': 'D:\\Photos\\Nef\\Samos'}
2026-01-10 14:04:01 - media_renamer_app - INFO - Operation completed: progress - {'current': 223, 'total': 286, 'filename': 'DSC_0809.NEF'}
2026-01-10 14:04:01 - media_renamer_app - INFO - File renamed successfully: DSC_0809.NEF ->  2024.08.13-20.15.54.223.Samos.NEF
2026-01-10 14:04:01 - media_renamer_app - INFO - Successfully renamed: DSC_0809.NEF ->  2024.08.13-20.15.54.223.Samos.NEF
2026-01-10 14:04:01 - media_renamer_app - INFO - Operation completed: rename - {'old_name': 'DSC_0809.NEF', 'new_name': ' 2024.08.13-20.15.54.223.Samos.NEF', 'folder_path': 'D:\\Photos\\Nef\\Samos'}
2026-01-10 14:04:01 - media_renamer_app - INFO - Operation completed: progress - {'current': 224, 'total': 286, 'filename': 'DSC_0810.NEF'}
2026-01-10 14:04:01 - media_renamer_app - INFO - File renamed successfully: DSC_0810.NEF ->  2024.08.13-20.16.03.224.Samos.NEF
2026-01-10 14:04:01 - media_renamer_app - INFO - Successfully renamed: DSC_0810.NEF ->  2024.08.13-20.16.03.224.Samos.NEF
2026-01-10 14:04:01 - media_renamer_app - INFO - Operation completed: rename - {'old_name': 'DSC_0810.NEF', 'new_name': ' 2024.08.13-20.16.03.224.Samos.NEF', 'folder_path': 'D:\\Photos\\Nef\\Samos'}
2026-01-10 14:04:01 - media_renamer_app - INFO - Operation completed: progress - {'current': 225, 'total': 286, 'filename': 'DSC_0811.NEF'}
2026-01-10 14:04:01 - media_renamer_app - INFO - File renamed successfully: DSC_0811.NEF ->  2024.08.13-20.16.07.225.Samos.NEF
2026-01-10 14:04:01 - media_renamer_app - INFO - Successfully renamed: DSC_0811.NEF ->  2024.08.13-20.16.07.225.Samos.NEF
2026-01-10 14:04:01 - media_renamer_app - INFO - Operation completed: rename - {'old_name': 'DSC_0811.NEF', 'new_name': ' 2024.08.13-20.16.07.225.Samos.NEF', 'folder_path': 'D:\\Photos\\Nef\\Samos'}
2026-01-10 14:04:01 - media_renamer_app - INFO - Operation completed: progress - {'current': 226, 'total': 286, 'filename': 'DSC_0812.NEF'}
2026-01-10 14:04:01 - media_renamer_app - INFO - File renamed successfully: DSC_0812.NEF ->  2024.08.13-20.16.10.226.Samos.NEF
2026-01-10 14:04:01 - media_renamer_app - INFO - Successfully renamed: DSC_0812.NEF ->  2024.08.13-20.16.10.226.Samos.NEF
2026-01-10 14:04:01 - media_renamer_app - INFO - Operation completed: rename - {'old_name': 'DSC_0812.NEF', 'new_name': ' 2024.08.13-20.16.10.226.Samos.NEF', 'folder_path': 'D:\\Photos\\Nef\\Samos'}
2026-01-10 14:04:01 - media_renamer_app - INFO - Operation completed: progress - {'current': 227, 'total': 286, 'filename': 'DSC_0813.NEF'}
2026-01-10 14:04:01 - media_renamer_app - INFO - File renamed successfully: DSC_0813.NEF ->  2024.08.13-20.16.12.227.Samos.NEF
2026-01-10 14:04:01 - media_renamer_app - INFO - Successfully renamed: DSC_0813.NEF ->  2024.08.13-20.16.12.227.Samos.NEF
2026-01-10 14:04:01 - media_renamer_app - INFO - Operation completed: rename - {'old_name': 'DSC_0813.NEF', 'new_name': ' 2024.08.13-20.16.12.227.Samos.NEF', 'folder_path': 'D:\\Photos\\Nef\\Samos'}
2026-01-10 14:04:01 - media_renamer_app - INFO - Operation completed: progress - {'current': 228, 'total': 286, 'filename': 'DSC_0814.NEF'}
2026-01-10 14:04:01 - media_renamer_app - INFO - File renamed successfully: DSC_0814.NEF ->  2024.08.13-20.16.51.228.Samos.NEF
2026-01-10 14:04:01 - media_renamer_app - INFO - Successfully renamed: DSC_0814.NEF ->  2024.08.13-20.16.51.228.Samos.NEF
2026-01-10 14:04:01 - media_renamer_app - INFO - Operation completed: rename - {'old_name': 'DSC_0814.NEF', 'new_name': ' 2024.08.13-20.16.51.228.Samos.NEF', 'folder_path': 'D:\\Photos\\Nef\\Samos'}
2026-01-10 14:04:01 - media_renamer_app - INFO - Operation completed: progress - {'current': 229, 'total': 286, 'filename': 'DSC_0815.NEF'}
2026-01-10 14:04:01 - media_renamer_app - INFO - File renamed successfully: DSC_0815.NEF ->  2024.08.13-20.17.05.229.Samos.NEF
2026-01-10 14:04:01 - media_renamer_app - INFO - Successfully renamed: DSC_0815.NEF ->  2024.08.13-20.17.05.229.Samos.NEF
2026-01-10 14:04:01 - media_renamer_app - INFO - Operation completed: rename - {'old_name': 'DSC_0815.NEF', 'new_name': ' 2024.08.13-20.17.05.229.Samos.NEF', 'folder_path': 'D:\\Photos\\Nef\\Samos'}
2026-01-10 14:04:01 - media_renamer_app - INFO - Operation completed: progress - {'current': 230, 'total': 286, 'filename': 'DSC_0816.NEF'}
2026-01-10 14:04:01 - media_renamer_app - INFO - File renamed successfully: DSC_0816.NEF ->  2024.08.14-11.35.43.230.Samos.NEF
2026-01-10 14:04:01 - media_renamer_app - INFO - Successfully renamed: DSC_0816.NEF ->  2024.08.14-11.35.43.230.Samos.NEF
2026-01-10 14:04:01 - media_renamer_app - INFO - Operation completed: rename - {'old_name': 'DSC_0816.NEF', 'new_name': ' 2024.08.14-11.35.43.230.Samos.NEF', 'folder_path': 'D:\\Photos\\Nef\\Samos'}
2026-01-10 14:04:01 - media_renamer_app - INFO - Operation completed: progress - {'current': 231, 'total': 286, 'filename': 'DSC_0817.NEF'}
2026-01-10 14:04:01 - media_renamer_app - INFO - File renamed successfully: DSC_0817.NEF ->  2024.08.14-11.36.04.231.Samos.NEF
2026-01-10 14:04:01 - media_renamer_app - INFO - Successfully renamed: DSC_0817.NEF ->  2024.08.14-11.36.04.231.Samos.NEF
2026-01-10 14:04:01 - media_renamer_app - INFO - Operation completed: rename - {'old_name': 'DSC_0817.NEF', 'new_name': ' 2024.08.14-11.36.04.231.Samos.NEF', 'folder_path': 'D:\\Photos\\Nef\\Samos'}
2026-01-10 14:04:01 - media_renamer_app - INFO - Operation completed: progress - {'current': 232, 'total': 286, 'filename': 'DSC_0818.NEF'}
2026-01-10 14:04:01 - media_renamer_app - INFO - File renamed successfully: DSC_0818.NEF ->  2024.08.14-12.22.49.232.Samos.NEF
2026-01-10 14:04:01 - media_renamer_app - INFO - Successfully renamed: DSC_0818.NEF ->  2024.08.14-12.22.49.232.Samos.NEF
2026-01-10 14:04:01 - media_renamer_app - INFO - Operation completed: rename - {'old_name': 'DSC_0818.NEF', 'new_name': ' 2024.08.14-12.22.49.232.Samos.NEF', 'folder_path': 'D:\\Photos\\Nef\\Samos'}
2026-01-10 14:04:01 - media_renamer_app - INFO - Operation completed: progress - {'current': 233, 'total': 286, 'filename': 'DSC_0819.NEF'}
2026-01-10 14:04:01 - media_renamer_app - INFO - File renamed successfully: DSC_0819.NEF ->  2024.08.14-12.23.50.233.Samos.NEF
2026-01-10 14:04:01 - media_renamer_app - INFO - Successfully renamed: DSC_0819.NEF ->  2024.08.14-12.23.50.233.Samos.NEF
2026-01-10 14:04:01 - media_renamer_app - INFO - Operation completed: rename - {'old_name': 'DSC_0819.NEF', 'new_name': ' 2024.08.14-12.23.50.233.Samos.NEF', 'folder_path': 'D:\\Photos\\Nef\\Samos'}
2026-01-10 14:04:01 - media_renamer_app - INFO - Operation completed: progress - {'current': 234, 'total': 286, 'filename': 'DSC_0820.NEF'}
2026-01-10 14:04:01 - media_renamer_app - INFO - File renamed successfully: DSC_0820.NEF ->  2024.08.14-12.30.39.234.Samos.NEF
2026-01-10 14:04:01 - media_renamer_app - INFO - Successfully renamed: DSC_0820.NEF ->  2024.08.14-12.30.39.234.Samos.NEF
2026-01-10 14:04:01 - media_renamer_app - INFO - Operation completed: rename - {'old_name': 'DSC_0820.NEF', 'new_name': ' 2024.08.14-12.30.39.234.Samos.NEF', 'folder_path': 'D:\\Photos\\Nef\\Samos'}
2026-01-10 14:04:01 - media_renamer_app - INFO - Operation completed: progress - {'current': 235, 'total': 286, 'filename': 'DSC_0821.NEF'}
2026-01-10 14:04:01 - media_renamer_app - INFO - File renamed successfully: DSC_0821.NEF ->  2024.08.14-12.30.44.235.Samos.NEF
2026-01-10 14:04:01 - media_renamer_app - INFO - Successfully renamed: DSC_0821.NEF ->  2024.08.14-12.30.44.235.Samos.NEF
2026-01-10 14:04:01 - media_renamer_app - INFO - Operation completed: rename - {'old_name': 'DSC_0821.NEF', 'new_name': ' 2024.08.14-12.30.44.235.Samos.NEF', 'folder_path': 'D:\\Photos\\Nef\\Samos'}
2026-01-10 14:04:01 - media_renamer_app - INFO - Operation completed: progress - {'current': 236, 'total': 286, 'filename': 'DSC_0822.NEF'}
2026-01-10 14:04:01 - media_renamer_app - INFO - File renamed successfully: DSC_0822.NEF ->  2024.08.14-16.21.11.236.Samos.NEF
2026-01-10 14:04:01 - media_renamer_app - INFO - Successfully renamed: DSC_0822.NEF ->  2024.08.14-16.21.11.236.Samos.NEF
2026-01-10 14:04:01 - media_renamer_app - INFO - Operation completed: rename - {'old_name': 'DSC_0822.NEF', 'new_name': ' 2024.08.14-16.21.11.236.Samos.NEF', 'folder_path': 'D:\\Photos\\Nef\\Samos'}
2026-01-10 14:04:01 - media_renamer_app - INFO - Operation completed: progress - {'current': 237, 'total': 286, 'filename': 'DSC_0823.NEF'}
2026-01-10 14:04:01 - media_renamer_app - INFO - File renamed successfully: DSC_0823.NEF ->  2024.08.14-16.21.14.237.Samos.NEF
2026-01-10 14:04:01 - media_renamer_app - INFO - Successfully renamed: DSC_0823.NEF ->  2024.08.14-16.21.14.237.Samos.NEF
2026-01-10 14:04:01 - media_renamer_app - INFO - Operation completed: rename - {'old_name': 'DSC_0823.NEF', 'new_name': ' 2024.08.14-16.21.14.237.Samos.NEF', 'folder_path': 'D:\\Photos\\Nef\\Samos'}
2026-01-10 14:04:01 - media_renamer_app - INFO - Operation completed: progress - {'current': 238, 'total': 286, 'filename': 'DSC_0824.NEF'}
2026-01-10 14:04:01 - media_renamer_app - INFO - File renamed successfully: DSC_0824.NEF ->  2024.08.14-16.21.29.238.Samos.NEF
2026-01-10 14:04:01 - media_renamer_app - INFO - Successfully renamed: DSC_0824.NEF ->  2024.08.14-16.21.29.238.Samos.NEF
2026-01-10 14:04:01 - media_renamer_app - INFO - Operation completed: rename - {'old_name': 'DSC_0824.NEF', 'new_name': ' 2024.08.14-16.21.29.238.Samos.NEF', 'folder_path': 'D:\\Photos\\Nef\\Samos'}
2026-01-10 14:04:01 - media_renamer_app - INFO - Operation completed: progress - {'current': 239, 'total': 286, 'filename': 'DSC_0825.NEF'}
2026-01-10 14:04:01 - media_renamer_app - INFO - File renamed successfully: DSC_0825.NEF ->  2024.08.14-16.21.33.239.Samos.NEF
2026-01-10 14:04:01 - media_renamer_app - INFO - Successfully renamed: DSC_0825.NEF ->  2024.08.14-16.21.33.239.Samos.NEF
2026-01-10 14:04:01 - media_renamer_app - INFO - Operation completed: rename - {'old_name': 'DSC_0825.NEF', 'new_name': ' 2024.08.14-16.21.33.239.Samos.NEF', 'folder_path': 'D:\\Photos\\Nef\\Samos'}
2026-01-10 14:04:01 - media_renamer_app - INFO - Operation completed: progress - {'current': 240, 'total': 286, 'filename': 'DSC_0826.NEF'}
2026-01-10 14:04:01 - media_renamer_app - INFO - File renamed successfully: DSC_0826.NEF ->  2024.08.14-17.54.57.240.Samos.NEF
2026-01-10 14:04:01 - media_renamer_app - INFO - Successfully renamed: DSC_0826.NEF ->  2024.08.14-17.54.57.240.Samos.NEF
2026-01-10 14:04:01 - media_renamer_app - INFO - Operation completed: rename - {'old_name': 'DSC_0826.NEF', 'new_name': ' 2024.08.14-17.54.57.240.Samos.NEF', 'folder_path': 'D:\\Photos\\Nef\\Samos'}
2026-01-10 14:04:01 - media_renamer_app - INFO - Operation completed: progress - {'current': 241, 'total': 286, 'filename': 'DSC_0827.NEF'}
2026-01-10 14:04:01 - media_renamer_app - INFO - File renamed successfully: DSC_0827.NEF ->  2024.08.14-17.54.59.241.Samos.NEF
2026-01-10 14:04:01 - media_renamer_app - INFO - Successfully renamed: DSC_0827.NEF ->  2024.08.14-17.54.59.241.Samos.NEF
2026-01-10 14:04:01 - media_renamer_app - INFO - Operation completed: rename - {'old_name': 'DSC_0827.NEF', 'new_name': ' 2024.08.14-17.54.59.241.Samos.NEF', 'folder_path': 'D:\\Photos\\Nef\\Samos'}
2026-01-10 14:04:01 - media_renamer_app - INFO - Operation completed: progress - {'current': 242, 'total': 286, 'filename': 'DSC_0828.NEF'}
2026-01-10 14:04:01 - media_renamer_app - INFO - File renamed successfully: DSC_0828.NEF ->  2024.08.14-17.57.00.242.Samos.NEF
2026-01-10 14:04:01 - media_renamer_app - INFO - Successfully renamed: DSC_0828.NEF ->  2024.08.14-17.57.00.242.Samos.NEF
2026-01-10 14:04:01 - media_renamer_app - INFO - Operation completed: rename - {'old_name': 'DSC_0828.NEF', 'new_name': ' 2024.08.14-17.57.00.242.Samos.NEF', 'folder_path': 'D:\\Photos\\Nef\\Samos'}
2026-01-10 14:04:01 - media_renamer_app - INFO - Operation completed: progress - {'current': 243, 'total': 286, 'filename': 'DSC_0829.NEF'}
2026-01-10 14:04:01 - media_renamer_app - INFO - File renamed successfully: DSC_0829.NEF ->  2024.08.14-17.57.02.243.Samos.NEF
2026-01-10 14:04:01 - media_renamer_app - INFO - Successfully renamed: DSC_0829.NEF ->  2024.08.14-17.57.02.243.Samos.NEF
2026-01-10 14:04:01 - media_renamer_app - INFO - Operation completed: rename - {'old_name': 'DSC_0829.NEF', 'new_name': ' 2024.08.14-17.57.02.243.Samos.NEF', 'folder_path': 'D:\\Photos\\Nef\\Samos'}
2026-01-10 14:04:01 - media_renamer_app - INFO - Operation completed: progress - {'current': 244, 'total': 286, 'filename': 'DSC_0830.NEF'}
2026-01-10 14:04:01 - media_renamer_app - INFO - File renamed successfully: DSC_0830.NEF ->  2024.08.14-17.57.10.244.Samos.NEF
2026-01-10 14:04:01 - media_renamer_app - INFO - Successfully renamed: DSC_0830.NEF ->  2024.08.14-17.57.10.244.Samos.NEF
2026-01-10 14:04:01 - media_renamer_app - INFO - Operation completed: rename - {'old_name': 'DSC_0830.NEF', 'new_name': ' 2024.08.14-17.57.10.244.Samos.NEF', 'folder_path': 'D:\\Photos\\Nef\\Samos'}
2026-01-10 14:04:01 - media_renamer_app - INFO - Operation completed: progress - {'current': 245, 'total': 286, 'filename': 'DSC_0831.NEF'}
2026-01-10 14:04:01 - media_renamer_app - INFO - File renamed successfully: DSC_0831.NEF ->  2024.08.14-17.57.13.245.Samos.NEF
2026-01-10 14:04:01 - media_renamer_app - INFO - Successfully renamed: DSC_0831.NEF ->  2024.08.14-17.57.13.245.Samos.NEF
2026-01-10 14:04:01 - media_renamer_app - INFO - Operation completed: rename - {'old_name': 'DSC_0831.NEF', 'new_name': ' 2024.08.14-17.57.13.245.Samos.NEF', 'folder_path': 'D:\\Photos\\Nef\\Samos'}
2026-01-10 14:04:01 - media_renamer_app - INFO - Operation completed: progress - {'current': 246, 'total': 286, 'filename': 'DSC_0832.NEF'}
2026-01-10 14:04:01 - media_renamer_app - INFO - File renamed successfully: DSC_0832.NEF ->  2024.08.14-17.57.53.246.Samos.NEF
2026-01-10 14:04:01 - media_renamer_app - INFO - Successfully renamed: DSC_0832.NEF ->  2024.08.14-17.57.53.246.Samos.NEF
2026-01-10 14:04:01 - media_renamer_app - INFO - Operation completed: rename - {'old_name': 'DSC_0832.NEF', 'new_name': ' 2024.08.14-17.57.53.246.Samos.NEF', 'folder_path': 'D:\\Photos\\Nef\\Samos'}
2026-01-10 14:04:01 - media_renamer_app - INFO - Operation completed: progress - {'current': 247, 'total': 286, 'filename': 'DSC_0833.NEF'}
2026-01-10 14:04:01 - media_renamer_app - INFO - File renamed successfully: DSC_0833.NEF ->  2024.08.14-17.57.56.247.Samos.NEF
2026-01-10 14:04:01 - media_renamer_app - INFO - Successfully renamed: DSC_0833.NEF ->  2024.08.14-17.57.56.247.Samos.NEF
2026-01-10 14:04:01 - media_renamer_app - INFO - Operation completed: rename - {'old_name': 'DSC_0833.NEF', 'new_name': ' 2024.08.14-17.57.56.247.Samos.NEF', 'folder_path': 'D:\\Photos\\Nef\\Samos'}
2026-01-10 14:04:01 - media_renamer_app - INFO - Operation completed: progress - {'current': 248, 'total': 286, 'filename': 'DSC_0834.NEF'}
2026-01-10 14:04:01 - media_renamer_app - INFO - File renamed successfully: DSC_0834.NEF ->  2024.08.14-17.58.58.248.Samos.NEF
2026-01-10 14:04:01 - media_renamer_app - INFO - Successfully renamed: DSC_0834.NEF ->  2024.08.14-17.58.58.248.Samos.NEF
2026-01-10 14:04:01 - media_renamer_app - INFO - Operation completed: rename - {'old_name': 'DSC_0834.NEF', 'new_name': ' 2024.08.14-17.58.58.248.Samos.NEF', 'folder_path': 'D:\\Photos\\Nef\\Samos'}
2026-01-10 14:04:01 - media_renamer_app - INFO - Operation completed: progress - {'current': 249, 'total': 286, 'filename': 'DSC_0835.NEF'}
2026-01-10 14:04:01 - media_renamer_app - INFO - File renamed successfully: DSC_0835.NEF ->  2024.08.14-17.59.01.249.Samos.NEF
2026-01-10 14:04:01 - media_renamer_app - INFO - Successfully renamed: DSC_0835.NEF ->  2024.08.14-17.59.01.249.Samos.NEF
2026-01-10 14:04:01 - media_renamer_app - INFO - Operation completed: rename - {'old_name': 'DSC_0835.NEF', 'new_name': ' 2024.08.14-17.59.01.249.Samos.NEF', 'folder_path': 'D:\\Photos\\Nef\\Samos'}
2026-01-10 14:04:01 - media_renamer_app - INFO - Operation completed: progress - {'current': 250, 'total': 286, 'filename': 'DSC_0836.NEF'}
2026-01-10 14:04:01 - media_renamer_app - INFO - File renamed successfully: DSC_0836.NEF ->  2024.08.14-17.59.04.250.Samos.NEF
2026-01-10 14:04:01 - media_renamer_app - INFO - Successfully renamed: DSC_0836.NEF ->  2024.08.14-17.59.04.250.Samos.NEF
2026-01-10 14:04:01 - media_renamer_app - INFO - Operation completed: rename - {'old_name': 'DSC_0836.NEF', 'new_name': ' 2024.08.14-17.59.04.250.Samos.NEF', 'folder_path': 'D:\\Photos\\Nef\\Samos'}
2026-01-10 14:04:01 - media_renamer_app - INFO - Operation completed: progress - {'current': 251, 'total': 286, 'filename': 'DSC_0837.NEF'}
2026-01-10 14:04:01 - media_renamer_app - INFO - File renamed successfully: DSC_0837.NEF ->  2024.08.16-11.14.49.251.Samos.NEF
2026-01-10 14:04:01 - media_renamer_app - INFO - Successfully renamed: DSC_0837.NEF ->  2024.08.16-11.14.49.251.Samos.NEF
2026-01-10 14:04:01 - media_renamer_app - INFO - Operation completed: rename - {'old_name': 'DSC_0837.NEF', 'new_name': ' 2024.08.16-11.14.49.251.Samos.NEF', 'folder_path': 'D:\\Photos\\Nef\\Samos'}
2026-01-10 14:04:01 - media_renamer_app - INFO - Operation completed: progress - {'current': 252, 'total': 286, 'filename': 'DSC_0838.NEF'}
2026-01-10 14:04:01 - media_renamer_app - INFO - File renamed successfully: DSC_0838.NEF ->  2024.08.16-11.15.03.252.Samos.NEF
2026-01-10 14:04:01 - media_renamer_app - INFO - Successfully renamed: DSC_0838.NEF ->  2024.08.16-11.15.03.252.Samos.NEF
2026-01-10 14:04:01 - media_renamer_app - INFO - Operation completed: rename - {'old_name': 'DSC_0838.NEF', 'new_name': ' 2024.08.16-11.15.03.252.Samos.NEF', 'folder_path': 'D:\\Photos\\Nef\\Samos'}
2026-01-10 14:04:01 - media_renamer_app - INFO - Operation completed: progress - {'current': 253, 'total': 286, 'filename': 'DSC_0839.NEF'}
2026-01-10 14:04:01 - media_renamer_app - INFO - File renamed successfully: DSC_0839.NEF ->  2024.08.16-11.15.26.253.Samos.NEF
2026-01-10 14:04:01 - media_renamer_app - INFO - Successfully renamed: DSC_0839.NEF ->  2024.08.16-11.15.26.253.Samos.NEF
2026-01-10 14:04:01 - media_renamer_app - INFO - Operation completed: rename - {'old_name': 'DSC_0839.NEF', 'new_name': ' 2024.08.16-11.15.26.253.Samos.NEF', 'folder_path': 'D:\\Photos\\Nef\\Samos'}
2026-01-10 14:04:01 - media_renamer_app - INFO - Operation completed: progress - {'current': 254, 'total': 286, 'filename': 'DSC_0840.NEF'}
2026-01-10 14:04:01 - media_renamer_app - INFO - File renamed successfully: DSC_0840.NEF ->  2024.08.16-11.15.39.254.Samos.NEF
2026-01-10 14:04:01 - media_renamer_app - INFO - Successfully renamed: DSC_0840.NEF ->  2024.08.16-11.15.39.254.Samos.NEF
2026-01-10 14:04:01 - media_renamer_app - INFO - Operation completed: rename - {'old_name': 'DSC_0840.NEF', 'new_name': ' 2024.08.16-11.15.39.254.Samos.NEF', 'folder_path': 'D:\\Photos\\Nef\\Samos'}
2026-01-10 14:04:01 - media_renamer_app - INFO - Operation completed: progress - {'current': 255, 'total': 286, 'filename': 'DSC_0841.NEF'}
2026-01-10 14:04:01 - media_renamer_app - INFO - File renamed successfully: DSC_0841.NEF ->  2024.08.16-11.15.45.255.Samos.NEF
2026-01-10 14:04:01 - media_renamer_app - INFO - Successfully renamed: DSC_0841.NEF ->  2024.08.16-11.15.45.255.Samos.NEF
2026-01-10 14:04:01 - media_renamer_app - INFO - Operation completed: rename - {'old_name': 'DSC_0841.NEF', 'new_name': ' 2024.08.16-11.15.45.255.Samos.NEF', 'folder_path': 'D:\\Photos\\Nef\\Samos'}
2026-01-10 14:04:01 - media_renamer_app - INFO - Operation completed: progress - {'current': 256, 'total': 286, 'filename': 'DSC_0842.NEF'}
2026-01-10 14:04:01 - media_renamer_app - INFO - File renamed successfully: DSC_0842.NEF ->  2024.08.16-11.15.50.256.Samos.NEF
2026-01-10 14:04:01 - media_renamer_app - INFO - Successfully renamed: DSC_0842.NEF ->  2024.08.16-11.15.50.256.Samos.NEF
2026-01-10 14:04:01 - media_renamer_app - INFO - Operation completed: rename - {'old_name': 'DSC_0842.NEF', 'new_name': ' 2024.08.16-11.15.50.256.Samos.NEF', 'folder_path': 'D:\\Photos\\Nef\\Samos'}
2026-01-10 14:04:01 - media_renamer_app - INFO - Operation completed: progress - {'current': 257, 'total': 286, 'filename': 'DSC_0843.NEF'}
2026-01-10 14:04:01 - media_renamer_app - INFO - File renamed successfully: DSC_0843.NEF ->  2024.08.16-11.30.15.257.Samos.NEF
2026-01-10 14:04:01 - media_renamer_app - INFO - Successfully renamed: DSC_0843.NEF ->  2024.08.16-11.30.15.257.Samos.NEF
2026-01-10 14:04:01 - media_renamer_app - INFO - Operation completed: rename - {'old_name': 'DSC_0843.NEF', 'new_name': ' 2024.08.16-11.30.15.257.Samos.NEF', 'folder_path': 'D:\\Photos\\Nef\\Samos'}
2026-01-10 14:04:01 - media_renamer_app - INFO - Operation completed: progress - {'current': 258, 'total': 286, 'filename': 'DSC_0845.NEF'}
2026-01-10 14:04:01 - media_renamer_app - INFO - File renamed successfully: DSC_0845.NEF ->  2024.08.16-11.32.06.258.Samos.NEF
2026-01-10 14:04:01 - media_renamer_app - INFO - Successfully renamed: DSC_0845.NEF ->  2024.08.16-11.32.06.258.Samos.NEF
2026-01-10 14:04:01 - media_renamer_app - INFO - Operation completed: rename - {'old_name': 'DSC_0845.NEF', 'new_name': ' 2024.08.16-11.32.06.258.Samos.NEF', 'folder_path': 'D:\\Photos\\Nef\\Samos'}
2026-01-10 14:04:01 - media_renamer_app - INFO - Operation completed: progress - {'current': 259, 'total': 286, 'filename': 'DSC_0846.NEF'}
2026-01-10 14:04:01 - media_renamer_app - INFO - File renamed successfully: DSC_0846.NEF ->  2024.08.16-11.32.21.259.Samos.NEF
2026-01-10 14:04:01 - media_renamer_app - INFO - Successfully renamed: DSC_0846.NEF ->  2024.08.16-11.32.21.259.Samos.NEF
2026-01-10 14:04:01 - media_renamer_app - INFO - Operation completed: rename - {'old_name': 'DSC_0846.NEF', 'new_name': ' 2024.08.16-11.32.21.259.Samos.NEF', 'folder_path': 'D:\\Photos\\Nef\\Samos'}
2026-01-10 14:04:01 - media_renamer_app - INFO - Operation completed: progress - {'current': 260, 'total': 286, 'filename': 'DSC_0847.NEF'}
2026-01-10 14:04:01 - media_renamer_app - INFO - File renamed successfully: DSC_0847.NEF ->  2024.08.16-11.33.00.260.Samos.NEF
2026-01-10 14:04:01 - media_renamer_app - INFO - Successfully renamed: DSC_0847.NEF ->  2024.08.16-11.33.00.260.Samos.NEF
2026-01-10 14:04:01 - media_renamer_app - INFO - Operation completed: rename - {'old_name': 'DSC_0847.NEF', 'new_name': ' 2024.08.16-11.33.00.260.Samos.NEF', 'folder_path': 'D:\\Photos\\Nef\\Samos'}
2026-01-10 14:04:01 - media_renamer_app - INFO - Operation completed: progress - {'current': 261, 'total': 286, 'filename': 'DSC_0848.NEF'}
2026-01-10 14:04:01 - media_renamer_app - INFO - File renamed successfully: DSC_0848.NEF ->  2024.08.16-11.33.09.261.Samos.NEF
2026-01-10 14:04:01 - media_renamer_app - INFO - Successfully renamed: DSC_0848.NEF ->  2024.08.16-11.33.09.261.Samos.NEF
2026-01-10 14:04:01 - media_renamer_app - INFO - Operation completed: rename - {'old_name': 'DSC_0848.NEF', 'new_name': ' 2024.08.16-11.33.09.261.Samos.NEF', 'folder_path': 'D:\\Photos\\Nef\\Samos'}
2026-01-10 14:04:01 - media_renamer_app - INFO - Operation completed: progress - {'current': 262, 'total': 286, 'filename': 'DSC_0849.NEF'}
2026-01-10 14:04:01 - media_renamer_app - INFO - File renamed successfully: DSC_0849.NEF ->  2024.08.16-11.33.16.262.Samos.NEF
2026-01-10 14:04:01 - media_renamer_app - INFO - Successfully renamed: DSC_0849.NEF ->  2024.08.16-11.33.16.262.Samos.NEF
2026-01-10 14:04:01 - media_renamer_app - INFO - Operation completed: rename - {'old_name': 'DSC_0849.NEF', 'new_name': ' 2024.08.16-11.33.16.262.Samos.NEF', 'folder_path': 'D:\\Photos\\Nef\\Samos'}
2026-01-10 14:04:01 - media_renamer_app - INFO - Operation completed: progress - {'current': 263, 'total': 286, 'filename': 'DSC_0851.NEF'}
2026-01-10 14:04:01 - media_renamer_app - INFO - File renamed successfully: DSC_0851.NEF ->  2024.08.16-11.37.25.263.Samos.NEF
2026-01-10 14:04:01 - media_renamer_app - INFO - Successfully renamed: DSC_0851.NEF ->  2024.08.16-11.37.25.263.Samos.NEF
2026-01-10 14:04:01 - media_renamer_app - INFO - Operation completed: rename - {'old_name': 'DSC_0851.NEF', 'new_name': ' 2024.08.16-11.37.25.263.Samos.NEF', 'folder_path': 'D:\\Photos\\Nef\\Samos'}
2026-01-10 14:04:01 - media_renamer_app - INFO - Operation completed: progress - {'current': 264, 'total': 286, 'filename': 'DSC_0852.NEF'}
2026-01-10 14:04:01 - media_renamer_app - INFO - File renamed successfully: DSC_0852.NEF ->  2024.08.16-11.37.26.264.Samos.NEF
2026-01-10 14:04:01 - media_renamer_app - INFO - Successfully renamed: DSC_0852.NEF ->  2024.08.16-11.37.26.264.Samos.NEF
2026-01-10 14:04:01 - media_renamer_app - INFO - Operation completed: rename - {'old_name': 'DSC_0852.NEF', 'new_name': ' 2024.08.16-11.37.26.264.Samos.NEF', 'folder_path': 'D:\\Photos\\Nef\\Samos'}
2026-01-10 14:04:01 - media_renamer_app - INFO - Operation completed: progress - {'current': 265, 'total': 286, 'filename': 'DSC_0853.NEF'}
2026-01-10 14:04:01 - media_renamer_app - INFO - File renamed successfully: DSC_0853.NEF ->  2024.08.16-11.37.35.265.Samos.NEF
2026-01-10 14:04:01 - media_renamer_app - INFO - Successfully renamed: DSC_0853.NEF ->  2024.08.16-11.37.35.265.Samos.NEF
2026-01-10 14:04:01 - media_renamer_app - INFO - Operation completed: rename - {'old_name': 'DSC_0853.NEF', 'new_name': ' 2024.08.16-11.37.35.265.Samos.NEF', 'folder_path': 'D:\\Photos\\Nef\\Samos'}
2026-01-10 14:04:01 - media_renamer_app - INFO - Operation completed: progress - {'current': 266, 'total': 286, 'filename': 'DSC_0854.NEF'}
2026-01-10 14:04:01 - media_renamer_app - INFO - File renamed successfully: DSC_0854.NEF ->  2024.08.16-11.37.37.266.Samos.NEF
2026-01-10 14:04:01 - media_renamer_app - INFO - Successfully renamed: DSC_0854.NEF ->  2024.08.16-11.37.37.266.Samos.NEF
2026-01-10 14:04:01 - media_renamer_app - INFO - Operation completed: rename - {'old_name': 'DSC_0854.NEF', 'new_name': ' 2024.08.16-11.37.37.266.Samos.NEF', 'folder_path': 'D:\\Photos\\Nef\\Samos'}
2026-01-10 14:04:01 - media_renamer_app - INFO - Operation completed: progress - {'current': 267, 'total': 286, 'filename': 'DSC_0857.NEF'}
2026-01-10 14:04:01 - media_renamer_app - INFO - File renamed successfully: DSC_0857.NEF ->  2024.08.16-11.59.40.267.Samos.NEF
2026-01-10 14:04:01 - media_renamer_app - INFO - Successfully renamed: DSC_0857.NEF ->  2024.08.16-11.59.40.267.Samos.NEF
2026-01-10 14:04:01 - media_renamer_app - INFO - Operation completed: rename - {'old_name': 'DSC_0857.NEF', 'new_name': ' 2024.08.16-11.59.40.267.Samos.NEF', 'folder_path': 'D:\\Photos\\Nef\\Samos'}
2026-01-10 14:04:01 - media_renamer_app - INFO - Operation completed: progress - {'current': 268, 'total': 286, 'filename': 'DSC_0859.NEF'}
2026-01-10 14:04:01 - media_renamer_app - INFO - File renamed successfully: DSC_0859.NEF ->  2024.08.16-11.59.45.268.Samos.NEF
2026-01-10 14:04:01 - media_renamer_app - INFO - Successfully renamed: DSC_0859.NEF ->  2024.08.16-11.59.45.268.Samos.NEF
2026-01-10 14:04:01 - media_renamer_app - INFO - Operation completed: rename - {'old_name': 'DSC_0859.NEF', 'new_name': ' 2024.08.16-11.59.45.268.Samos.NEF', 'folder_path': 'D:\\Photos\\Nef\\Samos'}
2026-01-10 14:04:01 - media_renamer_app - INFO - Operation completed: progress - {'current': 269, 'total': 286, 'filename': 'DSC_0864.NEF'}
2026-01-10 14:04:01 - media_renamer_app - INFO - File renamed successfully: DSC_0864.NEF ->  2024.08.16-12.00.37.269.Samos.NEF
2026-01-10 14:04:01 - media_renamer_app - INFO - Successfully renamed: DSC_0864.NEF ->  2024.08.16-12.00.37.269.Samos.NEF
2026-01-10 14:04:01 - media_renamer_app - INFO - Operation completed: rename - {'old_name': 'DSC_0864.NEF', 'new_name': ' 2024.08.16-12.00.37.269.Samos.NEF', 'folder_path': 'D:\\Photos\\Nef\\Samos'}
2026-01-10 14:04:01 - media_renamer_app - INFO - Operation completed: progress - {'current': 270, 'total': 286, 'filename': 'DSC_0865.NEF'}
2026-01-10 14:04:01 - media_renamer_app - INFO - File renamed successfully: DSC_0865.NEF ->  2024.08.16-12.00.39.270.Samos.NEF
2026-01-10 14:04:01 - media_renamer_app - INFO - Successfully renamed: DSC_0865.NEF ->  2024.08.16-12.00.39.270.Samos.NEF
2026-01-10 14:04:01 - media_renamer_app - INFO - Operation completed: rename - {'old_name': 'DSC_0865.NEF', 'new_name': ' 2024.08.16-12.00.39.270.Samos.NEF', 'folder_path': 'D:\\Photos\\Nef\\Samos'}
2026-01-10 14:04:01 - media_renamer_app - INFO - Operation completed: progress - {'current': 271, 'total': 286, 'filename': 'DSC_0869.NEF'}
2026-01-10 14:04:01 - media_renamer_app - INFO - File renamed successfully: DSC_0869.NEF ->  2024.08.16-12.01.50.271.Samos.NEF
2026-01-10 14:04:01 - media_renamer_app - INFO - Successfully renamed: DSC_0869.NEF ->  2024.08.16-12.01.50.271.Samos.NEF
2026-01-10 14:04:01 - media_renamer_app - INFO - Operation completed: rename - {'old_name': 'DSC_0869.NEF', 'new_name': ' 2024.08.16-12.01.50.271.Samos.NEF', 'folder_path': 'D:\\Photos\\Nef\\Samos'}
2026-01-10 14:04:01 - media_renamer_app - INFO - Operation completed: progress - {'current': 272, 'total': 286, 'filename': 'DSC_0871.NEF'}
2026-01-10 14:04:01 - media_renamer_app - INFO - File renamed successfully: DSC_0871.NEF ->  2024.08.16-12.01.54.272.Samos.NEF
2026-01-10 14:04:01 - media_renamer_app - INFO - Successfully renamed: DSC_0871.NEF ->  2024.08.16-12.01.54.272.Samos.NEF
2026-01-10 14:04:01 - media_renamer_app - INFO - Operation completed: rename - {'old_name': 'DSC_0871.NEF', 'new_name': ' 2024.08.16-12.01.54.272.Samos.NEF', 'folder_path': 'D:\\Photos\\Nef\\Samos'}
2026-01-10 14:04:01 - media_renamer_app - INFO - Operation completed: progress - {'current': 273, 'total': 286, 'filename': 'DSC_0872.NEF'}
2026-01-10 14:04:01 - media_renamer_app - INFO - File renamed successfully: DSC_0872.NEF ->  2024.08.16-12.01.55.273.Samos.NEF
2026-01-10 14:04:01 - media_renamer_app - INFO - Successfully renamed: DSC_0872.NEF ->  2024.08.16-12.01.55.273.Samos.NEF
2026-01-10 14:04:01 - media_renamer_app - INFO - Operation completed: rename - {'old_name': 'DSC_0872.NEF', 'new_name': ' 2024.08.16-12.01.55.273.Samos.NEF', 'folder_path': 'D:\\Photos\\Nef\\Samos'}
2026-01-10 14:04:01 - media_renamer_app - INFO - Operation completed: progress - {'current': 274, 'total': 286, 'filename': 'DSC_0873.NEF'}
2026-01-10 14:04:01 - media_renamer_app - INFO - File renamed successfully: DSC_0873.NEF ->  2024.08.16-12.02.08.274.Samos.NEF
2026-01-10 14:04:01 - media_renamer_app - INFO - Successfully renamed: DSC_0873.NEF ->  2024.08.16-12.02.08.274.Samos.NEF
2026-01-10 14:04:01 - media_renamer_app - INFO - Operation completed: rename - {'old_name': 'DSC_0873.NEF', 'new_name': ' 2024.08.16-12.02.08.274.Samos.NEF', 'folder_path': 'D:\\Photos\\Nef\\Samos'}
2026-01-10 14:04:01 - media_renamer_app - INFO - Operation completed: progress - {'current': 275, 'total': 286, 'filename': 'DSC_0874.NEF'}
2026-01-10 14:04:01 - media_renamer_app - INFO - File renamed successfully: DSC_0874.NEF ->  2024.08.16-12.02.08.275.Samos.NEF
2026-01-10 14:04:01 - media_renamer_app - INFO - Successfully renamed: DSC_0874.NEF ->  2024.08.16-12.02.08.275.Samos.NEF
2026-01-10 14:04:01 - media_renamer_app - INFO - Operation completed: rename - {'old_name': 'DSC_0874.NEF', 'new_name': ' 2024.08.16-12.02.08.275.Samos.NEF', 'folder_path': 'D:\\Photos\\Nef\\Samos'}
2026-01-10 14:04:01 - media_renamer_app - INFO - Operation completed: progress - {'current': 276, 'total': 286, 'filename': 'DSC_0879.NEF'}
2026-01-10 14:04:01 - media_renamer_app - INFO - File renamed successfully: DSC_0879.NEF ->  2024.08.16-12.02.39.276.Samos.NEF
2026-01-10 14:04:01 - media_renamer_app - INFO - Successfully renamed: DSC_0879.NEF ->  2024.08.16-12.02.39.276.Samos.NEF
2026-01-10 14:04:01 - media_renamer_app - INFO - Operation completed: rename - {'old_name': 'DSC_0879.NEF', 'new_name': ' 2024.08.16-12.02.39.276.Samos.NEF', 'folder_path': 'D:\\Photos\\Nef\\Samos'}
2026-01-10 14:04:01 - media_renamer_app - INFO - Operation completed: progress - {'current': 277, 'total': 286, 'filename': 'DSC_0880.NEF'}
2026-01-10 14:04:01 - media_renamer_app - INFO - File renamed successfully: DSC_0880.NEF ->  2024.08.16-12.05.58.277.Samos.NEF
2026-01-10 14:04:01 - media_renamer_app - INFO - Successfully renamed: DSC_0880.NEF ->  2024.08.16-12.05.58.277.Samos.NEF
2026-01-10 14:04:01 - media_renamer_app - INFO - Operation completed: rename - {'old_name': 'DSC_0880.NEF', 'new_name': ' 2024.08.16-12.05.58.277.Samos.NEF', 'folder_path': 'D:\\Photos\\Nef\\Samos'}
2026-01-10 14:04:01 - media_renamer_app - INFO - Operation completed: progress - {'current': 278, 'total': 286, 'filename': 'DSC_0881.NEF'}
2026-01-10 14:04:01 - media_renamer_app - INFO - File renamed successfully: DSC_0881.NEF ->  2024.08.16-12.05.59.278.Samos.NEF
2026-01-10 14:04:01 - media_renamer_app - INFO - Successfully renamed: DSC_0881.NEF ->  2024.08.16-12.05.59.278.Samos.NEF
2026-01-10 14:04:01 - media_renamer_app - INFO - Operation completed: rename - {'old_name': 'DSC_0881.NEF', 'new_name': ' 2024.08.16-12.05.59.278.Samos.NEF', 'folder_path': 'D:\\Photos\\Nef\\Samos'}
2026-01-10 14:04:01 - media_renamer_app - INFO - Operation completed: progress - {'current': 279, 'total': 286, 'filename': 'DSC_0882.NEF'}
2026-01-10 14:04:01 - media_renamer_app - INFO - File renamed successfully: DSC_0882.NEF ->  2024.08.16-12.06.22.279.Samos.NEF
2026-01-10 14:04:01 - media_renamer_app - INFO - Successfully renamed: DSC_0882.NEF ->  2024.08.16-12.06.22.279.Samos.NEF
2026-01-10 14:04:01 - media_renamer_app - INFO - Operation completed: rename - {'old_name': 'DSC_0882.NEF', 'new_name': ' 2024.08.16-12.06.22.279.Samos.NEF', 'folder_path': 'D:\\Photos\\Nef\\Samos'}
2026-01-10 14:04:01 - media_renamer_app - INFO - Operation completed: progress - {'current': 280, 'total': 286, 'filename': 'DSC_0883.NEF'}
2026-01-10 14:04:01 - media_renamer_app - INFO - File renamed successfully: DSC_0883.NEF ->  2024.08.16-12.06.25.280.Samos.NEF
2026-01-10 14:04:01 - media_renamer_app - INFO - Successfully renamed: DSC_0883.NEF ->  2024.08.16-12.06.25.280.Samos.NEF
2026-01-10 14:04:01 - media_renamer_app - INFO - Operation completed: rename - {'old_name': 'DSC_0883.NEF', 'new_name': ' 2024.08.16-12.06.25.280.Samos.NEF', 'folder_path': 'D:\\Photos\\Nef\\Samos'}
2026-01-10 14:04:01 - media_renamer_app - INFO - Operation completed: progress - {'current': 281, 'total': 286, 'filename': 'DSC_0884.NEF'}
2026-01-10 14:04:01 - media_renamer_app - INFO - File renamed successfully: DSC_0884.NEF ->  2024.08.16-12.06.43.281.Samos.NEF
2026-01-10 14:04:01 - media_renamer_app - INFO - Successfully renamed: DSC_0884.NEF ->  2024.08.16-12.06.43.281.Samos.NEF
2026-01-10 14:04:01 - media_renamer_app - INFO - Operation completed: rename - {'old_name': 'DSC_0884.NEF', 'new_name': ' 2024.08.16-12.06.43.281.Samos.NEF', 'folder_path': 'D:\\Photos\\Nef\\Samos'}
2026-01-10 14:04:01 - media_renamer_app - INFO - Operation completed: progress - {'current': 282, 'total': 286, 'filename': 'DSC_0885.NEF'}
2026-01-10 14:04:01 - media_renamer_app - INFO - File renamed successfully: DSC_0885.NEF ->  2024.08.16-12.06.48.282.Samos.NEF
2026-01-10 14:04:01 - media_renamer_app - INFO - Successfully renamed: DSC_0885.NEF ->  2024.08.16-12.06.48.282.Samos.NEF
2026-01-10 14:04:01 - media_renamer_app - INFO - Operation completed: rename - {'old_name': 'DSC_0885.NEF', 'new_name': ' 2024.08.16-12.06.48.282.Samos.NEF', 'folder_path': 'D:\\Photos\\Nef\\Samos'}
2026-01-10 14:04:01 - media_renamer_app - INFO - Operation completed: progress - {'current': 283, 'total': 286, 'filename': 'DSC_0886.NEF'}
2026-01-10 14:04:01 - media_renamer_app - INFO - File renamed successfully: DSC_0886.NEF ->  2024.08.16-12.06.52.283.Samos.NEF
2026-01-10 14:04:01 - media_renamer_app - INFO - Successfully renamed: DSC_0886.NEF ->  2024.08.16-12.06.52.283.Samos.NEF
2026-01-10 14:04:01 - media_renamer_app - INFO - Operation completed: rename - {'old_name': 'DSC_0886.NEF', 'new_name': ' 2024.08.16-12.06.52.283.Samos.NEF', 'folder_path': 'D:\\Photos\\Nef\\Samos'}
2026-01-10 14:04:01 - media_renamer_app - INFO - Operation completed: progress - {'current': 284, 'total': 286, 'filename': 'DSC_0887.NEF'}
2026-01-10 14:04:01 - media_renamer_app - INFO - File renamed successfully: DSC_0887.NEF ->  2024.08.16-12.07.22.284.Samos.NEF
2026-01-10 14:04:01 - media_renamer_app - INFO - Successfully renamed: DSC_0887.NEF ->  2024.08.16-12.07.22.284.Samos.NEF
2026-01-10 14:04:01 - media_renamer_app - INFO - Operation completed: rename - {'old_name': 'DSC_0887.NEF', 'new_name': ' 2024.08.16-12.07.22.284.Samos.NEF', 'folder_path': 'D:\\Photos\\Nef\\Samos'}
2026-01-10 14:04:01 - media_renamer_app - INFO - Operation completed: progress - {'current': 285, 'total': 286, 'filename': 'DSC_0888.NEF'}
2026-01-10 14:04:01 - media_renamer_app - INFO - File renamed successfully: DSC_0888.NEF ->  2024.08.16-12.07.24.285.Samos.NEF
2026-01-10 14:04:01 - media_renamer_app - INFO - Successfully renamed: DSC_0888.NEF ->  2024.08.16-12.07.24.285.Samos.NEF
2026-01-10 14:04:01 - media_renamer_app - INFO - Operation completed: rename - {'old_name': 'DSC_0888.NEF', 'new_name': ' 2024.08.16-12.07.24.285.Samos.NEF', 'folder_path': 'D:\\Photos\\Nef\\Samos'}
2026-01-10 14:04:01 - media_renamer_app - INFO - Operation completed: progress - {'current': 286, 'total': 286, 'filename': 'DSC_0889.NEF'}
2026-01-10 14:04:01 - media_renamer_app - INFO - File renamed successfully: DSC_0889.NEF ->  2024.08.16-12.07.27.286.Samos.NEF
2026-01-10 14:04:01 - media_renamer_app - INFO - Successfully renamed: DSC_0889.NEF ->  2024.08.16-12.07.27.286.Samos.NEF
2026-01-10 14:04:01 - media_renamer_app - INFO - Operation completed: rename - {'old_name': 'DSC_0889.NEF', 'new_name': ' 2024.08.16-12.07.27.286.Samos.NEF', 'folder_path': 'D:\\Photos\\Nef\\Samos'}
2026-01-10 14:04:01 - media_renamer_app - INFO - Operation completed: session_complete - {'processed_count': 286, 'error_count': 0, 'skipped_count': 0, 'total_files': 286}
2026-01-10 14:04:01 - media_renamer_app - INFO - File processing completed: 286 processed, 0 errors, 0 skipped
2026-01-10 14:04:01 - media_renamer_app - INFO - Session log saved: c:\Kiro\MediaUtils\logs\session_20260110_140257.json
2026-01-10 14:04:01 - media_renamer_app - INFO - File processing completed: 286 processed, 0 skipped, 0 errors
2026-01-10 14:04:01 - media_renamer_app - INFO - User initiated file discovery for folder: D:\Photos\Nef\Samos
2026-01-10 14:04:01 - media_renamer_app - INFO - Starting file discovery and metadata extraction
2026-01-10 14:04:01 - media_renamer_app - INFO - Starting file discovery in folder: D:\Photos\Nef\Samos
2026-01-10 14:04:01 - media_renamer_app - INFO - Found 286 total files in D:\Photos\Nef\Samos
2026-01-10 14:04:01 - media_renamer_app - INFO - Discovered 286 supported media files
2026-01-10 14:04:01 - media_renamer_app - INFO - Discovered 286 files in D:\Photos\Nef\Samos
2026-01-10 14:04:01 - media_renamer_app - INFO - Successfully extracted date from image D:\Photos\Nef\Samos\ 2024.08.09-19.34.35.001.Samos.NEF: 2024-08-09 19:34:35
2026-01-10 14:04:01 - media_renamer_app - WARNING - exifread not available for RAW file GPS extraction: D:\Photos\Nef\Samos\ 2024.08.09-19.34.35.001.Samos.NEF
2026-01-10 14:04:01 - media_renamer_app - WARNING - Install exifread for better RAW support: pip install exifread
2026-01-10 14:04:01 - media_renamer_app - INFO - Successfully extracted date from image D:\Photos\Nef\Samos\ 2024.08.09-19.35.13.002.Samos.NEF: 2024-08-09 19:35:13
2026-01-10 14:04:01 - media_renamer_app - WARNING - exifread not available for RAW file GPS extraction: D:\Photos\Nef\Samos\ 2024.08.09-19.35.13.002.Samos.NEF
2026-01-10 14:04:01 - media_renamer_app - WARNING - Install exifread for better RAW support: pip install exifread
2026-01-10 14:04:01 - media_renamer_app - INFO - Successfully extracted date from image D:\Photos\Nef\Samos\ 2024.08.09-19.35.19.003.Samos.NEF: 2024-08-09 19:35:19
2026-01-10 14:04:01 - media_renamer_app - WARNING - exifread not available for RAW file GPS extraction: D:\Photos\Nef\Samos\ 2024.08.09-19.35.19.003.Samos.NEF
2026-01-10 14:04:01 - media_renamer_app - WARNING - Install exifread for better RAW support: pip install exifread
2026-01-10 14:04:01 - media_renamer_app - INFO - Successfully extracted date from image D:\Photos\Nef\Samos\ 2024.08.09-19.35.31.004.Samos.NEF: 2024-08-09 19:35:31
2026-01-10 14:04:01 - media_renamer_app - WARNING - exifread not available for RAW file GPS extraction: D:\Photos\Nef\Samos\ 2024.08.09-19.35.31.004.Samos.NEF
2026-01-10 14:04:01 - media_renamer_app - WARNING - Install exifread for better RAW support: pip install exifread
2026-01-10 14:04:01 - media_renamer_app - INFO - Successfully extracted date from image D:\Photos\Nef\Samos\ 2024.08.09-19.36.22.005.Samos.NEF: 2024-08-09 19:36:22
2026-01-10 14:04:01 - media_renamer_app - WARNING - exifread not available for RAW file GPS extraction: D:\Photos\Nef\Samos\ 2024.08.09-19.36.22.005.Samos.NEF
2026-01-10 14:04:01 - media_renamer_app - WARNING - Install exifread for better RAW support: pip install exifread
2026-01-10 14:04:01 - media_renamer_app - INFO - Successfully extracted date from image D:\Photos\Nef\Samos\ 2024.08.09-19.36.32.006.Samos.NEF: 2024-08-09 19:36:32
2026-01-10 14:04:01 - media_renamer_app - WARNING - exifread not available for RAW file GPS extraction: D:\Photos\Nef\Samos\ 2024.08.09-19.36.32.006.Samos.NEF
2026-01-10 14:04:01 - media_renamer_app - WARNING - Install exifread for better RAW support: pip install exifread
2026-01-10 14:04:01 - media_renamer_app - INFO - Successfully extracted date from image D:\Photos\Nef\Samos\ 2024.08.09-19.38.38.007.Samos.NEF: 2024-08-09 19:38:38
2026-01-10 14:04:01 - media_renamer_app - WARNING - exifread not available for RAW file GPS extraction: D:\Photos\Nef\Samos\ 2024.08.09-19.38.38.007.Samos.NEF
2026-01-10 14:04:01 - media_renamer_app - WARNING - Install exifread for better RAW support: pip install exifread
2026-01-10 14:04:01 - media_renamer_app - INFO - Successfully extracted date from image D:\Photos\Nef\Samos\ 2024.08.09-19.38.53.008.Samos.NEF: 2024-08-09 19:38:53
2026-01-10 14:04:01 - media_renamer_app - WARNING - exifread not available for RAW file GPS extraction: D:\Photos\Nef\Samos\ 2024.08.09-19.38.53.008.Samos.NEF
2026-01-10 14:04:01 - media_renamer_app - WARNING - Install exifread for better RAW support: pip install exifread
2026-01-10 14:04:01 - media_renamer_app - INFO - Successfully extracted date from image D:\Photos\Nef\Samos\ 2024.08.09-19.39.02.009.Samos.NEF: 2024-08-09 19:39:02
2026-01-10 14:04:01 - media_renamer_app - WARNING - exifread not available for RAW file GPS extraction: D:\Photos\Nef\Samos\ 2024.08.09-19.39.02.009.Samos.NEF
2026-01-10 14:04:01 - media_renamer_app - WARNING - Install exifread for better RAW support: pip install exifread
2026-01-10 14:04:01 - media_renamer_app - INFO - Successfully extracted date from image D:\Photos\Nef\Samos\ 2024.08.09-19.39.20.010.Samos.NEF: 2024-08-09 19:39:20
2026-01-10 14:04:01 - media_renamer_app - WARNING - exifread not available for RAW file GPS extraction: D:\Photos\Nef\Samos\ 2024.08.09-19.39.20.010.Samos.NEF
2026-01-10 14:04:01 - media_renamer_app - WARNING - Install exifread for better RAW support: pip install exifread
2026-01-10 14:04:01 - media_renamer_app - INFO - Successfully extracted date from image D:\Photos\Nef\Samos\ 2024.08.09-19.39.53.011.Samos.NEF: 2024-08-09 19:39:53
2026-01-10 14:04:01 - media_renamer_app - WARNING - exifread not available for RAW file GPS extraction: D:\Photos\Nef\Samos\ 2024.08.09-19.39.53.011.Samos.NEF
2026-01-10 14:04:01 - media_renamer_app - WARNING - Install exifread for better RAW support: pip install exifread
2026-01-10 14:04:01 - media_renamer_app - INFO - Successfully extracted date from image D:\Photos\Nef\Samos\ 2024.08.09-19.40.32.012.Samos.NEF: 2024-08-09 19:40:32
2026-01-10 14:04:01 - media_renamer_app - WARNING - exifread not available for RAW file GPS extraction: D:\Photos\Nef\Samos\ 2024.08.09-19.40.32.012.Samos.NEF
2026-01-10 14:04:01 - media_renamer_app - WARNING - Install exifread for better RAW support: pip install exifread
2026-01-10 14:04:01 - media_renamer_app - INFO - Successfully extracted date from image D:\Photos\Nef\Samos\ 2024.08.09-19.40.49.013.Samos.NEF: 2024-08-09 19:40:49
2026-01-10 14:04:01 - media_renamer_app - WARNING - exifread not available for RAW file GPS extraction: D:\Photos\Nef\Samos\ 2024.08.09-19.40.49.013.Samos.NEF
2026-01-10 14:04:01 - media_renamer_app - WARNING - Install exifread for better RAW support: pip install exifread
2026-01-10 14:04:01 - media_renamer_app - INFO - Successfully extracted date from image D:\Photos\Nef\Samos\ 2024.08.09-19.40.55.014.Samos.NEF: 2024-08-09 19:40:55
2026-01-10 14:04:01 - media_renamer_app - WARNING - exifread not available for RAW file GPS extraction: D:\Photos\Nef\Samos\ 2024.08.09-19.40.55.014.Samos.NEF
2026-01-10 14:04:01 - media_renamer_app - WARNING - Install exifread for better RAW support: pip install exifread
2026-01-10 14:04:01 - media_renamer_app - INFO - Successfully extracted date from image D:\Photos\Nef\Samos\ 2024.08.09-19.44.27.015.Samos.NEF: 2024-08-09 19:44:27
2026-01-10 14:04:01 - media_renamer_app - WARNING - exifread not available for RAW file GPS extraction: D:\Photos\Nef\Samos\ 2024.08.09-19.44.27.015.Samos.NEF
2026-01-10 14:04:01 - media_renamer_app - WARNING - Install exifread for better RAW support: pip install exifread
2026-01-10 14:04:01 - media_renamer_app - INFO - Successfully extracted date from image D:\Photos\Nef\Samos\ 2024.08.09-19.45.14.016.Samos.NEF: 2024-08-09 19:45:14
2026-01-10 14:04:01 - media_renamer_app - WARNING - exifread not available for RAW file GPS extraction: D:\Photos\Nef\Samos\ 2024.08.09-19.45.14.016.Samos.NEF
2026-01-10 14:04:01 - media_renamer_app - WARNING - Install exifread for better RAW support: pip install exifread
2026-01-10 14:04:01 - media_renamer_app - INFO - Successfully extracted date from image D:\Photos\Nef\Samos\ 2024.08.09-19.45.17.017.Samos.NEF: 2024-08-09 19:45:17
2026-01-10 14:04:01 - media_renamer_app - WARNING - exifread not available for RAW file GPS extraction: D:\Photos\Nef\Samos\ 2024.08.09-19.45.17.017.Samos.NEF
2026-01-10 14:04:01 - media_renamer_app - WARNING - Install exifread for better RAW support: pip install exifread
2026-01-10 14:04:01 - media_renamer_app - INFO - Successfully extracted date from image D:\Photos\Nef\Samos\ 2024.08.09-19.46.19.018.Samos.NEF: 2024-08-09 19:46:19
2026-01-10 14:04:01 - media_renamer_app - WARNING - exifread not available for RAW file GPS extraction: D:\Photos\Nef\Samos\ 2024.08.09-19.46.19.018.Samos.NEF
2026-01-10 14:04:01 - media_renamer_app - WARNING - Install exifread for better RAW support: pip install exifread
2026-01-10 14:04:01 - media_renamer_app - INFO - Successfully extracted date from image D:\Photos\Nef\Samos\ 2024.08.09-19.46.20.019.Samos.NEF: 2024-08-09 19:46:20
2026-01-10 14:04:01 - media_renamer_app - WARNING - exifread not available for RAW file GPS extraction: D:\Photos\Nef\Samos\ 2024.08.09-19.46.20.019.Samos.NEF
2026-01-10 14:04:01 - media_renamer_app - WARNING - Install exifread for better RAW support: pip install exifread
2026-01-10 14:04:01 - media_renamer_app - INFO - Successfully extracted date from image D:\Photos\Nef\Samos\ 2024.08.09-19.48.13.020.Samos.NEF: 2024-08-09 19:48:13
2026-01-10 14:04:01 - media_renamer_app - WARNING - exifread not available for RAW file GPS extraction: D:\Photos\Nef\Samos\ 2024.08.09-19.48.13.020.Samos.NEF
2026-01-10 14:04:01 - media_renamer_app - WARNING - Install exifread for better RAW support: pip install exifread
2026-01-10 14:04:01 - media_renamer_app - INFO - Successfully extracted date from image D:\Photos\Nef\Samos\ 2024.08.09-19.48.49.021.Samos.NEF: 2024-08-09 19:48:49
2026-01-10 14:04:01 - media_renamer_app - WARNING - exifread not available for RAW file GPS extraction: D:\Photos\Nef\Samos\ 2024.08.09-19.48.49.021.Samos.NEF
2026-01-10 14:04:01 - media_renamer_app - WARNING - Install exifread for better RAW support: pip install exifread
2026-01-10 14:04:01 - media_renamer_app - INFO - Successfully extracted date from image D:\Photos\Nef\Samos\ 2024.08.09-19.59.09.022.Samos.NEF: 2024-08-09 19:59:09
2026-01-10 14:04:01 - media_renamer_app - WARNING - exifread not available for RAW file GPS extraction: D:\Photos\Nef\Samos\ 2024.08.09-19.59.09.022.Samos.NEF
2026-01-10 14:04:01 - media_renamer_app - WARNING - Install exifread for better RAW support: pip install exifread
2026-01-10 14:04:01 - media_renamer_app - INFO - Successfully extracted date from image D:\Photos\Nef\Samos\ 2024.08.09-19.59.20.023.Samos.NEF: 2024-08-09 19:59:20
2026-01-10 14:04:01 - media_renamer_app - WARNING - exifread not available for RAW file GPS extraction: D:\Photos\Nef\Samos\ 2024.08.09-19.59.20.023.Samos.NEF
2026-01-10 14:04:01 - media_renamer_app - WARNING - Install exifread for better RAW support: pip install exifread
2026-01-10 14:04:01 - media_renamer_app - INFO - Successfully extracted date from image D:\Photos\Nef\Samos\ 2024.08.09-19.59.32.024.Samos.NEF: 2024-08-09 19:59:32
2026-01-10 14:04:01 - media_renamer_app - WARNING - exifread not available for RAW file GPS extraction: D:\Photos\Nef\Samos\ 2024.08.09-19.59.32.024.Samos.NEF
2026-01-10 14:04:01 - media_renamer_app - WARNING - Install exifread for better RAW support: pip install exifread
2026-01-10 14:04:01 - media_renamer_app - INFO - Successfully extracted date from image D:\Photos\Nef\Samos\ 2024.08.09-20.00.20.025.Samos.NEF: 2024-08-09 20:00:20
2026-01-10 14:04:01 - media_renamer_app - WARNING - exifread not available for RAW file GPS extraction: D:\Photos\Nef\Samos\ 2024.08.09-20.00.20.025.Samos.NEF
2026-01-10 14:04:01 - media_renamer_app - WARNING - Install exifread for better RAW support: pip install exifread
2026-01-10 14:04:01 - media_renamer_app - INFO - Successfully extracted date from image D:\Photos\Nef\Samos\ 2024.08.09-20.03.10.026.Samos.NEF: 2024-08-09 20:03:10
2026-01-10 14:04:01 - media_renamer_app - WARNING - exifread not available for RAW file GPS extraction: D:\Photos\Nef\Samos\ 2024.08.09-20.03.10.026.Samos.NEF
2026-01-10 14:04:01 - media_renamer_app - WARNING - Install exifread for better RAW support: pip install exifread
2026-01-10 14:04:01 - media_renamer_app - INFO - Successfully extracted date from image D:\Photos\Nef\Samos\ 2024.08.09-20.03.35.027.Samos.NEF: 2024-08-09 20:03:35
2026-01-10 14:04:01 - media_renamer_app - WARNING - exifread not available for RAW file GPS extraction: D:\Photos\Nef\Samos\ 2024.08.09-20.03.35.027.Samos.NEF
2026-01-10 14:04:01 - media_renamer_app - WARNING - Install exifread for better RAW support: pip install exifread
2026-01-10 14:04:01 - media_renamer_app - INFO - Successfully extracted date from image D:\Photos\Nef\Samos\ 2024.08.09-20.03.37.028.Samos.NEF: 2024-08-09 20:03:37
2026-01-10 14:04:01 - media_renamer_app - WARNING - exifread not available for RAW file GPS extraction: D:\Photos\Nef\Samos\ 2024.08.09-20.03.37.028.Samos.NEF
2026-01-10 14:04:01 - media_renamer_app - WARNING - Install exifread for better RAW support: pip install exifread
2026-01-10 14:04:01 - media_renamer_app - INFO - Successfully extracted date from image D:\Photos\Nef\Samos\ 2024.08.09-20.03.37.029.Samos.NEF: 2024-08-09 20:03:37
2026-01-10 14:04:01 - media_renamer_app - WARNING - exifread not available for RAW file GPS extraction: D:\Photos\Nef\Samos\ 2024.08.09-20.03.37.029.Samos.NEF
2026-01-10 14:04:01 - media_renamer_app - WARNING - Install exifread for better RAW support: pip install exifread
2026-01-10 14:04:01 - media_renamer_app - INFO - Successfully extracted date from image D:\Photos\Nef\Samos\ 2024.08.10-10.04.53.030.Samos.NEF: 2024-08-10 10:04:53
2026-01-10 14:04:01 - media_renamer_app - WARNING - exifread not available for RAW file GPS extraction: D:\Photos\Nef\Samos\ 2024.08.10-10.04.53.030.Samos.NEF
2026-01-10 14:04:01 - media_renamer_app - WARNING - Install exifread for better RAW support: pip install exifread
2026-01-10 14:04:01 - media_renamer_app - INFO - Successfully extracted date from image D:\Photos\Nef\Samos\ 2024.08.10-10.04.55.031.Samos.NEF: 2024-08-10 10:04:55
2026-01-10 14:04:01 - media_renamer_app - WARNING - exifread not available for RAW file GPS extraction: D:\Photos\Nef\Samos\ 2024.08.10-10.04.55.031.Samos.NEF
2026-01-10 14:04:01 - media_renamer_app - WARNING - Install exifread for better RAW support: pip install exifread
2026-01-10 14:04:01 - media_renamer_app - INFO - Successfully extracted date from image D:\Photos\Nef\Samos\ 2024.08.10-10.10.25.032.Samos.NEF: 2024-08-10 10:10:25
2026-01-10 14:04:01 - media_renamer_app - WARNING - exifread not available for RAW file GPS extraction: D:\Photos\Nef\Samos\ 2024.08.10-10.10.25.032.Samos.NEF
2026-01-10 14:04:01 - media_renamer_app - WARNING - Install exifread for better RAW support: pip install exifread
2026-01-10 14:04:01 - media_renamer_app - INFO - Successfully extracted date from image D:\Photos\Nef\Samos\ 2024.08.10-10.11.27.033.Samos.NEF: 2024-08-10 10:11:27
2026-01-10 14:04:01 - media_renamer_app - WARNING - exifread not available for RAW file GPS extraction: D:\Photos\Nef\Samos\ 2024.08.10-10.11.27.033.Samos.NEF
2026-01-10 14:04:01 - media_renamer_app - WARNING - Install exifread for better RAW support: pip install exifread
2026-01-10 14:04:01 - media_renamer_app - INFO - Successfully extracted date from image D:\Photos\Nef\Samos\ 2024.08.10-10.11.50.034.Samos.NEF: 2024-08-10 10:11:50
2026-01-10 14:04:01 - media_renamer_app - WARNING - exifread not available for RAW file GPS extraction: D:\Photos\Nef\Samos\ 2024.08.10-10.11.50.034.Samos.NEF
2026-01-10 14:04:01 - media_renamer_app - WARNING - Install exifread for better RAW support: pip install exifread
2026-01-10 14:04:01 - media_renamer_app - INFO - Successfully extracted date from image D:\Photos\Nef\Samos\ 2024.08.10-10.11.56.035.Samos.NEF: 2024-08-10 10:11:56
2026-01-10 14:04:01 - media_renamer_app - WARNING - exifread not available for RAW file GPS extraction: D:\Photos\Nef\Samos\ 2024.08.10-10.11.56.035.Samos.NEF
2026-01-10 14:04:01 - media_renamer_app - WARNING - Install exifread for better RAW support: pip install exifread
2026-01-10 14:04:01 - media_renamer_app - INFO - Successfully extracted date from image D:\Photos\Nef\Samos\ 2024.08.10-10.14.25.036.Samos.NEF: 2024-08-10 10:14:25
2026-01-10 14:04:01 - media_renamer_app - WARNING - exifread not available for RAW file GPS extraction: D:\Photos\Nef\Samos\ 2024.08.10-10.14.25.036.Samos.NEF
2026-01-10 14:04:01 - media_renamer_app - WARNING - Install exifread for better RAW support: pip install exifread
2026-01-10 14:04:01 - media_renamer_app - INFO - Successfully extracted date from image D:\Photos\Nef\Samos\ 2024.08.10-10.15.32.037.Samos.NEF: 2024-08-10 10:15:32
2026-01-10 14:04:01 - media_renamer_app - WARNING - exifread not available for RAW file GPS extraction: D:\Photos\Nef\Samos\ 2024.08.10-10.15.32.037.Samos.NEF
2026-01-10 14:04:01 - media_renamer_app - WARNING - Install exifread for better RAW support: pip install exifread
2026-01-10 14:04:01 - media_renamer_app - INFO - Successfully extracted date from image D:\Photos\Nef\Samos\ 2024.08.10-10.15.50.038.Samos.NEF: 2024-08-10 10:15:50
2026-01-10 14:04:01 - media_renamer_app - WARNING - exifread not available for RAW file GPS extraction: D:\Photos\Nef\Samos\ 2024.08.10-10.15.50.038.Samos.NEF
2026-01-10 14:04:01 - media_renamer_app - WARNING - Install exifread for better RAW support: pip install exifread
2026-01-10 14:04:01 - media_renamer_app - INFO - Successfully extracted date from image D:\Photos\Nef\Samos\ 2024.08.10-10.16.01.039.Samos.NEF: 2024-08-10 10:16:01
2026-01-10 14:04:01 - media_renamer_app - WARNING - exifread not available for RAW file GPS extraction: D:\Photos\Nef\Samos\ 2024.08.10-10.16.01.039.Samos.NEF
2026-01-10 14:04:01 - media_renamer_app - WARNING - Install exifread for better RAW support: pip install exifread
2026-01-10 14:04:01 - media_renamer_app - INFO - Successfully extracted date from image D:\Photos\Nef\Samos\ 2024.08.10-10.16.31.040.Samos.NEF: 2024-08-10 10:16:31
2026-01-10 14:04:01 - media_renamer_app - WARNING - exifread not available for RAW file GPS extraction: D:\Photos\Nef\Samos\ 2024.08.10-10.16.31.040.Samos.NEF
2026-01-10 14:04:01 - media_renamer_app - WARNING - Install exifread for better RAW support: pip install exifread
2026-01-10 14:04:01 - media_renamer_app - INFO - Successfully extracted date from image D:\Photos\Nef\Samos\ 2024.08.10-10.16.39.041.Samos.NEF: 2024-08-10 10:16:39
2026-01-10 14:04:01 - media_renamer_app - WARNING - exifread not available for RAW file GPS extraction: D:\Photos\Nef\Samos\ 2024.08.10-10.16.39.041.Samos.NEF
2026-01-10 14:04:01 - media_renamer_app - WARNING - Install exifread for better RAW support: pip install exifread
2026-01-10 14:04:01 - media_renamer_app - INFO - Successfully extracted date from image D:\Photos\Nef\Samos\ 2024.08.10-10.17.16.042.Samos.NEF: 2024-08-10 10:17:16
2026-01-10 14:04:01 - media_renamer_app - WARNING - exifread not available for RAW file GPS extraction: D:\Photos\Nef\Samos\ 2024.08.10-10.17.16.042.Samos.NEF
2026-01-10 14:04:01 - media_renamer_app - WARNING - Install exifread for better RAW support: pip install exifread
2026-01-10 14:04:01 - media_renamer_app - INFO - Successfully extracted date from image D:\Photos\Nef\Samos\ 2024.08.10-10.18.21.043.Samos.NEF: 2024-08-10 10:18:21
2026-01-10 14:04:01 - media_renamer_app - WARNING - exifread not available for RAW file GPS extraction: D:\Photos\Nef\Samos\ 2024.08.10-10.18.21.043.Samos.NEF
2026-01-10 14:04:01 - media_renamer_app - WARNING - Install exifread for better RAW support: pip install exifread
2026-01-10 14:04:01 - media_renamer_app - INFO - Successfully extracted date from image D:\Photos\Nef\Samos\ 2024.08.10-10.18.23.044.Samos.NEF: 2024-08-10 10:18:23
2026-01-10 14:04:01 - media_renamer_app - WARNING - exifread not available for RAW file GPS extraction: D:\Photos\Nef\Samos\ 2024.08.10-10.18.23.044.Samos.NEF
2026-01-10 14:04:01 - media_renamer_app - WARNING - Install exifread for better RAW support: pip install exifread
2026-01-10 14:04:01 - media_renamer_app - INFO - Successfully extracted date from image D:\Photos\Nef\Samos\ 2024.08.10-10.18.51.045.Samos.NEF: 2024-08-10 10:18:51
2026-01-10 14:04:01 - media_renamer_app - WARNING - exifread not available for RAW file GPS extraction: D:\Photos\Nef\Samos\ 2024.08.10-10.18.51.045.Samos.NEF
2026-01-10 14:04:01 - media_renamer_app - WARNING - Install exifread for better RAW support: pip install exifread
2026-01-10 14:04:02 - media_renamer_app - INFO - Successfully extracted date from image D:\Photos\Nef\Samos\ 2024.08.10-10.18.55.046.Samos.NEF: 2024-08-10 10:18:55
2026-01-10 14:04:02 - media_renamer_app - WARNING - exifread not available for RAW file GPS extraction: D:\Photos\Nef\Samos\ 2024.08.10-10.18.55.046.Samos.NEF
2026-01-10 14:04:02 - media_renamer_app - WARNING - Install exifread for better RAW support: pip install exifread
2026-01-10 14:04:02 - media_renamer_app - INFO - Successfully extracted date from image D:\Photos\Nef\Samos\ 2024.08.10-10.18.56.047.Samos.NEF: 2024-08-10 10:18:56
2026-01-10 14:04:02 - media_renamer_app - WARNING - exifread not available for RAW file GPS extraction: D:\Photos\Nef\Samos\ 2024.08.10-10.18.56.047.Samos.NEF
2026-01-10 14:04:02 - media_renamer_app - WARNING - Install exifread for better RAW support: pip install exifread
2026-01-10 14:04:02 - media_renamer_app - INFO - Successfully extracted date from image D:\Photos\Nef\Samos\ 2024.08.10-10.19.08.048.Samos.NEF: 2024-08-10 10:19:08
2026-01-10 14:04:02 - media_renamer_app - WARNING - exifread not available for RAW file GPS extraction: D:\Photos\Nef\Samos\ 2024.08.10-10.19.08.048.Samos.NEF
2026-01-10 14:04:02 - media_renamer_app - WARNING - Install exifread for better RAW support: pip install exifread
2026-01-10 14:04:02 - media_renamer_app - INFO - Successfully extracted date from image D:\Photos\Nef\Samos\ 2024.08.10-10.19.10.049.Samos.NEF: 2024-08-10 10:19:10
2026-01-10 14:04:02 - media_renamer_app - WARNING - exifread not available for RAW file GPS extraction: D:\Photos\Nef\Samos\ 2024.08.10-10.19.10.049.Samos.NEF
2026-01-10 14:04:02 - media_renamer_app - WARNING - Install exifread for better RAW support: pip install exifread
2026-01-10 14:04:02 - media_renamer_app - INFO - Successfully extracted date from image D:\Photos\Nef\Samos\ 2024.08.10-10.19.37.050.Samos.NEF: 2024-08-10 10:19:37
2026-01-10 14:04:02 - media_renamer_app - WARNING - exifread not available for RAW file GPS extraction: D:\Photos\Nef\Samos\ 2024.08.10-10.19.37.050.Samos.NEF
2026-01-10 14:04:02 - media_renamer_app - WARNING - Install exifread for better RAW support: pip install exifread
2026-01-10 14:04:02 - media_renamer_app - INFO - Successfully extracted date from image D:\Photos\Nef\Samos\ 2024.08.10-10.19.48.051.Samos.NEF: 2024-08-10 10:19:48
2026-01-10 14:04:02 - media_renamer_app - WARNING - exifread not available for RAW file GPS extraction: D:\Photos\Nef\Samos\ 2024.08.10-10.19.48.051.Samos.NEF
2026-01-10 14:04:02 - media_renamer_app - WARNING - Install exifread for better RAW support: pip install exifread
2026-01-10 14:04:02 - media_renamer_app - INFO - Successfully extracted date from image D:\Photos\Nef\Samos\ 2024.08.10-10.20.23.052.Samos.NEF: 2024-08-10 10:20:23
2026-01-10 14:04:02 - media_renamer_app - WARNING - exifread not available for RAW file GPS extraction: D:\Photos\Nef\Samos\ 2024.08.10-10.20.23.052.Samos.NEF
2026-01-10 14:04:02 - media_renamer_app - WARNING - Install exifread for better RAW support: pip install exifread
2026-01-10 14:04:02 - media_renamer_app - INFO - Successfully extracted date from image D:\Photos\Nef\Samos\ 2024.08.10-10.20.34.053.Samos.NEF: 2024-08-10 10:20:34
2026-01-10 14:04:02 - media_renamer_app - WARNING - exifread not available for RAW file GPS extraction: D:\Photos\Nef\Samos\ 2024.08.10-10.20.34.053.Samos.NEF
2026-01-10 14:04:02 - media_renamer_app - WARNING - Install exifread for better RAW support: pip install exifread
2026-01-10 14:04:02 - media_renamer_app - INFO - Successfully extracted date from image D:\Photos\Nef\Samos\ 2024.08.10-10.21.03.054.Samos.NEF: 2024-08-10 10:21:03
2026-01-10 14:04:02 - media_renamer_app - WARNING - exifread not available for RAW file GPS extraction: D:\Photos\Nef\Samos\ 2024.08.10-10.21.03.054.Samos.NEF
2026-01-10 14:04:02 - media_renamer_app - WARNING - Install exifread for better RAW support: pip install exifread
2026-01-10 14:04:02 - media_renamer_app - INFO - Successfully extracted date from image D:\Photos\Nef\Samos\ 2024.08.10-10.21.40.055.Samos.NEF: 2024-08-10 10:21:40
2026-01-10 14:04:02 - media_renamer_app - WARNING - exifread not available for RAW file GPS extraction: D:\Photos\Nef\Samos\ 2024.08.10-10.21.40.055.Samos.NEF
2026-01-10 14:04:02 - media_renamer_app - WARNING - Install exifread for better RAW support: pip install exifread
2026-01-10 14:04:02 - media_renamer_app - INFO - Successfully extracted date from image D:\Photos\Nef\Samos\ 2024.08.10-10.21.44.056.Samos.NEF: 2024-08-10 10:21:44
2026-01-10 14:04:02 - media_renamer_app - WARNING - exifread not available for RAW file GPS extraction: D:\Photos\Nef\Samos\ 2024.08.10-10.21.44.056.Samos.NEF
2026-01-10 14:04:02 - media_renamer_app - WARNING - Install exifread for better RAW support: pip install exifread
2026-01-10 14:04:02 - media_renamer_app - INFO - Successfully extracted date from image D:\Photos\Nef\Samos\ 2024.08.10-10.21.47.057.Samos.NEF: 2024-08-10 10:21:47
2026-01-10 14:04:02 - media_renamer_app - WARNING - exifread not available for RAW file GPS extraction: D:\Photos\Nef\Samos\ 2024.08.10-10.21.47.057.Samos.NEF
2026-01-10 14:04:02 - media_renamer_app - WARNING - Install exifread for better RAW support: pip install exifread
2026-01-10 14:04:02 - media_renamer_app - INFO - Successfully extracted date from image D:\Photos\Nef\Samos\ 2024.08.10-10.24.03.058.Samos.NEF: 2024-08-10 10:24:03
2026-01-10 14:04:02 - media_renamer_app - WARNING - exifread not available for RAW file GPS extraction: D:\Photos\Nef\Samos\ 2024.08.10-10.24.03.058.Samos.NEF
2026-01-10 14:04:02 - media_renamer_app - WARNING - Install exifread for better RAW support: pip install exifread
2026-01-10 14:04:02 - media_renamer_app - INFO - Successfully extracted date from image D:\Photos\Nef\Samos\ 2024.08.10-10.24.15.059.Samos.NEF: 2024-08-10 10:24:15
2026-01-10 14:04:02 - media_renamer_app - WARNING - exifread not available for RAW file GPS extraction: D:\Photos\Nef\Samos\ 2024.08.10-10.24.15.059.Samos.NEF
2026-01-10 14:04:02 - media_renamer_app - WARNING - Install exifread for better RAW support: pip install exifread
2026-01-10 14:04:02 - media_renamer_app - INFO - Successfully extracted date from image D:\Photos\Nef\Samos\ 2024.08.10-10.25.09.060.Samos.NEF: 2024-08-10 10:25:09
2026-01-10 14:04:02 - media_renamer_app - WARNING - exifread not available for RAW file GPS extraction: D:\Photos\Nef\Samos\ 2024.08.10-10.25.09.060.Samos.NEF
2026-01-10 14:04:02 - media_renamer_app - WARNING - Install exifread for better RAW support: pip install exifread
2026-01-10 14:04:02 - media_renamer_app - INFO - Successfully extracted date from image D:\Photos\Nef\Samos\ 2024.08.10-10.25.42.061.Samos.NEF: 2024-08-10 10:25:42
2026-01-10 14:04:02 - media_renamer_app - WARNING - exifread not available for RAW file GPS extraction: D:\Photos\Nef\Samos\ 2024.08.10-10.25.42.061.Samos.NEF
2026-01-10 14:04:02 - media_renamer_app - WARNING - Install exifread for better RAW support: pip install exifread
2026-01-10 14:04:02 - media_renamer_app - INFO - Successfully extracted date from image D:\Photos\Nef\Samos\ 2024.08.10-10.26.35.062.Samos.NEF: 2024-08-10 10:26:35
2026-01-10 14:04:02 - media_renamer_app - WARNING - exifread not available for RAW file GPS extraction: D:\Photos\Nef\Samos\ 2024.08.10-10.26.35.062.Samos.NEF
2026-01-10 14:04:02 - media_renamer_app - WARNING - Install exifread for better RAW support: pip install exifread
2026-01-10 14:04:02 - media_renamer_app - INFO - Successfully extracted date from image D:\Photos\Nef\Samos\ 2024.08.10-10.26.38.063.Samos.NEF: 2024-08-10 10:26:38
2026-01-10 14:04:02 - media_renamer_app - WARNING - exifread not available for RAW file GPS extraction: D:\Photos\Nef\Samos\ 2024.08.10-10.26.38.063.Samos.NEF
2026-01-10 14:04:02 - media_renamer_app - WARNING - Install exifread for better RAW support: pip install exifread
2026-01-10 14:04:02 - media_renamer_app - INFO - Successfully extracted date from image D:\Photos\Nef\Samos\ 2024.08.10-10.27.40.064.Samos.NEF: 2024-08-10 10:27:40
2026-01-10 14:04:02 - media_renamer_app - WARNING - exifread not available for RAW file GPS extraction: D:\Photos\Nef\Samos\ 2024.08.10-10.27.40.064.Samos.NEF
2026-01-10 14:04:02 - media_renamer_app - WARNING - Install exifread for better RAW support: pip install exifread
2026-01-10 14:04:02 - media_renamer_app - INFO - Successfully extracted date from image D:\Photos\Nef\Samos\ 2024.08.10-10.28.05.065.Samos.NEF: 2024-08-10 10:28:05
2026-01-10 14:04:02 - media_renamer_app - WARNING - exifread not available for RAW file GPS extraction: D:\Photos\Nef\Samos\ 2024.08.10-10.28.05.065.Samos.NEF
2026-01-10 14:04:02 - media_renamer_app - WARNING - Install exifread for better RAW support: pip install exifread
2026-01-10 14:04:02 - media_renamer_app - INFO - Successfully extracted date from image D:\Photos\Nef\Samos\ 2024.08.10-10.30.46.066.Samos.NEF: 2024-08-10 10:30:46
2026-01-10 14:04:02 - media_renamer_app - WARNING - exifread not available for RAW file GPS extraction: D:\Photos\Nef\Samos\ 2024.08.10-10.30.46.066.Samos.NEF
2026-01-10 14:04:02 - media_renamer_app - WARNING - Install exifread for better RAW support: pip install exifread
2026-01-10 14:04:02 - media_renamer_app - INFO - Successfully extracted date from image D:\Photos\Nef\Samos\ 2024.08.10-10.31.58.067.Samos.NEF: 2024-08-10 10:31:58
2026-01-10 14:04:02 - media_renamer_app - WARNING - exifread not available for RAW file GPS extraction: D:\Photos\Nef\Samos\ 2024.08.10-10.31.58.067.Samos.NEF
2026-01-10 14:04:02 - media_renamer_app - WARNING - Install exifread for better RAW support: pip install exifread
2026-01-10 14:04:02 - media_renamer_app - INFO - Successfully extracted date from image D:\Photos\Nef\Samos\ 2024.08.10-10.32.00.068.Samos.NEF: 2024-08-10 10:32:00
2026-01-10 14:04:02 - media_renamer_app - WARNING - exifread not available for RAW file GPS extraction: D:\Photos\Nef\Samos\ 2024.08.10-10.32.00.068.Samos.NEF
2026-01-10 14:04:02 - media_renamer_app - WARNING - Install exifread for better RAW support: pip install exifread
2026-01-10 14:04:02 - media_renamer_app - INFO - Successfully extracted date from image D:\Photos\Nef\Samos\ 2024.08.10-10.32.06.069.Samos.NEF: 2024-08-10 10:32:06
2026-01-10 14:04:02 - media_renamer_app - WARNING - exifread not available for RAW file GPS extraction: D:\Photos\Nef\Samos\ 2024.08.10-10.32.06.069.Samos.NEF
2026-01-10 14:04:02 - media_renamer_app - WARNING - Install exifread for better RAW support: pip install exifread
2026-01-10 14:04:02 - media_renamer_app - INFO - Successfully extracted date from image D:\Photos\Nef\Samos\ 2024.08.10-10.35.37.070.Samos.NEF: 2024-08-10 10:35:37
2026-01-10 14:04:02 - media_renamer_app - WARNING - exifread not available for RAW file GPS extraction: D:\Photos\Nef\Samos\ 2024.08.10-10.35.37.070.Samos.NEF
2026-01-10 14:04:02 - media_renamer_app - WARNING - Install exifread for better RAW support: pip install exifread
2026-01-10 14:04:02 - media_renamer_app - INFO - Successfully extracted date from image D:\Photos\Nef\Samos\ 2024.08.10-10.35.41.071.Samos.NEF: 2024-08-10 10:35:41
2026-01-10 14:04:02 - media_renamer_app - WARNING - exifread not available for RAW file GPS extraction: D:\Photos\Nef\Samos\ 2024.08.10-10.35.41.071.Samos.NEF
2026-01-10 14:04:02 - media_renamer_app - WARNING - Install exifread for better RAW support: pip install exifread
2026-01-10 14:04:02 - media_renamer_app - INFO - Successfully extracted date from image D:\Photos\Nef\Samos\ 2024.08.11-12.27.53.072.Samos.NEF: 2024-08-11 12:27:53
2026-01-10 14:04:02 - media_renamer_app - WARNING - exifread not available for RAW file GPS extraction: D:\Photos\Nef\Samos\ 2024.08.11-12.27.53.072.Samos.NEF
2026-01-10 14:04:02 - media_renamer_app - WARNING - Install exifread for better RAW support: pip install exifread
2026-01-10 14:04:02 - media_renamer_app - INFO - Successfully extracted date from image D:\Photos\Nef\Samos\ 2024.08.11-12.28.16.073.Samos.NEF: 2024-08-11 12:28:16
2026-01-10 14:04:02 - media_renamer_app - WARNING - exifread not available for RAW file GPS extraction: D:\Photos\Nef\Samos\ 2024.08.11-12.28.16.073.Samos.NEF
2026-01-10 14:04:02 - media_renamer_app - WARNING - Install exifread for better RAW support: pip install exifread
2026-01-10 14:04:02 - media_renamer_app - INFO - Successfully extracted date from image D:\Photos\Nef\Samos\ 2024.08.11-12.31.26.074.Samos.NEF: 2024-08-11 12:31:26
2026-01-10 14:04:02 - media_renamer_app - WARNING - exifread not available for RAW file GPS extraction: D:\Photos\Nef\Samos\ 2024.08.11-12.31.26.074.Samos.NEF
2026-01-10 14:04:02 - media_renamer_app - WARNING - Install exifread for better RAW support: pip install exifread
2026-01-10 14:04:02 - media_renamer_app - INFO - Successfully extracted date from image D:\Photos\Nef\Samos\ 2024.08.11-12.33.30.075.Samos.NEF: 2024-08-11 12:33:30
2026-01-10 14:04:02 - media_renamer_app - WARNING - exifread not available for RAW file GPS extraction: D:\Photos\Nef\Samos\ 2024.08.11-12.33.30.075.Samos.NEF
2026-01-10 14:04:02 - media_renamer_app - WARNING - Install exifread for better RAW support: pip install exifread
2026-01-10 14:04:02 - media_renamer_app - INFO - Successfully extracted date from image D:\Photos\Nef\Samos\ 2024.08.11-12.33.36.076.Samos.NEF: 2024-08-11 12:33:36
2026-01-10 14:04:02 - media_renamer_app - WARNING - exifread not available for RAW file GPS extraction: D:\Photos\Nef\Samos\ 2024.08.11-12.33.36.076.Samos.NEF
2026-01-10 14:04:02 - media_renamer_app - WARNING - Install exifread for better RAW support: pip install exifread
2026-01-10 14:04:02 - media_renamer_app - INFO - Successfully extracted date from image D:\Photos\Nef\Samos\ 2024.08.11-12.33.38.077.Samos.NEF: 2024-08-11 12:33:38
2026-01-10 14:04:02 - media_renamer_app - WARNING - exifread not available for RAW file GPS extraction: D:\Photos\Nef\Samos\ 2024.08.11-12.33.38.077.Samos.NEF
2026-01-10 14:04:02 - media_renamer_app - WARNING - Install exifread for better RAW support: pip install exifread
2026-01-10 14:04:02 - media_renamer_app - INFO - Successfully extracted date from image D:\Photos\Nef\Samos\ 2024.08.11-12.33.54.078.Samos.NEF: 2024-08-11 12:33:54
2026-01-10 14:04:02 - media_renamer_app - WARNING - exifread not available for RAW file GPS extraction: D:\Photos\Nef\Samos\ 2024.08.11-12.33.54.078.Samos.NEF
2026-01-10 14:04:02 - media_renamer_app - WARNING - Install exifread for better RAW support: pip install exifread
2026-01-10 14:04:02 - media_renamer_app - INFO - Successfully extracted date from image D:\Photos\Nef\Samos\ 2024.08.11-12.34.00.079.Samos.NEF: 2024-08-11 12:34:00
2026-01-10 14:04:02 - media_renamer_app - WARNING - exifread not available for RAW file GPS extraction: D:\Photos\Nef\Samos\ 2024.08.11-12.34.00.079.Samos.NEF
2026-01-10 14:04:02 - media_renamer_app - WARNING - Install exifread for better RAW support: pip install exifread
2026-01-10 14:04:02 - media_renamer_app - INFO - Successfully extracted date from image D:\Photos\Nef\Samos\ 2024.08.11-12.34.27.080.Samos.NEF: 2024-08-11 12:34:27
2026-01-10 14:04:02 - media_renamer_app - WARNING - exifread not available for RAW file GPS extraction: D:\Photos\Nef\Samos\ 2024.08.11-12.34.27.080.Samos.NEF
2026-01-10 14:04:02 - media_renamer_app - WARNING - Install exifread for better RAW support: pip install exifread
2026-01-10 14:04:02 - media_renamer_app - INFO - Successfully extracted date from image D:\Photos\Nef\Samos\ 2024.08.11-12.35.35.081.Samos.NEF: 2024-08-11 12:35:35
2026-01-10 14:04:02 - media_renamer_app - WARNING - exifread not available for RAW file GPS extraction: D:\Photos\Nef\Samos\ 2024.08.11-12.35.35.081.Samos.NEF
2026-01-10 14:04:02 - media_renamer_app - WARNING - Install exifread for better RAW support: pip install exifread
2026-01-10 14:04:02 - media_renamer_app - INFO - Successfully extracted date from image D:\Photos\Nef\Samos\ 2024.08.11-12.36.30.082.Samos.NEF: 2024-08-11 12:36:30
2026-01-10 14:04:02 - media_renamer_app - WARNING - exifread not available for RAW file GPS extraction: D:\Photos\Nef\Samos\ 2024.08.11-12.36.30.082.Samos.NEF
2026-01-10 14:04:02 - media_renamer_app - WARNING - Install exifread for better RAW support: pip install exifread
2026-01-10 14:04:02 - media_renamer_app - INFO - Successfully extracted date from image D:\Photos\Nef\Samos\ 2024.08.11-12.36.34.083.Samos.NEF: 2024-08-11 12:36:34
2026-01-10 14:04:02 - media_renamer_app - WARNING - exifread not available for RAW file GPS extraction: D:\Photos\Nef\Samos\ 2024.08.11-12.36.34.083.Samos.NEF
2026-01-10 14:04:02 - media_renamer_app - WARNING - Install exifread for better RAW support: pip install exifread
2026-01-10 14:04:02 - media_renamer_app - INFO - Successfully extracted date from image D:\Photos\Nef\Samos\ 2024.08.11-12.39.26.084.Samos.NEF: 2024-08-11 12:39:26
2026-01-10 14:04:02 - media_renamer_app - WARNING - exifread not available for RAW file GPS extraction: D:\Photos\Nef\Samos\ 2024.08.11-12.39.26.084.Samos.NEF
2026-01-10 14:04:02 - media_renamer_app - WARNING - Install exifread for better RAW support: pip install exifread
2026-01-10 14:04:02 - media_renamer_app - INFO - Successfully extracted date from image D:\Photos\Nef\Samos\ 2024.08.11-12.39.36.085.Samos.NEF: 2024-08-11 12:39:36
2026-01-10 14:04:02 - media_renamer_app - WARNING - exifread not available for RAW file GPS extraction: D:\Photos\Nef\Samos\ 2024.08.11-12.39.36.085.Samos.NEF
2026-01-10 14:04:02 - media_renamer_app - WARNING - Install exifread for better RAW support: pip install exifread
2026-01-10 14:04:02 - media_renamer_app - INFO - Successfully extracted date from image D:\Photos\Nef\Samos\ 2024.08.11-12.41.25.086.Samos.NEF: 2024-08-11 12:41:25
2026-01-10 14:04:02 - media_renamer_app - WARNING - exifread not available for RAW file GPS extraction: D:\Photos\Nef\Samos\ 2024.08.11-12.41.25.086.Samos.NEF
2026-01-10 14:04:02 - media_renamer_app - WARNING - Install exifread for better RAW support: pip install exifread
2026-01-10 14:04:02 - media_renamer_app - INFO - Successfully extracted date from image D:\Photos\Nef\Samos\ 2024.08.11-12.41.27.087.Samos.NEF: 2024-08-11 12:41:27
2026-01-10 14:04:02 - media_renamer_app - WARNING - exifread not available for RAW file GPS extraction: D:\Photos\Nef\Samos\ 2024.08.11-12.41.27.087.Samos.NEF
2026-01-10 14:04:02 - media_renamer_app - WARNING - Install exifread for better RAW support: pip install exifread
2026-01-10 14:04:02 - media_renamer_app - INFO - Successfully extracted date from image D:\Photos\Nef\Samos\ 2024.08.11-12.41.37.088.Samos.NEF: 2024-08-11 12:41:37
2026-01-10 14:04:02 - media_renamer_app - WARNING - exifread not available for RAW file GPS extraction: D:\Photos\Nef\Samos\ 2024.08.11-12.41.37.088.Samos.NEF
2026-01-10 14:04:02 - media_renamer_app - WARNING - Install exifread for better RAW support: pip install exifread
2026-01-10 14:04:02 - media_renamer_app - INFO - Successfully extracted date from image D:\Photos\Nef\Samos\ 2024.08.11-12.41.41.089.Samos.NEF: 2024-08-11 12:41:41
2026-01-10 14:04:02 - media_renamer_app - WARNING - exifread not available for RAW file GPS extraction: D:\Photos\Nef\Samos\ 2024.08.11-12.41.41.089.Samos.NEF
2026-01-10 14:04:02 - media_renamer_app - WARNING - Install exifread for better RAW support: pip install exifread
2026-01-10 14:04:02 - media_renamer_app - INFO - Successfully extracted date from image D:\Photos\Nef\Samos\ 2024.08.11-12.41.43.090.Samos.NEF: 2024-08-11 12:41:43
2026-01-10 14:04:02 - media_renamer_app - WARNING - exifread not available for RAW file GPS extraction: D:\Photos\Nef\Samos\ 2024.08.11-12.41.43.090.Samos.NEF
2026-01-10 14:04:02 - media_renamer_app - WARNING - Install exifread for better RAW support: pip install exifread
2026-01-10 14:04:02 - media_renamer_app - INFO - Successfully extracted date from image D:\Photos\Nef\Samos\ 2024.08.11-12.41.50.091.Samos.NEF: 2024-08-11 12:41:50
2026-01-10 14:04:02 - media_renamer_app - WARNING - exifread not available for RAW file GPS extraction: D:\Photos\Nef\Samos\ 2024.08.11-12.41.50.091.Samos.NEF
2026-01-10 14:04:02 - media_renamer_app - WARNING - Install exifread for better RAW support: pip install exifread
2026-01-10 14:04:02 - media_renamer_app - INFO - Successfully extracted date from image D:\Photos\Nef\Samos\ 2024.08.11-12.41.53.092.Samos.NEF: 2024-08-11 12:41:53
2026-01-10 14:04:02 - media_renamer_app - WARNING - exifread not available for RAW file GPS extraction: D:\Photos\Nef\Samos\ 2024.08.11-12.41.53.092.Samos.NEF
2026-01-10 14:04:02 - media_renamer_app - WARNING - Install exifread for better RAW support: pip install exifread
2026-01-10 14:04:02 - media_renamer_app - INFO - Successfully extracted date from image D:\Photos\Nef\Samos\ 2024.08.11-12.42.22.093.Samos.NEF: 2024-08-11 12:42:22
2026-01-10 14:04:02 - media_renamer_app - WARNING - exifread not available for RAW file GPS extraction: D:\Photos\Nef\Samos\ 2024.08.11-12.42.22.093.Samos.NEF
2026-01-10 14:04:02 - media_renamer_app - WARNING - Install exifread for better RAW support: pip install exifread
2026-01-10 14:04:02 - media_renamer_app - INFO - Successfully extracted date from image D:\Photos\Nef\Samos\ 2024.08.11-12.42.23.094.Samos.NEF: 2024-08-11 12:42:23
2026-01-10 14:04:02 - media_renamer_app - WARNING - exifread not available for RAW file GPS extraction: D:\Photos\Nef\Samos\ 2024.08.11-12.42.23.094.Samos.NEF
2026-01-10 14:04:02 - media_renamer_app - WARNING - Install exifread for better RAW support: pip install exifread
2026-01-10 14:04:02 - media_renamer_app - INFO - Successfully extracted date from image D:\Photos\Nef\Samos\ 2024.08.11-12.42.28.095.Samos.NEF: 2024-08-11 12:42:28
2026-01-10 14:04:02 - media_renamer_app - WARNING - exifread not available for RAW file GPS extraction: D:\Photos\Nef\Samos\ 2024.08.11-12.42.28.095.Samos.NEF
2026-01-10 14:04:02 - media_renamer_app - WARNING - Install exifread for better RAW support: pip install exifread
2026-01-10 14:04:02 - media_renamer_app - INFO - Successfully extracted date from image D:\Photos\Nef\Samos\ 2024.08.11-12.42.30.096.Samos.NEF: 2024-08-11 12:42:30
2026-01-10 14:04:02 - media_renamer_app - WARNING - exifread not available for RAW file GPS extraction: D:\Photos\Nef\Samos\ 2024.08.11-12.42.30.096.Samos.NEF
2026-01-10 14:04:02 - media_renamer_app - WARNING - Install exifread for better RAW support: pip install exifread
2026-01-10 14:04:02 - media_renamer_app - INFO - Successfully extracted date from image D:\Photos\Nef\Samos\ 2024.08.11-12.42.32.097.Samos.NEF: 2024-08-11 12:42:32
2026-01-10 14:04:02 - media_renamer_app - WARNING - exifread not available for RAW file GPS extraction: D:\Photos\Nef\Samos\ 2024.08.11-12.42.32.097.Samos.NEF
2026-01-10 14:04:02 - media_renamer_app - WARNING - Install exifread for better RAW support: pip install exifread
2026-01-10 14:04:02 - media_renamer_app - INFO - Successfully extracted date from image D:\Photos\Nef\Samos\ 2024.08.11-12.47.53.098.Samos.NEF: 2024-08-11 12:47:53
2026-01-10 14:04:02 - media_renamer_app - WARNING - exifread not available for RAW file GPS extraction: D:\Photos\Nef\Samos\ 2024.08.11-12.47.53.098.Samos.NEF
2026-01-10 14:04:02 - media_renamer_app - WARNING - Install exifread for better RAW support: pip install exifread
2026-01-10 14:04:02 - media_renamer_app - INFO - Successfully extracted date from image D:\Photos\Nef\Samos\ 2024.08.11-12.47.55.099.Samos.NEF: 2024-08-11 12:47:55
2026-01-10 14:04:02 - media_renamer_app - WARNING - exifread not available for RAW file GPS extraction: D:\Photos\Nef\Samos\ 2024.08.11-12.47.55.099.Samos.NEF
2026-01-10 14:04:02 - media_renamer_app - WARNING - Install exifread for better RAW support: pip install exifread
2026-01-10 14:04:02 - media_renamer_app - INFO - Successfully extracted date from image D:\Photos\Nef\Samos\ 2024.08.11-12.47.58.100.Samos.NEF: 2024-08-11 12:47:58
2026-01-10 14:04:02 - media_renamer_app - WARNING - exifread not available for RAW file GPS extraction: D:\Photos\Nef\Samos\ 2024.08.11-12.47.58.100.Samos.NEF
2026-01-10 14:04:02 - media_renamer_app - WARNING - Install exifread for better RAW support: pip install exifread
2026-01-10 14:04:02 - media_renamer_app - INFO - Successfully extracted date from image D:\Photos\Nef\Samos\ 2024.08.11-12.48.21.101.Samos.NEF: 2024-08-11 12:48:21
2026-01-10 14:04:02 - media_renamer_app - WARNING - exifread not available for RAW file GPS extraction: D:\Photos\Nef\Samos\ 2024.08.11-12.48.21.101.Samos.NEF
2026-01-10 14:04:02 - media_renamer_app - WARNING - Install exifread for better RAW support: pip install exifread
2026-01-10 14:04:02 - media_renamer_app - INFO - Successfully extracted date from image D:\Photos\Nef\Samos\ 2024.08.11-12.48.24.102.Samos.NEF: 2024-08-11 12:48:24
2026-01-10 14:04:02 - media_renamer_app - WARNING - exifread not available for RAW file GPS extraction: D:\Photos\Nef\Samos\ 2024.08.11-12.48.24.102.Samos.NEF
2026-01-10 14:04:02 - media_renamer_app - WARNING - Install exifread for better RAW support: pip install exifread
2026-01-10 14:04:02 - media_renamer_app - INFO - Successfully extracted date from image D:\Photos\Nef\Samos\ 2024.08.11-12.51.08.103.Samos.NEF: 2024-08-11 12:51:08
2026-01-10 14:04:02 - media_renamer_app - WARNING - exifread not available for RAW file GPS extraction: D:\Photos\Nef\Samos\ 2024.08.11-12.51.08.103.Samos.NEF
2026-01-10 14:04:02 - media_renamer_app - WARNING - Install exifread for better RAW support: pip install exifread
2026-01-10 14:04:02 - media_renamer_app - INFO - Successfully extracted date from image D:\Photos\Nef\Samos\ 2024.08.11-12.51.28.104.Samos.NEF: 2024-08-11 12:51:28
2026-01-10 14:04:02 - media_renamer_app - WARNING - exifread not available for RAW file GPS extraction: D:\Photos\Nef\Samos\ 2024.08.11-12.51.28.104.Samos.NEF
2026-01-10 14:04:02 - media_renamer_app - WARNING - Install exifread for better RAW support: pip install exifread
2026-01-10 14:04:02 - media_renamer_app - INFO - Successfully extracted date from image D:\Photos\Nef\Samos\ 2024.08.11-12.51.48.105.Samos.NEF: 2024-08-11 12:51:48
2026-01-10 14:04:02 - media_renamer_app - WARNING - exifread not available for RAW file GPS extraction: D:\Photos\Nef\Samos\ 2024.08.11-12.51.48.105.Samos.NEF
2026-01-10 14:04:02 - media_renamer_app - WARNING - Install exifread for better RAW support: pip install exifread
2026-01-10 14:04:02 - media_renamer_app - INFO - Successfully extracted date from image D:\Photos\Nef\Samos\ 2024.08.11-12.51.51.106.Samos.NEF: 2024-08-11 12:51:51
2026-01-10 14:04:02 - media_renamer_app - WARNING - exifread not available for RAW file GPS extraction: D:\Photos\Nef\Samos\ 2024.08.11-12.51.51.106.Samos.NEF
2026-01-10 14:04:02 - media_renamer_app - WARNING - Install exifread for better RAW support: pip install exifread
2026-01-10 14:04:02 - media_renamer_app - INFO - Successfully extracted date from image D:\Photos\Nef\Samos\ 2024.08.11-12.51.59.107.Samos.NEF: 2024-08-11 12:51:59
2026-01-10 14:04:02 - media_renamer_app - WARNING - exifread not available for RAW file GPS extraction: D:\Photos\Nef\Samos\ 2024.08.11-12.51.59.107.Samos.NEF
2026-01-10 14:04:02 - media_renamer_app - WARNING - Install exifread for better RAW support: pip install exifread
2026-01-10 14:04:02 - media_renamer_app - INFO - Successfully extracted date from image D:\Photos\Nef\Samos\ 2024.08.11-12.52.02.108.Samos.NEF: 2024-08-11 12:52:02
2026-01-10 14:04:02 - media_renamer_app - WARNING - exifread not available for RAW file GPS extraction: D:\Photos\Nef\Samos\ 2024.08.11-12.52.02.108.Samos.NEF
2026-01-10 14:04:02 - media_renamer_app - WARNING - Install exifread for better RAW support: pip install exifread
2026-01-10 14:04:02 - media_renamer_app - INFO - Successfully extracted date from image D:\Photos\Nef\Samos\ 2024.08.11-12.52.04.109.Samos.NEF: 2024-08-11 12:52:04
2026-01-10 14:04:02 - media_renamer_app - WARNING - exifread not available for RAW file GPS extraction: D:\Photos\Nef\Samos\ 2024.08.11-12.52.04.109.Samos.NEF
2026-01-10 14:04:02 - media_renamer_app - WARNING - Install exifread for better RAW support: pip install exifread
2026-01-10 14:04:02 - media_renamer_app - INFO - Successfully extracted date from image D:\Photos\Nef\Samos\ 2024.08.11-12.52.05.110.Samos.NEF: 2024-08-11 12:52:05
2026-01-10 14:04:02 - media_renamer_app - WARNING - exifread not available for RAW file GPS extraction: D:\Photos\Nef\Samos\ 2024.08.11-12.52.05.110.Samos.NEF
2026-01-10 14:04:02 - media_renamer_app - WARNING - Install exifread for better RAW support: pip install exifread
2026-01-10 14:04:02 - media_renamer_app - INFO - Successfully extracted date from image D:\Photos\Nef\Samos\ 2024.08.11-12.52.07.111.Samos.NEF: 2024-08-11 12:52:07
2026-01-10 14:04:02 - media_renamer_app - WARNING - exifread not available for RAW file GPS extraction: D:\Photos\Nef\Samos\ 2024.08.11-12.52.07.111.Samos.NEF
2026-01-10 14:04:02 - media_renamer_app - WARNING - Install exifread for better RAW support: pip install exifread
2026-01-10 14:04:02 - media_renamer_app - INFO - Successfully extracted date from image D:\Photos\Nef\Samos\ 2024.08.11-12.52.08.112.Samos.NEF: 2024-08-11 12:52:08
2026-01-10 14:04:02 - media_renamer_app - WARNING - exifread not available for RAW file GPS extraction: D:\Photos\Nef\Samos\ 2024.08.11-12.52.08.112.Samos.NEF
2026-01-10 14:04:02 - media_renamer_app - WARNING - Install exifread for better RAW support: pip install exifread
2026-01-10 14:04:02 - media_renamer_app - INFO - Successfully extracted date from image D:\Photos\Nef\Samos\ 2024.08.11-13.05.41.113.Samos.NEF: 2024-08-11 13:05:41
2026-01-10 14:04:02 - media_renamer_app - WARNING - exifread not available for RAW file GPS extraction: D:\Photos\Nef\Samos\ 2024.08.11-13.05.41.113.Samos.NEF
2026-01-10 14:04:02 - media_renamer_app - WARNING - Install exifread for better RAW support: pip install exifread
2026-01-10 14:04:02 - media_renamer_app - INFO - Successfully extracted date from image D:\Photos\Nef\Samos\ 2024.08.11-13.05.43.114.Samos.NEF: 2024-08-11 13:05:43
2026-01-10 14:04:02 - media_renamer_app - WARNING - exifread not available for RAW file GPS extraction: D:\Photos\Nef\Samos\ 2024.08.11-13.05.43.114.Samos.NEF
2026-01-10 14:04:02 - media_renamer_app - WARNING - Install exifread for better RAW support: pip install exifread
2026-01-10 14:04:02 - media_renamer_app - INFO - Successfully extracted date from image D:\Photos\Nef\Samos\ 2024.08.11-13.06.04.115.Samos.NEF: 2024-08-11 13:06:04
2026-01-10 14:04:02 - media_renamer_app - WARNING - exifread not available for RAW file GPS extraction: D:\Photos\Nef\Samos\ 2024.08.11-13.06.04.115.Samos.NEF
2026-01-10 14:04:02 - media_renamer_app - WARNING - Install exifread for better RAW support: pip install exifread
2026-01-10 14:04:02 - media_renamer_app - INFO - Successfully extracted date from image D:\Photos\Nef\Samos\ 2024.08.11-13.06.07.116.Samos.NEF: 2024-08-11 13:06:07
2026-01-10 14:04:02 - media_renamer_app - WARNING - exifread not available for RAW file GPS extraction: D:\Photos\Nef\Samos\ 2024.08.11-13.06.07.116.Samos.NEF
2026-01-10 14:04:02 - media_renamer_app - WARNING - Install exifread for better RAW support: pip install exifread
2026-01-10 14:04:02 - media_renamer_app - INFO - Successfully extracted date from image D:\Photos\Nef\Samos\ 2024.08.11-13.07.08.117.Samos.NEF: 2024-08-11 13:07:08
2026-01-10 14:04:02 - media_renamer_app - WARNING - exifread not available for RAW file GPS extraction: D:\Photos\Nef\Samos\ 2024.08.11-13.07.08.117.Samos.NEF
2026-01-10 14:04:02 - media_renamer_app - WARNING - Install exifread for better RAW support: pip install exifread
2026-01-10 14:04:02 - media_renamer_app - INFO - Successfully extracted date from image D:\Photos\Nef\Samos\ 2024.08.11-13.07.19.118.Samos.NEF: 2024-08-11 13:07:19
2026-01-10 14:04:02 - media_renamer_app - WARNING - exifread not available for RAW file GPS extraction: D:\Photos\Nef\Samos\ 2024.08.11-13.07.19.118.Samos.NEF
2026-01-10 14:04:02 - media_renamer_app - WARNING - Install exifread for better RAW support: pip install exifread
2026-01-10 14:04:02 - media_renamer_app - INFO - Successfully extracted date from image D:\Photos\Nef\Samos\ 2024.08.11-13.07.20.119.Samos.NEF: 2024-08-11 13:07:20
2026-01-10 14:04:02 - media_renamer_app - WARNING - exifread not available for RAW file GPS extraction: D:\Photos\Nef\Samos\ 2024.08.11-13.07.20.119.Samos.NEF
2026-01-10 14:04:02 - media_renamer_app - WARNING - Install exifread for better RAW support: pip install exifread
2026-01-10 14:04:02 - media_renamer_app - INFO - Successfully extracted date from image D:\Photos\Nef\Samos\ 2024.08.11-13.10.14.120.Samos.NEF: 2024-08-11 13:10:14
2026-01-10 14:04:02 - media_renamer_app - WARNING - exifread not available for RAW file GPS extraction: D:\Photos\Nef\Samos\ 2024.08.11-13.10.14.120.Samos.NEF
2026-01-10 14:04:02 - media_renamer_app - WARNING - Install exifread for better RAW support: pip install exifread
2026-01-10 14:04:02 - media_renamer_app - INFO - Successfully extracted date from image D:\Photos\Nef\Samos\ 2024.08.11-13.10.19.121.Samos.NEF: 2024-08-11 13:10:19
2026-01-10 14:04:02 - media_renamer_app - WARNING - exifread not available for RAW file GPS extraction: D:\Photos\Nef\Samos\ 2024.08.11-13.10.19.121.Samos.NEF
2026-01-10 14:04:02 - media_renamer_app - WARNING - Install exifread for better RAW support: pip install exifread
2026-01-10 14:04:02 - media_renamer_app - INFO - Successfully extracted date from image D:\Photos\Nef\Samos\ 2024.08.11-13.10.21.122.Samos.NEF: 2024-08-11 13:10:21
2026-01-10 14:04:02 - media_renamer_app - WARNING - exifread not available for RAW file GPS extraction: D:\Photos\Nef\Samos\ 2024.08.11-13.10.21.122.Samos.NEF
2026-01-10 14:04:02 - media_renamer_app - WARNING - Install exifread for better RAW support: pip install exifread
2026-01-10 14:04:02 - media_renamer_app - INFO - Successfully extracted date from image D:\Photos\Nef\Samos\ 2024.08.11-13.10.34.123.Samos.NEF: 2024-08-11 13:10:34
2026-01-10 14:04:02 - media_renamer_app - WARNING - exifread not available for RAW file GPS extraction: D:\Photos\Nef\Samos\ 2024.08.11-13.10.34.123.Samos.NEF
2026-01-10 14:04:02 - media_renamer_app - WARNING - Install exifread for better RAW support: pip install exifread
2026-01-10 14:04:02 - media_renamer_app - INFO - Successfully extracted date from image D:\Photos\Nef\Samos\ 2024.08.11-13.10.37.124.Samos.NEF: 2024-08-11 13:10:37
2026-01-10 14:04:02 - media_renamer_app - WARNING - exifread not available for RAW file GPS extraction: D:\Photos\Nef\Samos\ 2024.08.11-13.10.37.124.Samos.NEF
2026-01-10 14:04:02 - media_renamer_app - WARNING - Install exifread for better RAW support: pip install exifread
2026-01-10 14:04:02 - media_renamer_app - INFO - Successfully extracted date from image D:\Photos\Nef\Samos\ 2024.08.11-13.10.39.125.Samos.NEF: 2024-08-11 13:10:39
2026-01-10 14:04:02 - media_renamer_app - WARNING - exifread not available for RAW file GPS extraction: D:\Photos\Nef\Samos\ 2024.08.11-13.10.39.125.Samos.NEF
2026-01-10 14:04:02 - media_renamer_app - WARNING - Install exifread for better RAW support: pip install exifread
2026-01-10 14:04:02 - media_renamer_app - INFO - Successfully extracted date from image D:\Photos\Nef\Samos\ 2024.08.11-13.10.59.126.Samos.NEF: 2024-08-11 13:10:59
2026-01-10 14:04:02 - media_renamer_app - WARNING - exifread not available for RAW file GPS extraction: D:\Photos\Nef\Samos\ 2024.08.11-13.10.59.126.Samos.NEF
2026-01-10 14:04:02 - media_renamer_app - WARNING - Install exifread for better RAW support: pip install exifread
2026-01-10 14:04:02 - media_renamer_app - INFO - Successfully extracted date from image D:\Photos\Nef\Samos\ 2024.08.11-13.11.02.127.Samos.NEF: 2024-08-11 13:11:02
2026-01-10 14:04:02 - media_renamer_app - WARNING - exifread not available for RAW file GPS extraction: D:\Photos\Nef\Samos\ 2024.08.11-13.11.02.127.Samos.NEF
2026-01-10 14:04:02 - media_renamer_app - WARNING - Install exifread for better RAW support: pip install exifread
2026-01-10 14:04:02 - media_renamer_app - INFO - Successfully extracted date from image D:\Photos\Nef\Samos\ 2024.08.11-13.11.04.128.Samos.NEF: 2024-08-11 13:11:04
2026-01-10 14:04:02 - media_renamer_app - WARNING - exifread not available for RAW file GPS extraction: D:\Photos\Nef\Samos\ 2024.08.11-13.11.04.128.Samos.NEF
2026-01-10 14:04:02 - media_renamer_app - WARNING - Install exifread for better RAW support: pip install exifread
2026-01-10 14:04:02 - media_renamer_app - INFO - Successfully extracted date from image D:\Photos\Nef\Samos\ 2024.08.11-13.11.16.129.Samos.NEF: 2024-08-11 13:11:16
2026-01-10 14:04:02 - media_renamer_app - WARNING - exifread not available for RAW file GPS extraction: D:\Photos\Nef\Samos\ 2024.08.11-13.11.16.129.Samos.NEF
2026-01-10 14:04:02 - media_renamer_app - WARNING - Install exifread for better RAW support: pip install exifread
2026-01-10 14:04:02 - media_renamer_app - INFO - Successfully extracted date from image D:\Photos\Nef\Samos\ 2024.08.11-13.11.18.130.Samos.NEF: 2024-08-11 13:11:18
2026-01-10 14:04:02 - media_renamer_app - WARNING - exifread not available for RAW file GPS extraction: D:\Photos\Nef\Samos\ 2024.08.11-13.11.18.130.Samos.NEF
2026-01-10 14:04:02 - media_renamer_app - WARNING - Install exifread for better RAW support: pip install exifread
2026-01-10 14:04:02 - media_renamer_app - INFO - Successfully extracted date from image D:\Photos\Nef\Samos\ 2024.08.11-13.11.21.131.Samos.NEF: 2024-08-11 13:11:21
2026-01-10 14:04:02 - media_renamer_app - WARNING - exifread not available for RAW file GPS extraction: D:\Photos\Nef\Samos\ 2024.08.11-13.11.21.131.Samos.NEF
2026-01-10 14:04:02 - media_renamer_app - WARNING - Install exifread for better RAW support: pip install exifread
2026-01-10 14:04:02 - media_renamer_app - INFO - Successfully extracted date from image D:\Photos\Nef\Samos\ 2024.08.11-13.11.22.132.Samos.NEF: 2024-08-11 13:11:22
2026-01-10 14:04:02 - media_renamer_app - WARNING - exifread not available for RAW file GPS extraction: D:\Photos\Nef\Samos\ 2024.08.11-13.11.22.132.Samos.NEF
2026-01-10 14:04:02 - media_renamer_app - WARNING - Install exifread for better RAW support: pip install exifread
2026-01-10 14:04:02 - media_renamer_app - INFO - Successfully extracted date from image D:\Photos\Nef\Samos\ 2024.08.11-13.11.24.133.Samos.NEF: 2024-08-11 13:11:24
2026-01-10 14:04:02 - media_renamer_app - WARNING - exifread not available for RAW file GPS extraction: D:\Photos\Nef\Samos\ 2024.08.11-13.11.24.133.Samos.NEF
2026-01-10 14:04:02 - media_renamer_app - WARNING - Install exifread for better RAW support: pip install exifread
2026-01-10 14:04:02 - media_renamer_app - INFO - Successfully extracted date from image D:\Photos\Nef\Samos\ 2024.08.11-13.11.35.134.Samos.NEF: 2024-08-11 13:11:35
2026-01-10 14:04:02 - media_renamer_app - WARNING - exifread not available for RAW file GPS extraction: D:\Photos\Nef\Samos\ 2024.08.11-13.11.35.134.Samos.NEF
2026-01-10 14:04:02 - media_renamer_app - WARNING - Install exifread for better RAW support: pip install exifread
2026-01-10 14:04:02 - media_renamer_app - INFO - Successfully extracted date from image D:\Photos\Nef\Samos\ 2024.08.11-13.11.40.135.Samos.NEF: 2024-08-11 13:11:40
2026-01-10 14:04:02 - media_renamer_app - WARNING - exifread not available for RAW file GPS extraction: D:\Photos\Nef\Samos\ 2024.08.11-13.11.40.135.Samos.NEF
2026-01-10 14:04:02 - media_renamer_app - WARNING - Install exifread for better RAW support: pip install exifread
2026-01-10 14:04:02 - media_renamer_app - INFO - Successfully extracted date from image D:\Photos\Nef\Samos\ 2024.08.11-13.12.12.136.Samos.NEF: 2024-08-11 13:12:12
2026-01-10 14:04:02 - media_renamer_app - WARNING - exifread not available for RAW file GPS extraction: D:\Photos\Nef\Samos\ 2024.08.11-13.12.12.136.Samos.NEF
2026-01-10 14:04:02 - media_renamer_app - WARNING - Install exifread for better RAW support: pip install exifread
2026-01-10 14:04:02 - media_renamer_app - INFO - Successfully extracted date from image D:\Photos\Nef\Samos\ 2024.08.11-13.12.19.137.Samos.NEF: 2024-08-11 13:12:19
2026-01-10 14:04:02 - media_renamer_app - WARNING - exifread not available for RAW file GPS extraction: D:\Photos\Nef\Samos\ 2024.08.11-13.12.19.137.Samos.NEF
2026-01-10 14:04:02 - media_renamer_app - WARNING - Install exifread for better RAW support: pip install exifread
2026-01-10 14:04:03 - media_renamer_app - INFO - Successfully extracted date from image D:\Photos\Nef\Samos\ 2024.08.11-13.12.21.138.Samos.NEF: 2024-08-11 13:12:21
2026-01-10 14:04:03 - media_renamer_app - WARNING - exifread not available for RAW file GPS extraction: D:\Photos\Nef\Samos\ 2024.08.11-13.12.21.138.Samos.NEF
2026-01-10 14:04:03 - media_renamer_app - WARNING - Install exifread for better RAW support: pip install exifread
2026-01-10 14:04:03 - media_renamer_app - INFO - Successfully extracted date from image D:\Photos\Nef\Samos\ 2024.08.11-13.39.10.139.Samos.NEF: 2024-08-11 13:39:10
2026-01-10 14:04:03 - media_renamer_app - WARNING - exifread not available for RAW file GPS extraction: D:\Photos\Nef\Samos\ 2024.08.11-13.39.10.139.Samos.NEF
2026-01-10 14:04:03 - media_renamer_app - WARNING - Install exifread for better RAW support: pip install exifread
2026-01-10 14:04:03 - media_renamer_app - INFO - Successfully extracted date from image D:\Photos\Nef\Samos\ 2024.08.11-13.39.14.140.Samos.NEF: 2024-08-11 13:39:14
2026-01-10 14:04:03 - media_renamer_app - WARNING - exifread not available for RAW file GPS extraction: D:\Photos\Nef\Samos\ 2024.08.11-13.39.14.140.Samos.NEF
2026-01-10 14:04:03 - media_renamer_app - WARNING - Install exifread for better RAW support: pip install exifread
2026-01-10 14:04:03 - media_renamer_app - INFO - Successfully extracted date from image D:\Photos\Nef\Samos\ 2024.08.11-13.39.18.141.Samos.NEF: 2024-08-11 13:39:18
2026-01-10 14:04:03 - media_renamer_app - WARNING - exifread not available for RAW file GPS extraction: D:\Photos\Nef\Samos\ 2024.08.11-13.39.18.141.Samos.NEF
2026-01-10 14:04:03 - media_renamer_app - WARNING - Install exifread for better RAW support: pip install exifread
2026-01-10 14:04:03 - media_renamer_app - INFO - Successfully extracted date from image D:\Photos\Nef\Samos\ 2024.08.11-13.39.53.142.Samos.NEF: 2024-08-11 13:39:53
2026-01-10 14:04:03 - media_renamer_app - WARNING - exifread not available for RAW file GPS extraction: D:\Photos\Nef\Samos\ 2024.08.11-13.39.53.142.Samos.NEF
2026-01-10 14:04:03 - media_renamer_app - WARNING - Install exifread for better RAW support: pip install exifread
2026-01-10 14:04:03 - media_renamer_app - INFO - Successfully extracted date from image D:\Photos\Nef\Samos\ 2024.08.11-13.40.03.143.Samos.NEF: 2024-08-11 13:40:03
2026-01-10 14:04:03 - media_renamer_app - WARNING - exifread not available for RAW file GPS extraction: D:\Photos\Nef\Samos\ 2024.08.11-13.40.03.143.Samos.NEF
2026-01-10 14:04:03 - media_renamer_app - WARNING - Install exifread for better RAW support: pip install exifread
2026-01-10 14:04:03 - media_renamer_app - INFO - Successfully extracted date from image D:\Photos\Nef\Samos\ 2024.08.11-13.40.04.144.Samos.NEF: 2024-08-11 13:40:04
2026-01-10 14:04:03 - media_renamer_app - WARNING - exifread not available for RAW file GPS extraction: D:\Photos\Nef\Samos\ 2024.08.11-13.40.04.144.Samos.NEF
2026-01-10 14:04:03 - media_renamer_app - WARNING - Install exifread for better RAW support: pip install exifread
2026-01-10 14:04:03 - media_renamer_app - INFO - Successfully extracted date from image D:\Photos\Nef\Samos\ 2024.08.11-13.40.05.145.Samos.NEF: 2024-08-11 13:40:05
2026-01-10 14:04:03 - media_renamer_app - WARNING - exifread not available for RAW file GPS extraction: D:\Photos\Nef\Samos\ 2024.08.11-13.40.05.145.Samos.NEF
2026-01-10 14:04:03 - media_renamer_app - WARNING - Install exifread for better RAW support: pip install exifread
2026-01-10 14:04:03 - media_renamer_app - INFO - Successfully extracted date from image D:\Photos\Nef\Samos\ 2024.08.11-13.40.08.146.Samos.NEF: 2024-08-11 13:40:08
2026-01-10 14:04:03 - media_renamer_app - WARNING - exifread not available for RAW file GPS extraction: D:\Photos\Nef\Samos\ 2024.08.11-13.40.08.146.Samos.NEF
2026-01-10 14:04:03 - media_renamer_app - WARNING - Install exifread for better RAW support: pip install exifread
2026-01-10 14:04:03 - media_renamer_app - INFO - Successfully extracted date from image D:\Photos\Nef\Samos\ 2024.08.11-13.40.08.147.Samos.NEF: 2024-08-11 13:40:08
2026-01-10 14:04:03 - media_renamer_app - WARNING - exifread not available for RAW file GPS extraction: D:\Photos\Nef\Samos\ 2024.08.11-13.40.08.147.Samos.NEF
2026-01-10 14:04:03 - media_renamer_app - WARNING - Install exifread for better RAW support: pip install exifread
2026-01-10 14:04:03 - media_renamer_app - INFO - Successfully extracted date from image D:\Photos\Nef\Samos\ 2024.08.11-13.40.14.148.Samos.NEF: 2024-08-11 13:40:14
2026-01-10 14:04:03 - media_renamer_app - WARNING - exifread not available for RAW file GPS extraction: D:\Photos\Nef\Samos\ 2024.08.11-13.40.14.148.Samos.NEF
2026-01-10 14:04:03 - media_renamer_app - WARNING - Install exifread for better RAW support: pip install exifread
2026-01-10 14:04:03 - media_renamer_app - INFO - Successfully extracted date from image D:\Photos\Nef\Samos\ 2024.08.11-13.40.15.149.Samos.NEF: 2024-08-11 13:40:15
2026-01-10 14:04:03 - media_renamer_app - WARNING - exifread not available for RAW file GPS extraction: D:\Photos\Nef\Samos\ 2024.08.11-13.40.15.149.Samos.NEF
2026-01-10 14:04:03 - media_renamer_app - WARNING - Install exifread for better RAW support: pip install exifread
2026-01-10 14:04:03 - media_renamer_app - INFO - Successfully extracted date from image D:\Photos\Nef\Samos\ 2024.08.11-13.40.17.150.Samos.NEF: 2024-08-11 13:40:17
2026-01-10 14:04:03 - media_renamer_app - WARNING - exifread not available for RAW file GPS extraction: D:\Photos\Nef\Samos\ 2024.08.11-13.40.17.150.Samos.NEF
2026-01-10 14:04:03 - media_renamer_app - WARNING - Install exifread for better RAW support: pip install exifread
2026-01-10 14:04:03 - media_renamer_app - INFO - Successfully extracted date from image D:\Photos\Nef\Samos\ 2024.08.11-13.40.43.151.Samos.NEF: 2024-08-11 13:40:43
2026-01-10 14:04:03 - media_renamer_app - WARNING - exifread not available for RAW file GPS extraction: D:\Photos\Nef\Samos\ 2024.08.11-13.40.43.151.Samos.NEF
2026-01-10 14:04:03 - media_renamer_app - WARNING - Install exifread for better RAW support: pip install exifread
2026-01-10 14:04:03 - media_renamer_app - INFO - Successfully extracted date from image D:\Photos\Nef\Samos\ 2024.08.11-13.40.59.152.Samos.NEF: 2024-08-11 13:40:59
2026-01-10 14:04:03 - media_renamer_app - WARNING - exifread not available for RAW file GPS extraction: D:\Photos\Nef\Samos\ 2024.08.11-13.40.59.152.Samos.NEF
2026-01-10 14:04:03 - media_renamer_app - WARNING - Install exifread for better RAW support: pip install exifread
2026-01-10 14:04:03 - media_renamer_app - INFO - Successfully extracted date from image D:\Photos\Nef\Samos\ 2024.08.11-13.40.59.153.Samos.NEF: 2024-08-11 13:40:59
2026-01-10 14:04:03 - media_renamer_app - WARNING - exifread not available for RAW file GPS extraction: D:\Photos\Nef\Samos\ 2024.08.11-13.40.59.153.Samos.NEF
2026-01-10 14:04:03 - media_renamer_app - WARNING - Install exifread for better RAW support: pip install exifread
2026-01-10 14:04:03 - media_renamer_app - INFO - Successfully extracted date from image D:\Photos\Nef\Samos\ 2024.08.11-13.41.12.154.Samos.NEF: 2024-08-11 13:41:12
2026-01-10 14:04:03 - media_renamer_app - WARNING - exifread not available for RAW file GPS extraction: D:\Photos\Nef\Samos\ 2024.08.11-13.41.12.154.Samos.NEF
2026-01-10 14:04:03 - media_renamer_app - WARNING - Install exifread for better RAW support: pip install exifread
2026-01-10 14:04:03 - media_renamer_app - INFO - Successfully extracted date from image D:\Photos\Nef\Samos\ 2024.08.11-13.41.13.155.Samos.NEF: 2024-08-11 13:41:13
2026-01-10 14:04:03 - media_renamer_app - WARNING - exifread not available for RAW file GPS extraction: D:\Photos\Nef\Samos\ 2024.08.11-13.41.13.155.Samos.NEF
2026-01-10 14:04:03 - media_renamer_app - WARNING - Install exifread for better RAW support: pip install exifread
2026-01-10 14:04:03 - media_renamer_app - INFO - Successfully extracted date from image D:\Photos\Nef\Samos\ 2024.08.11-13.41.14.156.Samos.NEF: 2024-08-11 13:41:14
2026-01-10 14:04:03 - media_renamer_app - WARNING - exifread not available for RAW file GPS extraction: D:\Photos\Nef\Samos\ 2024.08.11-13.41.14.156.Samos.NEF
2026-01-10 14:04:03 - media_renamer_app - WARNING - Install exifread for better RAW support: pip install exifread
2026-01-10 14:04:03 - media_renamer_app - INFO - Successfully extracted date from image D:\Photos\Nef\Samos\ 2024.08.11-13.41.14.157.Samos.NEF: 2024-08-11 13:41:14
2026-01-10 14:04:03 - media_renamer_app - WARNING - exifread not available for RAW file GPS extraction: D:\Photos\Nef\Samos\ 2024.08.11-13.41.14.157.Samos.NEF
2026-01-10 14:04:03 - media_renamer_app - WARNING - Install exifread for better RAW support: pip install exifread
2026-01-10 14:04:03 - media_renamer_app - INFO - Successfully extracted date from image D:\Photos\Nef\Samos\ 2024.08.11-13.41.14.158.Samos.NEF: 2024-08-11 13:41:14
2026-01-10 14:04:03 - media_renamer_app - WARNING - exifread not available for RAW file GPS extraction: D:\Photos\Nef\Samos\ 2024.08.11-13.41.14.158.Samos.NEF
2026-01-10 14:04:03 - media_renamer_app - WARNING - Install exifread for better RAW support: pip install exifread
2026-01-10 14:04:03 - media_renamer_app - INFO - Successfully extracted date from image D:\Photos\Nef\Samos\ 2024.08.11-13.41.15.159.Samos.NEF: 2024-08-11 13:41:15
2026-01-10 14:04:03 - media_renamer_app - WARNING - exifread not available for RAW file GPS extraction: D:\Photos\Nef\Samos\ 2024.08.11-13.41.15.159.Samos.NEF
2026-01-10 14:04:03 - media_renamer_app - WARNING - Install exifread for better RAW support: pip install exifread
2026-01-10 14:04:03 - media_renamer_app - INFO - Successfully extracted date from image D:\Photos\Nef\Samos\ 2024.08.11-13.41.16.160.Samos.NEF: 2024-08-11 13:41:16
2026-01-10 14:04:03 - media_renamer_app - WARNING - exifread not available for RAW file GPS extraction: D:\Photos\Nef\Samos\ 2024.08.11-13.41.16.160.Samos.NEF
2026-01-10 14:04:03 - media_renamer_app - WARNING - Install exifread for better RAW support: pip install exifread
2026-01-10 14:04:03 - media_renamer_app - INFO - Successfully extracted date from image D:\Photos\Nef\Samos\ 2024.08.11-13.41.20.161.Samos.NEF: 2024-08-11 13:41:20
2026-01-10 14:04:03 - media_renamer_app - WARNING - exifread not available for RAW file GPS extraction: D:\Photos\Nef\Samos\ 2024.08.11-13.41.20.161.Samos.NEF
2026-01-10 14:04:03 - media_renamer_app - WARNING - Install exifread for better RAW support: pip install exifread
2026-01-10 14:04:03 - media_renamer_app - INFO - Successfully extracted date from image D:\Photos\Nef\Samos\ 2024.08.11-13.42.52.162.Samos.NEF: 2024-08-11 13:42:52
2026-01-10 14:04:03 - media_renamer_app - WARNING - exifread not available for RAW file GPS extraction: D:\Photos\Nef\Samos\ 2024.08.11-13.42.52.162.Samos.NEF
2026-01-10 14:04:03 - media_renamer_app - WARNING - Install exifread for better RAW support: pip install exifread
2026-01-10 14:04:03 - media_renamer_app - INFO - Successfully extracted date from image D:\Photos\Nef\Samos\ 2024.08.11-13.42.57.163.Samos.NEF: 2024-08-11 13:42:57
2026-01-10 14:04:03 - media_renamer_app - WARNING - exifread not available for RAW file GPS extraction: D:\Photos\Nef\Samos\ 2024.08.11-13.42.57.163.Samos.NEF
2026-01-10 14:04:03 - media_renamer_app - WARNING - Install exifread for better RAW support: pip install exifread
2026-01-10 14:04:03 - media_renamer_app - INFO - Successfully extracted date from image D:\Photos\Nef\Samos\ 2024.08.11-13.43.02.164.Samos.NEF: 2024-08-11 13:43:02
2026-01-10 14:04:03 - media_renamer_app - WARNING - exifread not available for RAW file GPS extraction: D:\Photos\Nef\Samos\ 2024.08.11-13.43.02.164.Samos.NEF
2026-01-10 14:04:03 - media_renamer_app - WARNING - Install exifread for better RAW support: pip install exifread
2026-01-10 14:04:03 - media_renamer_app - INFO - Successfully extracted date from image D:\Photos\Nef\Samos\ 2024.08.11-13.43.13.165.Samos.NEF: 2024-08-11 13:43:13
2026-01-10 14:04:03 - media_renamer_app - WARNING - exifread not available for RAW file GPS extraction: D:\Photos\Nef\Samos\ 2024.08.11-13.43.13.165.Samos.NEF
2026-01-10 14:04:03 - media_renamer_app - WARNING - Install exifread for better RAW support: pip install exifread
2026-01-10 14:04:03 - media_renamer_app - INFO - Successfully extracted date from image D:\Photos\Nef\Samos\ 2024.08.11-15.59.35.166.Samos.NEF: 2024-08-11 15:59:35
2026-01-10 14:04:03 - media_renamer_app - WARNING - exifread not available for RAW file GPS extraction: D:\Photos\Nef\Samos\ 2024.08.11-15.59.35.166.Samos.NEF
2026-01-10 14:04:03 - media_renamer_app - WARNING - Install exifread for better RAW support: pip install exifread
2026-01-10 14:04:03 - media_renamer_app - INFO - Successfully extracted date from image D:\Photos\Nef\Samos\ 2024.08.11-17.07.53.167.Samos.NEF: 2024-08-11 17:07:53
2026-01-10 14:04:03 - media_renamer_app - WARNING - exifread not available for RAW file GPS extraction: D:\Photos\Nef\Samos\ 2024.08.11-17.07.53.167.Samos.NEF
2026-01-10 14:04:03 - media_renamer_app - WARNING - Install exifread for better RAW support: pip install exifread
2026-01-10 14:04:03 - media_renamer_app - INFO - Successfully extracted date from image D:\Photos\Nef\Samos\ 2024.08.11-17.07.57.168.Samos.NEF: 2024-08-11 17:07:57
2026-01-10 14:04:03 - media_renamer_app - WARNING - exifread not available for RAW file GPS extraction: D:\Photos\Nef\Samos\ 2024.08.11-17.07.57.168.Samos.NEF
2026-01-10 14:04:03 - media_renamer_app - WARNING - Install exifread for better RAW support: pip install exifread
2026-01-10 14:04:03 - media_renamer_app - INFO - Successfully extracted date from image D:\Photos\Nef\Samos\ 2024.08.11-17.08.00.169.Samos.NEF: 2024-08-11 17:08:00
2026-01-10 14:04:03 - media_renamer_app - WARNING - exifread not available for RAW file GPS extraction: D:\Photos\Nef\Samos\ 2024.08.11-17.08.00.169.Samos.NEF
2026-01-10 14:04:03 - media_renamer_app - WARNING - Install exifread for better RAW support: pip install exifread
2026-01-10 14:04:03 - media_renamer_app - INFO - Successfully extracted date from image D:\Photos\Nef\Samos\ 2024.08.11-17.08.17.170.Samos.NEF: 2024-08-11 17:08:17
2026-01-10 14:04:03 - media_renamer_app - WARNING - exifread not available for RAW file GPS extraction: D:\Photos\Nef\Samos\ 2024.08.11-17.08.17.170.Samos.NEF
2026-01-10 14:04:03 - media_renamer_app - WARNING - Install exifread for better RAW support: pip install exifread
2026-01-10 14:04:03 - media_renamer_app - INFO - Successfully extracted date from image D:\Photos\Nef\Samos\ 2024.08.11-17.09.38.171.Samos.NEF: 2024-08-11 17:09:38
2026-01-10 14:04:03 - media_renamer_app - WARNING - exifread not available for RAW file GPS extraction: D:\Photos\Nef\Samos\ 2024.08.11-17.09.38.171.Samos.NEF
2026-01-10 14:04:03 - media_renamer_app - WARNING - Install exifread for better RAW support: pip install exifread
2026-01-10 14:04:03 - media_renamer_app - INFO - Successfully extracted date from image D:\Photos\Nef\Samos\ 2024.08.11-17.09.42.172.Samos.NEF: 2024-08-11 17:09:42
2026-01-10 14:04:03 - media_renamer_app - WARNING - exifread not available for RAW file GPS extraction: D:\Photos\Nef\Samos\ 2024.08.11-17.09.42.172.Samos.NEF
2026-01-10 14:04:03 - media_renamer_app - WARNING - Install exifread for better RAW support: pip install exifread
2026-01-10 14:04:03 - media_renamer_app - INFO - Successfully extracted date from image D:\Photos\Nef\Samos\ 2024.08.11-17.09.44.173.Samos.NEF: 2024-08-11 17:09:44
2026-01-10 14:04:03 - media_renamer_app - WARNING - exifread not available for RAW file GPS extraction: D:\Photos\Nef\Samos\ 2024.08.11-17.09.44.173.Samos.NEF
2026-01-10 14:04:03 - media_renamer_app - WARNING - Install exifread for better RAW support: pip install exifread
2026-01-10 14:04:03 - media_renamer_app - INFO - Successfully extracted date from image D:\Photos\Nef\Samos\ 2024.08.11-17.09.45.174.Samos.NEF: 2024-08-11 17:09:45
2026-01-10 14:04:03 - media_renamer_app - WARNING - exifread not available for RAW file GPS extraction: D:\Photos\Nef\Samos\ 2024.08.11-17.09.45.174.Samos.NEF
2026-01-10 14:04:03 - media_renamer_app - WARNING - Install exifread for better RAW support: pip install exifread
2026-01-10 14:04:03 - media_renamer_app - INFO - Successfully extracted date from image D:\Photos\Nef\Samos\ 2024.08.11-17.09.49.175.Samos.NEF: 2024-08-11 17:09:49
2026-01-10 14:04:03 - media_renamer_app - WARNING - exifread not available for RAW file GPS extraction: D:\Photos\Nef\Samos\ 2024.08.11-17.09.49.175.Samos.NEF
2026-01-10 14:04:03 - media_renamer_app - WARNING - Install exifread for better RAW support: pip install exifread
2026-01-10 14:04:03 - media_renamer_app - INFO - Successfully extracted date from image D:\Photos\Nef\Samos\ 2024.08.12-11.19.21.176.Samos.NEF: 2024-08-12 11:19:21
2026-01-10 14:04:03 - media_renamer_app - WARNING - exifread not available for RAW file GPS extraction: D:\Photos\Nef\Samos\ 2024.08.12-11.19.21.176.Samos.NEF
2026-01-10 14:04:03 - media_renamer_app - WARNING - Install exifread for better RAW support: pip install exifread
2026-01-10 14:04:03 - media_renamer_app - INFO - Successfully extracted date from image D:\Photos\Nef\Samos\ 2024.08.12-11.19.39.177.Samos.NEF: 2024-08-12 11:19:39
2026-01-10 14:04:03 - media_renamer_app - WARNING - exifread not available for RAW file GPS extraction: D:\Photos\Nef\Samos\ 2024.08.12-11.19.39.177.Samos.NEF
2026-01-10 14:04:03 - media_renamer_app - WARNING - Install exifread for better RAW support: pip install exifread
2026-01-10 14:04:03 - media_renamer_app - INFO - Successfully extracted date from image D:\Photos\Nef\Samos\ 2024.08.12-11.20.00.178.Samos.NEF: 2024-08-12 11:20:00
2026-01-10 14:04:03 - media_renamer_app - WARNING - exifread not available for RAW file GPS extraction: D:\Photos\Nef\Samos\ 2024.08.12-11.20.00.178.Samos.NEF
2026-01-10 14:04:03 - media_renamer_app - WARNING - Install exifread for better RAW support: pip install exifread
2026-01-10 14:04:03 - media_renamer_app - INFO - Successfully extracted date from image D:\Photos\Nef\Samos\ 2024.08.12-11.21.50.179.Samos.NEF: 2024-08-12 11:21:50
2026-01-10 14:04:03 - media_renamer_app - WARNING - exifread not available for RAW file GPS extraction: D:\Photos\Nef\Samos\ 2024.08.12-11.21.50.179.Samos.NEF
2026-01-10 14:04:03 - media_renamer_app - WARNING - Install exifread for better RAW support: pip install exifread
2026-01-10 14:04:03 - media_renamer_app - INFO - Successfully extracted date from image D:\Photos\Nef\Samos\ 2024.08.12-11.22.18.180.Samos.NEF: 2024-08-12 11:22:18
2026-01-10 14:04:03 - media_renamer_app - WARNING - exifread not available for RAW file GPS extraction: D:\Photos\Nef\Samos\ 2024.08.12-11.22.18.180.Samos.NEF
2026-01-10 14:04:03 - media_renamer_app - WARNING - Install exifread for better RAW support: pip install exifread
2026-01-10 14:04:03 - media_renamer_app - INFO - Successfully extracted date from image D:\Photos\Nef\Samos\ 2024.08.12-11.24.37.181.Samos.JPG: 2024-08-12 11:24:37
2026-01-10 14:04:03 - media_renamer_app - INFO - Successfully extracted date from image D:\Photos\Nef\Samos\ 2024.08.12-11.25.05.182.Samos.JPG: 2024-08-12 11:25:05
2026-01-10 14:04:03 - media_renamer_app - INFO - Successfully extracted date from image D:\Photos\Nef\Samos\ 2024.08.12-11.25.06.183.Samos.JPG: 2024-08-12 11:25:06
2026-01-10 14:04:03 - media_renamer_app - INFO - Successfully extracted date from image D:\Photos\Nef\Samos\ 2024.08.12-11.25.13.184.Samos.JPG: 2024-08-12 11:25:13
2026-01-10 14:04:03 - media_renamer_app - INFO - Successfully extracted date from image D:\Photos\Nef\Samos\ 2024.08.12-11.25.34.185.Samos.JPG: 2024-08-12 11:25:34
2026-01-10 14:04:03 - media_renamer_app - INFO - Successfully extracted date from image D:\Photos\Nef\Samos\ 2024.08.12-11.31.36.186.Samos.NEF: 2024-08-12 11:31:36
2026-01-10 14:04:03 - media_renamer_app - WARNING - exifread not available for RAW file GPS extraction: D:\Photos\Nef\Samos\ 2024.08.12-11.31.36.186.Samos.NEF
2026-01-10 14:04:03 - media_renamer_app - WARNING - Install exifread for better RAW support: pip install exifread
2026-01-10 14:04:03 - media_renamer_app - INFO - Successfully extracted date from image D:\Photos\Nef\Samos\ 2024.08.12-11.31.53.187.Samos.NEF: 2024-08-12 11:31:53
2026-01-10 14:04:03 - media_renamer_app - WARNING - exifread not available for RAW file GPS extraction: D:\Photos\Nef\Samos\ 2024.08.12-11.31.53.187.Samos.NEF
2026-01-10 14:04:03 - media_renamer_app - WARNING - Install exifread for better RAW support: pip install exifread
2026-01-10 14:04:03 - media_renamer_app - INFO - Successfully extracted date from image D:\Photos\Nef\Samos\ 2024.08.12-11.31.59.188.Samos.NEF: 2024-08-12 11:31:59
2026-01-10 14:04:03 - media_renamer_app - WARNING - exifread not available for RAW file GPS extraction: D:\Photos\Nef\Samos\ 2024.08.12-11.31.59.188.Samos.NEF
2026-01-10 14:04:03 - media_renamer_app - WARNING - Install exifread for better RAW support: pip install exifread
2026-01-10 14:04:03 - media_renamer_app - INFO - Successfully extracted date from image D:\Photos\Nef\Samos\ 2024.08.12-11.40.34.189.Samos.NEF: 2024-08-12 11:40:34
2026-01-10 14:04:03 - media_renamer_app - WARNING - exifread not available for RAW file GPS extraction: D:\Photos\Nef\Samos\ 2024.08.12-11.40.34.189.Samos.NEF
2026-01-10 14:04:03 - media_renamer_app - WARNING - Install exifread for better RAW support: pip install exifread
2026-01-10 14:04:03 - media_renamer_app - INFO - Successfully extracted date from image D:\Photos\Nef\Samos\ 2024.08.12-12.28.14.190.Samos.NEF: 2024-08-12 12:28:14
2026-01-10 14:04:03 - media_renamer_app - WARNING - exifread not available for RAW file GPS extraction: D:\Photos\Nef\Samos\ 2024.08.12-12.28.14.190.Samos.NEF
2026-01-10 14:04:03 - media_renamer_app - WARNING - Install exifread for better RAW support: pip install exifread
2026-01-10 14:04:03 - media_renamer_app - INFO - Successfully extracted date from image D:\Photos\Nef\Samos\ 2024.08.12-12.28.57.191.Samos.NEF: 2024-08-12 12:28:57
2026-01-10 14:04:03 - media_renamer_app - WARNING - exifread not available for RAW file GPS extraction: D:\Photos\Nef\Samos\ 2024.08.12-12.28.57.191.Samos.NEF
2026-01-10 14:04:03 - media_renamer_app - WARNING - Install exifread for better RAW support: pip install exifread
2026-01-10 14:04:03 - media_renamer_app - INFO - Successfully extracted date from image D:\Photos\Nef\Samos\ 2024.08.12-12.29.00.192.Samos.NEF: 2024-08-12 12:29:00
2026-01-10 14:04:03 - media_renamer_app - WARNING - exifread not available for RAW file GPS extraction: D:\Photos\Nef\Samos\ 2024.08.12-12.29.00.192.Samos.NEF
2026-01-10 14:04:03 - media_renamer_app - WARNING - Install exifread for better RAW support: pip install exifread
2026-01-10 14:04:03 - media_renamer_app - INFO - Successfully extracted date from image D:\Photos\Nef\Samos\ 2024.08.12-15.07.23.193.Samos.NEF: 2024-08-12 15:07:23
2026-01-10 14:04:03 - media_renamer_app - WARNING - exifread not available for RAW file GPS extraction: D:\Photos\Nef\Samos\ 2024.08.12-15.07.23.193.Samos.NEF
2026-01-10 14:04:03 - media_renamer_app - WARNING - Install exifread for better RAW support: pip install exifread
2026-01-10 14:04:03 - media_renamer_app - INFO - Successfully extracted date from image D:\Photos\Nef\Samos\ 2024.08.12-15.07.33.194.Samos.NEF: 2024-08-12 15:07:33
2026-01-10 14:04:03 - media_renamer_app - WARNING - exifread not available for RAW file GPS extraction: D:\Photos\Nef\Samos\ 2024.08.12-15.07.33.194.Samos.NEF
2026-01-10 14:04:03 - media_renamer_app - WARNING - Install exifread for better RAW support: pip install exifread
2026-01-10 14:04:03 - media_renamer_app - INFO - Successfully extracted date from image D:\Photos\Nef\Samos\ 2024.08.12-15.07.38.195.Samos.NEF: 2024-08-12 15:07:38
2026-01-10 14:04:03 - media_renamer_app - WARNING - exifread not available for RAW file GPS extraction: D:\Photos\Nef\Samos\ 2024.08.12-15.07.38.195.Samos.NEF
2026-01-10 14:04:03 - media_renamer_app - WARNING - Install exifread for better RAW support: pip install exifread
2026-01-10 14:04:03 - media_renamer_app - INFO - Successfully extracted date from image D:\Photos\Nef\Samos\ 2024.08.12-15.08.13.196.Samos.NEF: 2024-08-12 15:08:13
2026-01-10 14:04:03 - media_renamer_app - WARNING - exifread not available for RAW file GPS extraction: D:\Photos\Nef\Samos\ 2024.08.12-15.08.13.196.Samos.NEF
2026-01-10 14:04:03 - media_renamer_app - WARNING - Install exifread for better RAW support: pip install exifread
2026-01-10 14:04:03 - media_renamer_app - INFO - Successfully extracted date from image D:\Photos\Nef\Samos\ 2024.08.12-15.08.31.197.Samos.NEF: 2024-08-12 15:08:31
2026-01-10 14:04:03 - media_renamer_app - WARNING - exifread not available for RAW file GPS extraction: D:\Photos\Nef\Samos\ 2024.08.12-15.08.31.197.Samos.NEF
2026-01-10 14:04:03 - media_renamer_app - WARNING - Install exifread for better RAW support: pip install exifread
2026-01-10 14:04:03 - media_renamer_app - INFO - Successfully extracted date from image D:\Photos\Nef\Samos\ 2024.08.12-15.08.50.198.Samos.NEF: 2024-08-12 15:08:50
2026-01-10 14:04:03 - media_renamer_app - WARNING - exifread not available for RAW file GPS extraction: D:\Photos\Nef\Samos\ 2024.08.12-15.08.50.198.Samos.NEF
2026-01-10 14:04:03 - media_renamer_app - WARNING - Install exifread for better RAW support: pip install exifread
2026-01-10 14:04:03 - media_renamer_app - INFO - Successfully extracted date from image D:\Photos\Nef\Samos\ 2024.08.12-15.09.20.199.Samos.NEF: 2024-08-12 15:09:20
2026-01-10 14:04:03 - media_renamer_app - WARNING - exifread not available for RAW file GPS extraction: D:\Photos\Nef\Samos\ 2024.08.12-15.09.20.199.Samos.NEF
2026-01-10 14:04:03 - media_renamer_app - WARNING - Install exifread for better RAW support: pip install exifread
2026-01-10 14:04:03 - media_renamer_app - INFO - Successfully extracted date from image D:\Photos\Nef\Samos\ 2024.08.12-15.10.22.200.Samos.NEF: 2024-08-12 15:10:22
2026-01-10 14:04:03 - media_renamer_app - WARNING - exifread not available for RAW file GPS extraction: D:\Photos\Nef\Samos\ 2024.08.12-15.10.22.200.Samos.NEF
2026-01-10 14:04:03 - media_renamer_app - WARNING - Install exifread for better RAW support: pip install exifread
2026-01-10 14:04:03 - media_renamer_app - INFO - Successfully extracted date from image D:\Photos\Nef\Samos\ 2024.08.12-16.04.58.201.Samos.NEF: 2024-08-12 16:04:58
2026-01-10 14:04:03 - media_renamer_app - WARNING - exifread not available for RAW file GPS extraction: D:\Photos\Nef\Samos\ 2024.08.12-16.04.58.201.Samos.NEF
2026-01-10 14:04:03 - media_renamer_app - WARNING - Install exifread for better RAW support: pip install exifread
2026-01-10 14:04:03 - media_renamer_app - INFO - Successfully extracted date from image D:\Photos\Nef\Samos\ 2024.08.12-19.25.33.202.Samos.NEF: 2024-08-12 19:25:33
2026-01-10 14:04:03 - media_renamer_app - WARNING - exifread not available for RAW file GPS extraction: D:\Photos\Nef\Samos\ 2024.08.12-19.25.33.202.Samos.NEF
2026-01-10 14:04:03 - media_renamer_app - WARNING - Install exifread for better RAW support: pip install exifread
2026-01-10 14:04:03 - media_renamer_app - INFO - Successfully extracted date from image D:\Photos\Nef\Samos\ 2024.08.12-19.25.38.203.Samos.NEF: 2024-08-12 19:25:38
2026-01-10 14:04:03 - media_renamer_app - WARNING - exifread not available for RAW file GPS extraction: D:\Photos\Nef\Samos\ 2024.08.12-19.25.38.203.Samos.NEF
2026-01-10 14:04:03 - media_renamer_app - WARNING - Install exifread for better RAW support: pip install exifread
2026-01-10 14:04:03 - media_renamer_app - INFO - Successfully extracted date from image D:\Photos\Nef\Samos\ 2024.08.12-19.25.41.204.Samos.NEF: 2024-08-12 19:25:41
2026-01-10 14:04:03 - media_renamer_app - WARNING - exifread not available for RAW file GPS extraction: D:\Photos\Nef\Samos\ 2024.08.12-19.25.41.204.Samos.NEF
2026-01-10 14:04:03 - media_renamer_app - WARNING - Install exifread for better RAW support: pip install exifread
2026-01-10 14:04:03 - media_renamer_app - INFO - Successfully extracted date from image D:\Photos\Nef\Samos\ 2024.08.12-19.25.58.205.Samos.NEF: 2024-08-12 19:25:58
2026-01-10 14:04:03 - media_renamer_app - WARNING - exifread not available for RAW file GPS extraction: D:\Photos\Nef\Samos\ 2024.08.12-19.25.58.205.Samos.NEF
2026-01-10 14:04:03 - media_renamer_app - WARNING - Install exifread for better RAW support: pip install exifread
2026-01-10 14:04:03 - media_renamer_app - INFO - Successfully extracted date from image D:\Photos\Nef\Samos\ 2024.08.12-19.49.41.206.Samos.NEF: 2024-08-12 19:49:41
2026-01-10 14:04:03 - media_renamer_app - WARNING - exifread not available for RAW file GPS extraction: D:\Photos\Nef\Samos\ 2024.08.12-19.49.41.206.Samos.NEF
2026-01-10 14:04:03 - media_renamer_app - WARNING - Install exifread for better RAW support: pip install exifread
2026-01-10 14:04:03 - media_renamer_app - INFO - Successfully extracted date from image D:\Photos\Nef\Samos\ 2024.08.12-19.49.43.207.Samos.NEF: 2024-08-12 19:49:43
2026-01-10 14:04:03 - media_renamer_app - WARNING - exifread not available for RAW file GPS extraction: D:\Photos\Nef\Samos\ 2024.08.12-19.49.43.207.Samos.NEF
2026-01-10 14:04:03 - media_renamer_app - WARNING - Install exifread for better RAW support: pip install exifread
2026-01-10 14:04:03 - media_renamer_app - INFO - Successfully extracted date from image D:\Photos\Nef\Samos\ 2024.08.12-19.49.46.208.Samos.NEF: 2024-08-12 19:49:46
2026-01-10 14:04:03 - media_renamer_app - WARNING - exifread not available for RAW file GPS extraction: D:\Photos\Nef\Samos\ 2024.08.12-19.49.46.208.Samos.NEF
2026-01-10 14:04:03 - media_renamer_app - WARNING - Install exifread for better RAW support: pip install exifread
2026-01-10 14:04:03 - media_renamer_app - INFO - Successfully extracted date from image D:\Photos\Nef\Samos\ 2024.08.12-19.49.48.209.Samos.NEF: 2024-08-12 19:49:48
2026-01-10 14:04:03 - media_renamer_app - WARNING - exifread not available for RAW file GPS extraction: D:\Photos\Nef\Samos\ 2024.08.12-19.49.48.209.Samos.NEF
2026-01-10 14:04:03 - media_renamer_app - WARNING - Install exifread for better RAW support: pip install exifread
2026-01-10 14:04:03 - media_renamer_app - INFO - Successfully extracted date from image D:\Photos\Nef\Samos\ 2024.08.12-19.49.53.210.Samos.NEF: 2024-08-12 19:49:53
2026-01-10 14:04:03 - media_renamer_app - WARNING - exifread not available for RAW file GPS extraction: D:\Photos\Nef\Samos\ 2024.08.12-19.49.53.210.Samos.NEF
2026-01-10 14:04:03 - media_renamer_app - WARNING - Install exifread for better RAW support: pip install exifread
2026-01-10 14:04:03 - media_renamer_app - INFO - Successfully extracted date from image D:\Photos\Nef\Samos\ 2024.08.12-19.49.55.211.Samos.NEF: 2024-08-12 19:49:55
2026-01-10 14:04:03 - media_renamer_app - WARNING - exifread not available for RAW file GPS extraction: D:\Photos\Nef\Samos\ 2024.08.12-19.49.55.211.Samos.NEF
2026-01-10 14:04:03 - media_renamer_app - WARNING - Install exifread for better RAW support: pip install exifread
2026-01-10 14:04:03 - media_renamer_app - INFO - Successfully extracted date from image D:\Photos\Nef\Samos\ 2024.08.12-19.50.08.212.Samos.NEF: 2024-08-12 19:50:08
2026-01-10 14:04:03 - media_renamer_app - WARNING - exifread not available for RAW file GPS extraction: D:\Photos\Nef\Samos\ 2024.08.12-19.50.08.212.Samos.NEF
2026-01-10 14:04:03 - media_renamer_app - WARNING - Install exifread for better RAW support: pip install exifread
2026-01-10 14:04:03 - media_renamer_app - INFO - Successfully extracted date from image D:\Photos\Nef\Samos\ 2024.08.12-19.50.12.213.Samos.NEF: 2024-08-12 19:50:12
2026-01-10 14:04:03 - media_renamer_app - WARNING - exifread not available for RAW file GPS extraction: D:\Photos\Nef\Samos\ 2024.08.12-19.50.12.213.Samos.NEF
2026-01-10 14:04:03 - media_renamer_app - WARNING - Install exifread for better RAW support: pip install exifread
2026-01-10 14:04:03 - media_renamer_app - INFO - Successfully extracted date from image D:\Photos\Nef\Samos\ 2024.08.12-19.50.39.214.Samos.NEF: 2024-08-12 19:50:39
2026-01-10 14:04:03 - media_renamer_app - WARNING - exifread not available for RAW file GPS extraction: D:\Photos\Nef\Samos\ 2024.08.12-19.50.39.214.Samos.NEF
2026-01-10 14:04:03 - media_renamer_app - WARNING - Install exifread for better RAW support: pip install exifread
2026-01-10 14:04:03 - media_renamer_app - INFO - Successfully extracted date from image D:\Photos\Nef\Samos\ 2024.08.12-19.50.43.215.Samos.NEF: 2024-08-12 19:50:43
2026-01-10 14:04:03 - media_renamer_app - WARNING - exifread not available for RAW file GPS extraction: D:\Photos\Nef\Samos\ 2024.08.12-19.50.43.215.Samos.NEF
2026-01-10 14:04:03 - media_renamer_app - WARNING - Install exifread for better RAW support: pip install exifread
2026-01-10 14:04:03 - media_renamer_app - INFO - Successfully extracted date from image D:\Photos\Nef\Samos\ 2024.08.12-19.50.46.216.Samos.NEF: 2024-08-12 19:50:46
2026-01-10 14:04:03 - media_renamer_app - WARNING - exifread not available for RAW file GPS extraction: D:\Photos\Nef\Samos\ 2024.08.12-19.50.46.216.Samos.NEF
2026-01-10 14:04:03 - media_renamer_app - WARNING - Install exifread for better RAW support: pip install exifread
2026-01-10 14:04:03 - media_renamer_app - INFO - Successfully extracted date from image D:\Photos\Nef\Samos\ 2024.08.12-19.50.51.217.Samos.NEF: 2024-08-12 19:50:51
2026-01-10 14:04:03 - media_renamer_app - WARNING - exifread not available for RAW file GPS extraction: D:\Photos\Nef\Samos\ 2024.08.12-19.50.51.217.Samos.NEF
2026-01-10 14:04:03 - media_renamer_app - WARNING - Install exifread for better RAW support: pip install exifread
2026-01-10 14:04:03 - media_renamer_app - INFO - Successfully extracted date from image D:\Photos\Nef\Samos\ 2024.08.12-19.50.54.218.Samos.NEF: 2024-08-12 19:50:54
2026-01-10 14:04:03 - media_renamer_app - WARNING - exifread not available for RAW file GPS extraction: D:\Photos\Nef\Samos\ 2024.08.12-19.50.54.218.Samos.NEF
2026-01-10 14:04:03 - media_renamer_app - WARNING - Install exifread for better RAW support: pip install exifread
2026-01-10 14:04:03 - media_renamer_app - INFO - Successfully extracted date from image D:\Photos\Nef\Samos\ 2024.08.13-20.14.39.219.Samos.NEF: 2024-08-13 20:14:39
2026-01-10 14:04:03 - media_renamer_app - WARNING - exifread not available for RAW file GPS extraction: D:\Photos\Nef\Samos\ 2024.08.13-20.14.39.219.Samos.NEF
2026-01-10 14:04:03 - media_renamer_app - WARNING - Install exifread for better RAW support: pip install exifread
2026-01-10 14:04:03 - media_renamer_app - INFO - Successfully extracted date from image D:\Photos\Nef\Samos\ 2024.08.13-20.14.44.220.Samos.NEF: 2024-08-13 20:14:44
2026-01-10 14:04:03 - media_renamer_app - WARNING - exifread not available for RAW file GPS extraction: D:\Photos\Nef\Samos\ 2024.08.13-20.14.44.220.Samos.NEF
2026-01-10 14:04:03 - media_renamer_app - WARNING - Install exifread for better RAW support: pip install exifread
2026-01-10 14:04:03 - media_renamer_app - INFO - Successfully extracted date from image D:\Photos\Nef\Samos\ 2024.08.13-20.15.09.221.Samos.NEF: 2024-08-13 20:15:09
2026-01-10 14:04:03 - media_renamer_app - WARNING - exifread not available for RAW file GPS extraction: D:\Photos\Nef\Samos\ 2024.08.13-20.15.09.221.Samos.NEF
2026-01-10 14:04:03 - media_renamer_app - WARNING - Install exifread for better RAW support: pip install exifread
2026-01-10 14:04:03 - media_renamer_app - INFO - Successfully extracted date from image D:\Photos\Nef\Samos\ 2024.08.13-20.15.17.222.Samos.NEF: 2024-08-13 20:15:17
2026-01-10 14:04:03 - media_renamer_app - WARNING - exifread not available for RAW file GPS extraction: D:\Photos\Nef\Samos\ 2024.08.13-20.15.17.222.Samos.NEF
2026-01-10 14:04:03 - media_renamer_app - WARNING - Install exifread for better RAW support: pip install exifread
2026-01-10 14:04:03 - media_renamer_app - INFO - Successfully extracted date from image D:\Photos\Nef\Samos\ 2024.08.13-20.15.54.223.Samos.NEF: 2024-08-13 20:15:54
2026-01-10 14:04:03 - media_renamer_app - WARNING - exifread not available for RAW file GPS extraction: D:\Photos\Nef\Samos\ 2024.08.13-20.15.54.223.Samos.NEF
2026-01-10 14:04:03 - media_renamer_app - WARNING - Install exifread for better RAW support: pip install exifread
2026-01-10 14:04:03 - media_renamer_app - INFO - Successfully extracted date from image D:\Photos\Nef\Samos\ 2024.08.13-20.16.03.224.Samos.NEF: 2024-08-13 20:16:03
2026-01-10 14:04:03 - media_renamer_app - WARNING - exifread not available for RAW file GPS extraction: D:\Photos\Nef\Samos\ 2024.08.13-20.16.03.224.Samos.NEF
2026-01-10 14:04:03 - media_renamer_app - WARNING - Install exifread for better RAW support: pip install exifread
2026-01-10 14:04:03 - media_renamer_app - INFO - Successfully extracted date from image D:\Photos\Nef\Samos\ 2024.08.13-20.16.07.225.Samos.NEF: 2024-08-13 20:16:07
2026-01-10 14:04:03 - media_renamer_app - WARNING - exifread not available for RAW file GPS extraction: D:\Photos\Nef\Samos\ 2024.08.13-20.16.07.225.Samos.NEF
2026-01-10 14:04:03 - media_renamer_app - WARNING - Install exifread for better RAW support: pip install exifread
2026-01-10 14:04:03 - media_renamer_app - INFO - Successfully extracted date from image D:\Photos\Nef\Samos\ 2024.08.13-20.16.10.226.Samos.NEF: 2024-08-13 20:16:10
2026-01-10 14:04:03 - media_renamer_app - WARNING - exifread not available for RAW file GPS extraction: D:\Photos\Nef\Samos\ 2024.08.13-20.16.10.226.Samos.NEF
2026-01-10 14:04:03 - media_renamer_app - WARNING - Install exifread for better RAW support: pip install exifread
2026-01-10 14:04:03 - media_renamer_app - INFO - Successfully extracted date from image D:\Photos\Nef\Samos\ 2024.08.13-20.16.12.227.Samos.NEF: 2024-08-13 20:16:12
2026-01-10 14:04:03 - media_renamer_app - WARNING - exifread not available for RAW file GPS extraction: D:\Photos\Nef\Samos\ 2024.08.13-20.16.12.227.Samos.NEF
2026-01-10 14:04:03 - media_renamer_app - WARNING - Install exifread for better RAW support: pip install exifread
2026-01-10 14:04:03 - media_renamer_app - INFO - Successfully extracted date from image D:\Photos\Nef\Samos\ 2024.08.13-20.16.51.228.Samos.NEF: 2024-08-13 20:16:51
2026-01-10 14:04:03 - media_renamer_app - WARNING - exifread not available for RAW file GPS extraction: D:\Photos\Nef\Samos\ 2024.08.13-20.16.51.228.Samos.NEF
2026-01-10 14:04:03 - media_renamer_app - WARNING - Install exifread for better RAW support: pip install exifread
2026-01-10 14:04:03 - media_renamer_app - INFO - Successfully extracted date from image D:\Photos\Nef\Samos\ 2024.08.13-20.17.05.229.Samos.NEF: 2024-08-13 20:17:05
2026-01-10 14:04:03 - media_renamer_app - WARNING - exifread not available for RAW file GPS extraction: D:\Photos\Nef\Samos\ 2024.08.13-20.17.05.229.Samos.NEF
2026-01-10 14:04:03 - media_renamer_app - WARNING - Install exifread for better RAW support: pip install exifread
2026-01-10 14:04:03 - media_renamer_app - INFO - Successfully extracted date from image D:\Photos\Nef\Samos\ 2024.08.14-11.35.43.230.Samos.NEF: 2024-08-14 11:35:43
2026-01-10 14:04:03 - media_renamer_app - WARNING - exifread not available for RAW file GPS extraction: D:\Photos\Nef\Samos\ 2024.08.14-11.35.43.230.Samos.NEF
2026-01-10 14:04:03 - media_renamer_app - WARNING - Install exifread for better RAW support: pip install exifread
2026-01-10 14:04:03 - media_renamer_app - INFO - Successfully extracted date from image D:\Photos\Nef\Samos\ 2024.08.14-11.36.04.231.Samos.NEF: 2024-08-14 11:36:04
2026-01-10 14:04:03 - media_renamer_app - WARNING - exifread not available for RAW file GPS extraction: D:\Photos\Nef\Samos\ 2024.08.14-11.36.04.231.Samos.NEF
2026-01-10 14:04:03 - media_renamer_app - WARNING - Install exifread for better RAW support: pip install exifread
2026-01-10 14:04:03 - media_renamer_app - INFO - Successfully extracted date from image D:\Photos\Nef\Samos\ 2024.08.14-12.22.49.232.Samos.NEF: 2024-08-14 12:22:49
2026-01-10 14:04:03 - media_renamer_app - WARNING - exifread not available for RAW file GPS extraction: D:\Photos\Nef\Samos\ 2024.08.14-12.22.49.232.Samos.NEF
2026-01-10 14:04:03 - media_renamer_app - WARNING - Install exifread for better RAW support: pip install exifread
2026-01-10 14:04:03 - media_renamer_app - INFO - Successfully extracted date from image D:\Photos\Nef\Samos\ 2024.08.14-12.23.50.233.Samos.NEF: 2024-08-14 12:23:50
2026-01-10 14:04:03 - media_renamer_app - WARNING - exifread not available for RAW file GPS extraction: D:\Photos\Nef\Samos\ 2024.08.14-12.23.50.233.Samos.NEF
2026-01-10 14:04:03 - media_renamer_app - WARNING - Install exifread for better RAW support: pip install exifread
2026-01-10 14:04:03 - media_renamer_app - INFO - Successfully extracted date from image D:\Photos\Nef\Samos\ 2024.08.14-12.30.39.234.Samos.NEF: 2024-08-14 12:30:39
2026-01-10 14:04:03 - media_renamer_app - WARNING - exifread not available for RAW file GPS extraction: D:\Photos\Nef\Samos\ 2024.08.14-12.30.39.234.Samos.NEF
2026-01-10 14:04:03 - media_renamer_app - WARNING - Install exifread for better RAW support: pip install exifread
2026-01-10 14:04:03 - media_renamer_app - INFO - Successfully extracted date from image D:\Photos\Nef\Samos\ 2024.08.14-12.30.44.235.Samos.NEF: 2024-08-14 12:30:44
2026-01-10 14:04:03 - media_renamer_app - WARNING - exifread not available for RAW file GPS extraction: D:\Photos\Nef\Samos\ 2024.08.14-12.30.44.235.Samos.NEF
2026-01-10 14:04:03 - media_renamer_app - WARNING - Install exifread for better RAW support: pip install exifread
2026-01-10 14:04:03 - media_renamer_app - INFO - Successfully extracted date from image D:\Photos\Nef\Samos\ 2024.08.14-16.21.11.236.Samos.NEF: 2024-08-14 16:21:11
2026-01-10 14:04:03 - media_renamer_app - WARNING - exifread not available for RAW file GPS extraction: D:\Photos\Nef\Samos\ 2024.08.14-16.21.11.236.Samos.NEF
2026-01-10 14:04:03 - media_renamer_app - WARNING - Install exifread for better RAW support: pip install exifread
2026-01-10 14:04:03 - media_renamer_app - INFO - Successfully extracted date from image D:\Photos\Nef\Samos\ 2024.08.14-16.21.14.237.Samos.NEF: 2024-08-14 16:21:14
2026-01-10 14:04:03 - media_renamer_app - WARNING - exifread not available for RAW file GPS extraction: D:\Photos\Nef\Samos\ 2024.08.14-16.21.14.237.Samos.NEF
2026-01-10 14:04:03 - media_renamer_app - WARNING - Install exifread for better RAW support: pip install exifread
2026-01-10 14:04:03 - media_renamer_app - INFO - Successfully extracted date from image D:\Photos\Nef\Samos\ 2024.08.14-16.21.29.238.Samos.NEF: 2024-08-14 16:21:29
2026-01-10 14:04:03 - media_renamer_app - WARNING - exifread not available for RAW file GPS extraction: D:\Photos\Nef\Samos\ 2024.08.14-16.21.29.238.Samos.NEF
2026-01-10 14:04:03 - media_renamer_app - WARNING - Install exifread for better RAW support: pip install exifread
2026-01-10 14:04:03 - media_renamer_app - INFO - Successfully extracted date from image D:\Photos\Nef\Samos\ 2024.08.14-16.21.33.239.Samos.NEF: 2024-08-14 16:21:33
2026-01-10 14:04:03 - media_renamer_app - WARNING - exifread not available for RAW file GPS extraction: D:\Photos\Nef\Samos\ 2024.08.14-16.21.33.239.Samos.NEF
2026-01-10 14:04:03 - media_renamer_app - WARNING - Install exifread for better RAW support: pip install exifread
2026-01-10 14:04:03 - media_renamer_app - INFO - Successfully extracted date from image D:\Photos\Nef\Samos\ 2024.08.14-17.54.57.240.Samos.NEF: 2024-08-14 17:54:57
2026-01-10 14:04:03 - media_renamer_app - WARNING - exifread not available for RAW file GPS extraction: D:\Photos\Nef\Samos\ 2024.08.14-17.54.57.240.Samos.NEF
2026-01-10 14:04:03 - media_renamer_app - WARNING - Install exifread for better RAW support: pip install exifread
2026-01-10 14:04:03 - media_renamer_app - INFO - Successfully extracted date from image D:\Photos\Nef\Samos\ 2024.08.14-17.54.59.241.Samos.NEF: 2024-08-14 17:54:59
2026-01-10 14:04:03 - media_renamer_app - WARNING - exifread not available for RAW file GPS extraction: D:\Photos\Nef\Samos\ 2024.08.14-17.54.59.241.Samos.NEF
2026-01-10 14:04:03 - media_renamer_app - WARNING - Install exifread for better RAW support: pip install exifread
2026-01-10 14:04:03 - media_renamer_app - INFO - Successfully extracted date from image D:\Photos\Nef\Samos\ 2024.08.14-17.57.00.242.Samos.NEF: 2024-08-14 17:57:00
2026-01-10 14:04:03 - media_renamer_app - WARNING - exifread not available for RAW file GPS extraction: D:\Photos\Nef\Samos\ 2024.08.14-17.57.00.242.Samos.NEF
2026-01-10 14:04:03 - media_renamer_app - WARNING - Install exifread for better RAW support: pip install exifread
2026-01-10 14:04:03 - media_renamer_app - INFO - Successfully extracted date from image D:\Photos\Nef\Samos\ 2024.08.14-17.57.02.243.Samos.NEF: 2024-08-14 17:57:02
2026-01-10 14:04:03 - media_renamer_app - WARNING - exifread not available for RAW file GPS extraction: D:\Photos\Nef\Samos\ 2024.08.14-17.57.02.243.Samos.NEF
2026-01-10 14:04:03 - media_renamer_app - WARNING - Install exifread for better RAW support: pip install exifread
2026-01-10 14:04:03 - media_renamer_app - INFO - Successfully extracted date from image D:\Photos\Nef\Samos\ 2024.08.14-17.57.10.244.Samos.NEF: 2024-08-14 17:57:10
2026-01-10 14:04:03 - media_renamer_app - WARNING - exifread not available for RAW file GPS extraction: D:\Photos\Nef\Samos\ 2024.08.14-17.57.10.244.Samos.NEF
2026-01-10 14:04:03 - media_renamer_app - WARNING - Install exifread for better RAW support: pip install exifread
2026-01-10 14:04:03 - media_renamer_app - INFO - Successfully extracted date from image D:\Photos\Nef\Samos\ 2024.08.14-17.57.13.245.Samos.NEF: 2024-08-14 17:57:13
2026-01-10 14:04:03 - media_renamer_app - WARNING - exifread not available for RAW file GPS extraction: D:\Photos\Nef\Samos\ 2024.08.14-17.57.13.245.Samos.NEF
2026-01-10 14:04:03 - media_renamer_app - WARNING - Install exifread for better RAW support: pip install exifread
2026-01-10 14:04:03 - media_renamer_app - INFO - Successfully extracted date from image D:\Photos\Nef\Samos\ 2024.08.14-17.57.53.246.Samos.NEF: 2024-08-14 17:57:53
2026-01-10 14:04:03 - media_renamer_app - WARNING - exifread not available for RAW file GPS extraction: D:\Photos\Nef\Samos\ 2024.08.14-17.57.53.246.Samos.NEF
2026-01-10 14:04:03 - media_renamer_app - WARNING - Install exifread for better RAW support: pip install exifread
2026-01-10 14:04:03 - media_renamer_app - INFO - Successfully extracted date from image D:\Photos\Nef\Samos\ 2024.08.14-17.57.56.247.Samos.NEF: 2024-08-14 17:57:56
2026-01-10 14:04:03 - media_renamer_app - WARNING - exifread not available for RAW file GPS extraction: D:\Photos\Nef\Samos\ 2024.08.14-17.57.56.247.Samos.NEF
2026-01-10 14:04:03 - media_renamer_app - WARNING - Install exifread for better RAW support: pip install exifread
2026-01-10 14:04:03 - media_renamer_app - INFO - Successfully extracted date from image D:\Photos\Nef\Samos\ 2024.08.14-17.58.58.248.Samos.NEF: 2024-08-14 17:58:58
2026-01-10 14:04:03 - media_renamer_app - WARNING - exifread not available for RAW file GPS extraction: D:\Photos\Nef\Samos\ 2024.08.14-17.58.58.248.Samos.NEF
2026-01-10 14:04:03 - media_renamer_app - WARNING - Install exifread for better RAW support: pip install exifread
2026-01-10 14:04:03 - media_renamer_app - INFO - Successfully extracted date from image D:\Photos\Nef\Samos\ 2024.08.14-17.59.01.249.Samos.NEF: 2024-08-14 17:59:01
2026-01-10 14:04:03 - media_renamer_app - WARNING - exifread not available for RAW file GPS extraction: D:\Photos\Nef\Samos\ 2024.08.14-17.59.01.249.Samos.NEF
2026-01-10 14:04:03 - media_renamer_app - WARNING - Install exifread for better RAW support: pip install exifread
2026-01-10 14:04:03 - media_renamer_app - INFO - Successfully extracted date from image D:\Photos\Nef\Samos\ 2024.08.14-17.59.04.250.Samos.NEF: 2024-08-14 17:59:04
2026-01-10 14:04:03 - media_renamer_app - WARNING - exifread not available for RAW file GPS extraction: D:\Photos\Nef\Samos\ 2024.08.14-17.59.04.250.Samos.NEF
2026-01-10 14:04:03 - media_renamer_app - WARNING - Install exifread for better RAW support: pip install exifread
2026-01-10 14:04:03 - media_renamer_app - INFO - Successfully extracted date from image D:\Photos\Nef\Samos\ 2024.08.16-11.14.49.251.Samos.NEF: 2024-08-16 11:14:49
2026-01-10 14:04:03 - media_renamer_app - WARNING - exifread not available for RAW file GPS extraction: D:\Photos\Nef\Samos\ 2024.08.16-11.14.49.251.Samos.NEF
2026-01-10 14:04:03 - media_renamer_app - WARNING - Install exifread for better RAW support: pip install exifread
2026-01-10 14:04:03 - media_renamer_app - INFO - Successfully extracted date from image D:\Photos\Nef\Samos\ 2024.08.16-11.15.03.252.Samos.NEF: 2024-08-16 11:15:03
2026-01-10 14:04:03 - media_renamer_app - WARNING - exifread not available for RAW file GPS extraction: D:\Photos\Nef\Samos\ 2024.08.16-11.15.03.252.Samos.NEF
2026-01-10 14:04:03 - media_renamer_app - WARNING - Install exifread for better RAW support: pip install exifread
2026-01-10 14:04:03 - media_renamer_app - INFO - Successfully extracted date from image D:\Photos\Nef\Samos\ 2024.08.16-11.15.26.253.Samos.NEF: 2024-08-16 11:15:26
2026-01-10 14:04:03 - media_renamer_app - WARNING - exifread not available for RAW file GPS extraction: D:\Photos\Nef\Samos\ 2024.08.16-11.15.26.253.Samos.NEF
2026-01-10 14:04:03 - media_renamer_app - WARNING - Install exifread for better RAW support: pip install exifread
2026-01-10 14:04:03 - media_renamer_app - INFO - Successfully extracted date from image D:\Photos\Nef\Samos\ 2024.08.16-11.15.39.254.Samos.NEF: 2024-08-16 11:15:39
2026-01-10 14:04:03 - media_renamer_app - WARNING - exifread not available for RAW file GPS extraction: D:\Photos\Nef\Samos\ 2024.08.16-11.15.39.254.Samos.NEF
2026-01-10 14:04:03 - media_renamer_app - WARNING - Install exifread for better RAW support: pip install exifread
2026-01-10 14:04:03 - media_renamer_app - INFO - Successfully extracted date from image D:\Photos\Nef\Samos\ 2024.08.16-11.15.45.255.Samos.NEF: 2024-08-16 11:15:45
2026-01-10 14:04:03 - media_renamer_app - WARNING - exifread not available for RAW file GPS extraction: D:\Photos\Nef\Samos\ 2024.08.16-11.15.45.255.Samos.NEF
2026-01-10 14:04:03 - media_renamer_app - WARNING - Install exifread for better RAW support: pip install exifread
2026-01-10 14:04:03 - media_renamer_app - INFO - Successfully extracted date from image D:\Photos\Nef\Samos\ 2024.08.16-11.15.50.256.Samos.NEF: 2024-08-16 11:15:50
2026-01-10 14:04:03 - media_renamer_app - WARNING - exifread not available for RAW file GPS extraction: D:\Photos\Nef\Samos\ 2024.08.16-11.15.50.256.Samos.NEF
2026-01-10 14:04:03 - media_renamer_app - WARNING - Install exifread for better RAW support: pip install exifread
2026-01-10 14:04:03 - media_renamer_app - INFO - Successfully extracted date from image D:\Photos\Nef\Samos\ 2024.08.16-11.30.15.257.Samos.NEF: 2024-08-16 11:30:15
2026-01-10 14:04:03 - media_renamer_app - WARNING - exifread not available for RAW file GPS extraction: D:\Photos\Nef\Samos\ 2024.08.16-11.30.15.257.Samos.NEF
2026-01-10 14:04:03 - media_renamer_app - WARNING - Install exifread for better RAW support: pip install exifread
2026-01-10 14:04:03 - media_renamer_app - INFO - Successfully extracted date from image D:\Photos\Nef\Samos\ 2024.08.16-11.32.06.258.Samos.NEF: 2024-08-16 11:32:06
2026-01-10 14:04:03 - media_renamer_app - WARNING - exifread not available for RAW file GPS extraction: D:\Photos\Nef\Samos\ 2024.08.16-11.32.06.258.Samos.NEF
2026-01-10 14:04:03 - media_renamer_app - WARNING - Install exifread for better RAW support: pip install exifread
2026-01-10 14:04:03 - media_renamer_app - INFO - Successfully extracted date from image D:\Photos\Nef\Samos\ 2024.08.16-11.32.21.259.Samos.NEF: 2024-08-16 11:32:21
2026-01-10 14:04:03 - media_renamer_app - WARNING - exifread not available for RAW file GPS extraction: D:\Photos\Nef\Samos\ 2024.08.16-11.32.21.259.Samos.NEF
2026-01-10 14:04:03 - media_renamer_app - WARNING - Install exifread for better RAW support: pip install exifread
2026-01-10 14:04:03 - media_renamer_app - INFO - Successfully extracted date from image D:\Photos\Nef\Samos\ 2024.08.16-11.33.00.260.Samos.NEF: 2024-08-16 11:33:00
2026-01-10 14:04:03 - media_renamer_app - WARNING - exifread not available for RAW file GPS extraction: D:\Photos\Nef\Samos\ 2024.08.16-11.33.00.260.Samos.NEF
2026-01-10 14:04:03 - media_renamer_app - WARNING - Install exifread for better RAW support: pip install exifread
2026-01-10 14:04:03 - media_renamer_app - INFO - Successfully extracted date from image D:\Photos\Nef\Samos\ 2024.08.16-11.33.09.261.Samos.NEF: 2024-08-16 11:33:09
2026-01-10 14:04:03 - media_renamer_app - WARNING - exifread not available for RAW file GPS extraction: D:\Photos\Nef\Samos\ 2024.08.16-11.33.09.261.Samos.NEF
2026-01-10 14:04:03 - media_renamer_app - WARNING - Install exifread for better RAW support: pip install exifread
2026-01-10 14:04:04 - media_renamer_app - INFO - Successfully extracted date from image D:\Photos\Nef\Samos\ 2024.08.16-11.33.16.262.Samos.NEF: 2024-08-16 11:33:16
2026-01-10 14:04:04 - media_renamer_app - WARNING - exifread not available for RAW file GPS extraction: D:\Photos\Nef\Samos\ 2024.08.16-11.33.16.262.Samos.NEF
2026-01-10 14:04:04 - media_renamer_app - WARNING - Install exifread for better RAW support: pip install exifread
2026-01-10 14:04:04 - media_renamer_app - INFO - Successfully extracted date from image D:\Photos\Nef\Samos\ 2024.08.16-11.37.25.263.Samos.NEF: 2024-08-16 11:37:25
2026-01-10 14:04:04 - media_renamer_app - WARNING - exifread not available for RAW file GPS extraction: D:\Photos\Nef\Samos\ 2024.08.16-11.37.25.263.Samos.NEF
2026-01-10 14:04:04 - media_renamer_app - WARNING - Install exifread for better RAW support: pip install exifread
2026-01-10 14:04:04 - media_renamer_app - INFO - Successfully extracted date from image D:\Photos\Nef\Samos\ 2024.08.16-11.37.26.264.Samos.NEF: 2024-08-16 11:37:26
2026-01-10 14:04:04 - media_renamer_app - WARNING - exifread not available for RAW file GPS extraction: D:\Photos\Nef\Samos\ 2024.08.16-11.37.26.264.Samos.NEF
2026-01-10 14:04:04 - media_renamer_app - WARNING - Install exifread for better RAW support: pip install exifread
2026-01-10 14:04:04 - media_renamer_app - INFO - Successfully extracted date from image D:\Photos\Nef\Samos\ 2024.08.16-11.37.35.265.Samos.NEF: 2024-08-16 11:37:35
2026-01-10 14:04:04 - media_renamer_app - WARNING - exifread not available for RAW file GPS extraction: D:\Photos\Nef\Samos\ 2024.08.16-11.37.35.265.Samos.NEF
2026-01-10 14:04:04 - media_renamer_app - WARNING - Install exifread for better RAW support: pip install exifread
2026-01-10 14:04:04 - media_renamer_app - INFO - Successfully extracted date from image D:\Photos\Nef\Samos\ 2024.08.16-11.37.37.266.Samos.NEF: 2024-08-16 11:37:37
2026-01-10 14:04:04 - media_renamer_app - WARNING - exifread not available for RAW file GPS extraction: D:\Photos\Nef\Samos\ 2024.08.16-11.37.37.266.Samos.NEF
2026-01-10 14:04:04 - media_renamer_app - WARNING - Install exifread for better RAW support: pip install exifread
2026-01-10 14:04:04 - media_renamer_app - INFO - Successfully extracted date from image D:\Photos\Nef\Samos\ 2024.08.16-11.59.40.267.Samos.NEF: 2024-08-16 11:59:40
2026-01-10 14:04:04 - media_renamer_app - WARNING - exifread not available for RAW file GPS extraction: D:\Photos\Nef\Samos\ 2024.08.16-11.59.40.267.Samos.NEF
2026-01-10 14:04:04 - media_renamer_app - WARNING - Install exifread for better RAW support: pip install exifread
2026-01-10 14:04:04 - media_renamer_app - INFO - Successfully extracted date from image D:\Photos\Nef\Samos\ 2024.08.16-11.59.45.268.Samos.NEF: 2024-08-16 11:59:45
2026-01-10 14:04:04 - media_renamer_app - WARNING - exifread not available for RAW file GPS extraction: D:\Photos\Nef\Samos\ 2024.08.16-11.59.45.268.Samos.NEF
2026-01-10 14:04:04 - media_renamer_app - WARNING - Install exifread for better RAW support: pip install exifread
2026-01-10 14:04:04 - media_renamer_app - INFO - Successfully extracted date from image D:\Photos\Nef\Samos\ 2024.08.16-12.00.37.269.Samos.NEF: 2024-08-16 12:00:37
2026-01-10 14:04:04 - media_renamer_app - WARNING - exifread not available for RAW file GPS extraction: D:\Photos\Nef\Samos\ 2024.08.16-12.00.37.269.Samos.NEF
2026-01-10 14:04:04 - media_renamer_app - WARNING - Install exifread for better RAW support: pip install exifread
2026-01-10 14:04:04 - media_renamer_app - INFO - Successfully extracted date from image D:\Photos\Nef\Samos\ 2024.08.16-12.00.39.270.Samos.NEF: 2024-08-16 12:00:39
2026-01-10 14:04:04 - media_renamer_app - WARNING - exifread not available for RAW file GPS extraction: D:\Photos\Nef\Samos\ 2024.08.16-12.00.39.270.Samos.NEF
2026-01-10 14:04:04 - media_renamer_app - WARNING - Install exifread for better RAW support: pip install exifread
2026-01-10 14:04:04 - media_renamer_app - INFO - Successfully extracted date from image D:\Photos\Nef\Samos\ 2024.08.16-12.01.50.271.Samos.NEF: 2024-08-16 12:01:50
2026-01-10 14:04:04 - media_renamer_app - WARNING - exifread not available for RAW file GPS extraction: D:\Photos\Nef\Samos\ 2024.08.16-12.01.50.271.Samos.NEF
2026-01-10 14:04:04 - media_renamer_app - WARNING - Install exifread for better RAW support: pip install exifread
2026-01-10 14:04:04 - media_renamer_app - INFO - Successfully extracted date from image D:\Photos\Nef\Samos\ 2024.08.16-12.01.54.272.Samos.NEF: 2024-08-16 12:01:54
2026-01-10 14:04:04 - media_renamer_app - WARNING - exifread not available for RAW file GPS extraction: D:\Photos\Nef\Samos\ 2024.08.16-12.01.54.272.Samos.NEF
2026-01-10 14:04:04 - media_renamer_app - WARNING - Install exifread for better RAW support: pip install exifread
2026-01-10 14:04:04 - media_renamer_app - INFO - Successfully extracted date from image D:\Photos\Nef\Samos\ 2024.08.16-12.01.55.273.Samos.NEF: 2024-08-16 12:01:55
2026-01-10 14:04:04 - media_renamer_app - WARNING - exifread not available for RAW file GPS extraction: D:\Photos\Nef\Samos\ 2024.08.16-12.01.55.273.Samos.NEF
2026-01-10 14:04:04 - media_renamer_app - WARNING - Install exifread for better RAW support: pip install exifread
2026-01-10 14:04:04 - media_renamer_app - INFO - Successfully extracted date from image D:\Photos\Nef\Samos\ 2024.08.16-12.02.08.274.Samos.NEF: 2024-08-16 12:02:08
2026-01-10 14:04:04 - media_renamer_app - WARNING - exifread not available for RAW file GPS extraction: D:\Photos\Nef\Samos\ 2024.08.16-12.02.08.274.Samos.NEF
2026-01-10 14:04:04 - media_renamer_app - WARNING - Install exifread for better RAW support: pip install exifread
2026-01-10 14:04:04 - media_renamer_app - INFO - Successfully extracted date from image D:\Photos\Nef\Samos\ 2024.08.16-12.02.08.275.Samos.NEF: 2024-08-16 12:02:08
2026-01-10 14:04:04 - media_renamer_app - WARNING - exifread not available for RAW file GPS extraction: D:\Photos\Nef\Samos\ 2024.08.16-12.02.08.275.Samos.NEF
2026-01-10 14:04:04 - media_renamer_app - WARNING - Install exifread for better RAW support: pip install exifread
2026-01-10 14:04:04 - media_renamer_app - INFO - Successfully extracted date from image D:\Photos\Nef\Samos\ 2024.08.16-12.02.39.276.Samos.NEF: 2024-08-16 12:02:39
2026-01-10 14:04:04 - media_renamer_app - WARNING - exifread not available for RAW file GPS extraction: D:\Photos\Nef\Samos\ 2024.08.16-12.02.39.276.Samos.NEF
2026-01-10 14:04:04 - media_renamer_app - WARNING - Install exifread for better RAW support: pip install exifread
2026-01-10 14:04:04 - media_renamer_app - INFO - Successfully extracted date from image D:\Photos\Nef\Samos\ 2024.08.16-12.05.58.277.Samos.NEF: 2024-08-16 12:05:58
2026-01-10 14:04:04 - media_renamer_app - WARNING - exifread not available for RAW file GPS extraction: D:\Photos\Nef\Samos\ 2024.08.16-12.05.58.277.Samos.NEF
2026-01-10 14:04:04 - media_renamer_app - WARNING - Install exifread for better RAW support: pip install exifread
2026-01-10 14:04:04 - media_renamer_app - INFO - Successfully extracted date from image D:\Photos\Nef\Samos\ 2024.08.16-12.05.59.278.Samos.NEF: 2024-08-16 12:05:59
2026-01-10 14:04:04 - media_renamer_app - WARNING - exifread not available for RAW file GPS extraction: D:\Photos\Nef\Samos\ 2024.08.16-12.05.59.278.Samos.NEF
2026-01-10 14:04:04 - media_renamer_app - WARNING - Install exifread for better RAW support: pip install exifread
2026-01-10 14:04:04 - media_renamer_app - INFO - Successfully extracted date from image D:\Photos\Nef\Samos\ 2024.08.16-12.06.22.279.Samos.NEF: 2024-08-16 12:06:22
2026-01-10 14:04:04 - media_renamer_app - WARNING - exifread not available for RAW file GPS extraction: D:\Photos\Nef\Samos\ 2024.08.16-12.06.22.279.Samos.NEF
2026-01-10 14:04:04 - media_renamer_app - WARNING - Install exifread for better RAW support: pip install exifread
2026-01-10 14:04:04 - media_renamer_app - INFO - Successfully extracted date from image D:\Photos\Nef\Samos\ 2024.08.16-12.06.25.280.Samos.NEF: 2024-08-16 12:06:25
2026-01-10 14:04:04 - media_renamer_app - WARNING - exifread not available for RAW file GPS extraction: D:\Photos\Nef\Samos\ 2024.08.16-12.06.25.280.Samos.NEF
2026-01-10 14:04:04 - media_renamer_app - WARNING - Install exifread for better RAW support: pip install exifread
2026-01-10 14:04:04 - media_renamer_app - INFO - Successfully extracted date from image D:\Photos\Nef\Samos\ 2024.08.16-12.06.43.281.Samos.NEF: 2024-08-16 12:06:43
2026-01-10 14:04:04 - media_renamer_app - WARNING - exifread not available for RAW file GPS extraction: D:\Photos\Nef\Samos\ 2024.08.16-12.06.43.281.Samos.NEF
2026-01-10 14:04:04 - media_renamer_app - WARNING - Install exifread for better RAW support: pip install exifread
2026-01-10 14:04:04 - media_renamer_app - INFO - Successfully extracted date from image D:\Photos\Nef\Samos\ 2024.08.16-12.06.48.282.Samos.NEF: 2024-08-16 12:06:48
2026-01-10 14:04:04 - media_renamer_app - WARNING - exifread not available for RAW file GPS extraction: D:\Photos\Nef\Samos\ 2024.08.16-12.06.48.282.Samos.NEF
2026-01-10 14:04:04 - media_renamer_app - WARNING - Install exifread for better RAW support: pip install exifread
2026-01-10 14:04:04 - media_renamer_app - INFO - Successfully extracted date from image D:\Photos\Nef\Samos\ 2024.08.16-12.06.52.283.Samos.NEF: 2024-08-16 12:06:52
2026-01-10 14:04:04 - media_renamer_app - WARNING - exifread not available for RAW file GPS extraction: D:\Photos\Nef\Samos\ 2024.08.16-12.06.52.283.Samos.NEF
2026-01-10 14:04:04 - media_renamer_app - WARNING - Install exifread for better RAW support: pip install exifread
2026-01-10 14:04:04 - media_renamer_app - INFO - Successfully extracted date from image D:\Photos\Nef\Samos\ 2024.08.16-12.07.22.284.Samos.NEF: 2024-08-16 12:07:22
2026-01-10 14:04:04 - media_renamer_app - WARNING - exifread not available for RAW file GPS extraction: D:\Photos\Nef\Samos\ 2024.08.16-12.07.22.284.Samos.NEF
2026-01-10 14:04:04 - media_renamer_app - WARNING - Install exifread for better RAW support: pip install exifread
2026-01-10 14:04:04 - media_renamer_app - INFO - Successfully extracted date from image D:\Photos\Nef\Samos\ 2024.08.16-12.07.24.285.Samos.NEF: 2024-08-16 12:07:24
2026-01-10 14:04:04 - media_renamer_app - WARNING - exifread not available for RAW file GPS extraction: D:\Photos\Nef\Samos\ 2024.08.16-12.07.24.285.Samos.NEF
2026-01-10 14:04:04 - media_renamer_app - WARNING - Install exifread for better RAW support: pip install exifread
2026-01-10 14:04:04 - media_renamer_app - INFO - Successfully extracted date from image D:\Photos\Nef\Samos\ 2024.08.16-12.07.27.286.Samos.NEF: 2024-08-16 12:07:27
2026-01-10 14:04:04 - media_renamer_app - WARNING - exifread not available for RAW file GPS extraction: D:\Photos\Nef\Samos\ 2024.08.16-12.07.27.286.Samos.NEF
2026-01-10 14:04:04 - media_renamer_app - WARNING - Install exifread for better RAW support: pip install exifread
2026-01-10 14:04:04 - media_renamer_app - INFO - File discovery completed: 286 files processed, 0 without metadata
2026-01-10 14:04:17 - media_renamer_app - INFO - User initiated application shutdown
2026-01-10 14:04:17 - media_renamer_app - INFO - Settings saved on application close
2026-01-10 14:04:17 - media_renamer_app - INFO - City cache saved successfully: 88 entries
2026-01-10 14:04:17 - media_renamer_app - INFO - Session log saved: c:\Kiro\MediaUtils\logs\session_20260110_140257.json
2026-01-10 14:04:17 - media_renamer_app - INFO - Final session log saved: c:\Kiro\MediaUtils\logs\session_20260110_140257.json
2026-01-10 14:04:17 - media_renamer_app - INFO - Application shutdown completed
2026-01-10 14:04:17 - media_renamer_app - INFO - Application completed successfully
2026-01-10 14:04:17 - media_renamer_app - INFO - Application shutting down...
2026-01-10 14:04:17 - media_renamer_app - INFO - City cache saved successfully
2026-01-10 14:04:17 - media_renamer_app - INFO - Session log saved: c:\Kiro\MediaUtils\logs\session_20260110_140257.json
2026-01-10 14:04:17 - media_renamer_app - INFO - Application shutdown complete
