2026-05-23 15:27:43 - media_renamer_app - INFO - Application logging initialized - Log file: C:\Kiro\MediaUtils\logs\app_20260523_152743.log
2026-05-23 15:27:43 - media_renamer_app - INFO - Session logging initialized - Session file: C:\Kiro\MediaUtils\logs\session_20260523_152743.log
2026-05-23 15:27:43 - media_renamer_app - INFO - Application starting - Media File Renamer v2.0.0
2026-05-23 15:27:43 - media_renamer_app - INFO - City cache loaded with 112 entries
2026-05-23 15:27:43 - media_renamer_app - INFO - All application systems initialized successfully
2026-05-23 15:27:43 - media_renamer_app - INFO - GUI application starting up with integrated systems
2026-05-23 15:27:43 - media_renamer_app - INFO - MediaProcessor initialized with caching and error recovery
2026-05-23 15:27:43 - media_renamer_app - INFO - FileOperations initialized with 25 supported extensions
2026-05-23 15:27:44 - media_renamer_app - INFO - GUI window initialized with geometry: 1x1+261+263
2026-05-23 15:27:44 - media_renamer_app - INFO - GUI application initialization completed
2026-05-23 15:27:44 - media_renamer_app - INFO - Starting GUI application...
2026-05-23 15:27:52 - media_renamer_app - INFO - User opened folder browser dialog, initial dir: C:/Users/btria/Pictures/1111
2026-05-23 15:28:11 - media_renamer_app - INFO - User selected folder: C:/Users/btria/Pictures/Lightroom Saved Photos
2026-05-23 15:28:19 - media_renamer_app - INFO - User opened folder browser dialog, initial dir: C:/Users/btria/Pictures/Lightroom Saved Photos
2026-05-23 15:28:24 - media_renamer_app - INFO - User selected folder: C:/Users/btria/Pictures/Lightroom Saved Photos/Istanbul2
2026-05-23 15:28:25 - media_renamer_app - INFO - User initiated file discovery for folder: C:/Users/btria/Pictures/Lightroom Saved Photos/Istanbul2
2026-05-23 15:28:25 - media_renamer_app - INFO - Starting file discovery and metadata extraction
2026-05-23 15:28:25 - media_renamer_app - INFO - Starting file discovery in folder: C:/Users/btria/Pictures/Lightroom Saved Photos/Istanbul2
2026-05-23 15:28:25 - media_renamer_app - INFO - Found 0 total files in C:/Users/btria/Pictures/Lightroom Saved Photos/Istanbul2
2026-05-23 15:28:25 - media_renamer_app - INFO - Discovered 0 supported media files
2026-05-23 15:28:25 - media_renamer_app - INFO - Discovered 0 files in C:/Users/btria/Pictures/Lightroom Saved Photos/Istanbul2
2026-05-23 15:28:25 - media_renamer_app - INFO - File discovery completed: 0 files processed, 0 without metadata
2026-05-23 15:28:37 - media_renamer_app - INFO - User opened folder browser dialog, initial dir: C:/Users/btria/Pictures/Lightroom Saved Photos/Istanbul2
2026-05-23 15:29:08 - media_renamer_app - INFO - User selected folder: D:/Photos/iphone/Photos
2026-05-23 15:29:09 - media_renamer_app - INFO - User initiated file discovery for folder: D:/Photos/iphone/Photos
2026-05-23 15:29:09 - media_renamer_app - INFO - Starting file discovery and metadata extraction
2026-05-23 15:29:09 - media_renamer_app - INFO - Starting file discovery in folder: D:/Photos/iphone/Photos
2026-05-23 15:29:33 - media_renamer_app - INFO - Found 576 total files in D:/Photos/iphone/Photos
2026-05-23 15:29:33 - media_renamer_app - INFO - Discovered 576 supported media files
2026-05-23 15:29:33 - media_renamer_app - INFO - Discovered 576 files in D:/Photos/iphone/Photos
2026-05-23 15:29:33 - media_renamer_app - INFO - Successfully extracted date from image D:/Photos/iphone/Photos\2022.11.12-22.48.04.001..jpeg: 2022-11-12 22:48:04
2026-05-23 15:29:33 - media_renamer_app - INFO - Successfully extracted date from image D:/Photos/iphone/Photos\2022.11.12-22.48.55.002..jpeg: 2022-11-12 22:48:55
2026-05-23 15:29:33 - media_renamer_app - INFO - Successfully extracted date from image D:/Photos/iphone/Photos\2022.11.12-22.49.10.003..jpeg: 2022-11-12 22:49:10
2026-05-23 15:29:33 - media_renamer_app - INFO - Successfully extracted date from image D:/Photos/iphone/Photos\2022.11.17-13.02.15.004..jpeg: 2022-11-17 13:02:15
2026-05-23 15:29:33 - media_renamer_app - INFO - Successfully extracted date from image D:/Photos/iphone/Photos\2022.11.19-18.59.55.005..jpeg: 2022-11-19 18:59:55
2026-05-23 15:29:33 - media_renamer_app - INFO - Successfully extracted date from image D:/Photos/iphone/Photos\2022.11.19-19.30.44.006..jpeg: 2022-11-19 19:30:44
2026-05-23 15:29:33 - media_renamer_app - INFO - Successfully extracted date from image D:/Photos/iphone/Photos\2022.11.19-19.30.54.007..jpeg: 2022-11-19 19:30:54
2026-05-23 15:29:33 - media_renamer_app - INFO - Successfully extracted date from image D:/Photos/iphone/Photos\2022.12.01-15.26.09.008..jpeg: 2022-12-01 15:26:09
2026-05-23 15:29:33 - media_renamer_app - INFO - Successfully extracted date from image D:/Photos/iphone/Photos\2022.12.01-16.16.39.009..jpeg: 2022-12-01 16:16:39
2026-05-23 15:29:33 - media_renamer_app - INFO - Successfully extracted date from image D:/Photos/iphone/Photos\2022.12.02-17.31.50.010..jpeg: 2022-12-02 17:31:50
2026-05-23 15:29:33 - media_renamer_app - INFO - Successfully extracted date from image D:/Photos/iphone/Photos\2022.12.02-17.35.57.011..jpg: 2022-12-02 17:35:57
2026-05-23 15:29:33 - media_renamer_app - INFO - Successfully extracted date from image D:/Photos/iphone/Photos\2022.12.02-22.08.26.012..jpeg: 2022-12-02 22:08:26
2026-05-23 15:29:33 - media_renamer_app - INFO - Successfully extracted date from image D:/Photos/iphone/Photos\2022.12.17-12.21.32.013..jpg: 2022-12-17 12:21:32
2026-05-23 15:29:33 - media_renamer_app - INFO - Successfully extracted date from image D:/Photos/iphone/Photos\2023.06.24-12.21.54.014..jpeg: 2023-06-24 12:21:54
2026-05-23 15:29:33 - media_renamer_app - INFO - Successfully extracted date from image D:/Photos/iphone/Photos\2023.06.25-15.31.25.015..jpeg: 2023-06-25 15:31:25
2026-05-23 15:29:33 - media_renamer_app - INFO - Successfully extracted date from image D:/Photos/iphone/Photos\2023.06.28-11.08.26.016..jpeg: 2023-06-28 11:08:26
2026-05-23 15:29:33 - media_renamer_app - INFO - Successfully extracted date from image D:/Photos/iphone/Photos\2023.06.29-19.37.54.017..jpeg: 2023-06-29 19:37:54
2026-05-23 15:29:33 - media_renamer_app - INFO - Successfully extracted date from image D:/Photos/iphone/Photos\2023.07.13-22.49.41.018..jpeg: 2023-07-13 22:49:41
2026-05-23 15:29:33 - media_renamer_app - INFO - Successfully extracted date from image D:/Photos/iphone/Photos\2023.08.10-20.26.03.019..jpeg: 2023-08-10 20:26:03
2026-05-23 15:29:33 - media_renamer_app - INFO - Successfully extracted date from image D:/Photos/iphone/Photos\2023.08.17-23.28.54.020..jpeg: 2023-08-17 23:28:54
2026-05-23 15:29:33 - media_renamer_app - INFO - Successfully extracted date from image D:/Photos/iphone/Photos\2023.08.31-21.05.33.021..jpeg: 2023-08-31 21:05:33
2026-05-23 15:29:33 - media_renamer_app - INFO - Successfully extracted date from image D:/Photos/iphone/Photos\2023.09.16-16.46.26.022..jpeg: 2023-09-16 16:46:26
2026-05-23 15:29:33 - media_renamer_app - INFO - Successfully extracted date from image D:/Photos/iphone/Photos\2023.09.30-19.28.04.023..jpeg: 2023-09-30 19:28:04
2026-05-23 15:29:33 - media_renamer_app - INFO - Successfully extracted date from image D:/Photos/iphone/Photos\2023.10.01-21.09.26.024..jpeg: 2023-10-01 21:09:26
2026-05-23 15:29:33 - media_renamer_app - INFO - Successfully extracted date from image D:/Photos/iphone/Photos\2023.10.06-21.01.54.025..jpeg: 2023-10-06 21:01:54
2026-05-23 15:29:33 - media_renamer_app - INFO - Successfully extracted date from image D:/Photos/iphone/Photos\2023.10.06-21.03.00.026..jpeg: 2023-10-06 21:03:00
2026-05-23 15:29:33 - media_renamer_app - INFO - Successfully extracted date from image D:/Photos/iphone/Photos\2023.10.07-22.06.46.027..jpeg: 2023-10-07 22:06:46
2026-05-23 15:29:33 - media_renamer_app - INFO - Successfully extracted date from image D:/Photos/iphone/Photos\2023.10.15-20.59.57.028..jpeg: 2023-10-15 20:59:57
2026-05-23 15:29:33 - media_renamer_app - INFO - Successfully extracted date from image D:/Photos/iphone/Photos\2023.11.02-19.34.14.029..jpeg: 2023-11-02 19:34:14
2026-05-23 15:29:33 - media_renamer_app - INFO - Successfully extracted date from image D:/Photos/iphone/Photos\2023.11.03-01.12.05.030..jpeg: 2023-11-03 01:12:05
2026-05-23 15:29:34 - media_renamer_app - INFO - Successfully extracted date from image D:/Photos/iphone/Photos\2023.11.04-10.28.36.031..jpeg: 2023-11-04 10:28:36
2026-05-23 15:29:34 - media_renamer_app - INFO - Successfully extracted date from image D:/Photos/iphone/Photos\2023.11.04-10.28.53.032..jpeg: 2023-11-04 10:28:53
2026-05-23 15:29:34 - media_renamer_app - INFO - Successfully extracted date from image D:/Photos/iphone/Photos\2023.11.04-15.55.06.033..jpeg: 2023-11-04 15:55:06
2026-05-23 15:29:34 - media_renamer_app - INFO - Successfully extracted date from image D:/Photos/iphone/Photos\2023.11.04-20.37.03.034..jpeg: 2023-11-04 20:37:03
2026-05-23 15:29:34 - media_renamer_app - INFO - Successfully extracted date from image D:/Photos/iphone/Photos\2023.11.04-22.28.49.035..jpeg: 2023-11-04 22:28:49
2026-05-23 15:29:34 - media_renamer_app - INFO - Successfully extracted date from image D:/Photos/iphone/Photos\2023.11.05-11.40.43.036..jpeg: 2023-11-05 11:40:43
2026-05-23 15:29:34 - media_renamer_app - INFO - Successfully extracted date from image D:/Photos/iphone/Photos\2023.11.05-12.36.24.037..jpeg: 2023-11-05 12:36:24
2026-05-23 15:29:34 - media_renamer_app - INFO - Successfully extracted date from image D:/Photos/iphone/Photos\2023.11.05-14.53.19.038..jpeg: 2023-11-05 14:53:19
2026-05-23 15:29:34 - media_renamer_app - INFO - Successfully extracted date from image D:/Photos/iphone/Photos\2023.11.09-08.43.59.039..jpg: 2023-11-09 08:43:59
2026-05-23 15:29:34 - media_renamer_app - INFO - Successfully extracted date from image D:/Photos/iphone/Photos\2023.11.19-14.44.20.040..jpeg: 2023-11-19 14:44:20
2026-05-23 15:29:34 - media_renamer_app - INFO - Successfully extracted date from image D:/Photos/iphone/Photos\2023.11.21-18.39.22.041..jpeg: 2023-11-21 18:39:22
2026-05-23 15:29:34 - media_renamer_app - INFO - Successfully extracted date from image D:/Photos/iphone/Photos\2023.11.25-22.57.15.042..jpeg: 2023-11-25 22:57:15
2026-05-23 15:29:34 - media_renamer_app - INFO - Successfully extracted date from image D:/Photos/iphone/Photos\2023.12.17-10.17.28.043..jpeg: 2023-12-17 10:17:28
2026-05-23 15:29:34 - media_renamer_app - INFO - Successfully extracted date from image D:/Photos/iphone/Photos\2023.12.23-21.37.20.044..jpeg: 2023-12-23 21:37:20
2026-05-23 15:29:34 - media_renamer_app - INFO - Successfully extracted date from image D:/Photos/iphone/Photos\2023.12.25-00.53.46.045..jpeg: 2023-12-25 00:53:46
2026-05-23 15:29:34 - media_renamer_app - INFO - Successfully extracted date from image D:/Photos/iphone/Photos\2024.01.12-00.57.39.046..jpeg: 2024-01-12 00:57:39
2026-05-23 15:29:34 - media_renamer_app - INFO - Successfully extracted date from image D:/Photos/iphone/Photos\2024.01.20-12.16.09.047..jpeg: 2024-01-20 12:16:09
2026-05-23 15:29:34 - media_renamer_app - INFO - Successfully extracted date from image D:/Photos/iphone/Photos\2024.01.20-12.16.22.048..jpeg: 2024-01-20 12:16:22
2026-05-23 15:29:34 - media_renamer_app - INFO - Successfully extracted date from image D:/Photos/iphone/Photos\2024.01.20-12.16.56.049..jpeg: 2024-01-20 12:16:56
2026-05-23 15:29:34 - media_renamer_app - INFO - Successfully extracted date from image D:/Photos/iphone/Photos\2024.01.23-17.25.33.050..jpg: 2024-01-23 17:25:33
2026-05-23 15:29:34 - media_renamer_app - INFO - Successfully extracted date from image D:/Photos/iphone/Photos\2024.01.31-19.22.46.051..jpeg: 2024-01-31 19:22:46
2026-05-23 15:29:34 - media_renamer_app - INFO - Successfully extracted date from image D:/Photos/iphone/Photos\2024.02.01-19.07.13.052..jpeg: 2024-02-01 19:07:13
2026-05-23 15:29:34 - media_renamer_app - INFO - Successfully extracted date from image D:/Photos/iphone/Photos\2024.02.01-19.57.25.053..jpeg: 2024-02-01 19:57:25
2026-05-23 15:29:34 - media_renamer_app - INFO - Successfully extracted date from image D:/Photos/iphone/Photos\2024.02.01-19.57.34.054..jpeg: 2024-02-01 19:57:34
2026-05-23 15:29:34 - media_renamer_app - INFO - Successfully extracted date from image D:/Photos/iphone/Photos\2024.02.01-20.16.19.055..jpeg: 2024-02-01 20:16:19
2026-05-23 15:29:34 - media_renamer_app - INFO - Successfully extracted date from image D:/Photos/iphone/Photos\2024.02.03-12.14.13.056..jpeg: 2024-02-03 12:14:13
2026-05-23 15:29:34 - media_renamer_app - INFO - Successfully extracted date from image D:/Photos/iphone/Photos\2024.02.20-18.06.16.057..jpeg: 2024-02-20 18:06:16
2026-05-23 15:29:34 - media_renamer_app - INFO - Successfully extracted date from image D:/Photos/iphone/Photos\2024.03.02-10.19.07.058..jpeg: 2024-03-02 10:19:07
2026-05-23 15:29:34 - media_renamer_app - INFO - Successfully extracted date from image D:/Photos/iphone/Photos\2024.03.14-11.00.50.059..jpeg: 2024-03-14 11:00:50
2026-05-23 15:29:34 - media_renamer_app - INFO - Successfully extracted date from image D:/Photos/iphone/Photos\2024.03.17-21.30.21.060..jpeg: 2024-03-17 21:30:21
2026-05-23 15:29:34 - media_renamer_app - INFO - Successfully extracted date from image D:/Photos/iphone/Photos\2024.04.04-18.11.26.061..jpeg: 2024-04-04 18:11:26
2026-05-23 15:29:34 - media_renamer_app - INFO - Successfully extracted date from image D:/Photos/iphone/Photos\2024.04.20-18.06.40.062..jpeg: 2024-04-20 18:06:40
2026-05-23 15:29:34 - media_renamer_app - INFO - Successfully extracted date from image D:/Photos/iphone/Photos\2024.05.13-11.37.32.063..HEIC: 2024-05-13 11:37:32
2026-05-23 15:29:35 - media_renamer_app - INFO - Successfully extracted date from image D:/Photos/iphone/Photos\2024.06.08-20.20.37.064..jpeg: 2024-06-08 20:20:37
2026-05-23 15:29:35 - media_renamer_app - INFO - Successfully extracted date from image D:/Photos/iphone/Photos\2024.07.03-18.04.09.065..jpeg: 2024-07-03 18:04:09
2026-05-23 15:29:35 - media_renamer_app - INFO - Successfully extracted date from image D:/Photos/iphone/Photos\2024.07.06-21.58.36.066..jpeg: 2024-07-06 21:58:36
2026-05-23 15:29:35 - media_renamer_app - INFO - Successfully extracted date from image D:/Photos/iphone/Photos\2024.07.09-20.23.38.067.AgiaParaskevi.HEIC: 2024-07-09 20:23:38
2026-05-23 15:29:35 - media_renamer_app - INFO - GPS coordinates found in D:/Photos/iphone/Photos\2024.07.09-20.23.38.067.AgiaParaskevi.HEIC: 38.0150, 23.8203
2026-05-23 15:29:35 - media_renamer_app - INFO - City resolved for D:/Photos/iphone/Photos\2024.07.09-20.23.38.067.AgiaParaskevi.HEIC: Agia Paraskevi
2026-05-23 15:29:35 - media_renamer_app - INFO - Successfully extracted date from image D:/Photos/iphone/Photos\2024.07.16-15.19.41.068.AgiaParaskevi.HEIC: 2024-07-16 15:19:41
2026-05-23 15:29:35 - media_renamer_app - INFO - GPS coordinates found in D:/Photos/iphone/Photos\2024.07.16-15.19.41.068.AgiaParaskevi.HEIC: 38.0150, 23.8203
2026-05-23 15:29:35 - media_renamer_app - INFO - City resolved for D:/Photos/iphone/Photos\2024.07.16-15.19.41.068.AgiaParaskevi.HEIC: Agia Paraskevi
2026-05-23 15:29:35 - media_renamer_app - INFO - Successfully extracted date from image D:/Photos/iphone/Photos\2024.07.28-21.18.20.069.Kifisia.jpg: 2024-07-28 21:18:20
2026-05-23 15:29:35 - media_renamer_app - INFO - GPS coordinates found in D:/Photos/iphone/Photos\2024.07.28-21.18.20.069.Kifisia.jpg: 38.0896, 23.7920
2026-05-23 15:29:35 - media_renamer_app - INFO - City resolved for D:/Photos/iphone/Photos\2024.07.28-21.18.20.069.Kifisia.jpg: Kifisia
2026-05-23 15:29:35 - media_renamer_app - INFO - Successfully extracted date from image D:/Photos/iphone/Photos\2024.07.28-21.18.24.070.Kifisia.jpg: 2024-07-28 21:18:24
2026-05-23 15:29:35 - media_renamer_app - INFO - GPS coordinates found in D:/Photos/iphone/Photos\2024.07.28-21.18.24.070.Kifisia.jpg: 38.0896, 23.7920
2026-05-23 15:29:35 - media_renamer_app - INFO - City resolved for D:/Photos/iphone/Photos\2024.07.28-21.18.24.070.Kifisia.jpg: Kifisia
2026-05-23 15:29:35 - media_renamer_app - INFO - Successfully extracted date from image D:/Photos/iphone/Photos\2024.07.28-21.18.27.071.Kifisia.jpg: 2024-07-28 21:18:27
2026-05-23 15:29:35 - media_renamer_app - INFO - GPS coordinates found in D:/Photos/iphone/Photos\2024.07.28-21.18.27.071.Kifisia.jpg: 38.0896, 23.7920
2026-05-23 15:29:35 - media_renamer_app - INFO - City resolved for D:/Photos/iphone/Photos\2024.07.28-21.18.27.071.Kifisia.jpg: Kifisia
2026-05-23 15:29:35 - media_renamer_app - INFO - Successfully extracted date from image D:/Photos/iphone/Photos\2024.07.28-21.18.32.072.Kifisia.jpg: 2024-07-28 21:18:32
2026-05-23 15:29:35 - media_renamer_app - INFO - GPS coordinates found in D:/Photos/iphone/Photos\2024.07.28-21.18.32.072.Kifisia.jpg: 38.0896, 23.7920
2026-05-23 15:29:35 - media_renamer_app - INFO - City resolved for D:/Photos/iphone/Photos\2024.07.28-21.18.32.072.Kifisia.jpg: Kifisia
2026-05-23 15:29:35 - media_renamer_app - INFO - Successfully extracted date from image D:/Photos/iphone/Photos\2024.07.28-21.18.36.073.Kifisia.jpg: 2024-07-28 21:18:36
2026-05-23 15:29:35 - media_renamer_app - INFO - GPS coordinates found in D:/Photos/iphone/Photos\2024.07.28-21.18.36.073.Kifisia.jpg: 38.0896, 23.7920
2026-05-23 15:29:35 - media_renamer_app - INFO - City resolved for D:/Photos/iphone/Photos\2024.07.28-21.18.36.073.Kifisia.jpg: Kifisia
2026-05-23 15:29:35 - media_renamer_app - INFO - Successfully extracted date from image D:/Photos/iphone/Photos\2024.07.28-21.19.22.074.Kifisia.jpg: 2024-07-28 21:19:22
2026-05-23 15:29:35 - media_renamer_app - INFO - GPS coordinates found in D:/Photos/iphone/Photos\2024.07.28-21.19.22.074.Kifisia.jpg: 38.0895, 23.7921
2026-05-23 15:29:35 - media_renamer_app - INFO - City resolved for D:/Photos/iphone/Photos\2024.07.28-21.19.22.074.Kifisia.jpg: Kifisia
2026-05-23 15:29:35 - media_renamer_app - INFO - Successfully extracted date from image D:/Photos/iphone/Photos\2024.07.28-21.19.28.075.Kifisia.jpg: 2024-07-28 21:19:28
2026-05-23 15:29:35 - media_renamer_app - INFO - GPS coordinates found in D:/Photos/iphone/Photos\2024.07.28-21.19.28.075.Kifisia.jpg: 38.0895, 23.7921
2026-05-23 15:29:35 - media_renamer_app - INFO - City resolved for D:/Photos/iphone/Photos\2024.07.28-21.19.28.075.Kifisia.jpg: Kifisia
2026-05-23 15:29:35 - media_renamer_app - INFO - Successfully extracted date from image D:/Photos/iphone/Photos\2024.07.28-21.20.33.076.Kifisia.jpg: 2024-07-28 21:20:33
2026-05-23 15:29:35 - media_renamer_app - INFO - GPS coordinates found in D:/Photos/iphone/Photos\2024.07.28-21.20.33.076.Kifisia.jpg: 38.0895, 23.7919
2026-05-23 15:29:35 - media_renamer_app - INFO - City resolved for D:/Photos/iphone/Photos\2024.07.28-21.20.33.076.Kifisia.jpg: Kifisia
2026-05-23 15:29:35 - media_renamer_app - INFO - Successfully extracted date from image D:/Photos/iphone/Photos\2024.07.28-21.20.47.077.Kifisia.jpg: 2024-07-28 21:20:47
2026-05-23 15:29:35 - media_renamer_app - INFO - GPS coordinates found in D:/Photos/iphone/Photos\2024.07.28-21.20.47.077.Kifisia.jpg: 38.0896, 23.7921
2026-05-23 15:29:35 - media_renamer_app - INFO - City resolved for D:/Photos/iphone/Photos\2024.07.28-21.20.47.077.Kifisia.jpg: Kifisia
2026-05-23 15:29:35 - media_renamer_app - INFO - Successfully extracted date from image D:/Photos/iphone/Photos\2024.07.28-21.20.55.078.Kifisia.jpg: 2024-07-28 21:20:55
2026-05-23 15:29:35 - media_renamer_app - INFO - GPS coordinates found in D:/Photos/iphone/Photos\2024.07.28-21.20.55.078.Kifisia.jpg: 38.0896, 23.7921
2026-05-23 15:29:35 - media_renamer_app - INFO - City resolved for D:/Photos/iphone/Photos\2024.07.28-21.20.55.078.Kifisia.jpg: Kifisia
2026-05-23 15:29:35 - media_renamer_app - INFO - Successfully extracted date from image D:/Photos/iphone/Photos\2024.08.09-05.45.29.079.Piraeus.jpg: 2024-08-09 05:45:29
2026-05-23 15:29:35 - media_renamer_app - INFO - GPS coordinates found in D:/Photos/iphone/Photos\2024.08.09-05.45.29.079.Piraeus.jpg: 37.9398, 23.6366
2026-05-23 15:29:35 - media_renamer_app - INFO - City resolved for D:/Photos/iphone/Photos\2024.08.09-05.45.29.079.Piraeus.jpg: Piraeus
2026-05-23 15:29:35 - media_renamer_app - INFO - Successfully extracted date from image D:/Photos/iphone/Photos\2024.08.09-05.45.41.080.Piraeus.jpg: 2024-08-09 05:45:41
2026-05-23 15:29:35 - media_renamer_app - INFO - GPS coordinates found in D:/Photos/iphone/Photos\2024.08.09-05.45.41.080.Piraeus.jpg: 37.9417, 23.6381
2026-05-23 15:29:35 - media_renamer_app - INFO - City resolved for D:/Photos/iphone/Photos\2024.08.09-05.45.41.080.Piraeus.jpg: Piraeus
2026-05-23 15:29:35 - media_renamer_app - INFO - Successfully extracted date from image D:/Photos/iphone/Photos\2024.08.09-05.45.51.081.Piraeus.jpg: 2024-08-09 05:45:51
2026-05-23 15:29:35 - media_renamer_app - INFO - GPS coordinates found in D:/Photos/iphone/Photos\2024.08.09-05.45.51.081.Piraeus.jpg: 37.9417, 23.6381
2026-05-23 15:29:35 - media_renamer_app - INFO - City resolved for D:/Photos/iphone/Photos\2024.08.09-05.45.51.081.Piraeus.jpg: Piraeus
2026-05-23 15:29:35 - media_renamer_app - INFO - Successfully extracted date from image D:/Photos/iphone/Photos\2024.08.09-05.50.28.082..jpeg: 2024-08-09 05:50:28
2026-05-23 15:29:35 - media_renamer_app - INFO - Successfully extracted date from image D:/Photos/iphone/Photos\2024.08.09-20.54.03.083..jpeg: 2024-08-09 20:54:03
2026-05-23 15:29:35 - media_renamer_app - INFO - Successfully extracted date from image D:/Photos/iphone/Photos\2024.08.10-13.01.34.084..jpg: 2024-08-10 13:01:34
2026-05-23 15:29:35 - media_renamer_app - INFO - Successfully extracted date from image D:/Photos/iphone/Photos\2024.08.12-12.17.41.085..jpeg: 2024-08-12 12:17:41
2026-05-23 15:29:35 - media_renamer_app - INFO - Successfully extracted date from image D:/Photos/iphone/Photos\2024.08.12-14.20.18.086.Karlovasi.jpg: 2024-08-12 14:20:18
2026-05-23 15:29:35 - media_renamer_app - INFO - GPS coordinates found in D:/Photos/iphone/Photos\2024.08.12-14.20.18.086.Karlovasi.jpg: 37.7908, 26.6666
2026-05-23 15:29:35 - media_renamer_app - INFO - City resolved for D:/Photos/iphone/Photos\2024.08.12-14.20.18.086.Karlovasi.jpg: Karlovasi
2026-05-23 15:29:35 - media_renamer_app - INFO - Successfully extracted date from image D:/Photos/iphone/Photos\2024.08.15-20.03.27.087.Karlovasi.jpg: 2024-08-15 20:03:27
2026-05-23 15:29:35 - media_renamer_app - INFO - GPS coordinates found in D:/Photos/iphone/Photos\2024.08.15-20.03.27.087.Karlovasi.jpg: 37.7950, 26.7075
2026-05-23 15:29:35 - media_renamer_app - INFO - City resolved for D:/Photos/iphone/Photos\2024.08.15-20.03.27.087.Karlovasi.jpg: Karlovasi
2026-05-23 15:29:35 - media_renamer_app - INFO - Successfully extracted date from image D:/Photos/iphone/Photos\2024.08.15-20.03.52.088.Karlovasi.jpg: 2024-08-15 20:03:52
2026-05-23 15:29:35 - media_renamer_app - INFO - GPS coordinates found in D:/Photos/iphone/Photos\2024.08.15-20.03.52.088.Karlovasi.jpg: 37.7950, 26.7075
2026-05-23 15:29:35 - media_renamer_app - INFO - City resolved for D:/Photos/iphone/Photos\2024.08.15-20.03.52.088.Karlovasi.jpg: Karlovasi
2026-05-23 15:29:35 - media_renamer_app - INFO - Successfully extracted date from image D:/Photos/iphone/Photos\2024.08.15-20.03.54.089.Karlovasi.jpg: 2024-08-15 20:03:54
2026-05-23 15:29:35 - media_renamer_app - INFO - GPS coordinates found in D:/Photos/iphone/Photos\2024.08.15-20.03.54.089.Karlovasi.jpg: 37.7950, 26.7075
2026-05-23 15:29:35 - media_renamer_app - INFO - City resolved for D:/Photos/iphone/Photos\2024.08.15-20.03.54.089.Karlovasi.jpg: Karlovasi
2026-05-23 15:29:35 - media_renamer_app - INFO - Successfully extracted date from image D:/Photos/iphone/Photos\2024.08.15-20.04.00.090.Karlovasi.jpg: 2024-08-15 20:04:00
2026-05-23 15:29:35 - media_renamer_app - INFO - GPS coordinates found in D:/Photos/iphone/Photos\2024.08.15-20.04.00.090.Karlovasi.jpg: 37.7950, 26.7075
2026-05-23 15:29:35 - media_renamer_app - INFO - City resolved for D:/Photos/iphone/Photos\2024.08.15-20.04.00.090.Karlovasi.jpg: Karlovasi
2026-05-23 15:29:35 - media_renamer_app - INFO - Successfully extracted date from image D:/Photos/iphone/Photos\2024.08.15-20.04.02.091.Karlovasi.jpg: 2024-08-15 20:04:02
2026-05-23 15:29:35 - media_renamer_app - INFO - GPS coordinates found in D:/Photos/iphone/Photos\2024.08.15-20.04.02.091.Karlovasi.jpg: 37.7950, 26.7075
2026-05-23 15:29:35 - media_renamer_app - INFO - City resolved for D:/Photos/iphone/Photos\2024.08.15-20.04.02.091.Karlovasi.jpg: Karlovasi
2026-05-23 15:29:35 - media_renamer_app - INFO - Successfully extracted date from image D:/Photos/iphone/Photos\2024.08.15-20.04.49.092.Karlovasi.jpg: 2024-08-15 20:04:49
2026-05-23 15:29:35 - media_renamer_app - INFO - GPS coordinates found in D:/Photos/iphone/Photos\2024.08.15-20.04.49.092.Karlovasi.jpg: 37.7996, 26.7024
2026-05-23 15:29:35 - media_renamer_app - INFO - City resolved for D:/Photos/iphone/Photos\2024.08.15-20.04.49.092.Karlovasi.jpg: Karlovasi
2026-05-23 15:29:35 - media_renamer_app - INFO - Successfully extracted date from image D:/Photos/iphone/Photos\2024.08.15-20.04.56.093.Karlovasi.jpg: 2024-08-15 20:04:56
2026-05-23 15:29:35 - media_renamer_app - INFO - GPS coordinates found in D:/Photos/iphone/Photos\2024.08.15-20.04.56.093.Karlovasi.jpg: 37.7952, 26.7078
2026-05-23 15:29:35 - media_renamer_app - INFO - City resolved for D:/Photos/iphone/Photos\2024.08.15-20.04.56.093.Karlovasi.jpg: Karlovasi
2026-05-23 15:29:35 - media_renamer_app - INFO - Successfully extracted date from image D:/Photos/iphone/Photos\2024.08.15-20.05.05.094.Karlovasi.jpg: 2024-08-15 20:05:05
2026-05-23 15:29:35 - media_renamer_app - INFO - GPS coordinates found in D:/Photos/iphone/Photos\2024.08.15-20.05.05.094.Karlovasi.jpg: 37.7952, 26.7078
2026-05-23 15:29:35 - media_renamer_app - INFO - City resolved for D:/Photos/iphone/Photos\2024.08.15-20.05.05.094.Karlovasi.jpg: Karlovasi
2026-05-23 15:29:35 - media_renamer_app - INFO - Successfully extracted date from image D:/Photos/iphone/Photos\2024.08.15-20.05.10.095.Karlovasi.jpg: 2024-08-15 20:05:10
2026-05-23 15:29:35 - media_renamer_app - INFO - GPS coordinates found in D:/Photos/iphone/Photos\2024.08.15-20.05.10.095.Karlovasi.jpg: 37.7952, 26.7078
2026-05-23 15:29:35 - media_renamer_app - INFO - City resolved for D:/Photos/iphone/Photos\2024.08.15-20.05.10.095.Karlovasi.jpg: Karlovasi
2026-05-23 15:29:36 - media_renamer_app - INFO - Successfully extracted date from image D:/Photos/iphone/Photos\2024.08.19-20.37.39.096.PenteliMunicipalUnit.jpg: 2024-08-19 20:37:39
2026-05-23 15:29:36 - media_renamer_app - INFO - GPS coordinates found in D:/Photos/iphone/Photos\2024.08.19-20.37.39.096.PenteliMunicipalUnit.jpg: 38.0526, 23.8550
2026-05-23 15:29:36 - media_renamer_app - INFO - City resolved for D:/Photos/iphone/Photos\2024.08.19-20.37.39.096.PenteliMunicipalUnit.jpg: Penteli Municipal Unit
2026-05-23 15:29:36 - media_renamer_app - INFO - Successfully extracted date from image D:/Photos/iphone/Photos\2024.08.19-20.37.41.097.PenteliMunicipalUnit.jpg: 2024-08-19 20:37:41
2026-05-23 15:29:36 - media_renamer_app - INFO - GPS coordinates found in D:/Photos/iphone/Photos\2024.08.19-20.37.41.097.PenteliMunicipalUnit.jpg: 38.0526, 23.8550
2026-05-23 15:29:36 - media_renamer_app - INFO - City resolved for D:/Photos/iphone/Photos\2024.08.19-20.37.41.097.PenteliMunicipalUnit.jpg: Penteli Municipal Unit
2026-05-23 15:29:36 - media_renamer_app - INFO - Successfully extracted date from image D:/Photos/iphone/Photos\2024.08.19-20.37.42.098.PenteliMunicipalUnit.jpg: 2024-08-19 20:37:42
2026-05-23 15:29:36 - media_renamer_app - INFO - GPS coordinates found in D:/Photos/iphone/Photos\2024.08.19-20.37.42.098.PenteliMunicipalUnit.jpg: 38.0526, 23.8549
2026-05-23 15:29:36 - media_renamer_app - INFO - City resolved for D:/Photos/iphone/Photos\2024.08.19-20.37.42.098.PenteliMunicipalUnit.jpg: Penteli Municipal Unit
2026-05-23 15:29:36 - media_renamer_app - INFO - Successfully extracted date from image D:/Photos/iphone/Photos\2024.08.30-14.16.13.099..jpeg: 2024-08-30 14:16:13
2026-05-23 15:29:36 - media_renamer_app - INFO - Successfully extracted date from image D:/Photos/iphone/Photos\2024.09.17-19.43.29.100..jpg: 2024-09-17 19:43:29
2026-05-23 15:29:36 - media_renamer_app - INFO - Successfully extracted date from image D:/Photos/iphone/Photos\2024.09.17-19.43.44.101..jpg: 2024-09-17 19:43:44
2026-05-23 15:29:36 - media_renamer_app - INFO - Successfully extracted date from image D:/Photos/iphone/Photos\2024.09.27-18.16.23.102..jpg: 2024-09-27 18:16:23
2026-05-23 15:29:36 - media_renamer_app - INFO - Successfully extracted date from image D:/Photos/iphone/Photos\2024.10.05-23.26.20.103.Chalandri.jpg: 2024-10-05 23:26:20
2026-05-23 15:29:36 - media_renamer_app - INFO - GPS coordinates found in D:/Photos/iphone/Photos\2024.10.05-23.26.20.103.Chalandri.jpg: 38.0195, 23.8055
2026-05-23 15:29:36 - media_renamer_app - INFO - City resolved for D:/Photos/iphone/Photos\2024.10.05-23.26.20.103.Chalandri.jpg: Chalandri
2026-05-23 15:29:36 - media_renamer_app - INFO - Successfully extracted date from image D:/Photos/iphone/Photos\2024.10.05-23.26.21.104.Chalandri.jpg: 2024-10-05 23:26:21
2026-05-23 15:29:36 - media_renamer_app - INFO - GPS coordinates found in D:/Photos/iphone/Photos\2024.10.05-23.26.21.104.Chalandri.jpg: 38.0195, 23.8055
2026-05-23 15:29:36 - media_renamer_app - INFO - City resolved for D:/Photos/iphone/Photos\2024.10.05-23.26.21.104.Chalandri.jpg: Chalandri
2026-05-23 15:29:36 - media_renamer_app - INFO - Successfully extracted date from image D:/Photos/iphone/Photos\2024.10.05-23.26.23.105.Chalandri.jpg: 2024-10-05 23:26:23
2026-05-23 15:29:36 - media_renamer_app - INFO - GPS coordinates found in D:/Photos/iphone/Photos\2024.10.05-23.26.23.105.Chalandri.jpg: 38.0195, 23.8055
2026-05-23 15:29:36 - media_renamer_app - INFO - City resolved for D:/Photos/iphone/Photos\2024.10.05-23.26.23.105.Chalandri.jpg: Chalandri
2026-05-23 15:29:36 - media_renamer_app - INFO - Successfully extracted date from image D:/Photos/iphone/Photos\2024.11.03-15.33.38.106..jpg: 2024-11-03 15:33:38
2026-05-23 15:29:36 - media_renamer_app - INFO - Successfully extracted date from image D:/Photos/iphone/Photos\2024.11.03-15.33.46.107.NeoPsychiko.jpg: 2024-11-03 15:33:46
2026-05-23 15:29:36 - media_renamer_app - INFO - GPS coordinates found in D:/Photos/iphone/Photos\2024.11.03-15.33.46.107.NeoPsychiko.jpg: 38.0027, 23.7772
2026-05-23 15:29:36 - media_renamer_app - INFO - City resolved for D:/Photos/iphone/Photos\2024.11.03-15.33.46.107.NeoPsychiko.jpg: Neo Psychiko
2026-05-23 15:29:36 - media_renamer_app - INFO - Successfully extracted date from image D:/Photos/iphone/Photos\2024.11.08-13.15.07.108..jpeg: 2024-11-08 13:15:07
2026-05-23 15:29:36 - media_renamer_app - INFO - Successfully extracted date from image D:/Photos/iphone/Photos\2025.01.07-00.29.22.109.AgiaParaskevi.jpg: 2025-01-07 00:29:22
2026-05-23 15:29:36 - media_renamer_app - INFO - GPS coordinates found in D:/Photos/iphone/Photos\2025.01.07-00.29.22.109.AgiaParaskevi.jpg: 38.0147, 23.8205
2026-05-23 15:29:36 - media_renamer_app - INFO - City resolved for D:/Photos/iphone/Photos\2025.01.07-00.29.22.109.AgiaParaskevi.jpg: Agia Paraskevi
2026-05-23 15:29:36 - media_renamer_app - INFO - Successfully extracted date from image D:/Photos/iphone/Photos\2025.02.04-12.55.16.110.Athens.jpg: 2025-02-04 12:55:16
2026-05-23 15:29:36 - media_renamer_app - INFO - GPS coordinates found in D:/Photos/iphone/Photos\2025.02.04-12.55.16.110.Athens.jpg: 37.9968, 23.7809
2026-05-23 15:29:36 - media_renamer_app - INFO - City resolved for D:/Photos/iphone/Photos\2025.02.04-12.55.16.110.Athens.jpg: Athens
2026-05-23 15:29:36 - media_renamer_app - INFO - Successfully extracted date from image D:/Photos/iphone/Photos\2025.02.04-12.55.22.111.Athens.jpg: 2025-02-04 12:55:22
2026-05-23 15:29:36 - media_renamer_app - INFO - GPS coordinates found in D:/Photos/iphone/Photos\2025.02.04-12.55.22.111.Athens.jpg: 37.9968, 23.7809
2026-05-23 15:29:36 - media_renamer_app - INFO - City resolved for D:/Photos/iphone/Photos\2025.02.04-12.55.22.111.Athens.jpg: Athens
2026-05-23 15:29:36 - media_renamer_app - INFO - Successfully extracted date from image D:/Photos/iphone/Photos\2025.02.06-16.28.52.112.NeoPsychiko.HEIC: 2025-02-06 16:28:52
2026-05-23 15:29:36 - media_renamer_app - INFO - GPS coordinates found in D:/Photos/iphone/Photos\2025.02.06-16.28.52.112.NeoPsychiko.HEIC: 38.0051, 23.7853
2026-05-23 15:29:36 - media_renamer_app - INFO - City resolved for D:/Photos/iphone/Photos\2025.02.06-16.28.52.112.NeoPsychiko.HEIC: Neo Psychiko
2026-05-23 15:29:36 - media_renamer_app - INFO - Successfully extracted date from image D:/Photos/iphone/Photos\2025.02.09-11.48.45.113.AgiaParaskevi.HEIC: 2025-02-09 11:48:45
2026-05-23 15:29:36 - media_renamer_app - INFO - GPS coordinates found in D:/Photos/iphone/Photos\2025.02.09-11.48.45.113.AgiaParaskevi.HEIC: 38.0149, 23.8203
2026-05-23 15:29:36 - media_renamer_app - INFO - City resolved for D:/Photos/iphone/Photos\2025.02.09-11.48.45.113.AgiaParaskevi.HEIC: Agia Paraskevi
2026-05-23 15:29:36 - media_renamer_app - INFO - Successfully extracted date from image D:/Photos/iphone/Photos\2025.03.04-14.21.33.115.AgiaParaskevi.HEIC: 2025-03-04 14:21:33
2026-05-23 15:29:36 - media_renamer_app - INFO - GPS coordinates found in D:/Photos/iphone/Photos\2025.03.04-14.21.33.115.AgiaParaskevi.HEIC: 38.0149, 23.8203
2026-05-23 15:29:36 - media_renamer_app - INFO - City resolved for D:/Photos/iphone/Photos\2025.03.04-14.21.33.115.AgiaParaskevi.HEIC: Agia Paraskevi
2026-05-23 15:29:36 - media_renamer_app - INFO - Successfully extracted date from image D:/Photos/iphone/Photos\2025.03.11-14.25.56.116.AgiaParaskevi.HEIC: 2025-03-11 14:25:56
2026-05-23 15:29:36 - media_renamer_app - INFO - GPS coordinates found in D:/Photos/iphone/Photos\2025.03.11-14.25.56.116.AgiaParaskevi.HEIC: 38.0150, 23.8204
2026-05-23 15:29:36 - media_renamer_app - INFO - City resolved for D:/Photos/iphone/Photos\2025.03.11-14.25.56.116.AgiaParaskevi.HEIC: Agia Paraskevi
2026-05-23 15:29:36 - media_renamer_app - INFO - Successfully extracted date from image D:/Photos/iphone/Photos\2025.03.11-14.25.57.117.AgiaParaskevi.HEIC: 2025-03-11 14:25:57
2026-05-23 15:29:36 - media_renamer_app - INFO - GPS coordinates found in D:/Photos/iphone/Photos\2025.03.11-14.25.57.117.AgiaParaskevi.HEIC: 38.0151, 23.8203
2026-05-23 15:29:36 - media_renamer_app - INFO - City resolved for D:/Photos/iphone/Photos\2025.03.11-14.25.57.117.AgiaParaskevi.HEIC: Agia Paraskevi
2026-05-23 15:29:36 - media_renamer_app - INFO - Successfully extracted date from image D:/Photos/iphone/Photos\2025.03.11-14.25.58.118.AgiaParaskevi.HEIC: 2025-03-11 14:25:58
2026-05-23 15:29:36 - media_renamer_app - INFO - GPS coordinates found in D:/Photos/iphone/Photos\2025.03.11-14.25.58.118.AgiaParaskevi.HEIC: 38.0151, 23.8203
2026-05-23 15:29:36 - media_renamer_app - INFO - City resolved for D:/Photos/iphone/Photos\2025.03.11-14.25.58.118.AgiaParaskevi.HEIC: Agia Paraskevi
2026-05-23 15:29:36 - media_renamer_app - INFO - Successfully extracted date from image D:/Photos/iphone/Photos\2025.03.11-14.26.00.119.AgiaParaskevi.HEIC: 2025-03-11 14:26:00
2026-05-23 15:29:36 - media_renamer_app - INFO - GPS coordinates found in D:/Photos/iphone/Photos\2025.03.11-14.26.00.119.AgiaParaskevi.HEIC: 38.0151, 23.8203
2026-05-23 15:29:36 - media_renamer_app - INFO - City resolved for D:/Photos/iphone/Photos\2025.03.11-14.26.00.119.AgiaParaskevi.HEIC: Agia Paraskevi
2026-05-23 15:29:37 - media_renamer_app - INFO - Successfully extracted date from image D:/Photos/iphone/Photos\2025.03.11-14.26.03.120.AgiaParaskevi.HEIC: 2025-03-11 14:26:03
2026-05-23 15:29:37 - media_renamer_app - INFO - GPS coordinates found in D:/Photos/iphone/Photos\2025.03.11-14.26.03.120.AgiaParaskevi.HEIC: 38.0151, 23.8203
2026-05-23 15:29:37 - media_renamer_app - INFO - City resolved for D:/Photos/iphone/Photos\2025.03.11-14.26.03.120.AgiaParaskevi.HEIC: Agia Paraskevi
2026-05-23 15:29:37 - media_renamer_app - INFO - Successfully extracted date from image D:/Photos/iphone/Photos\2025.03.11-14.26.44.121.AgiaParaskevi.HEIC: 2025-03-11 14:26:44
2026-05-23 15:29:37 - media_renamer_app - INFO - GPS coordinates found in D:/Photos/iphone/Photos\2025.03.11-14.26.44.121.AgiaParaskevi.HEIC: 38.0150, 23.8203
2026-05-23 15:29:37 - media_renamer_app - INFO - City resolved for D:/Photos/iphone/Photos\2025.03.11-14.26.44.121.AgiaParaskevi.HEIC: Agia Paraskevi
2026-05-23 15:29:37 - media_renamer_app - INFO - Successfully extracted date from image D:/Photos/iphone/Photos\2025.03.11-14.26.47.122.AgiaParaskevi.HEIC: 2025-03-11 14:26:47
2026-05-23 15:29:37 - media_renamer_app - INFO - GPS coordinates found in D:/Photos/iphone/Photos\2025.03.11-14.26.47.122.AgiaParaskevi.HEIC: 38.0150, 23.8203
2026-05-23 15:29:37 - media_renamer_app - INFO - City resolved for D:/Photos/iphone/Photos\2025.03.11-14.26.47.122.AgiaParaskevi.HEIC: Agia Paraskevi
2026-05-23 15:29:37 - media_renamer_app - INFO - Successfully extracted date from image D:/Photos/iphone/Photos\2025.03.11-14.26.48.123.AgiaParaskevi.HEIC: 2025-03-11 14:26:48
2026-05-23 15:29:37 - media_renamer_app - INFO - GPS coordinates found in D:/Photos/iphone/Photos\2025.03.11-14.26.48.123.AgiaParaskevi.HEIC: 38.0150, 23.8203
2026-05-23 15:29:37 - media_renamer_app - INFO - City resolved for D:/Photos/iphone/Photos\2025.03.11-14.26.48.123.AgiaParaskevi.HEIC: Agia Paraskevi
2026-05-23 15:29:37 - media_renamer_app - INFO - Successfully extracted date from image D:/Photos/iphone/Photos\2025.03.11-14.26.49.124.AgiaParaskevi.HEIC: 2025-03-11 14:26:49
2026-05-23 15:29:37 - media_renamer_app - INFO - GPS coordinates found in D:/Photos/iphone/Photos\2025.03.11-14.26.49.124.AgiaParaskevi.HEIC: 38.0150, 23.8203
2026-05-23 15:29:37 - media_renamer_app - INFO - City resolved for D:/Photos/iphone/Photos\2025.03.11-14.26.49.124.AgiaParaskevi.HEIC: Agia Paraskevi
2026-05-23 15:29:37 - media_renamer_app - INFO - Successfully extracted date from image D:/Photos/iphone/Photos\2025.03.11-14.26.50.125.AgiaParaskevi.HEIC: 2025-03-11 14:26:50
2026-05-23 15:29:37 - media_renamer_app - INFO - GPS coordinates found in D:/Photos/iphone/Photos\2025.03.11-14.26.50.125.AgiaParaskevi.HEIC: 38.0150, 23.8203
2026-05-23 15:29:37 - media_renamer_app - INFO - City resolved for D:/Photos/iphone/Photos\2025.03.11-14.26.50.125.AgiaParaskevi.HEIC: Agia Paraskevi
2026-05-23 15:29:37 - media_renamer_app - INFO - Successfully extracted date from image D:/Photos/iphone/Photos\2025.03.11-14.26.51.126.AgiaParaskevi.HEIC: 2025-03-11 14:26:51
2026-05-23 15:29:37 - media_renamer_app - INFO - GPS coordinates found in D:/Photos/iphone/Photos\2025.03.11-14.26.51.126.AgiaParaskevi.HEIC: 38.0150, 23.8203
2026-05-23 15:29:37 - media_renamer_app - INFO - City resolved for D:/Photos/iphone/Photos\2025.03.11-14.26.51.126.AgiaParaskevi.HEIC: Agia Paraskevi
2026-05-23 15:29:37 - media_renamer_app - INFO - Successfully extracted date from image D:/Photos/iphone/Photos\2025.03.11-14.26.56.127.AgiaParaskevi.HEIC: 2025-03-11 14:26:56
2026-05-23 15:29:37 - media_renamer_app - INFO - GPS coordinates found in D:/Photos/iphone/Photos\2025.03.11-14.26.56.127.AgiaParaskevi.HEIC: 38.0150, 23.8203
2026-05-23 15:29:37 - media_renamer_app - INFO - City resolved for D:/Photos/iphone/Photos\2025.03.11-14.26.56.127.AgiaParaskevi.HEIC: Agia Paraskevi
2026-05-23 15:29:37 - media_renamer_app - INFO - Successfully extracted date from image D:/Photos/iphone/Photos\2025.03.11-14.27.30.128.AgiaParaskevi.HEIC: 2025-03-11 14:27:30
2026-05-23 15:29:37 - media_renamer_app - INFO - GPS coordinates found in D:/Photos/iphone/Photos\2025.03.11-14.27.30.128.AgiaParaskevi.HEIC: 38.0150, 23.8203
2026-05-23 15:29:37 - media_renamer_app - INFO - City resolved for D:/Photos/iphone/Photos\2025.03.11-14.27.30.128.AgiaParaskevi.HEIC: Agia Paraskevi
2026-05-23 15:29:37 - media_renamer_app - INFO - Successfully extracted date from image D:/Photos/iphone/Photos\2025.03.11-14.27.31.129.AgiaParaskevi.HEIC: 2025-03-11 14:27:31
2026-05-23 15:29:37 - media_renamer_app - INFO - GPS coordinates found in D:/Photos/iphone/Photos\2025.03.11-14.27.31.129.AgiaParaskevi.HEIC: 38.0150, 23.8203
2026-05-23 15:29:37 - media_renamer_app - INFO - City resolved for D:/Photos/iphone/Photos\2025.03.11-14.27.31.129.AgiaParaskevi.HEIC: Agia Paraskevi
2026-05-23 15:29:37 - media_renamer_app - INFO - Successfully extracted date from image D:/Photos/iphone/Photos\2025.03.11-14.27.32.130.AgiaParaskevi.HEIC: 2025-03-11 14:27:32
2026-05-23 15:29:37 - media_renamer_app - INFO - GPS coordinates found in D:/Photos/iphone/Photos\2025.03.11-14.27.32.130.AgiaParaskevi.HEIC: 38.0150, 23.8203
2026-05-23 15:29:37 - media_renamer_app - INFO - City resolved for D:/Photos/iphone/Photos\2025.03.11-14.27.32.130.AgiaParaskevi.HEIC: Agia Paraskevi
2026-05-23 15:29:37 - media_renamer_app - INFO - Successfully extracted date from image D:/Photos/iphone/Photos\2025.03.11-14.27.41.131.AgiaParaskevi.HEIC: 2025-03-11 14:27:41
2026-05-23 15:29:37 - media_renamer_app - INFO - GPS coordinates found in D:/Photos/iphone/Photos\2025.03.11-14.27.41.131.AgiaParaskevi.HEIC: 38.0150, 23.8203
2026-05-23 15:29:37 - media_renamer_app - INFO - City resolved for D:/Photos/iphone/Photos\2025.03.11-14.27.41.131.AgiaParaskevi.HEIC: Agia Paraskevi
2026-05-23 15:29:37 - media_renamer_app - INFO - Successfully extracted date from image D:/Photos/iphone/Photos\2025.03.11-14.27.42.132.AgiaParaskevi.HEIC: 2025-03-11 14:27:42
2026-05-23 15:29:37 - media_renamer_app - INFO - GPS coordinates found in D:/Photos/iphone/Photos\2025.03.11-14.27.42.132.AgiaParaskevi.HEIC: 38.0150, 23.8203
2026-05-23 15:29:37 - media_renamer_app - INFO - City resolved for D:/Photos/iphone/Photos\2025.03.11-14.27.42.132.AgiaParaskevi.HEIC: Agia Paraskevi
2026-05-23 15:29:37 - media_renamer_app - INFO - Successfully extracted date from image D:/Photos/iphone/Photos\2025.03.11-14.27.43.133.AgiaParaskevi.HEIC: 2025-03-11 14:27:43
2026-05-23 15:29:37 - media_renamer_app - INFO - GPS coordinates found in D:/Photos/iphone/Photos\2025.03.11-14.27.43.133.AgiaParaskevi.HEIC: 38.0150, 23.8204
2026-05-23 15:29:37 - media_renamer_app - INFO - City resolved for D:/Photos/iphone/Photos\2025.03.11-14.27.43.133.AgiaParaskevi.HEIC: Agia Paraskevi
2026-05-23 15:29:38 - media_renamer_app - INFO - Successfully extracted date from image D:/Photos/iphone/Photos\2025.03.11-14.27.45.134.AgiaParaskevi.HEIC: 2025-03-11 14:27:45
2026-05-23 15:29:38 - media_renamer_app - INFO - GPS coordinates found in D:/Photos/iphone/Photos\2025.03.11-14.27.45.134.AgiaParaskevi.HEIC: 38.0150, 23.8204
2026-05-23 15:29:38 - media_renamer_app - INFO - City resolved for D:/Photos/iphone/Photos\2025.03.11-14.27.45.134.AgiaParaskevi.HEIC: Agia Paraskevi
2026-05-23 15:29:38 - media_renamer_app - INFO - Successfully extracted date from image D:/Photos/iphone/Photos\2025.03.11-14.27.47.135.AgiaParaskevi.HEIC: 2025-03-11 14:27:47
2026-05-23 15:29:38 - media_renamer_app - INFO - GPS coordinates found in D:/Photos/iphone/Photos\2025.03.11-14.27.47.135.AgiaParaskevi.HEIC: 38.0150, 23.8204
2026-05-23 15:29:38 - media_renamer_app - INFO - City resolved for D:/Photos/iphone/Photos\2025.03.11-14.27.47.135.AgiaParaskevi.HEIC: Agia Paraskevi
2026-05-23 15:29:38 - media_renamer_app - INFO - Successfully extracted date from image D:/Photos/iphone/Photos\2025.03.11-14.27.51.136.AgiaParaskevi.HEIC: 2025-03-11 14:27:51
2026-05-23 15:29:38 - media_renamer_app - INFO - GPS coordinates found in D:/Photos/iphone/Photos\2025.03.11-14.27.51.136.AgiaParaskevi.HEIC: 38.0151, 23.8204
2026-05-23 15:29:38 - media_renamer_app - INFO - City resolved for D:/Photos/iphone/Photos\2025.03.11-14.27.51.136.AgiaParaskevi.HEIC: Agia Paraskevi
2026-05-23 15:29:38 - media_renamer_app - INFO - Successfully extracted date from image D:/Photos/iphone/Photos\2025.03.11-14.27.52.137.AgiaParaskevi.HEIC: 2025-03-11 14:27:52
2026-05-23 15:29:38 - media_renamer_app - INFO - GPS coordinates found in D:/Photos/iphone/Photos\2025.03.11-14.27.52.137.AgiaParaskevi.HEIC: 38.0150, 23.8204
2026-05-23 15:29:38 - media_renamer_app - INFO - City resolved for D:/Photos/iphone/Photos\2025.03.11-14.27.52.137.AgiaParaskevi.HEIC: Agia Paraskevi
2026-05-23 15:29:38 - media_renamer_app - INFO - Successfully extracted date from image D:/Photos/iphone/Photos\2025.04.03-19.23.24.139.Prague.HEIC: 2025-04-03 19:23:24
2026-05-23 15:29:38 - media_renamer_app - INFO - GPS coordinates found in D:/Photos/iphone/Photos\2025.04.03-19.23.24.139.Prague.HEIC: 50.1091, 14.3939
2026-05-23 15:29:38 - media_renamer_app - INFO - City resolved for D:/Photos/iphone/Photos\2025.04.03-19.23.24.139.Prague.HEIC: Prague
2026-05-23 15:29:38 - media_renamer_app - INFO - Successfully extracted date from image D:/Photos/iphone/Photos\2025.04.03-19.26.45.140.Prague.HEIC: 2025-04-03 19:26:45
2026-05-23 15:29:38 - media_renamer_app - INFO - GPS coordinates found in D:/Photos/iphone/Photos\2025.04.03-19.26.45.140.Prague.HEIC: 50.1073, 14.3945
2026-05-23 15:29:38 - media_renamer_app - INFO - City resolved for D:/Photos/iphone/Photos\2025.04.03-19.26.45.140.Prague.HEIC: Prague
2026-05-23 15:29:38 - media_renamer_app - INFO - Successfully extracted date from image D:/Photos/iphone/Photos\2025.04.03-19.27.10.141.Prague.HEIC: 2025-04-03 19:27:10
2026-05-23 15:29:38 - media_renamer_app - INFO - GPS coordinates found in D:/Photos/iphone/Photos\2025.04.03-19.27.10.141.Prague.HEIC: 50.1073, 14.3945
2026-05-23 15:29:38 - media_renamer_app - INFO - City resolved for D:/Photos/iphone/Photos\2025.04.03-19.27.10.141.Prague.HEIC: Prague
2026-05-23 15:29:38 - media_renamer_app - INFO - Successfully extracted date from image D:/Photos/iphone/Photos\2025.04.03-19.38.15.142.Prague.HEIC: 2025-04-03 19:38:15
2026-05-23 15:29:38 - media_renamer_app - INFO - GPS coordinates found in D:/Photos/iphone/Photos\2025.04.03-19.38.15.142.Prague.HEIC: 50.0935, 14.4090
2026-05-23 15:29:38 - media_renamer_app - INFO - City resolved for D:/Photos/iphone/Photos\2025.04.03-19.38.15.142.Prague.HEIC: Prague
2026-05-23 15:29:38 - media_renamer_app - INFO - Successfully extracted date from image D:/Photos/iphone/Photos\2025.04.03-19.48.20.143.Prague.HEIC: 2025-04-03 19:48:20
2026-05-23 15:29:38 - media_renamer_app - INFO - GPS coordinates found in D:/Photos/iphone/Photos\2025.04.03-19.48.20.143.Prague.HEIC: 50.0861, 14.4143
2026-05-23 15:29:38 - media_renamer_app - INFO - City resolved for D:/Photos/iphone/Photos\2025.04.03-19.48.20.143.Prague.HEIC: Prague
2026-05-23 15:29:38 - media_renamer_app - INFO - Successfully extracted date from image D:/Photos/iphone/Photos\2025.04.03-19.48.26.144.Prague.HEIC: 2025-04-03 19:48:26
2026-05-23 15:29:38 - media_renamer_app - INFO - GPS coordinates found in D:/Photos/iphone/Photos\2025.04.03-19.48.26.144.Prague.HEIC: 50.0861, 14.4143
2026-05-23 15:29:38 - media_renamer_app - INFO - City resolved for D:/Photos/iphone/Photos\2025.04.03-19.48.26.144.Prague.HEIC: Prague
2026-05-23 15:29:38 - media_renamer_app - INFO - Successfully extracted date from image D:/Photos/iphone/Photos\2025.04.03-19.48.42.145.Prague.HEIC: 2025-04-03 19:48:42
2026-05-23 15:29:38 - media_renamer_app - INFO - GPS coordinates found in D:/Photos/iphone/Photos\2025.04.03-19.48.42.145.Prague.HEIC: 50.0861, 14.4143
2026-05-23 15:29:38 - media_renamer_app - INFO - City resolved for D:/Photos/iphone/Photos\2025.04.03-19.48.42.145.Prague.HEIC: Prague
2026-05-23 15:29:38 - media_renamer_app - INFO - Successfully extracted date from image D:/Photos/iphone/Photos\2025.04.03-19.48.55.146.Prague.HEIC: 2025-04-03 19:48:55
2026-05-23 15:29:38 - media_renamer_app - INFO - GPS coordinates found in D:/Photos/iphone/Photos\2025.04.03-19.48.55.146.Prague.HEIC: 50.0861, 14.4143
2026-05-23 15:29:38 - media_renamer_app - INFO - City resolved for D:/Photos/iphone/Photos\2025.04.03-19.48.55.146.Prague.HEIC: Prague
2026-05-23 15:29:38 - media_renamer_app - INFO - Successfully extracted date from image D:/Photos/iphone/Photos\2025.04.03-19.49.20.147.Prague.HEIC: 2025-04-03 19:49:20
2026-05-23 15:29:38 - media_renamer_app - INFO - GPS coordinates found in D:/Photos/iphone/Photos\2025.04.03-19.49.20.147.Prague.HEIC: 50.0861, 14.4142
2026-05-23 15:29:38 - media_renamer_app - INFO - City resolved for D:/Photos/iphone/Photos\2025.04.03-19.49.20.147.Prague.HEIC: Prague
2026-05-23 15:29:38 - media_renamer_app - INFO - Successfully extracted date from image D:/Photos/iphone/Photos\2025.04.03-19.49.23.148.Prague.HEIC: 2025-04-03 19:49:23
2026-05-23 15:29:38 - media_renamer_app - INFO - GPS coordinates found in D:/Photos/iphone/Photos\2025.04.03-19.49.23.148.Prague.HEIC: 50.0861, 14.4142
2026-05-23 15:29:38 - media_renamer_app - INFO - City resolved for D:/Photos/iphone/Photos\2025.04.03-19.49.23.148.Prague.HEIC: Prague
2026-05-23 15:29:38 - media_renamer_app - INFO - Successfully extracted date from image D:/Photos/iphone/Photos\2025.04.03-19.50.24.149.Prague.HEIC: 2025-04-03 19:50:24
2026-05-23 15:29:38 - media_renamer_app - INFO - GPS coordinates found in D:/Photos/iphone/Photos\2025.04.03-19.50.24.149.Prague.HEIC: 50.0861, 14.4139
2026-05-23 15:29:38 - media_renamer_app - INFO - City resolved for D:/Photos/iphone/Photos\2025.04.03-19.50.24.149.Prague.HEIC: Prague
2026-05-23 15:29:39 - media_renamer_app - INFO - Successfully extracted date from image D:/Photos/iphone/Photos\2025.04.03-19.50.32.150.Prague.HEIC: 2025-04-03 19:50:32
2026-05-23 15:29:39 - media_renamer_app - INFO - GPS coordinates found in D:/Photos/iphone/Photos\2025.04.03-19.50.32.150.Prague.HEIC: 50.0861, 14.4139
2026-05-23 15:29:39 - media_renamer_app - INFO - City resolved for D:/Photos/iphone/Photos\2025.04.03-19.50.32.150.Prague.HEIC: Prague
2026-05-23 15:29:39 - media_renamer_app - INFO - Successfully extracted date from image D:/Photos/iphone/Photos\2025.04.03-19.50.45.151.Prague.HEIC: 2025-04-03 19:50:45
2026-05-23 15:29:39 - media_renamer_app - INFO - GPS coordinates found in D:/Photos/iphone/Photos\2025.04.03-19.50.45.151.Prague.HEIC: 50.0861, 14.4139
2026-05-23 15:29:39 - media_renamer_app - INFO - City resolved for D:/Photos/iphone/Photos\2025.04.03-19.50.45.151.Prague.HEIC: Prague
2026-05-23 15:29:39 - media_renamer_app - INFO - Successfully extracted date from image D:/Photos/iphone/Photos\2025.04.03-19.55.12.152.Prague.HEIC: 2025-04-03 19:55:12
2026-05-23 15:29:39 - media_renamer_app - INFO - GPS coordinates found in D:/Photos/iphone/Photos\2025.04.03-19.55.12.152.Prague.HEIC: 50.0865, 14.4115
2026-05-23 15:29:39 - media_renamer_app - INFO - City resolved for D:/Photos/iphone/Photos\2025.04.03-19.55.12.152.Prague.HEIC: Prague
2026-05-23 15:29:39 - media_renamer_app - INFO - Successfully extracted date from image D:/Photos/iphone/Photos\2025.04.03-20.02.21.153.Prague.HEIC: 2025-04-03 20:02:21
2026-05-23 15:29:39 - media_renamer_app - INFO - GPS coordinates found in D:/Photos/iphone/Photos\2025.04.03-20.02.21.153.Prague.HEIC: 50.0870, 14.4079
2026-05-23 15:29:39 - media_renamer_app - INFO - City resolved for D:/Photos/iphone/Photos\2025.04.03-20.02.21.153.Prague.HEIC: Prague
2026-05-23 15:29:39 - media_renamer_app - INFO - Successfully extracted date from image D:/Photos/iphone/Photos\2025.04.03-20.02.33.154.Prague.HEIC: 2025-04-03 20:02:33
2026-05-23 15:29:39 - media_renamer_app - INFO - GPS coordinates found in D:/Photos/iphone/Photos\2025.04.03-20.02.33.154.Prague.HEIC: 50.0870, 14.4079
2026-05-23 15:29:39 - media_renamer_app - INFO - City resolved for D:/Photos/iphone/Photos\2025.04.03-20.02.33.154.Prague.HEIC: Prague
2026-05-23 15:29:39 - media_renamer_app - INFO - Successfully extracted date from image D:/Photos/iphone/Photos\2025.04.03-20.15.56.155.Prague.HEIC: 2025-04-03 20:15:56
2026-05-23 15:29:39 - media_renamer_app - INFO - GPS coordinates found in D:/Photos/iphone/Photos\2025.04.03-20.15.56.155.Prague.HEIC: 50.0875, 14.4054
2026-05-23 15:29:39 - media_renamer_app - INFO - City resolved for D:/Photos/iphone/Photos\2025.04.03-20.15.56.155.Prague.HEIC: Prague
2026-05-23 15:29:39 - media_renamer_app - INFO - Successfully extracted date from image D:/Photos/iphone/Photos\2025.04.03-20.34.56.156.Prague.HEIC: 2025-04-03 20:34:56
2026-05-23 15:29:39 - media_renamer_app - INFO - GPS coordinates found in D:/Photos/iphone/Photos\2025.04.03-20.34.56.156.Prague.HEIC: 50.0870, 14.4079
2026-05-23 15:29:39 - media_renamer_app - INFO - City resolved for D:/Photos/iphone/Photos\2025.04.03-20.34.56.156.Prague.HEIC: Prague
2026-05-23 15:29:39 - media_renamer_app - INFO - Successfully extracted date from image D:/Photos/iphone/Photos\2025.04.03-20.37.13.157.Prague.HEIC: 2025-04-03 20:37:13
2026-05-23 15:29:39 - media_renamer_app - INFO - GPS coordinates found in D:/Photos/iphone/Photos\2025.04.03-20.37.13.157.Prague.HEIC: 50.0867, 14.4095
2026-05-23 15:29:39 - media_renamer_app - INFO - City resolved for D:/Photos/iphone/Photos\2025.04.03-20.37.13.157.Prague.HEIC: Prague
2026-05-23 15:29:39 - media_renamer_app - INFO - Successfully extracted date from image D:/Photos/iphone/Photos\2025.04.03-20.37.19.158.Prague.HEIC: 2025-04-03 20:37:19
2026-05-23 15:29:39 - media_renamer_app - INFO - GPS coordinates found in D:/Photos/iphone/Photos\2025.04.03-20.37.19.158.Prague.HEIC: 50.0867, 14.4095
2026-05-23 15:29:39 - media_renamer_app - INFO - City resolved for D:/Photos/iphone/Photos\2025.04.03-20.37.19.158.Prague.HEIC: Prague
2026-05-23 15:29:39 - media_renamer_app - INFO - Successfully extracted date from image D:/Photos/iphone/Photos\2025.04.03-20.40.29.159.Prague.HEIC: 2025-04-03 20:40:29
2026-05-23 15:29:39 - media_renamer_app - INFO - GPS coordinates found in D:/Photos/iphone/Photos\2025.04.03-20.40.29.159.Prague.HEIC: 50.0864, 14.4121
2026-05-23 15:29:39 - media_renamer_app - INFO - City resolved for D:/Photos/iphone/Photos\2025.04.03-20.40.29.159.Prague.HEIC: Prague
2026-05-23 15:29:39 - media_renamer_app - INFO - Successfully extracted date from image D:/Photos/iphone/Photos\2025.04.03-20.40.33.160.Prague.HEIC: 2025-04-03 20:40:33
2026-05-23 15:29:39 - media_renamer_app - INFO - GPS coordinates found in D:/Photos/iphone/Photos\2025.04.03-20.40.33.160.Prague.HEIC: 50.0864, 14.4121
2026-05-23 15:29:39 - media_renamer_app - INFO - City resolved for D:/Photos/iphone/Photos\2025.04.03-20.40.33.160.Prague.HEIC: Prague
2026-05-23 15:29:39 - media_renamer_app - INFO - Successfully extracted date from image D:/Photos/iphone/Photos\2025.04.03-20.55.23.161.Prague.HEIC: 2025-04-03 20:55:23
2026-05-23 15:29:39 - media_renamer_app - INFO - GPS coordinates found in D:/Photos/iphone/Photos\2025.04.03-20.55.23.161.Prague.HEIC: 50.0866, 14.4200
2026-05-23 15:29:39 - media_renamer_app - INFO - City resolved for D:/Photos/iphone/Photos\2025.04.03-20.55.23.161.Prague.HEIC: Prague
2026-05-23 15:29:39 - media_renamer_app - INFO - Successfully extracted date from image D:/Photos/iphone/Photos\2025.04.03-20.55.28.162.Prague.HEIC: 2025-04-03 20:55:28
2026-05-23 15:29:39 - media_renamer_app - INFO - GPS coordinates found in D:/Photos/iphone/Photos\2025.04.03-20.55.28.162.Prague.HEIC: 50.0866, 14.4199
2026-05-23 15:29:39 - media_renamer_app - INFO - City resolved for D:/Photos/iphone/Photos\2025.04.03-20.55.28.162.Prague.HEIC: Prague
2026-05-23 15:29:39 - media_renamer_app - INFO - Successfully extracted date from image D:/Photos/iphone/Photos\2025.04.03-20.55.35.163.Prague.HEIC: 2025-04-03 20:55:35
2026-05-23 15:29:39 - media_renamer_app - INFO - GPS coordinates found in D:/Photos/iphone/Photos\2025.04.03-20.55.35.163.Prague.HEIC: 50.0866, 14.4199
2026-05-23 15:29:39 - media_renamer_app - INFO - City resolved for D:/Photos/iphone/Photos\2025.04.03-20.55.35.163.Prague.HEIC: Prague
2026-05-23 15:29:39 - media_renamer_app - INFO - Successfully extracted date from image D:/Photos/iphone/Photos\2025.04.03-20.57.33.164.Prague.HEIC: 2025-04-03 20:57:33
2026-05-23 15:29:39 - media_renamer_app - INFO - GPS coordinates found in D:/Photos/iphone/Photos\2025.04.03-20.57.33.164.Prague.HEIC: 50.0869, 14.4209
2026-05-23 15:29:39 - media_renamer_app - INFO - City resolved for D:/Photos/iphone/Photos\2025.04.03-20.57.33.164.Prague.HEIC: Prague
2026-05-23 15:29:39 - media_renamer_app - INFO - Successfully extracted date from image D:/Photos/iphone/Photos\2025.04.03-20.57.44.165.Prague.HEIC: 2025-04-03 20:57:44
2026-05-23 15:29:39 - media_renamer_app - INFO - GPS coordinates found in D:/Photos/iphone/Photos\2025.04.03-20.57.44.165.Prague.HEIC: 50.0868, 14.4209
2026-05-23 15:29:39 - media_renamer_app - INFO - City resolved for D:/Photos/iphone/Photos\2025.04.03-20.57.44.165.Prague.HEIC: Prague
2026-05-23 15:29:39 - media_renamer_app - INFO - Successfully extracted date from image D:/Photos/iphone/Photos\2025.04.03-20.57.53.166.Prague.HEIC: 2025-04-03 20:57:53
2026-05-23 15:29:39 - media_renamer_app - INFO - GPS coordinates found in D:/Photos/iphone/Photos\2025.04.03-20.57.53.166.Prague.HEIC: 50.0868, 14.4209
2026-05-23 15:29:39 - media_renamer_app - INFO - City resolved for D:/Photos/iphone/Photos\2025.04.03-20.57.53.166.Prague.HEIC: Prague
2026-05-23 15:29:39 - media_renamer_app - INFO - Successfully extracted date from image D:/Photos/iphone/Photos\2025.04.03-20.59.07.167.Prague.HEIC: 2025-04-03 20:59:07
2026-05-23 15:29:39 - media_renamer_app - INFO - GPS coordinates found in D:/Photos/iphone/Photos\2025.04.03-20.59.07.167.Prague.HEIC: 50.0869, 14.4209
2026-05-23 15:29:39 - media_renamer_app - INFO - City resolved for D:/Photos/iphone/Photos\2025.04.03-20.59.07.167.Prague.HEIC: Prague
2026-05-23 15:29:39 - media_renamer_app - INFO - Successfully extracted date from image D:/Photos/iphone/Photos\2025.04.03-21.50.53.168.Prague.HEIC: 2025-04-03 21:50:53
2026-05-23 15:29:39 - media_renamer_app - INFO - GPS coordinates found in D:/Photos/iphone/Photos\2025.04.03-21.50.53.168.Prague.HEIC: 50.0847, 14.4134
2026-05-23 15:29:39 - media_renamer_app - INFO - City resolved for D:/Photos/iphone/Photos\2025.04.03-21.50.53.168.Prague.HEIC: Prague
2026-05-23 15:29:39 - media_renamer_app - INFO - Successfully extracted date from image D:/Photos/iphone/Photos\2025.04.03-21.51.07.169.Prague.HEIC: 2025-04-03 21:51:07
2026-05-23 15:29:39 - media_renamer_app - INFO - GPS coordinates found in D:/Photos/iphone/Photos\2025.04.03-21.51.07.169.Prague.HEIC: 50.0847, 14.4135
2026-05-23 15:29:39 - media_renamer_app - INFO - City resolved for D:/Photos/iphone/Photos\2025.04.03-21.51.07.169.Prague.HEIC: Prague
2026-05-23 15:29:39 - media_renamer_app - INFO - Successfully extracted date from image D:/Photos/iphone/Photos\2025.04.03-21.51.15.170.Prague.HEIC: 2025-04-03 21:51:15
2026-05-23 15:29:39 - media_renamer_app - INFO - GPS coordinates found in D:/Photos/iphone/Photos\2025.04.03-21.51.15.170.Prague.HEIC: 50.0847, 14.4134
2026-05-23 15:29:39 - media_renamer_app - INFO - City resolved for D:/Photos/iphone/Photos\2025.04.03-21.51.15.170.Prague.HEIC: Prague
2026-05-23 15:29:39 - media_renamer_app - INFO - Successfully extracted date from image D:/Photos/iphone/Photos\2025.04.03-21.51.21.171.Prague.HEIC: 2025-04-03 21:51:21
2026-05-23 15:29:39 - media_renamer_app - INFO - GPS coordinates found in D:/Photos/iphone/Photos\2025.04.03-21.51.21.171.Prague.HEIC: 50.0847, 14.4135
2026-05-23 15:29:39 - media_renamer_app - INFO - City resolved for D:/Photos/iphone/Photos\2025.04.03-21.51.21.171.Prague.HEIC: Prague
2026-05-23 15:29:39 - media_renamer_app - INFO - Successfully extracted date from image D:/Photos/iphone/Photos\2025.04.04-07.46.24.172.Prague.HEIC: 2025-04-04 07:46:24
2026-05-23 15:29:39 - media_renamer_app - INFO - GPS coordinates found in D:/Photos/iphone/Photos\2025.04.04-07.46.24.172.Prague.HEIC: 50.1091, 14.3935
2026-05-23 15:29:39 - media_renamer_app - INFO - City resolved for D:/Photos/iphone/Photos\2025.04.04-07.46.24.172.Prague.HEIC: Prague
2026-05-23 15:29:39 - media_renamer_app - INFO - Successfully extracted date from image D:/Photos/iphone/Photos\2025.04.04-08.10.24.173.Prague.HEIC: 2025-04-04 08:10:24
2026-05-23 15:29:39 - media_renamer_app - INFO - GPS coordinates found in D:/Photos/iphone/Photos\2025.04.04-08.10.24.173.Prague.HEIC: 50.1093, 14.3936
2026-05-23 15:29:39 - media_renamer_app - INFO - City resolved for D:/Photos/iphone/Photos\2025.04.04-08.10.24.173.Prague.HEIC: Prague
2026-05-23 15:29:39 - media_renamer_app - INFO - Successfully extracted date from image D:/Photos/iphone/Photos\2025.04.04-08.56.01.174.Prague.HEIC: 2025-04-04 08:56:01
2026-05-23 15:29:39 - media_renamer_app - INFO - GPS coordinates found in D:/Photos/iphone/Photos\2025.04.04-08.56.01.174.Prague.HEIC: 50.0907, 14.4090
2026-05-23 15:29:39 - media_renamer_app - INFO - City resolved for D:/Photos/iphone/Photos\2025.04.04-08.56.01.174.Prague.HEIC: Prague
2026-05-23 15:29:39 - media_renamer_app - INFO - Successfully extracted date from image D:/Photos/iphone/Photos\2025.04.04-08.57.33.175.Prague.HEIC: 2025-04-04 08:57:33
2026-05-23 15:29:39 - media_renamer_app - INFO - GPS coordinates found in D:/Photos/iphone/Photos\2025.04.04-08.57.33.175.Prague.HEIC: 50.0905, 14.4082
2026-05-23 15:29:39 - media_renamer_app - INFO - City resolved for D:/Photos/iphone/Photos\2025.04.04-08.57.33.175.Prague.HEIC: Prague
2026-05-23 15:29:39 - media_renamer_app - INFO - Successfully extracted date from image D:/Photos/iphone/Photos\2025.04.04-08.59.07.176.Prague.HEIC: 2025-04-04 08:59:07
2026-05-23 15:29:39 - media_renamer_app - INFO - GPS coordinates found in D:/Photos/iphone/Photos\2025.04.04-08.59.07.176.Prague.HEIC: 50.0899, 14.4073
2026-05-23 15:29:39 - media_renamer_app - INFO - City resolved for D:/Photos/iphone/Photos\2025.04.04-08.59.07.176.Prague.HEIC: Prague
2026-05-23 15:29:40 - media_renamer_app - INFO - Successfully extracted date from image D:/Photos/iphone/Photos\2025.04.04-09.00.49.177.Prague.HEIC: 2025-04-04 09:00:49
2026-05-23 15:29:40 - media_renamer_app - INFO - GPS coordinates found in D:/Photos/iphone/Photos\2025.04.04-09.00.49.177.Prague.HEIC: 50.0895, 14.4068
2026-05-23 15:29:40 - media_renamer_app - INFO - City resolved for D:/Photos/iphone/Photos\2025.04.04-09.00.49.177.Prague.HEIC: Prague
2026-05-23 15:29:40 - media_renamer_app - INFO - Successfully extracted date from image D:/Photos/iphone/Photos\2025.04.04-09.21.31.178.Prague.HEIC: 2025-04-04 09:21:31
2026-05-23 15:29:40 - media_renamer_app - INFO - GPS coordinates found in D:/Photos/iphone/Photos\2025.04.04-09.21.31.178.Prague.HEIC: 50.0911, 14.3987
2026-05-23 15:29:40 - media_renamer_app - INFO - City resolved for D:/Photos/iphone/Photos\2025.04.04-09.21.31.178.Prague.HEIC: Prague
2026-05-23 15:29:40 - media_renamer_app - INFO - Successfully extracted date from image D:/Photos/iphone/Photos\2025.04.04-09.24.41.179.Prague.HEIC: 2025-04-04 09:24:41
2026-05-23 15:29:40 - media_renamer_app - INFO - GPS coordinates found in D:/Photos/iphone/Photos\2025.04.04-09.24.41.179.Prague.HEIC: 50.0911, 14.3988
2026-05-23 15:29:40 - media_renamer_app - INFO - City resolved for D:/Photos/iphone/Photos\2025.04.04-09.24.41.179.Prague.HEIC: Prague
2026-05-23 15:29:40 - media_renamer_app - INFO - Successfully extracted date from image D:/Photos/iphone/Photos\2025.04.04-09.33.40.180.Prague.HEIC: 2025-04-04 09:33:40
2026-05-23 15:29:40 - media_renamer_app - INFO - GPS coordinates found in D:/Photos/iphone/Photos\2025.04.04-09.33.40.180.Prague.HEIC: 50.0908, 14.3998
2026-05-23 15:29:40 - media_renamer_app - INFO - City resolved for D:/Photos/iphone/Photos\2025.04.04-09.33.40.180.Prague.HEIC: Prague
2026-05-23 15:29:40 - media_renamer_app - INFO - Successfully extracted date from image D:/Photos/iphone/Photos\2025.04.04-09.33.47.181.Prague.HEIC: 2025-04-04 09:33:47
2026-05-23 15:29:40 - media_renamer_app - INFO - GPS coordinates found in D:/Photos/iphone/Photos\2025.04.04-09.33.47.181.Prague.HEIC: 50.0907, 14.3996
2026-05-23 15:29:40 - media_renamer_app - INFO - City resolved for D:/Photos/iphone/Photos\2025.04.04-09.33.47.181.Prague.HEIC: Prague
2026-05-23 15:29:40 - media_renamer_app - INFO - Successfully extracted date from image D:/Photos/iphone/Photos\2025.04.04-09.33.55.182.Prague.HEIC: 2025-04-04 09:33:55
2026-05-23 15:29:40 - media_renamer_app - INFO - GPS coordinates found in D:/Photos/iphone/Photos\2025.04.04-09.33.55.182.Prague.HEIC: 50.0907, 14.3995
2026-05-23 15:29:40 - media_renamer_app - INFO - City resolved for D:/Photos/iphone/Photos\2025.04.04-09.33.55.182.Prague.HEIC: Prague
2026-05-23 15:29:40 - media_renamer_app - INFO - Successfully extracted date from image D:/Photos/iphone/Photos\2025.04.04-09.34.18.183.Prague.HEIC: 2025-04-04 09:34:18
2026-05-23 15:29:40 - media_renamer_app - INFO - GPS coordinates found in D:/Photos/iphone/Photos\2025.04.04-09.34.18.183.Prague.HEIC: 50.0907, 14.3995
2026-05-23 15:29:40 - media_renamer_app - INFO - City resolved for D:/Photos/iphone/Photos\2025.04.04-09.34.18.183.Prague.HEIC: Prague
2026-05-23 15:29:40 - media_renamer_app - INFO - Successfully extracted date from image D:/Photos/iphone/Photos\2025.04.04-09.36.15.184.Prague.HEIC: 2025-04-04 09:36:15
2026-05-23 15:29:40 - media_renamer_app - INFO - GPS coordinates found in D:/Photos/iphone/Photos\2025.04.04-09.36.15.184.Prague.HEIC: 50.0909, 14.3999
2026-05-23 15:29:40 - media_renamer_app - INFO - City resolved for D:/Photos/iphone/Photos\2025.04.04-09.36.15.184.Prague.HEIC: Prague
2026-05-23 15:29:40 - media_renamer_app - INFO - Successfully extracted date from image D:/Photos/iphone/Photos\2025.04.04-09.36.24.185.Prague.HEIC: 2025-04-04 09:36:24
2026-05-23 15:29:40 - media_renamer_app - INFO - GPS coordinates found in D:/Photos/iphone/Photos\2025.04.04-09.36.24.185.Prague.HEIC: 50.0909, 14.4000
2026-05-23 15:29:40 - media_renamer_app - INFO - City resolved for D:/Photos/iphone/Photos\2025.04.04-09.36.24.185.Prague.HEIC: Prague
2026-05-23 15:29:40 - media_renamer_app - INFO - Successfully extracted date from image D:/Photos/iphone/Photos\2025.04.04-09.37.04.186.Prague.HEIC: 2025-04-04 09:37:04
2026-05-23 15:29:40 - media_renamer_app - INFO - GPS coordinates found in D:/Photos/iphone/Photos\2025.04.04-09.37.04.186.Prague.HEIC: 50.0909, 14.4000
2026-05-23 15:29:40 - media_renamer_app - INFO - City resolved for D:/Photos/iphone/Photos\2025.04.04-09.37.04.186.Prague.HEIC: Prague
2026-05-23 15:29:40 - media_renamer_app - INFO - Successfully extracted date from image D:/Photos/iphone/Photos\2025.04.04-09.39.08.187.Prague.HEIC: 2025-04-04 09:39:08
2026-05-23 15:29:40 - media_renamer_app - INFO - GPS coordinates found in D:/Photos/iphone/Photos\2025.04.04-09.39.08.187.Prague.HEIC: 50.0908, 14.4007
2026-05-23 15:29:40 - media_renamer_app - INFO - City resolved for D:/Photos/iphone/Photos\2025.04.04-09.39.08.187.Prague.HEIC: Prague
2026-05-23 15:29:40 - media_renamer_app - INFO - Successfully extracted date from image D:/Photos/iphone/Photos\2025.04.04-09.40.39.188.Prague.HEIC: 2025-04-04 09:40:39
2026-05-23 15:29:40 - media_renamer_app - INFO - GPS coordinates found in D:/Photos/iphone/Photos\2025.04.04-09.40.39.188.Prague.HEIC: 50.0911, 14.4016
2026-05-23 15:29:40 - media_renamer_app - INFO - City resolved for D:/Photos/iphone/Photos\2025.04.04-09.40.39.188.Prague.HEIC: Prague
2026-05-23 15:29:40 - media_renamer_app - INFO - Successfully extracted date from image D:/Photos/iphone/Photos\2025.04.04-09.41.06.189.Prague.HEIC: 2025-04-04 09:41:06
2026-05-23 15:29:40 - media_renamer_app - INFO - GPS coordinates found in D:/Photos/iphone/Photos\2025.04.04-09.41.06.189.Prague.HEIC: 50.0904, 14.4015
2026-05-23 15:29:40 - media_renamer_app - INFO - City resolved for D:/Photos/iphone/Photos\2025.04.04-09.41.06.189.Prague.HEIC: Prague
2026-05-23 15:29:40 - media_renamer_app - INFO - Successfully extracted date from image D:/Photos/iphone/Photos\2025.04.04-09.41.33.190.Prague.HEIC: 2025-04-04 09:41:33
2026-05-23 15:29:40 - media_renamer_app - INFO - GPS coordinates found in D:/Photos/iphone/Photos\2025.04.04-09.41.33.190.Prague.HEIC: 50.0909, 14.4012
2026-05-23 15:29:40 - media_renamer_app - INFO - City resolved for D:/Photos/iphone/Photos\2025.04.04-09.41.33.190.Prague.HEIC: Prague
2026-05-23 15:29:40 - media_renamer_app - INFO - Successfully extracted date from image D:/Photos/iphone/Photos\2025.04.04-09.41.33.191.Prague.HEIC: 2025-04-04 09:41:33
2026-05-23 15:29:40 - media_renamer_app - INFO - GPS coordinates found in D:/Photos/iphone/Photos\2025.04.04-09.41.33.191.Prague.HEIC: 50.0909, 14.4012
2026-05-23 15:29:40 - media_renamer_app - INFO - City resolved for D:/Photos/iphone/Photos\2025.04.04-09.41.33.191.Prague.HEIC: Prague
2026-05-23 15:29:40 - media_renamer_app - INFO - Successfully extracted date from image D:/Photos/iphone/Photos\2025.04.04-09.41.35.192.Prague.HEIC: 2025-04-04 09:41:35
2026-05-23 15:29:40 - media_renamer_app - INFO - GPS coordinates found in D:/Photos/iphone/Photos\2025.04.04-09.41.35.192.Prague.HEIC: 50.0909, 14.4012
2026-05-23 15:29:40 - media_renamer_app - INFO - City resolved for D:/Photos/iphone/Photos\2025.04.04-09.41.35.192.Prague.HEIC: Prague
2026-05-23 15:29:40 - media_renamer_app - INFO - Successfully extracted date from image D:/Photos/iphone/Photos\2025.04.04-09.42.32.193.Prague.HEIC: 2025-04-04 09:42:32
2026-05-23 15:29:40 - media_renamer_app - INFO - GPS coordinates found in D:/Photos/iphone/Photos\2025.04.04-09.42.32.193.Prague.HEIC: 50.0911, 14.4016
2026-05-23 15:29:40 - media_renamer_app - INFO - City resolved for D:/Photos/iphone/Photos\2025.04.04-09.42.32.193.Prague.HEIC: Prague
2026-05-23 15:29:40 - media_renamer_app - INFO - Successfully extracted date from image D:/Photos/iphone/Photos\2025.04.04-09.43.06.194.Prague.HEIC: 2025-04-04 09:43:06
2026-05-23 15:29:40 - media_renamer_app - INFO - GPS coordinates found in D:/Photos/iphone/Photos\2025.04.04-09.43.06.194.Prague.HEIC: 50.0909, 14.4014
2026-05-23 15:29:40 - media_renamer_app - INFO - City resolved for D:/Photos/iphone/Photos\2025.04.04-09.43.06.194.Prague.HEIC: Prague
2026-05-23 15:29:40 - media_renamer_app - INFO - Successfully extracted date from image D:/Photos/iphone/Photos\2025.04.04-09.43.18.195.Prague.HEIC: 2025-04-04 09:43:18
2026-05-23 15:29:40 - media_renamer_app - INFO - GPS coordinates found in D:/Photos/iphone/Photos\2025.04.04-09.43.18.195.Prague.HEIC: 50.0908, 14.4014
2026-05-23 15:29:40 - media_renamer_app - INFO - City resolved for D:/Photos/iphone/Photos\2025.04.04-09.43.18.195.Prague.HEIC: Prague
2026-05-23 15:29:40 - media_renamer_app - INFO - Successfully extracted date from image D:/Photos/iphone/Photos\2025.04.04-09.44.17.196.Prague.HEIC: 2025-04-04 09:44:17
2026-05-23 15:29:40 - media_renamer_app - INFO - GPS coordinates found in D:/Photos/iphone/Photos\2025.04.04-09.44.17.196.Prague.HEIC: 50.0907, 14.4008
2026-05-23 15:29:40 - media_renamer_app - INFO - City resolved for D:/Photos/iphone/Photos\2025.04.04-09.44.17.196.Prague.HEIC: Prague
2026-05-23 15:29:40 - media_renamer_app - INFO - Successfully extracted date from image D:/Photos/iphone/Photos\2025.04.04-09.44.21.197.Prague.HEIC: 2025-04-04 09:44:21
2026-05-23 15:29:40 - media_renamer_app - INFO - GPS coordinates found in D:/Photos/iphone/Photos\2025.04.04-09.44.21.197.Prague.HEIC: 50.0907, 14.4006
2026-05-23 15:29:40 - media_renamer_app - INFO - City resolved for D:/Photos/iphone/Photos\2025.04.04-09.44.21.197.Prague.HEIC: Prague
2026-05-23 15:29:40 - media_renamer_app - INFO - Successfully extracted date from image D:/Photos/iphone/Photos\2025.04.04-09.44.47.198.Prague.HEIC: 2025-04-04 09:44:47
2026-05-23 15:29:40 - media_renamer_app - INFO - GPS coordinates found in D:/Photos/iphone/Photos\2025.04.04-09.44.47.198.Prague.HEIC: 50.0907, 14.4008
2026-05-23 15:29:40 - media_renamer_app - INFO - City resolved for D:/Photos/iphone/Photos\2025.04.04-09.44.47.198.Prague.HEIC: Prague
2026-05-23 15:29:40 - media_renamer_app - INFO - Successfully extracted date from image D:/Photos/iphone/Photos\2025.04.04-09.45.57.199.Prague.HEIC: 2025-04-04 09:45:57
2026-05-23 15:29:40 - media_renamer_app - INFO - GPS coordinates found in D:/Photos/iphone/Photos\2025.04.04-09.45.57.199.Prague.HEIC: 50.0907, 14.4008
2026-05-23 15:29:40 - media_renamer_app - INFO - City resolved for D:/Photos/iphone/Photos\2025.04.04-09.45.57.199.Prague.HEIC: Prague
2026-05-23 15:29:41 - media_renamer_app - INFO - Successfully extracted date from image D:/Photos/iphone/Photos\2025.04.04-09.47.37.200.Prague.HEIC: 2025-04-04 09:47:37
2026-05-23 15:29:41 - media_renamer_app - INFO - GPS coordinates found in D:/Photos/iphone/Photos\2025.04.04-09.47.37.200.Prague.HEIC: 50.0905, 14.4001
2026-05-23 15:29:41 - media_renamer_app - INFO - City resolved for D:/Photos/iphone/Photos\2025.04.04-09.47.37.200.Prague.HEIC: Prague
2026-05-23 15:29:41 - media_renamer_app - INFO - Successfully extracted date from image D:/Photos/iphone/Photos\2025.04.04-09.48.18.201.Prague.HEIC: 2025-04-04 09:48:18
2026-05-23 15:29:41 - media_renamer_app - INFO - GPS coordinates found in D:/Photos/iphone/Photos\2025.04.04-09.48.18.201.Prague.HEIC: 50.0905, 14.4000
2026-05-23 15:29:41 - media_renamer_app - INFO - City resolved for D:/Photos/iphone/Photos\2025.04.04-09.48.18.201.Prague.HEIC: Prague
2026-05-23 15:29:41 - media_renamer_app - INFO - Successfully extracted date from image D:/Photos/iphone/Photos\2025.04.04-09.50.37.202.Prague.HEIC: 2025-04-04 09:50:37
2026-05-23 15:29:41 - media_renamer_app - INFO - GPS coordinates found in D:/Photos/iphone/Photos\2025.04.04-09.50.37.202.Prague.HEIC: 50.0902, 14.4005
2026-05-23 15:29:41 - media_renamer_app - INFO - City resolved for D:/Photos/iphone/Photos\2025.04.04-09.50.37.202.Prague.HEIC: Prague
2026-05-23 15:29:41 - media_renamer_app - INFO - Successfully extracted date from image D:/Photos/iphone/Photos\2025.04.04-09.50.55.203.Prague.HEIC: 2025-04-04 09:50:55
2026-05-23 15:29:41 - media_renamer_app - INFO - GPS coordinates found in D:/Photos/iphone/Photos\2025.04.04-09.50.55.203.Prague.HEIC: 50.0902, 14.4006
2026-05-23 15:29:41 - media_renamer_app - INFO - City resolved for D:/Photos/iphone/Photos\2025.04.04-09.50.55.203.Prague.HEIC: Prague
2026-05-23 15:29:41 - media_renamer_app - INFO - Successfully extracted date from image D:/Photos/iphone/Photos\2025.04.04-10.01.03.204.Prague.HEIC: 2025-04-04 10:01:03
2026-05-23 15:29:41 - media_renamer_app - INFO - GPS coordinates found in D:/Photos/iphone/Photos\2025.04.04-10.01.03.204.Prague.HEIC: 50.0909, 14.4015
2026-05-23 15:29:41 - media_renamer_app - INFO - City resolved for D:/Photos/iphone/Photos\2025.04.04-10.01.03.204.Prague.HEIC: Prague
2026-05-23 15:29:41 - media_renamer_app - INFO - Successfully extracted date from image D:/Photos/iphone/Photos\2025.04.04-10.01.04.205.Prague.HEIC: 2025-04-04 10:01:04
2026-05-23 15:29:41 - media_renamer_app - INFO - GPS coordinates found in D:/Photos/iphone/Photos\2025.04.04-10.01.04.205.Prague.HEIC: 50.0909, 14.4015
2026-05-23 15:29:41 - media_renamer_app - INFO - City resolved for D:/Photos/iphone/Photos\2025.04.04-10.01.04.205.Prague.HEIC: Prague
2026-05-23 15:29:41 - media_renamer_app - INFO - Successfully extracted date from image D:/Photos/iphone/Photos\2025.04.04-10.27.28.207.Prague.HEIC: 2025-04-04 10:27:28
2026-05-23 15:29:41 - media_renamer_app - INFO - GPS coordinates found in D:/Photos/iphone/Photos\2025.04.04-10.27.28.207.Prague.HEIC: 50.0921, 14.4048
2026-05-23 15:29:41 - media_renamer_app - INFO - City resolved for D:/Photos/iphone/Photos\2025.04.04-10.27.28.207.Prague.HEIC: Prague
2026-05-23 15:29:41 - media_renamer_app - INFO - Successfully extracted date from image D:/Photos/iphone/Photos\2025.04.04-10.45.26.208.Prague.HEIC: 2025-04-04 10:45:26
2026-05-23 15:29:41 - media_renamer_app - INFO - GPS coordinates found in D:/Photos/iphone/Photos\2025.04.04-10.45.26.208.Prague.HEIC: 50.0918, 14.4060
2026-05-23 15:29:41 - media_renamer_app - INFO - City resolved for D:/Photos/iphone/Photos\2025.04.04-10.45.26.208.Prague.HEIC: Prague
2026-05-23 15:29:41 - media_renamer_app - INFO - Successfully extracted date from image D:/Photos/iphone/Photos\2025.04.04-10.45.31.209.Prague.HEIC: 2025-04-04 10:45:31
2026-05-23 15:29:41 - media_renamer_app - INFO - GPS coordinates found in D:/Photos/iphone/Photos\2025.04.04-10.45.31.209.Prague.HEIC: 50.0918, 14.4060
2026-05-23 15:29:41 - media_renamer_app - INFO - City resolved for D:/Photos/iphone/Photos\2025.04.04-10.45.31.209.Prague.HEIC: Prague
2026-05-23 15:29:41 - media_renamer_app - INFO - Successfully extracted date from image D:/Photos/iphone/Photos\2025.04.04-10.45.33.210.Prague.HEIC: 2025-04-04 10:45:33
2026-05-23 15:29:41 - media_renamer_app - INFO - GPS coordinates found in D:/Photos/iphone/Photos\2025.04.04-10.45.33.210.Prague.HEIC: 50.0918, 14.4060
2026-05-23 15:29:41 - media_renamer_app - INFO - City resolved for D:/Photos/iphone/Photos\2025.04.04-10.45.33.210.Prague.HEIC: Prague
2026-05-23 15:29:41 - media_renamer_app - INFO - Successfully extracted date from image D:/Photos/iphone/Photos\2025.04.04-10.45.35.211.Prague.HEIC: 2025-04-04 10:45:35
2026-05-23 15:29:41 - media_renamer_app - INFO - GPS coordinates found in D:/Photos/iphone/Photos\2025.04.04-10.45.35.211.Prague.HEIC: 50.0918, 14.4060
2026-05-23 15:29:41 - media_renamer_app - INFO - City resolved for D:/Photos/iphone/Photos\2025.04.04-10.45.35.211.Prague.HEIC: Prague
2026-05-23 15:29:41 - media_renamer_app - INFO - Successfully extracted date from image D:/Photos/iphone/Photos\2025.04.04-10.45.37.212.Prague.HEIC: 2025-04-04 10:45:37
2026-05-23 15:29:41 - media_renamer_app - INFO - GPS coordinates found in D:/Photos/iphone/Photos\2025.04.04-10.45.37.212.Prague.HEIC: 50.0918, 14.4060
2026-05-23 15:29:41 - media_renamer_app - INFO - City resolved for D:/Photos/iphone/Photos\2025.04.04-10.45.37.212.Prague.HEIC: Prague
2026-05-23 15:29:41 - media_renamer_app - INFO - Successfully extracted date from image D:/Photos/iphone/Photos\2025.04.04-11.02.04.213.Prague.HEIC: 2025-04-04 11:02:04
2026-05-23 15:29:41 - media_renamer_app - INFO - GPS coordinates found in D:/Photos/iphone/Photos\2025.04.04-11.02.04.213.Prague.HEIC: 50.0919, 14.4065
2026-05-23 15:29:41 - media_renamer_app - INFO - City resolved for D:/Photos/iphone/Photos\2025.04.04-11.02.04.213.Prague.HEIC: Prague
2026-05-23 15:29:41 - media_renamer_app - INFO - Successfully extracted date from image D:/Photos/iphone/Photos\2025.04.04-11.02.15.214.Prague.HEIC: 2025-04-04 11:02:15
2026-05-23 15:29:41 - media_renamer_app - INFO - GPS coordinates found in D:/Photos/iphone/Photos\2025.04.04-11.02.15.214.Prague.HEIC: 50.0919, 14.4065
2026-05-23 15:29:41 - media_renamer_app - INFO - City resolved for D:/Photos/iphone/Photos\2025.04.04-11.02.15.214.Prague.HEIC: Prague
2026-05-23 15:29:41 - media_renamer_app - INFO - Successfully extracted date from image D:/Photos/iphone/Photos\2025.04.04-11.02.18.215.Prague.HEIC: 2025-04-04 11:02:18
2026-05-23 15:29:41 - media_renamer_app - INFO - GPS coordinates found in D:/Photos/iphone/Photos\2025.04.04-11.02.18.215.Prague.HEIC: 50.0919, 14.4065
2026-05-23 15:29:41 - media_renamer_app - INFO - City resolved for D:/Photos/iphone/Photos\2025.04.04-11.02.18.215.Prague.HEIC: Prague
2026-05-23 15:29:41 - media_renamer_app - INFO - Successfully extracted date from image D:/Photos/iphone/Photos\2025.04.04-11.03.06.216.Prague.HEIC: 2025-04-04 11:03:06
2026-05-23 15:29:41 - media_renamer_app - INFO - GPS coordinates found in D:/Photos/iphone/Photos\2025.04.04-11.03.06.216.Prague.HEIC: 50.0919, 14.4065
2026-05-23 15:29:41 - media_renamer_app - INFO - City resolved for D:/Photos/iphone/Photos\2025.04.04-11.03.06.216.Prague.HEIC: Prague
2026-05-23 15:29:41 - media_renamer_app - INFO - Successfully extracted date from image D:/Photos/iphone/Photos\2025.04.04-11.58.32.217.Prague.HEIC: 2025-04-04 11:58:32
2026-05-23 15:29:41 - media_renamer_app - INFO - GPS coordinates found in D:/Photos/iphone/Photos\2025.04.04-11.58.32.217.Prague.HEIC: 50.0794, 14.4299
2026-05-23 15:29:41 - media_renamer_app - INFO - City resolved for D:/Photos/iphone/Photos\2025.04.04-11.58.32.217.Prague.HEIC: Prague
2026-05-23 15:29:41 - media_renamer_app - INFO - Successfully extracted date from image D:/Photos/iphone/Photos\2025.04.04-11.58.34.218.Prague.HEIC: 2025-04-04 11:58:34
2026-05-23 15:29:41 - media_renamer_app - INFO - GPS coordinates found in D:/Photos/iphone/Photos\2025.04.04-11.58.34.218.Prague.HEIC: 50.0794, 14.4299
2026-05-23 15:29:41 - media_renamer_app - INFO - City resolved for D:/Photos/iphone/Photos\2025.04.04-11.58.34.218.Prague.HEIC: Prague
2026-05-23 15:29:41 - media_renamer_app - INFO - Successfully extracted date from image D:/Photos/iphone/Photos\2025.04.04-11.59.45.219.Prague.HEIC: 2025-04-04 11:59:45
2026-05-23 15:29:41 - media_renamer_app - INFO - GPS coordinates found in D:/Photos/iphone/Photos\2025.04.04-11.59.45.219.Prague.HEIC: 50.0796, 14.4296
2026-05-23 15:29:41 - media_renamer_app - INFO - City resolved for D:/Photos/iphone/Photos\2025.04.04-11.59.45.219.Prague.HEIC: Prague
2026-05-23 15:29:42 - media_renamer_app - INFO - Successfully extracted date from image D:/Photos/iphone/Photos\2025.04.04-11.59.47.220.Prague.HEIC: 2025-04-04 11:59:47
2026-05-23 15:29:42 - media_renamer_app - INFO - GPS coordinates found in D:/Photos/iphone/Photos\2025.04.04-11.59.47.220.Prague.HEIC: 50.0796, 14.4296
2026-05-23 15:29:42 - media_renamer_app - INFO - City resolved for D:/Photos/iphone/Photos\2025.04.04-11.59.47.220.Prague.HEIC: Prague
2026-05-23 15:29:42 - media_renamer_app - INFO - Successfully extracted date from image D:/Photos/iphone/Photos\2025.04.04-12.00.06.221.Prague.HEIC: 2025-04-04 12:00:06
2026-05-23 15:29:42 - media_renamer_app - INFO - GPS coordinates found in D:/Photos/iphone/Photos\2025.04.04-12.00.06.221.Prague.HEIC: 50.0797, 14.4296
2026-05-23 15:29:42 - media_renamer_app - INFO - City resolved for D:/Photos/iphone/Photos\2025.04.04-12.00.06.221.Prague.HEIC: Prague
2026-05-23 15:29:42 - media_renamer_app - INFO - Successfully extracted date from image D:/Photos/iphone/Photos\2025.04.04-12.00.09.222.Prague.HEIC: 2025-04-04 12:00:09
2026-05-23 15:29:42 - media_renamer_app - INFO - GPS coordinates found in D:/Photos/iphone/Photos\2025.04.04-12.00.09.222.Prague.HEIC: 50.0797, 14.4296
2026-05-23 15:29:42 - media_renamer_app - INFO - City resolved for D:/Photos/iphone/Photos\2025.04.04-12.00.09.222.Prague.HEIC: Prague
2026-05-23 15:29:42 - media_renamer_app - INFO - Successfully extracted date from image D:/Photos/iphone/Photos\2025.04.04-12.16.49.223.Prague.HEIC: 2025-04-04 12:16:49
2026-05-23 15:29:42 - media_renamer_app - INFO - GPS coordinates found in D:/Photos/iphone/Photos\2025.04.04-12.16.49.223.Prague.HEIC: 50.0842, 14.4235
2026-05-23 15:29:42 - media_renamer_app - INFO - City resolved for D:/Photos/iphone/Photos\2025.04.04-12.16.49.223.Prague.HEIC: Prague
2026-05-23 15:29:42 - media_renamer_app - INFO - Successfully extracted date from image D:/Photos/iphone/Photos\2025.04.04-12.38.32.224.Prague.HEIC: 2025-04-04 12:38:32
2026-05-23 15:29:42 - media_renamer_app - INFO - GPS coordinates found in D:/Photos/iphone/Photos\2025.04.04-12.38.32.224.Prague.HEIC: 50.0843, 14.4205
2026-05-23 15:29:42 - media_renamer_app - INFO - City resolved for D:/Photos/iphone/Photos\2025.04.04-12.38.32.224.Prague.HEIC: Prague
2026-05-23 15:29:42 - media_renamer_app - INFO - Successfully extracted date from image D:/Photos/iphone/Photos\2025.04.04-12.38.41.225.Prague.HEIC: 2025-04-04 12:38:41
2026-05-23 15:29:42 - media_renamer_app - INFO - GPS coordinates found in D:/Photos/iphone/Photos\2025.04.04-12.38.41.225.Prague.HEIC: 50.0843, 14.4205
2026-05-23 15:29:42 - media_renamer_app - INFO - City resolved for D:/Photos/iphone/Photos\2025.04.04-12.38.41.225.Prague.HEIC: Prague
2026-05-23 15:29:42 - media_renamer_app - INFO - Successfully extracted date from image D:/Photos/iphone/Photos\2025.04.04-12.46.05.226.Prague.HEIC: 2025-04-04 12:46:05
2026-05-23 15:29:42 - media_renamer_app - INFO - GPS coordinates found in D:/Photos/iphone/Photos\2025.04.04-12.46.05.226.Prague.HEIC: 50.0865, 14.4196
2026-05-23 15:29:42 - media_renamer_app - INFO - City resolved for D:/Photos/iphone/Photos\2025.04.04-12.46.05.226.Prague.HEIC: Prague
2026-05-23 15:29:42 - media_renamer_app - INFO - Successfully extracted date from image D:/Photos/iphone/Photos\2025.04.04-12.57.03.228.Prague.HEIC: 2025-04-04 12:57:03
2026-05-23 15:29:42 - media_renamer_app - INFO - GPS coordinates found in D:/Photos/iphone/Photos\2025.04.04-12.57.03.228.Prague.HEIC: 50.0861, 14.4147
2026-05-23 15:29:42 - media_renamer_app - INFO - City resolved for D:/Photos/iphone/Photos\2025.04.04-12.57.03.228.Prague.HEIC: Prague
2026-05-23 15:29:42 - media_renamer_app - INFO - Successfully extracted date from image D:/Photos/iphone/Photos\2025.04.04-12.57.07.229.Prague.HEIC: 2025-04-04 12:57:07
2026-05-23 15:29:42 - media_renamer_app - INFO - GPS coordinates found in D:/Photos/iphone/Photos\2025.04.04-12.57.07.229.Prague.HEIC: 50.0861, 14.4147
2026-05-23 15:29:42 - media_renamer_app - INFO - City resolved for D:/Photos/iphone/Photos\2025.04.04-12.57.07.229.Prague.HEIC: Prague
2026-05-23 15:29:42 - media_renamer_app - INFO - Successfully extracted date from image D:/Photos/iphone/Photos\2025.04.04-13.01.00.230.Prague.HEIC: 2025-04-04 13:01:00
2026-05-23 15:29:42 - media_renamer_app - INFO - GPS coordinates found in D:/Photos/iphone/Photos\2025.04.04-13.01.00.230.Prague.HEIC: 50.0847, 14.4137
2026-05-23 15:29:42 - media_renamer_app - INFO - City resolved for D:/Photos/iphone/Photos\2025.04.04-13.01.00.230.Prague.HEIC: Prague
2026-05-23 15:29:42 - media_renamer_app - INFO - Successfully extracted date from image D:/Photos/iphone/Photos\2025.04.04-13.01.02.231.Prague.HEIC: 2025-04-04 13:01:02
2026-05-23 15:29:42 - media_renamer_app - INFO - GPS coordinates found in D:/Photos/iphone/Photos\2025.04.04-13.01.02.231.Prague.HEIC: 50.0847, 14.4137
2026-05-23 15:29:42 - media_renamer_app - INFO - City resolved for D:/Photos/iphone/Photos\2025.04.04-13.01.02.231.Prague.HEIC: Prague
2026-05-23 15:29:42 - media_renamer_app - INFO - Successfully extracted date from image D:/Photos/iphone/Photos\2025.04.04-17.11.27.232.Prague.HEIC: 2025-04-04 17:11:27
2026-05-23 15:29:42 - media_renamer_app - INFO - GPS coordinates found in D:/Photos/iphone/Photos\2025.04.04-17.11.27.232.Prague.HEIC: 50.1093, 14.3935
2026-05-23 15:29:42 - media_renamer_app - INFO - City resolved for D:/Photos/iphone/Photos\2025.04.04-17.11.27.232.Prague.HEIC: Prague
2026-05-23 15:29:42 - media_renamer_app - INFO - Successfully extracted date from image D:/Photos/iphone/Photos\2025.04.04-17.11.30.233.Prague.HEIC: 2025-04-04 17:11:30
2026-05-23 15:29:42 - media_renamer_app - INFO - GPS coordinates found in D:/Photos/iphone/Photos\2025.04.04-17.11.30.233.Prague.HEIC: 50.1093, 14.3935
2026-05-23 15:29:42 - media_renamer_app - INFO - City resolved for D:/Photos/iphone/Photos\2025.04.04-17.11.30.233.Prague.HEIC: Prague
2026-05-23 15:29:42 - media_renamer_app - INFO - Successfully extracted date from image D:/Photos/iphone/Photos\2025.04.04-17.11.35.234.Prague.HEIC: 2025-04-04 17:11:35
2026-05-23 15:29:42 - media_renamer_app - INFO - GPS coordinates found in D:/Photos/iphone/Photos\2025.04.04-17.11.35.234.Prague.HEIC: 50.1093, 14.3935
2026-05-23 15:29:42 - media_renamer_app - INFO - City resolved for D:/Photos/iphone/Photos\2025.04.04-17.11.35.234.Prague.HEIC: Prague
2026-05-23 15:29:42 - media_renamer_app - INFO - Successfully extracted date from image D:/Photos/iphone/Photos\2025.04.04-17.28.05.235.Prague.HEIC: 2025-04-04 17:28:05
2026-05-23 15:29:42 - media_renamer_app - INFO - GPS coordinates found in D:/Photos/iphone/Photos\2025.04.04-17.28.05.235.Prague.HEIC: 50.0986, 14.4136
2026-05-23 15:29:42 - media_renamer_app - INFO - City resolved for D:/Photos/iphone/Photos\2025.04.04-17.28.05.235.Prague.HEIC: Prague
2026-05-23 15:29:42 - media_renamer_app - INFO - Successfully extracted date from image D:/Photos/iphone/Photos\2025.04.04-17.28.32.236.Prague.HEIC: 2025-04-04 17:28:32
2026-05-23 15:29:42 - media_renamer_app - INFO - GPS coordinates found in D:/Photos/iphone/Photos\2025.04.04-17.28.32.236.Prague.HEIC: 50.0991, 14.4174
2026-05-23 15:29:42 - media_renamer_app - INFO - City resolved for D:/Photos/iphone/Photos\2025.04.04-17.28.32.236.Prague.HEIC: Prague
2026-05-23 15:29:42 - media_renamer_app - INFO - Successfully extracted date from image D:/Photos/iphone/Photos\2025.04.04-18.04.18.240.Prague.HEIC: 2025-04-04 18:04:18
2026-05-23 15:29:42 - media_renamer_app - INFO - GPS coordinates found in D:/Photos/iphone/Photos\2025.04.04-18.04.18.240.Prague.HEIC: 50.0908, 14.4256
2026-05-23 15:29:42 - media_renamer_app - INFO - City resolved for D:/Photos/iphone/Photos\2025.04.04-18.04.18.240.Prague.HEIC: Prague
2026-05-23 15:29:42 - media_renamer_app - INFO - Successfully extracted date from image D:/Photos/iphone/Photos\2025.04.04-18.04.35.241.Prague.HEIC: 2025-04-04 18:04:35
2026-05-23 15:29:42 - media_renamer_app - INFO - GPS coordinates found in D:/Photos/iphone/Photos\2025.04.04-18.04.35.241.Prague.HEIC: 50.0908, 14.4256
2026-05-23 15:29:42 - media_renamer_app - INFO - City resolved for D:/Photos/iphone/Photos\2025.04.04-18.04.35.241.Prague.HEIC: Prague
2026-05-23 15:29:42 - media_renamer_app - INFO - Successfully extracted date from image D:/Photos/iphone/Photos\2025.04.04-18.13.30.242.Prague.HEIC: 2025-04-04 18:13:30
2026-05-23 15:29:42 - media_renamer_app - INFO - GPS coordinates found in D:/Photos/iphone/Photos\2025.04.04-18.13.30.242.Prague.HEIC: 50.0908, 14.4256
2026-05-23 15:29:42 - media_renamer_app - INFO - City resolved for D:/Photos/iphone/Photos\2025.04.04-18.13.30.242.Prague.HEIC: Prague
2026-05-23 15:29:42 - media_renamer_app - INFO - Successfully extracted date from image D:/Photos/iphone/Photos\2025.04.04-18.29.36.243.Prague.HEIC: 2025-04-04 18:29:36
2026-05-23 15:29:42 - media_renamer_app - INFO - GPS coordinates found in D:/Photos/iphone/Photos\2025.04.04-18.29.36.243.Prague.HEIC: 50.0906, 14.4257
2026-05-23 15:29:42 - media_renamer_app - INFO - City resolved for D:/Photos/iphone/Photos\2025.04.04-18.29.36.243.Prague.HEIC: Prague
2026-05-23 15:29:42 - media_renamer_app - INFO - Successfully extracted date from image D:/Photos/iphone/Photos\2025.04.04-18.29.40.244.Prague.HEIC: 2025-04-04 18:29:40
2026-05-23 15:29:42 - media_renamer_app - INFO - GPS coordinates found in D:/Photos/iphone/Photos\2025.04.04-18.29.40.244.Prague.HEIC: 50.0907, 14.4257
2026-05-23 15:29:42 - media_renamer_app - INFO - City resolved for D:/Photos/iphone/Photos\2025.04.04-18.29.40.244.Prague.HEIC: Prague
2026-05-23 15:29:42 - media_renamer_app - INFO - Successfully extracted date from image D:/Photos/iphone/Photos\2025.04.04-18.29.50.245.Prague.HEIC: 2025-04-04 18:29:50
2026-05-23 15:29:42 - media_renamer_app - INFO - GPS coordinates found in D:/Photos/iphone/Photos\2025.04.04-18.29.50.245.Prague.HEIC: 50.0907, 14.4257
2026-05-23 15:29:42 - media_renamer_app - INFO - City resolved for D:/Photos/iphone/Photos\2025.04.04-18.29.50.245.Prague.HEIC: Prague
2026-05-23 15:29:42 - media_renamer_app - INFO - Successfully extracted date from image D:/Photos/iphone/Photos\2025.04.04-18.29.53.246.Prague.HEIC: 2025-04-04 18:29:53
2026-05-23 15:29:42 - media_renamer_app - INFO - GPS coordinates found in D:/Photos/iphone/Photos\2025.04.04-18.29.53.246.Prague.HEIC: 50.0907, 14.4256
2026-05-23 15:29:42 - media_renamer_app - INFO - City resolved for D:/Photos/iphone/Photos\2025.04.04-18.29.53.246.Prague.HEIC: Prague
2026-05-23 15:29:43 - media_renamer_app - INFO - Successfully extracted date from image D:/Photos/iphone/Photos\2025.04.04-19.20.46.247.Prague.HEIC: 2025-04-04 19:20:46
2026-05-23 15:29:43 - media_renamer_app - INFO - GPS coordinates found in D:/Photos/iphone/Photos\2025.04.04-19.20.46.247.Prague.HEIC: 50.0875, 14.4286
2026-05-23 15:29:43 - media_renamer_app - INFO - City resolved for D:/Photos/iphone/Photos\2025.04.04-19.20.46.247.Prague.HEIC: Prague
2026-05-23 15:29:43 - media_renamer_app - INFO - Successfully extracted date from image D:/Photos/iphone/Photos\2025.04.04-19.20.49.248.Prague.HEIC: 2025-04-04 19:20:49
2026-05-23 15:29:43 - media_renamer_app - INFO - GPS coordinates found in D:/Photos/iphone/Photos\2025.04.04-19.20.49.248.Prague.HEIC: 50.0876, 14.4286
2026-05-23 15:29:43 - media_renamer_app - INFO - City resolved for D:/Photos/iphone/Photos\2025.04.04-19.20.49.248.Prague.HEIC: Prague
2026-05-23 15:29:43 - media_renamer_app - INFO - Successfully extracted date from image D:/Photos/iphone/Photos\2025.04.04-19.22.02.249.Prague.HEIC: 2025-04-04 19:22:02
2026-05-23 15:29:43 - media_renamer_app - INFO - GPS coordinates found in D:/Photos/iphone/Photos\2025.04.04-19.22.02.249.Prague.HEIC: 50.0873, 14.4285
2026-05-23 15:29:43 - media_renamer_app - INFO - City resolved for D:/Photos/iphone/Photos\2025.04.04-19.22.02.249.Prague.HEIC: Prague
2026-05-23 15:29:43 - media_renamer_app - INFO - Successfully extracted date from image D:/Photos/iphone/Photos\2025.04.04-19.22.47.250.Prague.HEIC: 2025-04-04 19:22:47
2026-05-23 15:29:43 - media_renamer_app - INFO - GPS coordinates found in D:/Photos/iphone/Photos\2025.04.04-19.22.47.250.Prague.HEIC: 50.0873, 14.4285
2026-05-23 15:29:43 - media_renamer_app - INFO - City resolved for D:/Photos/iphone/Photos\2025.04.04-19.22.47.250.Prague.HEIC: Prague
2026-05-23 15:29:43 - media_renamer_app - INFO - Successfully extracted date from image D:/Photos/iphone/Photos\2025.04.04-19.23.30.251.Prague.HEIC: 2025-04-04 19:23:30
2026-05-23 15:29:43 - media_renamer_app - INFO - GPS coordinates found in D:/Photos/iphone/Photos\2025.04.04-19.23.30.251.Prague.HEIC: 50.0873, 14.4285
2026-05-23 15:29:43 - media_renamer_app - INFO - City resolved for D:/Photos/iphone/Photos\2025.04.04-19.23.30.251.Prague.HEIC: Prague
2026-05-23 15:29:43 - media_renamer_app - INFO - Successfully extracted date from image D:/Photos/iphone/Photos\2025.04.04-19.23.35.252.Prague.HEIC: 2025-04-04 19:23:35
2026-05-23 15:29:43 - media_renamer_app - INFO - GPS coordinates found in D:/Photos/iphone/Photos\2025.04.04-19.23.35.252.Prague.HEIC: 50.0873, 14.4285
2026-05-23 15:29:43 - media_renamer_app - INFO - City resolved for D:/Photos/iphone/Photos\2025.04.04-19.23.35.252.Prague.HEIC: Prague
2026-05-23 15:29:43 - media_renamer_app - INFO - Successfully extracted date from image D:/Photos/iphone/Photos\2025.04.04-19.25.10.253.Prague.HEIC: 2025-04-04 19:25:10
2026-05-23 15:29:43 - media_renamer_app - INFO - GPS coordinates found in D:/Photos/iphone/Photos\2025.04.04-19.25.10.253.Prague.HEIC: 50.0873, 14.4285
2026-05-23 15:29:43 - media_renamer_app - INFO - City resolved for D:/Photos/iphone/Photos\2025.04.04-19.25.10.253.Prague.HEIC: Prague
2026-05-23 15:29:43 - media_renamer_app - INFO - Successfully extracted date from image D:/Photos/iphone/Photos\2025.04.04-19.25.33.254.Prague.HEIC: 2025-04-04 19:25:33
2026-05-23 15:29:43 - media_renamer_app - INFO - GPS coordinates found in D:/Photos/iphone/Photos\2025.04.04-19.25.33.254.Prague.HEIC: 50.0873, 14.4285
2026-05-23 15:29:43 - media_renamer_app - INFO - City resolved for D:/Photos/iphone/Photos\2025.04.04-19.25.33.254.Prague.HEIC: Prague
2026-05-23 15:29:43 - media_renamer_app - INFO - Successfully extracted date from image D:/Photos/iphone/Photos\2025.04.04-19.28.35.255.Prague.HEIC: 2025-04-04 19:28:35
2026-05-23 15:29:43 - media_renamer_app - INFO - GPS coordinates found in D:/Photos/iphone/Photos\2025.04.04-19.28.35.255.Prague.HEIC: 50.0872, 14.4274
2026-05-23 15:29:43 - media_renamer_app - INFO - City resolved for D:/Photos/iphone/Photos\2025.04.04-19.28.35.255.Prague.HEIC: Prague
2026-05-23 15:29:43 - media_renamer_app - INFO - Successfully extracted date from image D:/Photos/iphone/Photos\2025.04.04-19.28.40.256.Prague.HEIC: 2025-04-04 19:28:40
2026-05-23 15:29:43 - media_renamer_app - INFO - GPS coordinates found in D:/Photos/iphone/Photos\2025.04.04-19.28.40.256.Prague.HEIC: 50.0872, 14.4274
2026-05-23 15:29:43 - media_renamer_app - INFO - City resolved for D:/Photos/iphone/Photos\2025.04.04-19.28.40.256.Prague.HEIC: Prague
2026-05-23 15:29:43 - media_renamer_app - INFO - Successfully extracted date from image D:/Photos/iphone/Photos\2025.04.04-19.31.36.257.Prague.HEIC: 2025-04-04 19:31:36
2026-05-23 15:29:43 - media_renamer_app - INFO - GPS coordinates found in D:/Photos/iphone/Photos\2025.04.04-19.31.36.257.Prague.HEIC: 50.0872, 14.4257
2026-05-23 15:29:43 - media_renamer_app - INFO - City resolved for D:/Photos/iphone/Photos\2025.04.04-19.31.36.257.Prague.HEIC: Prague
2026-05-23 15:29:43 - media_renamer_app - INFO - Successfully extracted date from image D:/Photos/iphone/Photos\2025.04.04-19.39.09.258.Prague.HEIC: 2025-04-04 19:39:09
2026-05-23 15:29:43 - media_renamer_app - INFO - GPS coordinates found in D:/Photos/iphone/Photos\2025.04.04-19.39.09.258.Prague.HEIC: 50.0875, 14.4219
2026-05-23 15:29:43 - media_renamer_app - INFO - City resolved for D:/Photos/iphone/Photos\2025.04.04-19.39.09.258.Prague.HEIC: Prague
2026-05-23 15:29:43 - media_renamer_app - INFO - Successfully extracted date from image D:/Photos/iphone/Photos\2025.04.04-19.39.37.259.Prague.HEIC: 2025-04-04 19:39:37
2026-05-23 15:29:43 - media_renamer_app - INFO - GPS coordinates found in D:/Photos/iphone/Photos\2025.04.04-19.39.37.259.Prague.HEIC: 50.0875, 14.4219
2026-05-23 15:29:43 - media_renamer_app - INFO - City resolved for D:/Photos/iphone/Photos\2025.04.04-19.39.37.259.Prague.HEIC: Prague
2026-05-23 15:29:43 - media_renamer_app - INFO - Successfully extracted date from image D:/Photos/iphone/Photos\2025.04.04-20.10.31.260.Prague.HEIC: 2025-04-04 20:10:31
2026-05-23 15:29:43 - media_renamer_app - INFO - GPS coordinates found in D:/Photos/iphone/Photos\2025.04.04-20.10.31.260.Prague.HEIC: 50.0875, 14.4219
2026-05-23 15:29:43 - media_renamer_app - INFO - City resolved for D:/Photos/iphone/Photos\2025.04.04-20.10.31.260.Prague.HEIC: Prague
2026-05-23 15:29:43 - media_renamer_app - INFO - Successfully extracted date from image D:/Photos/iphone/Photos\2025.04.04-20.10.45.261.Prague.HEIC: 2025-04-04 20:10:45
2026-05-23 15:29:43 - media_renamer_app - INFO - GPS coordinates found in D:/Photos/iphone/Photos\2025.04.04-20.10.45.261.Prague.HEIC: 50.0875, 14.4219
2026-05-23 15:29:43 - media_renamer_app - INFO - City resolved for D:/Photos/iphone/Photos\2025.04.04-20.10.45.261.Prague.HEIC: Prague
2026-05-23 15:29:43 - media_renamer_app - INFO - Successfully extracted date from image D:/Photos/iphone/Photos\2025.04.04-20.32.39.262.Prague.HEIC: 2025-04-04 20:32:39
2026-05-23 15:29:43 - media_renamer_app - INFO - GPS coordinates found in D:/Photos/iphone/Photos\2025.04.04-20.32.39.262.Prague.HEIC: 50.0870, 14.4211
2026-05-23 15:29:43 - media_renamer_app - INFO - City resolved for D:/Photos/iphone/Photos\2025.04.04-20.32.39.262.Prague.HEIC: Prague
2026-05-23 15:29:43 - media_renamer_app - INFO - Successfully extracted date from image D:/Photos/iphone/Photos\2025.04.04-20.34.14.263.Prague.HEIC: 2025-04-04 20:34:14
2026-05-23 15:29:43 - media_renamer_app - INFO - GPS coordinates found in D:/Photos/iphone/Photos\2025.04.04-20.34.14.263.Prague.HEIC: 50.0870, 14.4207
2026-05-23 15:29:43 - media_renamer_app - INFO - City resolved for D:/Photos/iphone/Photos\2025.04.04-20.34.14.263.Prague.HEIC: Prague
2026-05-23 15:29:43 - media_renamer_app - INFO - Successfully extracted date from image D:/Photos/iphone/Photos\2025.04.04-20.34.21.264.Prague.HEIC: 2025-04-04 20:34:21
2026-05-23 15:29:43 - media_renamer_app - INFO - GPS coordinates found in D:/Photos/iphone/Photos\2025.04.04-20.34.21.264.Prague.HEIC: 50.0870, 14.4207
2026-05-23 15:29:43 - media_renamer_app - INFO - City resolved for D:/Photos/iphone/Photos\2025.04.04-20.34.21.264.Prague.HEIC: Prague
2026-05-23 15:29:43 - media_renamer_app - INFO - Successfully extracted date from image D:/Photos/iphone/Photos\2025.04.04-20.35.10.265.Prague.HEIC: 2025-04-04 20:35:10
2026-05-23 15:29:43 - media_renamer_app - INFO - GPS coordinates found in D:/Photos/iphone/Photos\2025.04.04-20.35.10.265.Prague.HEIC: 50.0868, 14.4204
2026-05-23 15:29:43 - media_renamer_app - INFO - City resolved for D:/Photos/iphone/Photos\2025.04.04-20.35.10.265.Prague.HEIC: Prague
2026-05-23 15:29:43 - media_renamer_app - INFO - Successfully extracted date from image D:/Photos/iphone/Photos\2025.04.04-20.36.35.266.Prague.HEIC: 2025-04-04 20:36:35
2026-05-23 15:29:43 - media_renamer_app - INFO - GPS coordinates found in D:/Photos/iphone/Photos\2025.04.04-20.36.35.266.Prague.HEIC: 50.0868, 14.4204
2026-05-23 15:29:43 - media_renamer_app - INFO - City resolved for D:/Photos/iphone/Photos\2025.04.04-20.36.35.266.Prague.HEIC: Prague
2026-05-23 15:29:43 - media_renamer_app - INFO - Successfully extracted date from image D:/Photos/iphone/Photos\2025.04.04-20.37.12.267.Prague.HEIC: 2025-04-04 20:37:12
2026-05-23 15:29:43 - media_renamer_app - INFO - GPS coordinates found in D:/Photos/iphone/Photos\2025.04.04-20.37.12.267.Prague.HEIC: 50.0868, 14.4204
2026-05-23 15:29:43 - media_renamer_app - INFO - City resolved for D:/Photos/iphone/Photos\2025.04.04-20.37.12.267.Prague.HEIC: Prague
2026-05-23 15:29:43 - media_renamer_app - INFO - Successfully extracted date from image D:/Photos/iphone/Photos\2025.04.04-20.37.18.268.Prague.HEIC: 2025-04-04 20:37:18
2026-05-23 15:29:43 - media_renamer_app - INFO - GPS coordinates found in D:/Photos/iphone/Photos\2025.04.04-20.37.18.268.Prague.HEIC: 50.0868, 14.4204
2026-05-23 15:29:43 - media_renamer_app - INFO - City resolved for D:/Photos/iphone/Photos\2025.04.04-20.37.18.268.Prague.HEIC: Prague
2026-05-23 15:29:43 - media_renamer_app - INFO - Successfully extracted date from image D:/Photos/iphone/Photos\2025.04.04-20.37.34.269.Prague.HEIC: 2025-04-04 20:37:34
2026-05-23 15:29:43 - media_renamer_app - INFO - GPS coordinates found in D:/Photos/iphone/Photos\2025.04.04-20.37.34.269.Prague.HEIC: 50.0868, 14.4204
2026-05-23 15:29:43 - media_renamer_app - INFO - City resolved for D:/Photos/iphone/Photos\2025.04.04-20.37.34.269.Prague.HEIC: Prague
2026-05-23 15:29:43 - media_renamer_app - INFO - Successfully extracted date from image D:/Photos/iphone/Photos\2025.04.04-20.37.41.270.Prague.HEIC: 2025-04-04 20:37:41
2026-05-23 15:29:43 - media_renamer_app - INFO - GPS coordinates found in D:/Photos/iphone/Photos\2025.04.04-20.37.41.270.Prague.HEIC: 50.0868, 14.4204
2026-05-23 15:29:43 - media_renamer_app - INFO - City resolved for D:/Photos/iphone/Photos\2025.04.04-20.37.41.270.Prague.HEIC: Prague
2026-05-23 15:29:43 - media_renamer_app - INFO - Successfully extracted date from image D:/Photos/iphone/Photos\2025.04.04-20.38.20.271.Prague.HEIC: 2025-04-04 20:38:20
2026-05-23 15:29:43 - media_renamer_app - INFO - GPS coordinates found in D:/Photos/iphone/Photos\2025.04.04-20.38.20.271.Prague.HEIC: 50.0870, 14.4207
2026-05-23 15:29:43 - media_renamer_app - INFO - City resolved for D:/Photos/iphone/Photos\2025.04.04-20.38.20.271.Prague.HEIC: Prague
2026-05-23 15:29:43 - media_renamer_app - INFO - Successfully extracted date from image D:/Photos/iphone/Photos\2025.04.04-20.38.24.272.Prague.HEIC: 2025-04-04 20:38:24
2026-05-23 15:29:43 - media_renamer_app - INFO - GPS coordinates found in D:/Photos/iphone/Photos\2025.04.04-20.38.24.272.Prague.HEIC: 50.0870, 14.4207
2026-05-23 15:29:43 - media_renamer_app - INFO - City resolved for D:/Photos/iphone/Photos\2025.04.04-20.38.24.272.Prague.HEIC: Prague
2026-05-23 15:29:43 - media_renamer_app - INFO - Successfully extracted date from image D:/Photos/iphone/Photos\2025.04.04-20.38.34.273.Prague.HEIC: 2025-04-04 20:38:34
2026-05-23 15:29:43 - media_renamer_app - INFO - GPS coordinates found in D:/Photos/iphone/Photos\2025.04.04-20.38.34.273.Prague.HEIC: 50.0869, 14.4207
2026-05-23 15:29:43 - media_renamer_app - INFO - City resolved for D:/Photos/iphone/Photos\2025.04.04-20.38.34.273.Prague.HEIC: Prague
2026-05-23 15:29:43 - media_renamer_app - INFO - Successfully extracted date from image D:/Photos/iphone/Photos\2025.04.04-20.38.39.274.Prague.HEIC: 2025-04-04 20:38:39
2026-05-23 15:29:43 - media_renamer_app - INFO - GPS coordinates found in D:/Photos/iphone/Photos\2025.04.04-20.38.39.274.Prague.HEIC: 50.0869, 14.4207
2026-05-23 15:29:43 - media_renamer_app - INFO - City resolved for D:/Photos/iphone/Photos\2025.04.04-20.38.39.274.Prague.HEIC: Prague
2026-05-23 15:29:43 - media_renamer_app - INFO - Successfully extracted date from image D:/Photos/iphone/Photos\2025.04.04-20.52.09.275.Prague.HEIC: 2025-04-04 20:52:09
2026-05-23 15:29:43 - media_renamer_app - INFO - GPS coordinates found in D:/Photos/iphone/Photos\2025.04.04-20.52.09.275.Prague.HEIC: 50.0860, 14.4146
2026-05-23 15:29:43 - media_renamer_app - INFO - City resolved for D:/Photos/iphone/Photos\2025.04.04-20.52.09.275.Prague.HEIC: Prague
2026-05-23 15:29:43 - media_renamer_app - INFO - Successfully extracted date from image D:/Photos/iphone/Photos\2025.04.04-20.52.12.276.Prague.HEIC: 2025-04-04 20:52:12
2026-05-23 15:29:43 - media_renamer_app - INFO - GPS coordinates found in D:/Photos/iphone/Photos\2025.04.04-20.52.12.276.Prague.HEIC: 50.0860, 14.4146
2026-05-23 15:29:43 - media_renamer_app - INFO - City resolved for D:/Photos/iphone/Photos\2025.04.04-20.52.12.276.Prague.HEIC: Prague
2026-05-23 15:29:43 - media_renamer_app - INFO - Successfully extracted date from image D:/Photos/iphone/Photos\2025.04.04-20.53.37.277.Prague.HEIC: 2025-04-04 20:53:37
2026-05-23 15:29:43 - media_renamer_app - INFO - GPS coordinates found in D:/Photos/iphone/Photos\2025.04.04-20.53.37.277.Prague.HEIC: 50.0861, 14.4142
2026-05-23 15:29:43 - media_renamer_app - INFO - City resolved for D:/Photos/iphone/Photos\2025.04.04-20.53.37.277.Prague.HEIC: Prague
2026-05-23 15:29:43 - media_renamer_app - INFO - Successfully extracted date from image D:/Photos/iphone/Photos\2025.04.04-20.53.43.278.Prague.HEIC: 2025-04-04 20:53:43
2026-05-23 15:29:43 - media_renamer_app - INFO - GPS coordinates found in D:/Photos/iphone/Photos\2025.04.04-20.53.43.278.Prague.HEIC: 50.0861, 14.4142
2026-05-23 15:29:43 - media_renamer_app - INFO - City resolved for D:/Photos/iphone/Photos\2025.04.04-20.53.43.278.Prague.HEIC: Prague
2026-05-23 15:29:43 - media_renamer_app - INFO - Successfully extracted date from image D:/Photos/iphone/Photos\2025.04.04-20.54.32.279.Prague.HEIC: 2025-04-04 20:54:32
2026-05-23 15:29:43 - media_renamer_app - INFO - GPS coordinates found in D:/Photos/iphone/Photos\2025.04.04-20.54.32.279.Prague.HEIC: 50.0862, 14.4139
2026-05-23 15:29:43 - media_renamer_app - INFO - City resolved for D:/Photos/iphone/Photos\2025.04.04-20.54.32.279.Prague.HEIC: Prague
2026-05-23 15:29:43 - media_renamer_app - INFO - Successfully extracted date from image D:/Photos/iphone/Photos\2025.04.04-20.54.36.280.Prague.HEIC: 2025-04-04 20:54:36
2026-05-23 15:29:43 - media_renamer_app - INFO - GPS coordinates found in D:/Photos/iphone/Photos\2025.04.04-20.54.36.280.Prague.HEIC: 50.0862, 14.4139
2026-05-23 15:29:43 - media_renamer_app - INFO - City resolved for D:/Photos/iphone/Photos\2025.04.04-20.54.36.280.Prague.HEIC: Prague
2026-05-23 15:29:43 - media_renamer_app - INFO - Successfully extracted date from image D:/Photos/iphone/Photos\2025.04.04-20.56.03.281.Prague.HEIC: 2025-04-04 20:56:03
2026-05-23 15:29:43 - media_renamer_app - INFO - GPS coordinates found in D:/Photos/iphone/Photos\2025.04.04-20.56.03.281.Prague.HEIC: 50.0862, 14.4138
2026-05-23 15:29:43 - media_renamer_app - INFO - City resolved for D:/Photos/iphone/Photos\2025.04.04-20.56.03.281.Prague.HEIC: Prague
2026-05-23 15:29:43 - media_renamer_app - INFO - Successfully extracted date from image D:/Photos/iphone/Photos\2025.04.04-20.56.09.282.Prague.HEIC: 2025-04-04 20:56:09
2026-05-23 15:29:43 - media_renamer_app - INFO - GPS coordinates found in D:/Photos/iphone/Photos\2025.04.04-20.56.09.282.Prague.HEIC: 50.0862, 14.4138
2026-05-23 15:29:43 - media_renamer_app - INFO - City resolved for D:/Photos/iphone/Photos\2025.04.04-20.56.09.282.Prague.HEIC: Prague
2026-05-23 15:29:43 - media_renamer_app - INFO - Successfully extracted date from image D:/Photos/iphone/Photos\2025.04.04-21.02.28.283.Prague.HEIC: 2025-04-04 21:02:28
2026-05-23 15:29:43 - media_renamer_app - INFO - GPS coordinates found in D:/Photos/iphone/Photos\2025.04.04-21.02.28.283.Prague.HEIC: 50.0849, 14.4136
2026-05-23 15:29:43 - media_renamer_app - INFO - City resolved for D:/Photos/iphone/Photos\2025.04.04-21.02.28.283.Prague.HEIC: Prague
2026-05-23 15:29:43 - media_renamer_app - INFO - Successfully extracted date from image D:/Photos/iphone/Photos\2025.04.04-21.03.34.284.Prague.HEIC: 2025-04-04 21:03:34
2026-05-23 15:29:43 - media_renamer_app - INFO - GPS coordinates found in D:/Photos/iphone/Photos\2025.04.04-21.03.34.284.Prague.HEIC: 50.0849, 14.4136
2026-05-23 15:29:43 - media_renamer_app - INFO - City resolved for D:/Photos/iphone/Photos\2025.04.04-21.03.34.284.Prague.HEIC: Prague
2026-05-23 15:29:43 - media_renamer_app - INFO - Successfully extracted date from image D:/Photos/iphone/Photos\2025.04.04-21.03.53.285.Prague.HEIC: 2025-04-04 21:03:53
2026-05-23 15:29:43 - media_renamer_app - INFO - GPS coordinates found in D:/Photos/iphone/Photos\2025.04.04-21.03.53.285.Prague.HEIC: 50.0848, 14.4136
2026-05-23 15:29:43 - media_renamer_app - INFO - City resolved for D:/Photos/iphone/Photos\2025.04.04-21.03.53.285.Prague.HEIC: Prague
2026-05-23 15:29:44 - media_renamer_app - INFO - Successfully extracted date from image D:/Photos/iphone/Photos\2025.04.04-21.04.01.286.Prague.HEIC: 2025-04-04 21:04:01
2026-05-23 15:29:44 - media_renamer_app - INFO - GPS coordinates found in D:/Photos/iphone/Photos\2025.04.04-21.04.01.286.Prague.HEIC: 50.0849, 14.4136
2026-05-23 15:29:44 - media_renamer_app - INFO - City resolved for D:/Photos/iphone/Photos\2025.04.04-21.04.01.286.Prague.HEIC: Prague
2026-05-23 15:29:44 - media_renamer_app - INFO - Successfully extracted date from image D:/Photos/iphone/Photos\2025.04.04-21.04.31.287.Prague.HEIC: 2025-04-04 21:04:31
2026-05-23 15:29:44 - media_renamer_app - INFO - GPS coordinates found in D:/Photos/iphone/Photos\2025.04.04-21.04.31.287.Prague.HEIC: 50.0849, 14.4135
2026-05-23 15:29:44 - media_renamer_app - INFO - City resolved for D:/Photos/iphone/Photos\2025.04.04-21.04.31.287.Prague.HEIC: Prague
2026-05-23 15:29:44 - media_renamer_app - INFO - Successfully extracted date from image D:/Photos/iphone/Photos\2025.04.04-21.04.40.288.Prague.HEIC: 2025-04-04 21:04:40
2026-05-23 15:29:44 - media_renamer_app - INFO - GPS coordinates found in D:/Photos/iphone/Photos\2025.04.04-21.04.40.288.Prague.HEIC: 50.0849, 14.4136
2026-05-23 15:29:44 - media_renamer_app - INFO - City resolved for D:/Photos/iphone/Photos\2025.04.04-21.04.40.288.Prague.HEIC: Prague
2026-05-23 15:29:44 - media_renamer_app - INFO - Successfully extracted date from image D:/Photos/iphone/Photos\2025.04.05-07.31.06.289.Prague.HEIC: 2025-04-05 07:31:06
2026-05-23 15:29:44 - media_renamer_app - INFO - GPS coordinates found in D:/Photos/iphone/Photos\2025.04.05-07.31.06.289.Prague.HEIC: 50.1090, 14.3934
2026-05-23 15:29:44 - media_renamer_app - INFO - City resolved for D:/Photos/iphone/Photos\2025.04.05-07.31.06.289.Prague.HEIC: Prague
2026-05-23 15:29:44 - media_renamer_app - INFO - Successfully extracted date from image D:/Photos/iphone/Photos\2025.04.05-10.35.53.293.Prague.HEIC: 2025-04-05 10:35:53
2026-05-23 15:29:44 - media_renamer_app - INFO - GPS coordinates found in D:/Photos/iphone/Photos\2025.04.05-10.35.53.293.Prague.HEIC: 50.0886, 14.4221
2026-05-23 15:29:44 - media_renamer_app - INFO - City resolved for D:/Photos/iphone/Photos\2025.04.05-10.35.53.293.Prague.HEIC: Prague
2026-05-23 15:29:44 - media_renamer_app - INFO - Successfully extracted date from image D:/Photos/iphone/Photos\2025.04.05-10.35.58.294.Prague.HEIC: 2025-04-05 10:35:58
2026-05-23 15:29:44 - media_renamer_app - INFO - GPS coordinates found in D:/Photos/iphone/Photos\2025.04.05-10.35.58.294.Prague.HEIC: 50.0886, 14.4221
2026-05-23 15:29:44 - media_renamer_app - INFO - City resolved for D:/Photos/iphone/Photos\2025.04.05-10.35.58.294.Prague.HEIC: Prague
2026-05-23 15:29:44 - media_renamer_app - INFO - Successfully extracted date from image D:/Photos/iphone/Photos\2025.04.05-11.05.37.295.Prague.HEIC: 2025-04-05 11:05:37
2026-05-23 15:29:44 - media_renamer_app - INFO - GPS coordinates found in D:/Photos/iphone/Photos\2025.04.05-11.05.37.295.Prague.HEIC: 50.0901, 14.4207
2026-05-23 15:29:44 - media_renamer_app - INFO - City resolved for D:/Photos/iphone/Photos\2025.04.05-11.05.37.295.Prague.HEIC: Prague
2026-05-23 15:29:44 - media_renamer_app - INFO - Successfully extracted date from image D:/Photos/iphone/Photos\2025.04.05-11.05.41.296.Prague.HEIC: 2025-04-05 11:05:41
2026-05-23 15:29:44 - media_renamer_app - INFO - GPS coordinates found in D:/Photos/iphone/Photos\2025.04.05-11.05.41.296.Prague.HEIC: 50.0900, 14.4207
2026-05-23 15:29:44 - media_renamer_app - INFO - City resolved for D:/Photos/iphone/Photos\2025.04.05-11.05.41.296.Prague.HEIC: Prague
2026-05-23 15:29:44 - media_renamer_app - INFO - Successfully extracted date from image D:/Photos/iphone/Photos\2025.04.05-11.06.07.297.Prague.HEIC: 2025-04-05 11:06:07
2026-05-23 15:29:44 - media_renamer_app - INFO - GPS coordinates found in D:/Photos/iphone/Photos\2025.04.05-11.06.07.297.Prague.HEIC: 50.0900, 14.4208
2026-05-23 15:29:44 - media_renamer_app - INFO - City resolved for D:/Photos/iphone/Photos\2025.04.05-11.06.07.297.Prague.HEIC: Prague
2026-05-23 15:29:44 - media_renamer_app - INFO - Successfully extracted date from image D:/Photos/iphone/Photos\2025.04.05-11.06.12.298.Prague.HEIC: 2025-04-05 11:06:12
2026-05-23 15:29:44 - media_renamer_app - INFO - GPS coordinates found in D:/Photos/iphone/Photos\2025.04.05-11.06.12.298.Prague.HEIC: 50.0901, 14.4208
2026-05-23 15:29:44 - media_renamer_app - INFO - City resolved for D:/Photos/iphone/Photos\2025.04.05-11.06.12.298.Prague.HEIC: Prague
2026-05-23 15:29:44 - media_renamer_app - INFO - Successfully extracted date from image D:/Photos/iphone/Photos\2025.04.05-11.13.39.299.Prague.HEIC: 2025-04-05 11:13:39
2026-05-23 15:29:44 - media_renamer_app - INFO - GPS coordinates found in D:/Photos/iphone/Photos\2025.04.05-11.13.39.299.Prague.HEIC: 50.0909, 14.4189
2026-05-23 15:29:44 - media_renamer_app - INFO - City resolved for D:/Photos/iphone/Photos\2025.04.05-11.13.39.299.Prague.HEIC: Prague
2026-05-23 15:29:44 - media_renamer_app - INFO - Successfully extracted date from image D:/Photos/iphone/Photos\2025.04.05-11.13.42.300.Prague.HEIC: 2025-04-05 11:13:42
2026-05-23 15:29:44 - media_renamer_app - INFO - GPS coordinates found in D:/Photos/iphone/Photos\2025.04.05-11.13.42.300.Prague.HEIC: 50.0909, 14.4189
2026-05-23 15:29:44 - media_renamer_app - INFO - City resolved for D:/Photos/iphone/Photos\2025.04.05-11.13.42.300.Prague.HEIC: Prague
2026-05-23 15:29:44 - media_renamer_app - INFO - Successfully extracted date from image D:/Photos/iphone/Photos\2025.04.05-11.24.12.301.Prague.HEIC: 2025-04-05 11:24:12
2026-05-23 15:29:44 - media_renamer_app - INFO - GPS coordinates found in D:/Photos/iphone/Photos\2025.04.05-11.24.12.301.Prague.HEIC: 50.0893, 14.4144
2026-05-23 15:29:44 - media_renamer_app - INFO - City resolved for D:/Photos/iphone/Photos\2025.04.05-11.24.12.301.Prague.HEIC: Prague
2026-05-23 15:29:44 - media_renamer_app - INFO - Successfully extracted date from image D:/Photos/iphone/Photos\2025.04.05-12.39.02.302.Prague.HEIC: 2025-04-05 12:39:02
2026-05-23 15:29:44 - media_renamer_app - INFO - GPS coordinates found in D:/Photos/iphone/Photos\2025.04.05-12.39.02.302.Prague.HEIC: 50.0862, 14.4070
2026-05-23 15:29:44 - media_renamer_app - INFO - City resolved for D:/Photos/iphone/Photos\2025.04.05-12.39.02.302.Prague.HEIC: Prague
2026-05-23 15:29:44 - media_renamer_app - INFO - Successfully extracted date from image D:/Photos/iphone/Photos\2025.04.05-12.39.22.303.Prague.HEIC: 2025-04-05 12:39:22
2026-05-23 15:29:44 - media_renamer_app - INFO - GPS coordinates found in D:/Photos/iphone/Photos\2025.04.05-12.39.22.303.Prague.HEIC: 50.0862, 14.4070
2026-05-23 15:29:44 - media_renamer_app - INFO - City resolved for D:/Photos/iphone/Photos\2025.04.05-12.39.22.303.Prague.HEIC: Prague
2026-05-23 15:29:44 - media_renamer_app - INFO - Successfully extracted date from image D:/Photos/iphone/Photos\2025.04.05-12.39.24.304.Prague.HEIC: 2025-04-05 12:39:24
2026-05-23 15:29:44 - media_renamer_app - INFO - GPS coordinates found in D:/Photos/iphone/Photos\2025.04.05-12.39.24.304.Prague.HEIC: 50.0862, 14.4070
2026-05-23 15:29:44 - media_renamer_app - INFO - City resolved for D:/Photos/iphone/Photos\2025.04.05-12.39.24.304.Prague.HEIC: Prague
2026-05-23 15:29:44 - media_renamer_app - INFO - Successfully extracted date from image D:/Photos/iphone/Photos\2025.04.05-12.40.04.305.Prague.HEIC: 2025-04-05 12:40:04
2026-05-23 15:29:44 - media_renamer_app - INFO - GPS coordinates found in D:/Photos/iphone/Photos\2025.04.05-12.40.04.305.Prague.HEIC: 50.0862, 14.4069
2026-05-23 15:29:44 - media_renamer_app - INFO - City resolved for D:/Photos/iphone/Photos\2025.04.05-12.40.04.305.Prague.HEIC: Prague
2026-05-23 15:29:44 - media_renamer_app - INFO - Successfully extracted date from image D:/Photos/iphone/Photos\2025.04.05-12.40.06.306.Prague.HEIC: 2025-04-05 12:40:06
2026-05-23 15:29:44 - media_renamer_app - INFO - GPS coordinates found in D:/Photos/iphone/Photos\2025.04.05-12.40.06.306.Prague.HEIC: 50.0862, 14.4069
2026-05-23 15:29:44 - media_renamer_app - INFO - City resolved for D:/Photos/iphone/Photos\2025.04.05-12.40.06.306.Prague.HEIC: Prague
2026-05-23 15:29:44 - media_renamer_app - INFO - Successfully extracted date from image D:/Photos/iphone/Photos\2025.04.05-12.40.08.307.Prague.HEIC: 2025-04-05 12:40:08
2026-05-23 15:29:44 - media_renamer_app - INFO - GPS coordinates found in D:/Photos/iphone/Photos\2025.04.05-12.40.08.307.Prague.HEIC: 50.0862, 14.4069
2026-05-23 15:29:44 - media_renamer_app - INFO - City resolved for D:/Photos/iphone/Photos\2025.04.05-12.40.08.307.Prague.HEIC: Prague
2026-05-23 15:29:44 - media_renamer_app - INFO - Successfully extracted date from image D:/Photos/iphone/Photos\2025.04.05-18.47.02.308.Prague.HEIC: 2025-04-05 18:47:02
2026-05-23 15:29:44 - media_renamer_app - INFO - GPS coordinates found in D:/Photos/iphone/Photos\2025.04.05-18.47.02.308.Prague.HEIC: 50.0861, 14.4143
2026-05-23 15:29:44 - media_renamer_app - INFO - City resolved for D:/Photos/iphone/Photos\2025.04.05-18.47.02.308.Prague.HEIC: Prague
2026-05-23 15:29:44 - media_renamer_app - INFO - Successfully extracted date from image D:/Photos/iphone/Photos\2025.04.05-18.47.14.309.Prague.HEIC: 2025-04-05 18:47:14
2026-05-23 15:29:44 - media_renamer_app - INFO - GPS coordinates found in D:/Photos/iphone/Photos\2025.04.05-18.47.14.309.Prague.HEIC: 50.0861, 14.4143
2026-05-23 15:29:44 - media_renamer_app - INFO - City resolved for D:/Photos/iphone/Photos\2025.04.05-18.47.14.309.Prague.HEIC: Prague
2026-05-23 15:29:44 - media_renamer_app - INFO - Successfully extracted date from image D:/Photos/iphone/Photos\2025.04.05-19.28.33.310.Prague.HEIC: 2025-04-05 19:28:33
2026-05-23 15:29:44 - media_renamer_app - INFO - GPS coordinates found in D:/Photos/iphone/Photos\2025.04.05-19.28.33.310.Prague.HEIC: 50.0845, 14.4189
2026-05-23 15:29:44 - media_renamer_app - INFO - City resolved for D:/Photos/iphone/Photos\2025.04.05-19.28.33.310.Prague.HEIC: Prague
2026-05-23 15:29:44 - media_renamer_app - INFO - Successfully extracted date from image D:/Photos/iphone/Photos\2025.04.05-19.29.01.311.Prague.HEIC: 2025-04-05 19:29:01
2026-05-23 15:29:44 - media_renamer_app - INFO - GPS coordinates found in D:/Photos/iphone/Photos\2025.04.05-19.29.01.311.Prague.HEIC: 50.0845, 14.4189
2026-05-23 15:29:44 - media_renamer_app - INFO - City resolved for D:/Photos/iphone/Photos\2025.04.05-19.29.01.311.Prague.HEIC: Prague
2026-05-23 15:29:44 - media_renamer_app - INFO - Successfully extracted date from image D:/Photos/iphone/Photos\2025.04.05-20.24.20.312.Prague.HEIC: 2025-04-05 20:24:20
2026-05-23 15:29:44 - media_renamer_app - INFO - GPS coordinates found in D:/Photos/iphone/Photos\2025.04.05-20.24.20.312.Prague.HEIC: 50.0853, 14.4215
2026-05-23 15:29:44 - media_renamer_app - INFO - City resolved for D:/Photos/iphone/Photos\2025.04.05-20.24.20.312.Prague.HEIC: Prague
2026-05-23 15:29:44 - media_renamer_app - INFO - Successfully extracted date from image D:/Photos/iphone/Photos\2025.04.05-20.24.30.313.Prague.HEIC: 2025-04-05 20:24:30
2026-05-23 15:29:44 - media_renamer_app - INFO - GPS coordinates found in D:/Photos/iphone/Photos\2025.04.05-20.24.30.313.Prague.HEIC: 50.0853, 14.4215
2026-05-23 15:29:44 - media_renamer_app - INFO - City resolved for D:/Photos/iphone/Photos\2025.04.05-20.24.30.313.Prague.HEIC: Prague
2026-05-23 15:29:44 - media_renamer_app - INFO - Successfully extracted date from image D:/Photos/iphone/Photos\2025.04.05-20.29.09.314.Prague.HEIC: 2025-04-05 20:29:09
2026-05-23 15:29:44 - media_renamer_app - INFO - GPS coordinates found in D:/Photos/iphone/Photos\2025.04.05-20.29.09.314.Prague.HEIC: 50.0868, 14.4208
2026-05-23 15:29:44 - media_renamer_app - INFO - City resolved for D:/Photos/iphone/Photos\2025.04.05-20.29.09.314.Prague.HEIC: Prague
2026-05-23 15:29:44 - media_renamer_app - INFO - Successfully extracted date from image D:/Photos/iphone/Photos\2025.04.05-20.29.15.315.Prague.HEIC: 2025-04-05 20:29:15
2026-05-23 15:29:44 - media_renamer_app - INFO - GPS coordinates found in D:/Photos/iphone/Photos\2025.04.05-20.29.15.315.Prague.HEIC: 50.0868, 14.4208
2026-05-23 15:29:44 - media_renamer_app - INFO - City resolved for D:/Photos/iphone/Photos\2025.04.05-20.29.15.315.Prague.HEIC: Prague
2026-05-23 15:29:44 - media_renamer_app - INFO - Successfully extracted date from image D:/Photos/iphone/Photos\2025.04.05-20.29.23.316.Prague.HEIC: 2025-04-05 20:29:23
2026-05-23 15:29:44 - media_renamer_app - INFO - GPS coordinates found in D:/Photos/iphone/Photos\2025.04.05-20.29.23.316.Prague.HEIC: 50.0868, 14.4208
2026-05-23 15:29:44 - media_renamer_app - INFO - City resolved for D:/Photos/iphone/Photos\2025.04.05-20.29.23.316.Prague.HEIC: Prague
2026-05-23 15:29:44 - media_renamer_app - INFO - Successfully extracted date from image D:/Photos/iphone/Photos\2025.04.05-20.38.57.317.Prague.HEIC: 2025-04-05 20:38:57
2026-05-23 15:29:44 - media_renamer_app - INFO - GPS coordinates found in D:/Photos/iphone/Photos\2025.04.05-20.38.57.317.Prague.HEIC: 50.0874, 14.4211
2026-05-23 15:29:44 - media_renamer_app - INFO - City resolved for D:/Photos/iphone/Photos\2025.04.05-20.38.57.317.Prague.HEIC: Prague
2026-05-23 15:29:44 - media_renamer_app - INFO - Successfully extracted date from image D:/Photos/iphone/Photos\2025.04.06-10.23.56.318.KarlovyVary.HEIC: 2025-04-06 10:23:56
2026-05-23 15:29:44 - media_renamer_app - INFO - GPS coordinates found in D:/Photos/iphone/Photos\2025.04.06-10.23.56.318.KarlovyVary.HEIC: 50.2294, 12.8738
2026-05-23 15:29:44 - media_renamer_app - INFO - City resolved for D:/Photos/iphone/Photos\2025.04.06-10.23.56.318.KarlovyVary.HEIC: Karlovy Vary
2026-05-23 15:29:44 - media_renamer_app - INFO - Successfully extracted date from image D:/Photos/iphone/Photos\2025.04.06-10.24.10.319.KarlovyVary.HEIC: 2025-04-06 10:24:10
2026-05-23 15:29:44 - media_renamer_app - INFO - GPS coordinates found in D:/Photos/iphone/Photos\2025.04.06-10.24.10.319.KarlovyVary.HEIC: 50.2294, 12.8739
2026-05-23 15:29:44 - media_renamer_app - INFO - City resolved for D:/Photos/iphone/Photos\2025.04.06-10.24.10.319.KarlovyVary.HEIC: Karlovy Vary
2026-05-23 15:29:45 - media_renamer_app - INFO - Successfully extracted date from image D:/Photos/iphone/Photos\2025.04.06-10.24.11.320.KarlovyVary.HEIC: 2025-04-06 10:24:11
2026-05-23 15:29:45 - media_renamer_app - INFO - GPS coordinates found in D:/Photos/iphone/Photos\2025.04.06-10.24.11.320.KarlovyVary.HEIC: 50.2294, 12.8739
2026-05-23 15:29:45 - media_renamer_app - INFO - City resolved for D:/Photos/iphone/Photos\2025.04.06-10.24.11.320.KarlovyVary.HEIC: Karlovy Vary
2026-05-23 15:29:45 - media_renamer_app - INFO - Successfully extracted date from image D:/Photos/iphone/Photos\2025.04.06-10.24.12.321.KarlovyVary.HEIC: 2025-04-06 10:24:12
2026-05-23 15:29:45 - media_renamer_app - INFO - GPS coordinates found in D:/Photos/iphone/Photos\2025.04.06-10.24.12.321.KarlovyVary.HEIC: 50.2294, 12.8739
2026-05-23 15:29:45 - media_renamer_app - INFO - City resolved for D:/Photos/iphone/Photos\2025.04.06-10.24.12.321.KarlovyVary.HEIC: Karlovy Vary
2026-05-23 15:29:45 - media_renamer_app - INFO - Successfully extracted date from image D:/Photos/iphone/Photos\2025.04.06-10.24.26.322.KarlovyVary.HEIC: 2025-04-06 10:24:26
2026-05-23 15:29:45 - media_renamer_app - INFO - GPS coordinates found in D:/Photos/iphone/Photos\2025.04.06-10.24.26.322.KarlovyVary.HEIC: 50.2294, 12.8739
2026-05-23 15:29:45 - media_renamer_app - INFO - City resolved for D:/Photos/iphone/Photos\2025.04.06-10.24.26.322.KarlovyVary.HEIC: Karlovy Vary
2026-05-23 15:29:45 - media_renamer_app - INFO - Successfully extracted date from image D:/Photos/iphone/Photos\2025.04.06-10.24.29.323.KarlovyVary.HEIC: 2025-04-06 10:24:29
2026-05-23 15:29:45 - media_renamer_app - INFO - GPS coordinates found in D:/Photos/iphone/Photos\2025.04.06-10.24.29.323.KarlovyVary.HEIC: 50.2294, 12.8739
2026-05-23 15:29:45 - media_renamer_app - INFO - City resolved for D:/Photos/iphone/Photos\2025.04.06-10.24.29.323.KarlovyVary.HEIC: Karlovy Vary
2026-05-23 15:29:45 - media_renamer_app - INFO - Successfully extracted date from image D:/Photos/iphone/Photos\2025.04.06-10.27.32.324.KarlovyVary.HEIC: 2025-04-06 10:27:32
2026-05-23 15:29:45 - media_renamer_app - INFO - GPS coordinates found in D:/Photos/iphone/Photos\2025.04.06-10.27.32.324.KarlovyVary.HEIC: 50.2288, 12.8756
2026-05-23 15:29:45 - media_renamer_app - INFO - City resolved for D:/Photos/iphone/Photos\2025.04.06-10.27.32.324.KarlovyVary.HEIC: Karlovy Vary
2026-05-23 15:29:45 - media_renamer_app - INFO - Successfully extracted date from image D:/Photos/iphone/Photos\2025.04.06-10.29.54.325.KarlovyVary.HEIC: 2025-04-06 10:29:54
2026-05-23 15:29:45 - media_renamer_app - INFO - GPS coordinates found in D:/Photos/iphone/Photos\2025.04.06-10.29.54.325.KarlovyVary.HEIC: 50.2281, 12.8769
2026-05-23 15:29:45 - media_renamer_app - INFO - City resolved for D:/Photos/iphone/Photos\2025.04.06-10.29.54.325.KarlovyVary.HEIC: Karlovy Vary
2026-05-23 15:29:45 - media_renamer_app - INFO - Successfully extracted date from image D:/Photos/iphone/Photos\2025.04.06-10.39.19.326.KarlovyVary.HEIC: 2025-04-06 10:39:19
2026-05-23 15:29:45 - media_renamer_app - INFO - GPS coordinates found in D:/Photos/iphone/Photos\2025.04.06-10.39.19.326.KarlovyVary.HEIC: 50.2255, 12.8818
2026-05-23 15:29:45 - media_renamer_app - INFO - City resolved for D:/Photos/iphone/Photos\2025.04.06-10.39.19.326.KarlovyVary.HEIC: Karlovy Vary
2026-05-23 15:29:45 - media_renamer_app - INFO - Successfully extracted date from image D:/Photos/iphone/Photos\2025.04.06-10.39.36.327.KarlovyVary.HEIC: 2025-04-06 10:39:36
2026-05-23 15:29:45 - media_renamer_app - INFO - GPS coordinates found in D:/Photos/iphone/Photos\2025.04.06-10.39.36.327.KarlovyVary.HEIC: 50.2255, 12.8818
2026-05-23 15:29:45 - media_renamer_app - INFO - City resolved for D:/Photos/iphone/Photos\2025.04.06-10.39.36.327.KarlovyVary.HEIC: Karlovy Vary
2026-05-23 15:29:45 - media_renamer_app - INFO - Successfully extracted date from image D:/Photos/iphone/Photos\2025.04.06-10.45.10.328.KarlovyVary.HEIC: 2025-04-06 10:45:10
2026-05-23 15:29:45 - media_renamer_app - INFO - GPS coordinates found in D:/Photos/iphone/Photos\2025.04.06-10.45.10.328.KarlovyVary.HEIC: 50.2242, 12.8833
2026-05-23 15:29:45 - media_renamer_app - INFO - City resolved for D:/Photos/iphone/Photos\2025.04.06-10.45.10.328.KarlovyVary.HEIC: Karlovy Vary
2026-05-23 15:29:45 - media_renamer_app - INFO - Successfully extracted date from image D:/Photos/iphone/Photos\2025.04.06-10.45.23.329.KarlovyVary.HEIC: 2025-04-06 10:45:23
2026-05-23 15:29:45 - media_renamer_app - INFO - GPS coordinates found in D:/Photos/iphone/Photos\2025.04.06-10.45.23.329.KarlovyVary.HEIC: 50.2241, 12.8833
2026-05-23 15:29:45 - media_renamer_app - INFO - City resolved for D:/Photos/iphone/Photos\2025.04.06-10.45.23.329.KarlovyVary.HEIC: Karlovy Vary
2026-05-23 15:29:45 - media_renamer_app - INFO - Successfully extracted date from image D:/Photos/iphone/Photos\2025.04.06-10.45.26.330.KarlovyVary.HEIC: 2025-04-06 10:45:26
2026-05-23 15:29:45 - media_renamer_app - INFO - GPS coordinates found in D:/Photos/iphone/Photos\2025.04.06-10.45.26.330.KarlovyVary.HEIC: 50.2241, 12.8833
2026-05-23 15:29:45 - media_renamer_app - INFO - City resolved for D:/Photos/iphone/Photos\2025.04.06-10.45.26.330.KarlovyVary.HEIC: Karlovy Vary
2026-05-23 15:29:45 - media_renamer_app - INFO - Successfully extracted date from image D:/Photos/iphone/Photos\2025.04.06-10.50.13.331.KarlovyVary.HEIC: 2025-04-06 10:50:13
2026-05-23 15:29:45 - media_renamer_app - INFO - GPS coordinates found in D:/Photos/iphone/Photos\2025.04.06-10.50.13.331.KarlovyVary.HEIC: 50.2231, 12.8830
2026-05-23 15:29:45 - media_renamer_app - INFO - City resolved for D:/Photos/iphone/Photos\2025.04.06-10.50.13.331.KarlovyVary.HEIC: Karlovy Vary
2026-05-23 15:29:45 - media_renamer_app - INFO - Successfully extracted date from image D:/Photos/iphone/Photos\2025.04.06-10.50.20.332.KarlovyVary.HEIC: 2025-04-06 10:50:20
2026-05-23 15:29:45 - media_renamer_app - INFO - GPS coordinates found in D:/Photos/iphone/Photos\2025.04.06-10.50.20.332.KarlovyVary.HEIC: 50.2231, 12.8830
2026-05-23 15:29:45 - media_renamer_app - INFO - City resolved for D:/Photos/iphone/Photos\2025.04.06-10.50.20.332.KarlovyVary.HEIC: Karlovy Vary
2026-05-23 15:29:45 - media_renamer_app - INFO - Successfully extracted date from image D:/Photos/iphone/Photos\2025.04.06-10.52.14.333.KarlovyVary.HEIC: 2025-04-06 10:52:14
2026-05-23 15:29:45 - media_renamer_app - INFO - GPS coordinates found in D:/Photos/iphone/Photos\2025.04.06-10.52.14.333.KarlovyVary.HEIC: 50.2224, 12.8824
2026-05-23 15:29:45 - media_renamer_app - INFO - City resolved for D:/Photos/iphone/Photos\2025.04.06-10.52.14.333.KarlovyVary.HEIC: Karlovy Vary
2026-05-23 15:29:45 - media_renamer_app - INFO - Successfully extracted date from image D:/Photos/iphone/Photos\2025.04.06-10.55.14.334.KarlovyVary.HEIC: 2025-04-06 10:55:14
2026-05-23 15:29:45 - media_renamer_app - INFO - GPS coordinates found in D:/Photos/iphone/Photos\2025.04.06-10.55.14.334.KarlovyVary.HEIC: 50.2228, 12.8836
2026-05-23 15:29:45 - media_renamer_app - INFO - City resolved for D:/Photos/iphone/Photos\2025.04.06-10.55.14.334.KarlovyVary.HEIC: Karlovy Vary
2026-05-23 15:29:45 - media_renamer_app - INFO - Successfully extracted date from image D:/Photos/iphone/Photos\2025.04.06-10.55.40.335.KarlovyVary.HEIC: 2025-04-06 10:55:40
2026-05-23 15:29:45 - media_renamer_app - INFO - GPS coordinates found in D:/Photos/iphone/Photos\2025.04.06-10.55.40.335.KarlovyVary.HEIC: 50.2231, 12.8843
2026-05-23 15:29:45 - media_renamer_app - INFO - City resolved for D:/Photos/iphone/Photos\2025.04.06-10.55.40.335.KarlovyVary.HEIC: Karlovy Vary
2026-05-23 15:29:45 - media_renamer_app - INFO - Successfully extracted date from image D:/Photos/iphone/Photos\2025.04.06-10.55.42.336.KarlovyVary.HEIC: 2025-04-06 10:55:42
2026-05-23 15:29:45 - media_renamer_app - INFO - GPS coordinates found in D:/Photos/iphone/Photos\2025.04.06-10.55.42.336.KarlovyVary.HEIC: 50.2231, 12.8843
2026-05-23 15:29:45 - media_renamer_app - INFO - City resolved for D:/Photos/iphone/Photos\2025.04.06-10.55.42.336.KarlovyVary.HEIC: Karlovy Vary
2026-05-23 15:29:45 - media_renamer_app - INFO - Successfully extracted date from image D:/Photos/iphone/Photos\2025.04.06-11.00.50.337.KarlovyVary.HEIC: 2025-04-06 11:00:50
2026-05-23 15:29:45 - media_renamer_app - INFO - GPS coordinates found in D:/Photos/iphone/Photos\2025.04.06-11.00.50.337.KarlovyVary.HEIC: 50.2224, 12.8830
2026-05-23 15:29:45 - media_renamer_app - INFO - City resolved for D:/Photos/iphone/Photos\2025.04.06-11.00.50.337.KarlovyVary.HEIC: Karlovy Vary
2026-05-23 15:29:45 - media_renamer_app - INFO - Successfully extracted date from image D:/Photos/iphone/Photos\2025.04.06-11.13.39.338.KarlovyVary.HEIC: 2025-04-06 11:13:39
2026-05-23 15:29:45 - media_renamer_app - INFO - GPS coordinates found in D:/Photos/iphone/Photos\2025.04.06-11.13.39.338.KarlovyVary.HEIC: 50.2216, 12.8810
2026-05-23 15:29:45 - media_renamer_app - INFO - City resolved for D:/Photos/iphone/Photos\2025.04.06-11.13.39.338.KarlovyVary.HEIC: Karlovy Vary
2026-05-23 15:29:45 - media_renamer_app - INFO - Successfully extracted date from image D:/Photos/iphone/Photos\2025.04.06-11.13.49.339.KarlovyVary.HEIC: 2025-04-06 11:13:49
2026-05-23 15:29:45 - media_renamer_app - INFO - GPS coordinates found in D:/Photos/iphone/Photos\2025.04.06-11.13.49.339.KarlovyVary.HEIC: 50.2216, 12.8810
2026-05-23 15:29:45 - media_renamer_app - INFO - City resolved for D:/Photos/iphone/Photos\2025.04.06-11.13.49.339.KarlovyVary.HEIC: Karlovy Vary
2026-05-23 15:29:45 - media_renamer_app - INFO - Successfully extracted date from image D:/Photos/iphone/Photos\2025.04.06-11.14.26.340.KarlovyVary.HEIC: 2025-04-06 11:14:26
2026-05-23 15:29:45 - media_renamer_app - INFO - GPS coordinates found in D:/Photos/iphone/Photos\2025.04.06-11.14.26.340.KarlovyVary.HEIC: 50.2216, 12.8811
2026-05-23 15:29:45 - media_renamer_app - INFO - City resolved for D:/Photos/iphone/Photos\2025.04.06-11.14.26.340.KarlovyVary.HEIC: Karlovy Vary
2026-05-23 15:29:45 - media_renamer_app - INFO - Successfully extracted date from image D:/Photos/iphone/Photos\2025.04.06-12.18.40.341.KarlovyVary.HEIC: 2025-04-06 12:18:40
2026-05-23 15:29:45 - media_renamer_app - INFO - GPS coordinates found in D:/Photos/iphone/Photos\2025.04.06-12.18.40.341.KarlovyVary.HEIC: 50.2204, 12.8791
2026-05-23 15:29:45 - media_renamer_app - INFO - City resolved for D:/Photos/iphone/Photos\2025.04.06-12.18.40.341.KarlovyVary.HEIC: Karlovy Vary
2026-05-23 15:29:45 - media_renamer_app - INFO - Successfully extracted date from image D:/Photos/iphone/Photos\2025.04.06-12.18.50.342.KarlovyVary.HEIC: 2025-04-06 12:18:50
2026-05-23 15:29:45 - media_renamer_app - INFO - GPS coordinates found in D:/Photos/iphone/Photos\2025.04.06-12.18.50.342.KarlovyVary.HEIC: 50.2204, 12.8791
2026-05-23 15:29:45 - media_renamer_app - INFO - City resolved for D:/Photos/iphone/Photos\2025.04.06-12.18.50.342.KarlovyVary.HEIC: Karlovy Vary
2026-05-23 15:29:45 - media_renamer_app - INFO - Successfully extracted date from image D:/Photos/iphone/Photos\2025.04.06-12.20.03.343.KarlovyVary.HEIC: 2025-04-06 12:20:03
2026-05-23 15:29:45 - media_renamer_app - INFO - GPS coordinates found in D:/Photos/iphone/Photos\2025.04.06-12.20.03.343.KarlovyVary.HEIC: 50.2200, 12.8789
2026-05-23 15:29:45 - media_renamer_app - INFO - City resolved for D:/Photos/iphone/Photos\2025.04.06-12.20.03.343.KarlovyVary.HEIC: Karlovy Vary
2026-05-23 15:29:46 - media_renamer_app - INFO - Successfully extracted date from image D:/Photos/iphone/Photos\2025.04.06-12.20.22.344.KarlovyVary.HEIC: 2025-04-06 12:20:22
2026-05-23 15:29:46 - media_renamer_app - INFO - GPS coordinates found in D:/Photos/iphone/Photos\2025.04.06-12.20.22.344.KarlovyVary.HEIC: 50.2200, 12.8789
2026-05-23 15:29:46 - media_renamer_app - INFO - City resolved for D:/Photos/iphone/Photos\2025.04.06-12.20.22.344.KarlovyVary.HEIC: Karlovy Vary
2026-05-23 15:29:46 - media_renamer_app - INFO - Successfully extracted date from image D:/Photos/iphone/Photos\2025.04.06-12.44.24.345.KarlovyVary.HEIC: 2025-04-06 12:44:24
2026-05-23 15:29:46 - media_renamer_app - INFO - GPS coordinates found in D:/Photos/iphone/Photos\2025.04.06-12.44.24.345.KarlovyVary.HEIC: 50.2189, 12.8722
2026-05-23 15:29:46 - media_renamer_app - INFO - City resolved for D:/Photos/iphone/Photos\2025.04.06-12.44.24.345.KarlovyVary.HEIC: Karlovy Vary
2026-05-23 15:29:46 - media_renamer_app - INFO - Successfully extracted date from image D:/Photos/iphone/Photos\2025.04.06-12.44.33.346.KarlovyVary.HEIC: 2025-04-06 12:44:33
2026-05-23 15:29:46 - media_renamer_app - INFO - GPS coordinates found in D:/Photos/iphone/Photos\2025.04.06-12.44.33.346.KarlovyVary.HEIC: 50.2190, 12.8722
2026-05-23 15:29:46 - media_renamer_app - INFO - City resolved for D:/Photos/iphone/Photos\2025.04.06-12.44.33.346.KarlovyVary.HEIC: Karlovy Vary
2026-05-23 15:29:46 - media_renamer_app - INFO - Successfully extracted date from image D:/Photos/iphone/Photos\2025.04.06-12.44.54.347.KarlovyVary.HEIC: 2025-04-06 12:44:54
2026-05-23 15:29:46 - media_renamer_app - INFO - GPS coordinates found in D:/Photos/iphone/Photos\2025.04.06-12.44.54.347.KarlovyVary.HEIC: 50.2190, 12.8723
2026-05-23 15:29:46 - media_renamer_app - INFO - City resolved for D:/Photos/iphone/Photos\2025.04.06-12.44.54.347.KarlovyVary.HEIC: Karlovy Vary
2026-05-23 15:29:46 - media_renamer_app - INFO - Successfully extracted date from image D:/Photos/iphone/Photos\2025.04.06-12.45.35.348.KarlovyVary.HEIC: 2025-04-06 12:45:35
2026-05-23 15:29:46 - media_renamer_app - INFO - GPS coordinates found in D:/Photos/iphone/Photos\2025.04.06-12.45.35.348.KarlovyVary.HEIC: 50.2190, 12.8723
2026-05-23 15:29:46 - media_renamer_app - INFO - City resolved for D:/Photos/iphone/Photos\2025.04.06-12.45.35.348.KarlovyVary.HEIC: Karlovy Vary
2026-05-23 15:29:46 - media_renamer_app - INFO - Successfully extracted date from image D:/Photos/iphone/Photos\2025.04.06-12.45.42.349.KarlovyVary.HEIC: 2025-04-06 12:45:42
2026-05-23 15:29:46 - media_renamer_app - INFO - GPS coordinates found in D:/Photos/iphone/Photos\2025.04.06-12.45.42.349.KarlovyVary.HEIC: 50.2190, 12.8723
2026-05-23 15:29:46 - media_renamer_app - INFO - City resolved for D:/Photos/iphone/Photos\2025.04.06-12.45.42.349.KarlovyVary.HEIC: Karlovy Vary
2026-05-23 15:29:46 - media_renamer_app - INFO - Successfully extracted date from image D:/Photos/iphone/Photos\2025.04.06-12.45.48.350.KarlovyVary.HEIC: 2025-04-06 12:45:48
2026-05-23 15:29:46 - media_renamer_app - INFO - GPS coordinates found in D:/Photos/iphone/Photos\2025.04.06-12.45.48.350.KarlovyVary.HEIC: 50.2190, 12.8723
2026-05-23 15:29:46 - media_renamer_app - INFO - City resolved for D:/Photos/iphone/Photos\2025.04.06-12.45.48.350.KarlovyVary.HEIC: Karlovy Vary
2026-05-23 15:29:46 - media_renamer_app - INFO - Successfully extracted date from image D:/Photos/iphone/Photos\2025.04.06-12.45.58.351.KarlovyVary.HEIC: 2025-04-06 12:45:58
2026-05-23 15:29:46 - media_renamer_app - INFO - GPS coordinates found in D:/Photos/iphone/Photos\2025.04.06-12.45.58.351.KarlovyVary.HEIC: 50.2190, 12.8723
2026-05-23 15:29:46 - media_renamer_app - INFO - City resolved for D:/Photos/iphone/Photos\2025.04.06-12.45.58.351.KarlovyVary.HEIC: Karlovy Vary
2026-05-23 15:29:46 - media_renamer_app - INFO - Successfully extracted date from image D:/Photos/iphone/Photos\2025.04.06-12.46.44.352.KarlovyVary.HEIC: 2025-04-06 12:46:44
2026-05-23 15:29:46 - media_renamer_app - INFO - GPS coordinates found in D:/Photos/iphone/Photos\2025.04.06-12.46.44.352.KarlovyVary.HEIC: 50.2190, 12.8723
2026-05-23 15:29:46 - media_renamer_app - INFO - City resolved for D:/Photos/iphone/Photos\2025.04.06-12.46.44.352.KarlovyVary.HEIC: Karlovy Vary
2026-05-23 15:29:46 - media_renamer_app - INFO - Successfully extracted date from image D:/Photos/iphone/Photos\2025.04.06-12.53.24.353.KarlovyVary.HEIC: 2025-04-06 12:53:24
2026-05-23 15:29:46 - media_renamer_app - INFO - GPS coordinates found in D:/Photos/iphone/Photos\2025.04.06-12.53.24.353.KarlovyVary.HEIC: 50.2189, 12.8719
2026-05-23 15:29:46 - media_renamer_app - INFO - City resolved for D:/Photos/iphone/Photos\2025.04.06-12.53.24.353.KarlovyVary.HEIC: Karlovy Vary
2026-05-23 15:29:46 - media_renamer_app - INFO - Successfully extracted date from image D:/Photos/iphone/Photos\2025.04.06-12.53.31.354.KarlovyVary.HEIC: 2025-04-06 12:53:31
2026-05-23 15:29:46 - media_renamer_app - INFO - GPS coordinates found in D:/Photos/iphone/Photos\2025.04.06-12.53.31.354.KarlovyVary.HEIC: 50.2189, 12.8719
2026-05-23 15:29:46 - media_renamer_app - INFO - City resolved for D:/Photos/iphone/Photos\2025.04.06-12.53.31.354.KarlovyVary.HEIC: Karlovy Vary
2026-05-23 15:29:46 - media_renamer_app - INFO - Successfully extracted date from image D:/Photos/iphone/Photos\2025.04.06-12.58.07.355.KarlovyVary.HEIC: 2025-04-06 12:58:07
2026-05-23 15:29:46 - media_renamer_app - INFO - GPS coordinates found in D:/Photos/iphone/Photos\2025.04.06-12.58.07.355.KarlovyVary.HEIC: 50.2191, 12.8729
2026-05-23 15:29:46 - media_renamer_app - INFO - City resolved for D:/Photos/iphone/Photos\2025.04.06-12.58.07.355.KarlovyVary.HEIC: Karlovy Vary
2026-05-23 15:29:46 - media_renamer_app - INFO - Successfully extracted date from image D:/Photos/iphone/Photos\2025.04.06-12.58.09.356.KarlovyVary.HEIC: 2025-04-06 12:58:09
2026-05-23 15:29:46 - media_renamer_app - INFO - GPS coordinates found in D:/Photos/iphone/Photos\2025.04.06-12.58.09.356.KarlovyVary.HEIC: 50.2191, 12.8729
2026-05-23 15:29:46 - media_renamer_app - INFO - City resolved for D:/Photos/iphone/Photos\2025.04.06-12.58.09.356.KarlovyVary.HEIC: Karlovy Vary
2026-05-23 15:29:46 - media_renamer_app - INFO - Successfully extracted date from image D:/Photos/iphone/Photos\2025.04.06-13.06.29.357.KarlovyVary.HEIC: 2025-04-06 13:06:29
2026-05-23 15:29:46 - media_renamer_app - INFO - GPS coordinates found in D:/Photos/iphone/Photos\2025.04.06-13.06.29.357.KarlovyVary.HEIC: 50.2186, 12.8743
2026-05-23 15:29:46 - media_renamer_app - INFO - City resolved for D:/Photos/iphone/Photos\2025.04.06-13.06.29.357.KarlovyVary.HEIC: Karlovy Vary
2026-05-23 15:29:46 - media_renamer_app - INFO - Successfully extracted date from image D:/Photos/iphone/Photos\2025.04.06-13.09.32.358.KarlovyVary.HEIC: 2025-04-06 13:09:32
2026-05-23 15:29:46 - media_renamer_app - INFO - GPS coordinates found in D:/Photos/iphone/Photos\2025.04.06-13.09.32.358.KarlovyVary.HEIC: 50.2190, 12.8756
2026-05-23 15:29:46 - media_renamer_app - INFO - City resolved for D:/Photos/iphone/Photos\2025.04.06-13.09.32.358.KarlovyVary.HEIC: Karlovy Vary
2026-05-23 15:29:46 - media_renamer_app - INFO - Successfully extracted date from image D:/Photos/iphone/Photos\2025.04.06-13.09.36.359.KarlovyVary.HEIC: 2025-04-06 13:09:36
2026-05-23 15:29:46 - media_renamer_app - INFO - GPS coordinates found in D:/Photos/iphone/Photos\2025.04.06-13.09.36.359.KarlovyVary.HEIC: 50.2190, 12.8756
2026-05-23 15:29:46 - media_renamer_app - INFO - City resolved for D:/Photos/iphone/Photos\2025.04.06-13.09.36.359.KarlovyVary.HEIC: Karlovy Vary
2026-05-23 15:29:46 - media_renamer_app - INFO - Successfully extracted date from image D:/Photos/iphone/Photos\2025.04.06-13.24.32.360.KarlovyVary.HEIC: 2025-04-06 13:24:32
2026-05-23 15:29:46 - media_renamer_app - INFO - GPS coordinates found in D:/Photos/iphone/Photos\2025.04.06-13.24.32.360.KarlovyVary.HEIC: 50.2187, 12.8775
2026-05-23 15:29:46 - media_renamer_app - INFO - City resolved for D:/Photos/iphone/Photos\2025.04.06-13.24.32.360.KarlovyVary.HEIC: Karlovy Vary
2026-05-23 15:29:47 - media_renamer_app - INFO - Successfully extracted date from image D:/Photos/iphone/Photos\2025.04.06-14.01.29.361.KarlovyVary.HEIC: 2025-04-06 14:01:29
2026-05-23 15:29:47 - media_renamer_app - INFO - GPS coordinates found in D:/Photos/iphone/Photos\2025.04.06-14.01.29.361.KarlovyVary.HEIC: 50.2226, 12.8840
2026-05-23 15:29:47 - media_renamer_app - INFO - City resolved for D:/Photos/iphone/Photos\2025.04.06-14.01.29.361.KarlovyVary.HEIC: Karlovy Vary
2026-05-23 15:29:47 - media_renamer_app - INFO - Successfully extracted date from image D:/Photos/iphone/Photos\2025.04.06-14.01.44.362.KarlovyVary.HEIC: 2025-04-06 14:01:44
2026-05-23 15:29:47 - media_renamer_app - INFO - GPS coordinates found in D:/Photos/iphone/Photos\2025.04.06-14.01.44.362.KarlovyVary.HEIC: 50.2227, 12.8840
2026-05-23 15:29:47 - media_renamer_app - INFO - City resolved for D:/Photos/iphone/Photos\2025.04.06-14.01.44.362.KarlovyVary.HEIC: Karlovy Vary
2026-05-23 15:29:47 - media_renamer_app - INFO - Successfully extracted date from image D:/Photos/iphone/Photos\2025.04.06-14.07.33.363.KarlovyVary.HEIC: 2025-04-06 14:07:33
2026-05-23 15:29:47 - media_renamer_app - INFO - GPS coordinates found in D:/Photos/iphone/Photos\2025.04.06-14.07.33.363.KarlovyVary.HEIC: 50.2222, 12.8830
2026-05-23 15:29:47 - media_renamer_app - INFO - City resolved for D:/Photos/iphone/Photos\2025.04.06-14.07.33.363.KarlovyVary.HEIC: Karlovy Vary
2026-05-23 15:29:47 - media_renamer_app - INFO - Successfully extracted date from image D:/Photos/iphone/Photos\2025.04.06-14.10.09.364.KarlovyVary.HEIC: 2025-04-06 14:10:09
2026-05-23 15:29:47 - media_renamer_app - INFO - GPS coordinates found in D:/Photos/iphone/Photos\2025.04.06-14.10.09.364.KarlovyVary.HEIC: 50.2231, 12.8829
2026-05-23 15:29:47 - media_renamer_app - INFO - City resolved for D:/Photos/iphone/Photos\2025.04.06-14.10.09.364.KarlovyVary.HEIC: Karlovy Vary
2026-05-23 15:29:47 - media_renamer_app - INFO - Successfully extracted date from image D:/Photos/iphone/Photos\2025.04.06-14.10.11.365.KarlovyVary.HEIC: 2025-04-06 14:10:11
2026-05-23 15:29:47 - media_renamer_app - INFO - GPS coordinates found in D:/Photos/iphone/Photos\2025.04.06-14.10.11.365.KarlovyVary.HEIC: 50.2231, 12.8829
2026-05-23 15:29:47 - media_renamer_app - INFO - City resolved for D:/Photos/iphone/Photos\2025.04.06-14.10.11.365.KarlovyVary.HEIC: Karlovy Vary
2026-05-23 15:29:47 - media_renamer_app - INFO - Successfully extracted date from image D:/Photos/iphone/Photos\2025.04.06-14.22.49.366.KarlovyVary.HEIC: 2025-04-06 14:22:49
2026-05-23 15:29:47 - media_renamer_app - INFO - GPS coordinates found in D:/Photos/iphone/Photos\2025.04.06-14.22.49.366.KarlovyVary.HEIC: 50.2263, 12.8783
2026-05-23 15:29:47 - media_renamer_app - INFO - City resolved for D:/Photos/iphone/Photos\2025.04.06-14.22.49.366.KarlovyVary.HEIC: Karlovy Vary
2026-05-23 15:29:47 - media_renamer_app - INFO - Successfully extracted date from image D:/Photos/iphone/Photos\2025.04.06-14.33.24.367.KarlovyVary.HEIC: 2025-04-06 14:33:24
2026-05-23 15:29:47 - media_renamer_app - INFO - GPS coordinates found in D:/Photos/iphone/Photos\2025.04.06-14.33.24.367.KarlovyVary.HEIC: 50.2245, 12.8747
2026-05-23 15:29:47 - media_renamer_app - INFO - City resolved for D:/Photos/iphone/Photos\2025.04.06-14.33.24.367.KarlovyVary.HEIC: Karlovy Vary
2026-05-23 15:29:47 - media_renamer_app - INFO - Successfully extracted date from image D:/Photos/iphone/Photos\2025.04.06-14.33.45.368.KarlovyVary.HEIC: 2025-04-06 14:33:45
2026-05-23 15:29:47 - media_renamer_app - INFO - GPS coordinates found in D:/Photos/iphone/Photos\2025.04.06-14.33.45.368.KarlovyVary.HEIC: 50.2245, 12.8746
2026-05-23 15:29:47 - media_renamer_app - INFO - City resolved for D:/Photos/iphone/Photos\2025.04.06-14.33.45.368.KarlovyVary.HEIC: Karlovy Vary
2026-05-23 15:29:47 - media_renamer_app - INFO - Successfully extracted date from image D:/Photos/iphone/Photos\2025.04.06-14.38.56.369.KarlovyVary.HEIC: 2025-04-06 14:38:56
2026-05-23 15:29:47 - media_renamer_app - INFO - GPS coordinates found in D:/Photos/iphone/Photos\2025.04.06-14.38.56.369.KarlovyVary.HEIC: 50.2251, 12.8745
2026-05-23 15:29:47 - media_renamer_app - INFO - City resolved for D:/Photos/iphone/Photos\2025.04.06-14.38.56.369.KarlovyVary.HEIC: Karlovy Vary
2026-05-23 15:29:47 - media_renamer_app - INFO - Successfully extracted date from image D:/Photos/iphone/Photos\2025.04.06-14.38.59.370.KarlovyVary.HEIC: 2025-04-06 14:38:59
2026-05-23 15:29:47 - media_renamer_app - INFO - GPS coordinates found in D:/Photos/iphone/Photos\2025.04.06-14.38.59.370.KarlovyVary.HEIC: 50.2251, 12.8745
2026-05-23 15:29:47 - media_renamer_app - INFO - City resolved for D:/Photos/iphone/Photos\2025.04.06-14.38.59.370.KarlovyVary.HEIC: Karlovy Vary
2026-05-23 15:29:47 - media_renamer_app - INFO - Successfully extracted date from image D:/Photos/iphone/Photos\2025.04.06-14.39.03.371.KarlovyVary.HEIC: 2025-04-06 14:39:03
2026-05-23 15:29:47 - media_renamer_app - INFO - GPS coordinates found in D:/Photos/iphone/Photos\2025.04.06-14.39.03.371.KarlovyVary.HEIC: 50.2251, 12.8745
2026-05-23 15:29:47 - media_renamer_app - INFO - City resolved for D:/Photos/iphone/Photos\2025.04.06-14.39.03.371.KarlovyVary.HEIC: Karlovy Vary
2026-05-23 15:29:47 - media_renamer_app - INFO - Successfully extracted date from image D:/Photos/iphone/Photos\2025.04.07-12.08.01.372.Prague.HEIC: 2025-04-07 12:08:01
2026-05-23 15:29:47 - media_renamer_app - INFO - GPS coordinates found in D:/Photos/iphone/Photos\2025.04.07-12.08.01.372.Prague.HEIC: 50.0864, 14.4127
2026-05-23 15:29:47 - media_renamer_app - INFO - City resolved for D:/Photos/iphone/Photos\2025.04.07-12.08.01.372.Prague.HEIC: Prague
2026-05-23 15:29:47 - media_renamer_app - INFO - Successfully extracted date from image D:/Photos/iphone/Photos\2025.04.07-12.08.15.373.Prague.HEIC: 2025-04-07 12:08:15
2026-05-23 15:29:47 - media_renamer_app - INFO - GPS coordinates found in D:/Photos/iphone/Photos\2025.04.07-12.08.15.373.Prague.HEIC: 50.0863, 14.4127
2026-05-23 15:29:47 - media_renamer_app - INFO - City resolved for D:/Photos/iphone/Photos\2025.04.07-12.08.15.373.Prague.HEIC: Prague
2026-05-23 15:29:47 - media_renamer_app - INFO - Successfully extracted date from image D:/Photos/iphone/Photos\2025.04.07-12.10.39.374.Prague.HEIC: 2025-04-07 12:10:39
2026-05-23 15:29:47 - media_renamer_app - INFO - GPS coordinates found in D:/Photos/iphone/Photos\2025.04.07-12.10.39.374.Prague.HEIC: 50.0865, 14.4115
2026-05-23 15:29:47 - media_renamer_app - INFO - City resolved for D:/Photos/iphone/Photos\2025.04.07-12.10.39.374.Prague.HEIC: Prague
2026-05-23 15:29:47 - media_renamer_app - INFO - Successfully extracted date from image D:/Photos/iphone/Photos\2025.04.07-12.12.03.375.Prague.HEIC: 2025-04-07 12:12:03
2026-05-23 15:29:47 - media_renamer_app - INFO - GPS coordinates found in D:/Photos/iphone/Photos\2025.04.07-12.12.03.375.Prague.HEIC: 50.0864, 14.4124
2026-05-23 15:29:47 - media_renamer_app - INFO - City resolved for D:/Photos/iphone/Photos\2025.04.07-12.12.03.375.Prague.HEIC: Prague
2026-05-23 15:29:47 - media_renamer_app - INFO - Successfully extracted date from image D:/Photos/iphone/Photos\2025.04.07-12.12.10.376.Prague.HEIC: 2025-04-07 12:12:10
2026-05-23 15:29:47 - media_renamer_app - INFO - GPS coordinates found in D:/Photos/iphone/Photos\2025.04.07-12.12.10.376.Prague.HEIC: 50.0864, 14.4124
2026-05-23 15:29:47 - media_renamer_app - INFO - City resolved for D:/Photos/iphone/Photos\2025.04.07-12.12.10.376.Prague.HEIC: Prague
2026-05-23 15:29:47 - media_renamer_app - INFO - Successfully extracted date from image D:/Photos/iphone/Photos\2025.04.07-12.12.23.377.Prague.HEIC: 2025-04-07 12:12:23
2026-05-23 15:29:47 - media_renamer_app - INFO - GPS coordinates found in D:/Photos/iphone/Photos\2025.04.07-12.12.23.377.Prague.HEIC: 50.0864, 14.4124
2026-05-23 15:29:47 - media_renamer_app - INFO - City resolved for D:/Photos/iphone/Photos\2025.04.07-12.12.23.377.Prague.HEIC: Prague
2026-05-23 15:29:47 - media_renamer_app - INFO - Successfully extracted date from image D:/Photos/iphone/Photos\2025.04.07-12.12.33.378.Prague.HEIC: 2025-04-07 12:12:33
2026-05-23 15:29:47 - media_renamer_app - INFO - GPS coordinates found in D:/Photos/iphone/Photos\2025.04.07-12.12.33.378.Prague.HEIC: 50.0864, 14.4124
2026-05-23 15:29:47 - media_renamer_app - INFO - City resolved for D:/Photos/iphone/Photos\2025.04.07-12.12.33.378.Prague.HEIC: Prague
2026-05-23 15:29:47 - media_renamer_app - INFO - Successfully extracted date from image D:/Photos/iphone/Photos\2025.04.07-12.12.36.379.Prague.HEIC: 2025-04-07 12:12:36
2026-05-23 15:29:47 - media_renamer_app - INFO - GPS coordinates found in D:/Photos/iphone/Photos\2025.04.07-12.12.36.379.Prague.HEIC: 50.0864, 14.4124
2026-05-23 15:29:47 - media_renamer_app - INFO - City resolved for D:/Photos/iphone/Photos\2025.04.07-12.12.36.379.Prague.HEIC: Prague
2026-05-23 15:29:47 - media_renamer_app - INFO - Successfully extracted date from image D:/Photos/iphone/Photos\2025.04.07-13.20.34.380.Prague.HEIC: 2025-04-07 13:20:34
2026-05-23 15:29:47 - media_renamer_app - INFO - GPS coordinates found in D:/Photos/iphone/Photos\2025.04.07-13.20.34.380.Prague.HEIC: 50.0866, 14.4201
2026-05-23 15:29:47 - media_renamer_app - INFO - City resolved for D:/Photos/iphone/Photos\2025.04.07-13.20.34.380.Prague.HEIC: Prague
2026-05-23 15:29:47 - media_renamer_app - INFO - Successfully extracted date from image D:/Photos/iphone/Photos\2025.04.07-13.22.46.381.Prague.HEIC: 2025-04-07 13:22:46
2026-05-23 15:29:47 - media_renamer_app - INFO - GPS coordinates found in D:/Photos/iphone/Photos\2025.04.07-13.22.46.381.Prague.HEIC: 50.0870, 14.4212
2026-05-23 15:29:47 - media_renamer_app - INFO - City resolved for D:/Photos/iphone/Photos\2025.04.07-13.22.46.381.Prague.HEIC: Prague
2026-05-23 15:29:47 - media_renamer_app - INFO - Successfully extracted date from image D:/Photos/iphone/Photos\2025.04.07-13.30.55.382.Prague.HEIC: 2025-04-07 13:30:55
2026-05-23 15:29:47 - media_renamer_app - INFO - GPS coordinates found in D:/Photos/iphone/Photos\2025.04.07-13.30.55.382.Prague.HEIC: 50.0873, 14.4272
2026-05-23 15:29:47 - media_renamer_app - INFO - City resolved for D:/Photos/iphone/Photos\2025.04.07-13.30.55.382.Prague.HEIC: Prague
2026-05-23 15:29:47 - media_renamer_app - INFO - Successfully extracted date from image D:/Photos/iphone/Photos\2025.04.07-13.31.05.383.Prague.HEIC: 2025-04-07 13:31:05
2026-05-23 15:29:47 - media_renamer_app - INFO - GPS coordinates found in D:/Photos/iphone/Photos\2025.04.07-13.31.05.383.Prague.HEIC: 50.0873, 14.4273
2026-05-23 15:29:47 - media_renamer_app - INFO - City resolved for D:/Photos/iphone/Photos\2025.04.07-13.31.05.383.Prague.HEIC: Prague
2026-05-23 15:29:47 - media_renamer_app - INFO - Successfully extracted date from image D:/Photos/iphone/Photos\2025.04.07-14.51.44.384.Prague.HEIC: 2025-04-07 14:51:44
2026-05-23 15:29:47 - media_renamer_app - INFO - GPS coordinates found in D:/Photos/iphone/Photos\2025.04.07-14.51.44.384.Prague.HEIC: 50.0861, 14.4175
2026-05-23 15:29:47 - media_renamer_app - INFO - City resolved for D:/Photos/iphone/Photos\2025.04.07-14.51.44.384.Prague.HEIC: Prague
2026-05-23 15:29:47 - media_renamer_app - INFO - Successfully extracted date from image D:/Photos/iphone/Photos\2025.04.28-12.56.50.387.NeoPsychiko.HEIC: 2025-04-28 12:56:50
2026-05-23 15:29:47 - media_renamer_app - INFO - GPS coordinates found in D:/Photos/iphone/Photos\2025.04.28-12.56.50.387.NeoPsychiko.HEIC: 38.0013, 23.7869
2026-05-23 15:29:47 - media_renamer_app - INFO - City resolved for D:/Photos/iphone/Photos\2025.04.28-12.56.50.387.NeoPsychiko.HEIC: Neo Psychiko
2026-05-23 15:29:47 - media_renamer_app - INFO - Successfully extracted date from image D:/Photos/iphone/Photos\2025.04.28-12.57.53.388.NeoPsychiko.HEIC: 2025-04-28 12:57:53
2026-05-23 15:29:47 - media_renamer_app - INFO - GPS coordinates found in D:/Photos/iphone/Photos\2025.04.28-12.57.53.388.NeoPsychiko.HEIC: 38.0013, 23.7869
2026-05-23 15:29:47 - media_renamer_app - INFO - City resolved for D:/Photos/iphone/Photos\2025.04.28-12.57.53.388.NeoPsychiko.HEIC: Neo Psychiko
2026-05-23 15:29:47 - media_renamer_app - INFO - Successfully extracted date from image D:/Photos/iphone/Photos\2025.06.29-09.16.00.389.AgiaParaskevi.HEIC: 2025-06-29 09:16:00
2026-05-23 15:29:47 - media_renamer_app - INFO - GPS coordinates found in D:/Photos/iphone/Photos\2025.06.29-09.16.00.389.AgiaParaskevi.HEIC: 38.0146, 23.8205
2026-05-23 15:29:47 - media_renamer_app - INFO - City resolved for D:/Photos/iphone/Photos\2025.06.29-09.16.00.389.AgiaParaskevi.HEIC: Agia Paraskevi
2026-05-23 15:29:47 - media_renamer_app - INFO - Successfully extracted date from image D:/Photos/iphone/Photos\2025.07.04-21.08.55.390.Istiaia-Aidipsos.JPEG: 2025-07-04 21:08:55
2026-05-23 15:29:47 - media_renamer_app - INFO - GPS coordinates found in D:/Photos/iphone/Photos\2025.07.04-21.08.55.390.Istiaia-Aidipsos.JPEG: 39.0143, 23.3430
2026-05-23 15:29:47 - media_renamer_app - INFO - City resolved for D:/Photos/iphone/Photos\2025.07.04-21.08.55.390.Istiaia-Aidipsos.JPEG: Istiaia-Aidipsos
2026-05-23 15:29:47 - media_renamer_app - INFO - Successfully extracted date from image D:/Photos/iphone/Photos\2025.07.04-21.09.08.391.Istiaia-Aidipsos.JPEG: 2025-07-04 21:09:08
2026-05-23 15:29:47 - media_renamer_app - INFO - GPS coordinates found in D:/Photos/iphone/Photos\2025.07.04-21.09.08.391.Istiaia-Aidipsos.JPEG: 39.0143, 23.3430
2026-05-23 15:29:47 - media_renamer_app - INFO - City resolved for D:/Photos/iphone/Photos\2025.07.04-21.09.08.391.Istiaia-Aidipsos.JPEG: Istiaia-Aidipsos
2026-05-23 15:29:47 - media_renamer_app - INFO - Successfully extracted date from image D:/Photos/iphone/Photos\2025.07.04-21.09.24.392.Istiaia-Aidipsos.JPEG: 2025-07-04 21:09:24
2026-05-23 15:29:47 - media_renamer_app - INFO - GPS coordinates found in D:/Photos/iphone/Photos\2025.07.04-21.09.24.392.Istiaia-Aidipsos.JPEG: 39.0143, 23.3430
2026-05-23 15:29:47 - media_renamer_app - INFO - City resolved for D:/Photos/iphone/Photos\2025.07.04-21.09.24.392.Istiaia-Aidipsos.JPEG: Istiaia-Aidipsos
2026-05-23 15:29:47 - media_renamer_app - INFO - Successfully extracted date from image D:/Photos/iphone/Photos\2025.07.04-21.09.25.393.Istiaia-Aidipsos.JPEG: 2025-07-04 21:09:25
2026-05-23 15:29:47 - media_renamer_app - INFO - GPS coordinates found in D:/Photos/iphone/Photos\2025.07.04-21.09.25.393.Istiaia-Aidipsos.JPEG: 39.0143, 23.3430
2026-05-23 15:29:47 - media_renamer_app - INFO - City resolved for D:/Photos/iphone/Photos\2025.07.04-21.09.25.393.Istiaia-Aidipsos.JPEG: Istiaia-Aidipsos
2026-05-23 15:29:47 - media_renamer_app - INFO - Successfully extracted date from image D:/Photos/iphone/Photos\2025.07.04-21.10.33.394.Istiaia-Aidipsos.HEIC: 2025-07-04 21:10:33
2026-05-23 15:29:47 - media_renamer_app - INFO - GPS coordinates found in D:/Photos/iphone/Photos\2025.07.04-21.10.33.394.Istiaia-Aidipsos.HEIC: 39.0143, 23.3430
2026-05-23 15:29:47 - media_renamer_app - INFO - City resolved for D:/Photos/iphone/Photos\2025.07.04-21.10.33.394.Istiaia-Aidipsos.HEIC: Istiaia-Aidipsos
2026-05-23 15:29:47 - media_renamer_app - INFO - Successfully extracted date from image D:/Photos/iphone/Photos\2025.07.04-21.10.49.395.Istiaia-Aidipsos.HEIC: 2025-07-04 21:10:49
2026-05-23 15:29:47 - media_renamer_app - INFO - GPS coordinates found in D:/Photos/iphone/Photos\2025.07.04-21.10.49.395.Istiaia-Aidipsos.HEIC: 39.0143, 23.3430
2026-05-23 15:29:47 - media_renamer_app - INFO - City resolved for D:/Photos/iphone/Photos\2025.07.04-21.10.49.395.Istiaia-Aidipsos.HEIC: Istiaia-Aidipsos
2026-05-23 15:29:47 - media_renamer_app - INFO - Successfully extracted date from image D:/Photos/iphone/Photos\2025.07.05-09.22.37.396.Istiaia-Aidipsos.HEIC: 2025-07-05 09:22:37
2026-05-23 15:29:47 - media_renamer_app - INFO - GPS coordinates found in D:/Photos/iphone/Photos\2025.07.05-09.22.37.396.Istiaia-Aidipsos.HEIC: 39.0148, 23.3390
2026-05-23 15:29:47 - media_renamer_app - INFO - City resolved for D:/Photos/iphone/Photos\2025.07.05-09.22.37.396.Istiaia-Aidipsos.HEIC: Istiaia-Aidipsos
2026-05-23 15:29:47 - media_renamer_app - INFO - Successfully extracted date from image D:/Photos/iphone/Photos\2025.07.05-09.22.42.397.Istiaia-Aidipsos.HEIC: 2025-07-05 09:22:42
2026-05-23 15:29:47 - media_renamer_app - INFO - GPS coordinates found in D:/Photos/iphone/Photos\2025.07.05-09.22.42.397.Istiaia-Aidipsos.HEIC: 39.0148, 23.3390
2026-05-23 15:29:47 - media_renamer_app - INFO - City resolved for D:/Photos/iphone/Photos\2025.07.05-09.22.42.397.Istiaia-Aidipsos.HEIC: Istiaia-Aidipsos
2026-05-23 15:29:48 - media_renamer_app - INFO - Successfully extracted date from image D:/Photos/iphone/Photos\2025.07.05-13.58.30.398.Istiaia-Aidipsos.HEIC: 2025-07-05 13:58:30
2026-05-23 15:29:48 - media_renamer_app - INFO - GPS coordinates found in D:/Photos/iphone/Photos\2025.07.05-13.58.30.398.Istiaia-Aidipsos.HEIC: 39.0157, 23.3380
2026-05-23 15:29:48 - media_renamer_app - INFO - City resolved for D:/Photos/iphone/Photos\2025.07.05-13.58.30.398.Istiaia-Aidipsos.HEIC: Istiaia-Aidipsos
2026-05-23 15:29:48 - media_renamer_app - INFO - Successfully extracted date from image D:/Photos/iphone/Photos\2025.07.05-21.31.49.399.Istiaia-Aidipsos.HEIC: 2025-07-05 21:31:49
2026-05-23 15:29:48 - media_renamer_app - INFO - GPS coordinates found in D:/Photos/iphone/Photos\2025.07.05-21.31.49.399.Istiaia-Aidipsos.HEIC: 39.0143, 23.3431
2026-05-23 15:29:48 - media_renamer_app - INFO - City resolved for D:/Photos/iphone/Photos\2025.07.05-21.31.49.399.Istiaia-Aidipsos.HEIC: Istiaia-Aidipsos
2026-05-23 15:29:48 - media_renamer_app - INFO - Successfully extracted date from image D:/Photos/iphone/Photos\2025.07.05-21.31.52.400.Istiaia-Aidipsos.HEIC: 2025-07-05 21:31:52
2026-05-23 15:29:48 - media_renamer_app - INFO - GPS coordinates found in D:/Photos/iphone/Photos\2025.07.05-21.31.52.400.Istiaia-Aidipsos.HEIC: 39.0143, 23.3431
2026-05-23 15:29:48 - media_renamer_app - INFO - City resolved for D:/Photos/iphone/Photos\2025.07.05-21.31.52.400.Istiaia-Aidipsos.HEIC: Istiaia-Aidipsos
2026-05-23 15:29:48 - media_renamer_app - INFO - Successfully extracted date from image D:/Photos/iphone/Photos\2025.07.05-21.32.14.401.Istiaia-Aidipsos.JPEG: 2025-07-05 21:32:14
2026-05-23 15:29:48 - media_renamer_app - INFO - GPS coordinates found in D:/Photos/iphone/Photos\2025.07.05-21.32.14.401.Istiaia-Aidipsos.JPEG: 39.0143, 23.3431
2026-05-23 15:29:48 - media_renamer_app - INFO - City resolved for D:/Photos/iphone/Photos\2025.07.05-21.32.14.401.Istiaia-Aidipsos.JPEG: Istiaia-Aidipsos
2026-05-23 15:29:48 - media_renamer_app - INFO - Successfully extracted date from image D:/Photos/iphone/Photos\2025.07.05-21.32.17.402.Istiaia-Aidipsos.JPEG: 2025-07-05 21:32:17
2026-05-23 15:29:48 - media_renamer_app - INFO - GPS coordinates found in D:/Photos/iphone/Photos\2025.07.05-21.32.17.402.Istiaia-Aidipsos.JPEG: 39.0143, 23.3431
2026-05-23 15:29:48 - media_renamer_app - INFO - City resolved for D:/Photos/iphone/Photos\2025.07.05-21.32.17.402.Istiaia-Aidipsos.JPEG: Istiaia-Aidipsos
2026-05-23 15:29:48 - media_renamer_app - INFO - Successfully extracted date from image D:/Photos/iphone/Photos\2025.07.05-23.26.01.403.Istiaia-Aidipsos.JPEG: 2025-07-05 23:26:01
2026-05-23 15:29:48 - media_renamer_app - INFO - GPS coordinates found in D:/Photos/iphone/Photos\2025.07.05-23.26.01.403.Istiaia-Aidipsos.JPEG: 39.0143, 23.3430
2026-05-23 15:29:48 - media_renamer_app - INFO - City resolved for D:/Photos/iphone/Photos\2025.07.05-23.26.01.403.Istiaia-Aidipsos.JPEG: Istiaia-Aidipsos
2026-05-23 15:29:48 - media_renamer_app - INFO - Successfully extracted date from image D:/Photos/iphone/Photos\2025.07.06-09.02.54.404.Istiaia-Aidipsos.JPEG: 2025-07-06 09:02:54
2026-05-23 15:29:48 - media_renamer_app - INFO - GPS coordinates found in D:/Photos/iphone/Photos\2025.07.06-09.02.54.404.Istiaia-Aidipsos.JPEG: 39.0148, 23.3390
2026-05-23 15:29:48 - media_renamer_app - INFO - City resolved for D:/Photos/iphone/Photos\2025.07.06-09.02.54.404.Istiaia-Aidipsos.JPEG: Istiaia-Aidipsos
2026-05-23 15:29:48 - media_renamer_app - INFO - Successfully extracted date from image D:/Photos/iphone/Photos\2025.07.06-20.18.13.405.Istiaia-Aidipsos.JPEG: 2025-07-06 20:18:13
2026-05-23 15:29:48 - media_renamer_app - INFO - GPS coordinates found in D:/Photos/iphone/Photos\2025.07.06-20.18.13.405.Istiaia-Aidipsos.JPEG: 39.0148, 23.3390
2026-05-23 15:29:48 - media_renamer_app - INFO - City resolved for D:/Photos/iphone/Photos\2025.07.06-20.18.13.405.Istiaia-Aidipsos.JPEG: Istiaia-Aidipsos
2026-05-23 15:29:48 - media_renamer_app - INFO - Successfully extracted date from image D:/Photos/iphone/Photos\2025.07.06-20.18.18.406.Istiaia-Aidipsos.JPEG: 2025-07-06 20:18:18
2026-05-23 15:29:48 - media_renamer_app - INFO - GPS coordinates found in D:/Photos/iphone/Photos\2025.07.06-20.18.18.406.Istiaia-Aidipsos.JPEG: 39.0148, 23.3390
2026-05-23 15:29:48 - media_renamer_app - INFO - City resolved for D:/Photos/iphone/Photos\2025.07.06-20.18.18.406.Istiaia-Aidipsos.JPEG: Istiaia-Aidipsos
2026-05-23 15:29:48 - media_renamer_app - INFO - Successfully extracted date from image D:/Photos/iphone/Photos\2025.07.06-20.49.36.407.Istiaia-Aidipsos.HEIC: 2025-07-06 20:49:36
2026-05-23 15:29:48 - media_renamer_app - INFO - GPS coordinates found in D:/Photos/iphone/Photos\2025.07.06-20.49.36.407.Istiaia-Aidipsos.HEIC: 39.0144, 23.3430
2026-05-23 15:29:48 - media_renamer_app - INFO - City resolved for D:/Photos/iphone/Photos\2025.07.06-20.49.36.407.Istiaia-Aidipsos.HEIC: Istiaia-Aidipsos
2026-05-23 15:29:48 - media_renamer_app - INFO - Successfully extracted date from image D:/Photos/iphone/Photos\2025.07.06-20.50.39.408.Istiaia-Aidipsos.JPEG: 2025-07-06 20:50:39
2026-05-23 15:29:48 - media_renamer_app - INFO - GPS coordinates found in D:/Photos/iphone/Photos\2025.07.06-20.50.39.408.Istiaia-Aidipsos.JPEG: 39.0144, 23.3430
2026-05-23 15:29:48 - media_renamer_app - INFO - City resolved for D:/Photos/iphone/Photos\2025.07.06-20.50.39.408.Istiaia-Aidipsos.JPEG: Istiaia-Aidipsos
2026-05-23 15:29:48 - media_renamer_app - INFO - Successfully extracted date from image D:/Photos/iphone/Photos\2025.07.06-20.51.25.409.Istiaia-Aidipsos.JPEG: 2025-07-06 20:51:25
2026-05-23 15:29:48 - media_renamer_app - INFO - GPS coordinates found in D:/Photos/iphone/Photos\2025.07.06-20.51.25.409.Istiaia-Aidipsos.JPEG: 39.0143, 23.3429
2026-05-23 15:29:48 - media_renamer_app - INFO - City resolved for D:/Photos/iphone/Photos\2025.07.06-20.51.25.409.Istiaia-Aidipsos.JPEG: Istiaia-Aidipsos
2026-05-23 15:29:48 - media_renamer_app - INFO - Successfully extracted date from image D:/Photos/iphone/Photos\2025.07.07-16.19.51.410.Oropos.HEIC: 2025-07-07 16:19:51
2026-05-23 15:29:48 - media_renamer_app - INFO - GPS coordinates found in D:/Photos/iphone/Photos\2025.07.07-16.19.51.410.Oropos.HEIC: 38.2870, 23.6785
2026-05-23 15:29:48 - media_renamer_app - INFO - City resolved for D:/Photos/iphone/Photos\2025.07.07-16.19.51.410.Oropos.HEIC: Oropos
2026-05-23 15:29:48 - media_renamer_app - INFO - Successfully extracted date from image D:/Photos/iphone/Photos\2025.07.07-16.19.59.411.Oropos.HEIC: 2025-07-07 16:19:59
2026-05-23 15:29:48 - media_renamer_app - INFO - GPS coordinates found in D:/Photos/iphone/Photos\2025.07.07-16.19.59.411.Oropos.HEIC: 38.2870, 23.6785
2026-05-23 15:29:48 - media_renamer_app - INFO - City resolved for D:/Photos/iphone/Photos\2025.07.07-16.19.59.411.Oropos.HEIC: Oropos
2026-05-23 15:29:48 - media_renamer_app - INFO - Successfully extracted date from image D:/Photos/iphone/Photos\2025.07.07-16.19.59.412.Oropos.HEIC: 2025-07-07 16:19:59
2026-05-23 15:29:48 - media_renamer_app - INFO - GPS coordinates found in D:/Photos/iphone/Photos\2025.07.07-16.19.59.412.Oropos.HEIC: 38.2870, 23.6785
2026-05-23 15:29:48 - media_renamer_app - INFO - City resolved for D:/Photos/iphone/Photos\2025.07.07-16.19.59.412.Oropos.HEIC: Oropos
2026-05-23 15:29:48 - media_renamer_app - INFO - Successfully extracted date from image D:/Photos/iphone/Photos\2025.07.07-16.20.06.413.Oropos.HEIC: 2025-07-07 16:20:06
2026-05-23 15:29:48 - media_renamer_app - INFO - GPS coordinates found in D:/Photos/iphone/Photos\2025.07.07-16.20.06.413.Oropos.HEIC: 38.2870, 23.6785
2026-05-23 15:29:48 - media_renamer_app - INFO - City resolved for D:/Photos/iphone/Photos\2025.07.07-16.20.06.413.Oropos.HEIC: Oropos
2026-05-23 15:29:48 - media_renamer_app - INFO - Successfully extracted date from image D:/Photos/iphone/Photos\2025.07.07-16.20.07.414.Oropos.HEIC: 2025-07-07 16:20:07
2026-05-23 15:29:48 - media_renamer_app - INFO - GPS coordinates found in D:/Photos/iphone/Photos\2025.07.07-16.20.07.414.Oropos.HEIC: 38.2870, 23.6785
2026-05-23 15:29:48 - media_renamer_app - INFO - City resolved for D:/Photos/iphone/Photos\2025.07.07-16.20.07.414.Oropos.HEIC: Oropos
2026-05-23 15:29:48 - media_renamer_app - INFO - Successfully extracted date from image D:/Photos/iphone/Photos\2025.07.07-16.20.09.415.Oropos.HEIC: 2025-07-07 16:20:09
2026-05-23 15:29:48 - media_renamer_app - INFO - GPS coordinates found in D:/Photos/iphone/Photos\2025.07.07-16.20.09.415.Oropos.HEIC: 38.2870, 23.6785
2026-05-23 15:29:48 - media_renamer_app - INFO - City resolved for D:/Photos/iphone/Photos\2025.07.07-16.20.09.415.Oropos.HEIC: Oropos
2026-05-23 15:29:48 - media_renamer_app - INFO - Successfully extracted date from image D:/Photos/iphone/Photos\2025.07.07-16.20.10.416.Oropos.HEIC: 2025-07-07 16:20:10
2026-05-23 15:29:48 - media_renamer_app - INFO - GPS coordinates found in D:/Photos/iphone/Photos\2025.07.07-16.20.10.416.Oropos.HEIC: 38.2870, 23.6785
2026-05-23 15:29:48 - media_renamer_app - INFO - City resolved for D:/Photos/iphone/Photos\2025.07.07-16.20.10.416.Oropos.HEIC: Oropos
2026-05-23 15:29:48 - media_renamer_app - INFO - Successfully extracted date from image D:/Photos/iphone/Photos\2025.07.07-16.20.11.417.Oropos.HEIC: 2025-07-07 16:20:11
2026-05-23 15:29:48 - media_renamer_app - INFO - GPS coordinates found in D:/Photos/iphone/Photos\2025.07.07-16.20.11.417.Oropos.HEIC: 38.2870, 23.6785
2026-05-23 15:29:48 - media_renamer_app - INFO - City resolved for D:/Photos/iphone/Photos\2025.07.07-16.20.11.417.Oropos.HEIC: Oropos
2026-05-23 15:29:48 - media_renamer_app - INFO - Successfully extracted date from image D:/Photos/iphone/Photos\2025.07.07-16.20.12.418.Oropos.HEIC: 2025-07-07 16:20:12
2026-05-23 15:29:48 - media_renamer_app - INFO - GPS coordinates found in D:/Photos/iphone/Photos\2025.07.07-16.20.12.418.Oropos.HEIC: 38.2870, 23.6785
2026-05-23 15:29:48 - media_renamer_app - INFO - City resolved for D:/Photos/iphone/Photos\2025.07.07-16.20.12.418.Oropos.HEIC: Oropos
2026-05-23 15:29:48 - media_renamer_app - INFO - Successfully extracted date from image D:/Photos/iphone/Photos\2025.07.07-16.20.13.419.Oropos.HEIC: 2025-07-07 16:20:13
2026-05-23 15:29:48 - media_renamer_app - INFO - GPS coordinates found in D:/Photos/iphone/Photos\2025.07.07-16.20.13.419.Oropos.HEIC: 38.2870, 23.6785
2026-05-23 15:29:48 - media_renamer_app - INFO - City resolved for D:/Photos/iphone/Photos\2025.07.07-16.20.13.419.Oropos.HEIC: Oropos
2026-05-23 15:29:48 - media_renamer_app - INFO - Successfully extracted date from image D:/Photos/iphone/Photos\2025.07.20-13.35.55.420.AgiaParaskevi.HEIC: 2025-07-20 13:35:55
2026-05-23 15:29:48 - media_renamer_app - INFO - GPS coordinates found in D:/Photos/iphone/Photos\2025.07.20-13.35.55.420.AgiaParaskevi.HEIC: 38.0149, 23.8203
2026-05-23 15:29:48 - media_renamer_app - INFO - City resolved for D:/Photos/iphone/Photos\2025.07.20-13.35.55.420.AgiaParaskevi.HEIC: Agia Paraskevi
2026-05-23 15:29:48 - media_renamer_app - INFO - Successfully extracted date from image D:/Photos/iphone/Photos\2025.07.20-13.36.53.421.AgiaParaskevi.JPEG: 2025-07-20 13:36:53
2026-05-23 15:29:48 - media_renamer_app - INFO - GPS coordinates found in D:/Photos/iphone/Photos\2025.07.20-13.36.53.421.AgiaParaskevi.JPEG: 38.0149, 23.8203
2026-05-23 15:29:48 - media_renamer_app - INFO - City resolved for D:/Photos/iphone/Photos\2025.07.20-13.36.53.421.AgiaParaskevi.JPEG: Agia Paraskevi
2026-05-23 15:29:48 - media_renamer_app - INFO - Successfully extracted date from image D:/Photos/iphone/Photos\2025.07.20-13.36.57.422.AgiaParaskevi.JPEG: 2025-07-20 13:36:57
2026-05-23 15:29:48 - media_renamer_app - INFO - GPS coordinates found in D:/Photos/iphone/Photos\2025.07.20-13.36.57.422.AgiaParaskevi.JPEG: 38.0149, 23.8204
2026-05-23 15:29:48 - media_renamer_app - INFO - City resolved for D:/Photos/iphone/Photos\2025.07.20-13.36.57.422.AgiaParaskevi.JPEG: Agia Paraskevi
2026-05-23 15:29:48 - media_renamer_app - INFO - Successfully extracted date from image D:/Photos/iphone/Photos\2025.07.20-20.55.03.423.AgiaParaskevi.HEIC: 2025-07-20 20:55:03
2026-05-23 15:29:48 - media_renamer_app - INFO - GPS coordinates found in D:/Photos/iphone/Photos\2025.07.20-20.55.03.423.AgiaParaskevi.HEIC: 38.0149, 23.8203
2026-05-23 15:29:48 - media_renamer_app - INFO - City resolved for D:/Photos/iphone/Photos\2025.07.20-20.55.03.423.AgiaParaskevi.HEIC: Agia Paraskevi
2026-05-23 15:29:48 - media_renamer_app - INFO - Successfully extracted date from image D:/Photos/iphone/Photos\2025.07.20-20.55.06.424.AgiaParaskevi.HEIC: 2025-07-20 20:55:06
2026-05-23 15:29:48 - media_renamer_app - INFO - GPS coordinates found in D:/Photos/iphone/Photos\2025.07.20-20.55.06.424.AgiaParaskevi.HEIC: 38.0149, 23.8203
2026-05-23 15:29:48 - media_renamer_app - INFO - City resolved for D:/Photos/iphone/Photos\2025.07.20-20.55.06.424.AgiaParaskevi.HEIC: Agia Paraskevi
2026-05-23 15:29:48 - media_renamer_app - INFO - Successfully extracted date from image D:/Photos/iphone/Photos\2025.07.20-20.55.16.425.AgiaParaskevi.HEIC: 2025-07-20 20:55:16
2026-05-23 15:29:48 - media_renamer_app - INFO - GPS coordinates found in D:/Photos/iphone/Photos\2025.07.20-20.55.16.425.AgiaParaskevi.HEIC: 38.0149, 23.8203
2026-05-23 15:29:48 - media_renamer_app - INFO - City resolved for D:/Photos/iphone/Photos\2025.07.20-20.55.16.425.AgiaParaskevi.HEIC: Agia Paraskevi
2026-05-23 15:29:48 - media_renamer_app - INFO - Successfully extracted date from image D:/Photos/iphone/Photos\2025.07.20-20.55.25.426.AgiaParaskevi.HEIC: 2025-07-20 20:55:25
2026-05-23 15:29:48 - media_renamer_app - INFO - GPS coordinates found in D:/Photos/iphone/Photos\2025.07.20-20.55.25.426.AgiaParaskevi.HEIC: 38.0149, 23.8203
2026-05-23 15:29:48 - media_renamer_app - INFO - City resolved for D:/Photos/iphone/Photos\2025.07.20-20.55.25.426.AgiaParaskevi.HEIC: Agia Paraskevi
2026-05-23 15:29:48 - media_renamer_app - INFO - Successfully extracted date from image D:/Photos/iphone/Photos\2025.07.20-20.55.27.427.AgiaParaskevi.HEIC: 2025-07-20 20:55:27
2026-05-23 15:29:48 - media_renamer_app - INFO - GPS coordinates found in D:/Photos/iphone/Photos\2025.07.20-20.55.27.427.AgiaParaskevi.HEIC: 38.0149, 23.8203
2026-05-23 15:29:48 - media_renamer_app - INFO - City resolved for D:/Photos/iphone/Photos\2025.07.20-20.55.27.427.AgiaParaskevi.HEIC: Agia Paraskevi
2026-05-23 15:29:48 - media_renamer_app - INFO - Successfully extracted date from image D:/Photos/iphone/Photos\2025.07.20-20.55.47.428.AgiaParaskevi.HEIC: 2025-07-20 20:55:47
2026-05-23 15:29:48 - media_renamer_app - INFO - GPS coordinates found in D:/Photos/iphone/Photos\2025.07.20-20.55.47.428.AgiaParaskevi.HEIC: 38.0150, 23.8204
2026-05-23 15:29:48 - media_renamer_app - INFO - City resolved for D:/Photos/iphone/Photos\2025.07.20-20.55.47.428.AgiaParaskevi.HEIC: Agia Paraskevi
2026-05-23 15:29:48 - media_renamer_app - INFO - Successfully extracted date from image D:/Photos/iphone/Photos\2025.07.20-20.55.50.429.AgiaParaskevi.HEIC: 2025-07-20 20:55:50
2026-05-23 15:29:48 - media_renamer_app - INFO - GPS coordinates found in D:/Photos/iphone/Photos\2025.07.20-20.55.50.429.AgiaParaskevi.HEIC: 38.0150, 23.8204
2026-05-23 15:29:48 - media_renamer_app - INFO - City resolved for D:/Photos/iphone/Photos\2025.07.20-20.55.50.429.AgiaParaskevi.HEIC: Agia Paraskevi
2026-05-23 15:29:48 - media_renamer_app - INFO - Successfully extracted date from image D:/Photos/iphone/Photos\2025.07.20-20.55.51.430.AgiaParaskevi.HEIC: 2025-07-20 20:55:51
2026-05-23 15:29:48 - media_renamer_app - INFO - GPS coordinates found in D:/Photos/iphone/Photos\2025.07.20-20.55.51.430.AgiaParaskevi.HEIC: 38.0150, 23.8204
2026-05-23 15:29:48 - media_renamer_app - INFO - City resolved for D:/Photos/iphone/Photos\2025.07.20-20.55.51.430.AgiaParaskevi.HEIC: Agia Paraskevi
2026-05-23 15:29:48 - media_renamer_app - INFO - Successfully extracted date from image D:/Photos/iphone/Photos\2025.07.20-20.55.53.431.AgiaParaskevi.HEIC: 2025-07-20 20:55:53
2026-05-23 15:29:48 - media_renamer_app - INFO - GPS coordinates found in D:/Photos/iphone/Photos\2025.07.20-20.55.53.431.AgiaParaskevi.HEIC: 38.0149, 23.8204
2026-05-23 15:29:48 - media_renamer_app - INFO - City resolved for D:/Photos/iphone/Photos\2025.07.20-20.55.53.431.AgiaParaskevi.HEIC: Agia Paraskevi
2026-05-23 15:29:48 - media_renamer_app - INFO - Successfully extracted date from image D:/Photos/iphone/Photos\2025.07.20-20.55.54.432.AgiaParaskevi.HEIC: 2025-07-20 20:55:54
2026-05-23 15:29:48 - media_renamer_app - INFO - GPS coordinates found in D:/Photos/iphone/Photos\2025.07.20-20.55.54.432.AgiaParaskevi.HEIC: 38.0149, 23.8204
2026-05-23 15:29:48 - media_renamer_app - INFO - City resolved for D:/Photos/iphone/Photos\2025.07.20-20.55.54.432.AgiaParaskevi.HEIC: Agia Paraskevi
2026-05-23 15:29:48 - media_renamer_app - INFO - Successfully extracted date from image D:/Photos/iphone/Photos\2025.07.26-13.41.47.433.NeoPsychiko.JPEG: 2025-07-26 13:41:47
2026-05-23 15:29:48 - media_renamer_app - INFO - GPS coordinates found in D:/Photos/iphone/Photos\2025.07.26-13.41.47.433.NeoPsychiko.JPEG: 38.0050, 23.7852
2026-05-23 15:29:48 - media_renamer_app - INFO - City resolved for D:/Photos/iphone/Photos\2025.07.26-13.41.47.433.NeoPsychiko.JPEG: Neo Psychiko
2026-05-23 15:29:48 - media_renamer_app - INFO - Successfully extracted date from image D:/Photos/iphone/Photos\2025.07.26-13.41.56.434.NeoPsychiko.JPEG: 2025-07-26 13:41:56
2026-05-23 15:29:48 - media_renamer_app - INFO - GPS coordinates found in D:/Photos/iphone/Photos\2025.07.26-13.41.56.434.NeoPsychiko.JPEG: 38.0049, 23.7853
2026-05-23 15:29:48 - media_renamer_app - INFO - City resolved for D:/Photos/iphone/Photos\2025.07.26-13.41.56.434.NeoPsychiko.JPEG: Neo Psychiko
2026-05-23 15:29:48 - media_renamer_app - INFO - Successfully extracted date from image D:/Photos/iphone/Photos\2025.07.26-13.41.57.435.NeoPsychiko.JPEG: 2025-07-26 13:41:57
2026-05-23 15:29:48 - media_renamer_app - INFO - GPS coordinates found in D:/Photos/iphone/Photos\2025.07.26-13.41.57.435.NeoPsychiko.JPEG: 38.0049, 23.7853
2026-05-23 15:29:48 - media_renamer_app - INFO - City resolved for D:/Photos/iphone/Photos\2025.07.26-13.41.57.435.NeoPsychiko.JPEG: Neo Psychiko
2026-05-23 15:29:48 - media_renamer_app - INFO - Successfully extracted date from image D:/Photos/iphone/Photos\2025.07.26-13.41.58.436.NeoPsychiko.JPEG: 2025-07-26 13:41:58
2026-05-23 15:29:48 - media_renamer_app - INFO - GPS coordinates found in D:/Photos/iphone/Photos\2025.07.26-13.41.58.436.NeoPsychiko.JPEG: 38.0049, 23.7853
2026-05-23 15:29:48 - media_renamer_app - INFO - City resolved for D:/Photos/iphone/Photos\2025.07.26-13.41.58.436.NeoPsychiko.JPEG: Neo Psychiko
2026-05-23 15:29:48 - media_renamer_app - INFO - Successfully extracted date from image D:/Photos/iphone/Photos\2025.08.07-12.22.45.437.Nafplio.HEIC: 2025-08-07 12:22:45
2026-05-23 15:29:48 - media_renamer_app - INFO - GPS coordinates found in D:/Photos/iphone/Photos\2025.08.07-12.22.45.437.Nafplio.HEIC: 37.5665, 22.7988
2026-05-23 15:29:48 - media_renamer_app - INFO - City resolved for D:/Photos/iphone/Photos\2025.08.07-12.22.45.437.Nafplio.HEIC: Nafplio
2026-05-23 15:29:48 - media_renamer_app - INFO - Successfully extracted date from image D:/Photos/iphone/Photos\2025.08.15-12.52.42.438.NeoPsychiko.JPEG: 2025-08-15 12:52:42
2026-05-23 15:29:48 - media_renamer_app - INFO - GPS coordinates found in D:/Photos/iphone/Photos\2025.08.15-12.52.42.438.NeoPsychiko.JPEG: 38.0054, 23.7874
2026-05-23 15:29:48 - media_renamer_app - INFO - City resolved for D:/Photos/iphone/Photos\2025.08.15-12.52.42.438.NeoPsychiko.JPEG: Neo Psychiko
2026-05-23 15:29:48 - media_renamer_app - INFO - Successfully extracted date from image D:/Photos/iphone/Photos\2025.08.15-12.52.49.439.NeoPsychiko.JPEG: 2025-08-15 12:52:49
2026-05-23 15:29:48 - media_renamer_app - INFO - GPS coordinates found in D:/Photos/iphone/Photos\2025.08.15-12.52.49.439.NeoPsychiko.JPEG: 38.0054, 23.7874
2026-05-23 15:29:48 - media_renamer_app - INFO - City resolved for D:/Photos/iphone/Photos\2025.08.15-12.52.49.439.NeoPsychiko.JPEG: Neo Psychiko
2026-05-23 15:29:49 - media_renamer_app - INFO - Successfully extracted date from image D:/Photos/iphone/Photos\2025.08.15-12.53.00.440.NeoPsychiko.JPEG: 2025-08-15 12:53:00
2026-05-23 15:29:49 - media_renamer_app - INFO - GPS coordinates found in D:/Photos/iphone/Photos\2025.08.15-12.53.00.440.NeoPsychiko.JPEG: 38.0054, 23.7874
2026-05-23 15:29:49 - media_renamer_app - INFO - City resolved for D:/Photos/iphone/Photos\2025.08.15-12.53.00.440.NeoPsychiko.JPEG: Neo Psychiko
2026-05-23 15:29:49 - media_renamer_app - INFO - Successfully extracted date from image D:/Photos/iphone/Photos\2025.08.15-14.00.37.441.AgiaParaskevi.HEIC: 2025-08-15 14:00:37
2026-05-23 15:29:49 - media_renamer_app - INFO - GPS coordinates found in D:/Photos/iphone/Photos\2025.08.15-14.00.37.441.AgiaParaskevi.HEIC: 38.0147, 23.8207
2026-05-23 15:29:49 - media_renamer_app - INFO - City resolved for D:/Photos/iphone/Photos\2025.08.15-14.00.37.441.AgiaParaskevi.HEIC: Agia Paraskevi
2026-05-23 15:29:49 - media_renamer_app - INFO - Successfully extracted date from image D:/Photos/iphone/Photos\2025.09.01-19.05.15.442.NeoPsychiko.JPEG: 2025-09-01 19:05:15
2026-05-23 15:29:49 - media_renamer_app - INFO - GPS coordinates found in D:/Photos/iphone/Photos\2025.09.01-19.05.15.442.NeoPsychiko.JPEG: 38.0053, 23.7874
2026-05-23 15:29:49 - media_renamer_app - INFO - City resolved for D:/Photos/iphone/Photos\2025.09.01-19.05.15.442.NeoPsychiko.JPEG: Neo Psychiko
2026-05-23 15:29:49 - media_renamer_app - INFO - Successfully extracted date from image D:/Photos/iphone/Photos\2025.09.06-15.53.24.444.LavreotikiMunicipalUnit.JPEG: 2025-09-06 15:53:24
2026-05-23 15:29:49 - media_renamer_app - INFO - GPS coordinates found in D:/Photos/iphone/Photos\2025.09.06-15.53.24.444.LavreotikiMunicipalUnit.JPEG: 37.6662, 23.9949
2026-05-23 15:29:49 - media_renamer_app - INFO - City resolved for D:/Photos/iphone/Photos\2025.09.06-15.53.24.444.LavreotikiMunicipalUnit.JPEG: Lavreotiki Municipal Unit
2026-05-23 15:29:49 - media_renamer_app - INFO - Successfully extracted date from image D:/Photos/iphone/Photos\2025.09.06-15.53.29.445.LavreotikiMunicipalUnit.JPEG: 2025-09-06 15:53:29
2026-05-23 15:29:49 - media_renamer_app - INFO - GPS coordinates found in D:/Photos/iphone/Photos\2025.09.06-15.53.29.445.LavreotikiMunicipalUnit.JPEG: 37.6663, 23.9949
2026-05-23 15:29:49 - media_renamer_app - INFO - City resolved for D:/Photos/iphone/Photos\2025.09.06-15.53.29.445.LavreotikiMunicipalUnit.JPEG: Lavreotiki Municipal Unit
2026-05-23 15:29:49 - media_renamer_app - INFO - Successfully extracted date from image D:/Photos/iphone/Photos\2025.09.13-22.28.49.449.Athens.JPEG: 2025-09-13 22:28:49
2026-05-23 15:29:49 - media_renamer_app - INFO - GPS coordinates found in D:/Photos/iphone/Photos\2025.09.13-22.28.49.449.Athens.JPEG: 37.9692, 23.7409
2026-05-23 15:29:49 - media_renamer_app - INFO - City resolved for D:/Photos/iphone/Photos\2025.09.13-22.28.49.449.Athens.JPEG: Athens
2026-05-23 15:29:49 - media_renamer_app - INFO - Successfully extracted date from image D:/Photos/iphone/Photos\2025.09.13-22.28.54.450.Athens.JPEG: 2025-09-13 22:28:54
2026-05-23 15:29:49 - media_renamer_app - INFO - GPS coordinates found in D:/Photos/iphone/Photos\2025.09.13-22.28.54.450.Athens.JPEG: 37.9692, 23.7409
2026-05-23 15:29:49 - media_renamer_app - INFO - City resolved for D:/Photos/iphone/Photos\2025.09.13-22.28.54.450.Athens.JPEG: Athens
2026-05-23 15:29:49 - media_renamer_app - INFO - Successfully extracted date from image D:/Photos/iphone/Photos\2025.09.13-22.47.28.451.Athens.JPEG: 2025-09-13 22:47:28
2026-05-23 15:29:49 - media_renamer_app - INFO - GPS coordinates found in D:/Photos/iphone/Photos\2025.09.13-22.47.28.451.Athens.JPEG: 37.9692, 23.7409
2026-05-23 15:29:49 - media_renamer_app - INFO - City resolved for D:/Photos/iphone/Photos\2025.09.13-22.47.28.451.Athens.JPEG: Athens
2026-05-23 15:29:49 - media_renamer_app - INFO - Successfully extracted date from image D:/Photos/iphone/Photos\2025.09.13-22.47.40.452.Athens.JPEG: 2025-09-13 22:47:40
2026-05-23 15:29:49 - media_renamer_app - INFO - GPS coordinates found in D:/Photos/iphone/Photos\2025.09.13-22.47.40.452.Athens.JPEG: 37.9692, 23.7409
2026-05-23 15:29:49 - media_renamer_app - INFO - City resolved for D:/Photos/iphone/Photos\2025.09.13-22.47.40.452.Athens.JPEG: Athens
2026-05-23 15:29:49 - media_renamer_app - INFO - Successfully extracted date from image D:/Photos/iphone/Photos\2025.09.13-22.47.52.453.Athens.JPEG: 2025-09-13 22:47:52
2026-05-23 15:29:49 - media_renamer_app - INFO - GPS coordinates found in D:/Photos/iphone/Photos\2025.09.13-22.47.52.453.Athens.JPEG: 37.9692, 23.7409
2026-05-23 15:29:49 - media_renamer_app - INFO - City resolved for D:/Photos/iphone/Photos\2025.09.13-22.47.52.453.Athens.JPEG: Athens
2026-05-23 15:29:49 - media_renamer_app - INFO - Successfully extracted date from image D:/Photos/iphone/Photos\2025.09.13-22.48.00.454.Athens.JPEG: 2025-09-13 22:48:00
2026-05-23 15:29:49 - media_renamer_app - INFO - GPS coordinates found in D:/Photos/iphone/Photos\2025.09.13-22.48.00.454.Athens.JPEG: 37.9692, 23.7409
2026-05-23 15:29:49 - media_renamer_app - INFO - City resolved for D:/Photos/iphone/Photos\2025.09.13-22.48.00.454.Athens.JPEG: Athens
2026-05-23 15:29:49 - media_renamer_app - INFO - Successfully extracted date from image D:/Photos/iphone/Photos\2025.09.14-00.25.10.455.Athens.HEIC: 2025-09-14 00:25:10
2026-05-23 15:29:49 - media_renamer_app - INFO - GPS coordinates found in D:/Photos/iphone/Photos\2025.09.14-00.25.10.455.Athens.HEIC: 37.9692, 23.7410
2026-05-23 15:29:49 - media_renamer_app - INFO - City resolved for D:/Photos/iphone/Photos\2025.09.14-00.25.10.455.Athens.HEIC: Athens
2026-05-23 15:29:49 - media_renamer_app - INFO - Successfully extracted date from image D:/Photos/iphone/Photos\2025.09.14-00.25.16.456.Athens.HEIC: 2025-09-14 00:25:16
2026-05-23 15:29:49 - media_renamer_app - INFO - GPS coordinates found in D:/Photos/iphone/Photos\2025.09.14-00.25.16.456.Athens.HEIC: 37.9692, 23.7409
2026-05-23 15:29:49 - media_renamer_app - INFO - City resolved for D:/Photos/iphone/Photos\2025.09.14-00.25.16.456.Athens.HEIC: Athens
2026-05-23 15:29:49 - media_renamer_app - INFO - Successfully extracted date from image D:/Photos/iphone/Photos\2025.09.14-00.34.41.457.Athens.JPEG: 2025-09-14 00:34:41
2026-05-23 15:29:49 - media_renamer_app - INFO - GPS coordinates found in D:/Photos/iphone/Photos\2025.09.14-00.34.41.457.Athens.JPEG: 37.9692, 23.7410
2026-05-23 15:29:49 - media_renamer_app - INFO - City resolved for D:/Photos/iphone/Photos\2025.09.14-00.34.41.457.Athens.JPEG: Athens
2026-05-23 15:29:49 - media_renamer_app - INFO - Successfully extracted date from image D:/Photos/iphone/Photos\2025.09.14-00.35.25.458.Athens.JPEG: 2025-09-14 00:35:25
2026-05-23 15:29:49 - media_renamer_app - INFO - GPS coordinates found in D:/Photos/iphone/Photos\2025.09.14-00.35.25.458.Athens.JPEG: 37.9692, 23.7409
2026-05-23 15:29:49 - media_renamer_app - INFO - City resolved for D:/Photos/iphone/Photos\2025.09.14-00.35.25.458.Athens.JPEG: Athens
2026-05-23 15:29:49 - media_renamer_app - INFO - Successfully extracted date from image D:/Photos/iphone/Photos\2025.09.17-19.39.01.459.AgiaParaskevi.HEIC: 2025-09-17 19:39:01
2026-05-23 15:29:49 - media_renamer_app - INFO - GPS coordinates found in D:/Photos/iphone/Photos\2025.09.17-19.39.01.459.AgiaParaskevi.HEIC: 38.0149, 23.8205
2026-05-23 15:29:49 - media_renamer_app - INFO - City resolved for D:/Photos/iphone/Photos\2025.09.17-19.39.01.459.AgiaParaskevi.HEIC: Agia Paraskevi
2026-05-23 15:29:49 - media_renamer_app - INFO - Successfully extracted date from image D:/Photos/iphone/Photos\2025.09.29-00.08.22.460.AgiaParaskevi.JPEG: 2025-09-29 00:08:22
2026-05-23 15:29:49 - media_renamer_app - INFO - GPS coordinates found in D:/Photos/iphone/Photos\2025.09.29-00.08.22.460.AgiaParaskevi.JPEG: 38.0149, 23.8203
2026-05-23 15:29:49 - media_renamer_app - INFO - City resolved for D:/Photos/iphone/Photos\2025.09.29-00.08.22.460.AgiaParaskevi.JPEG: Agia Paraskevi
2026-05-23 15:29:49 - media_renamer_app - INFO - Successfully extracted date from image D:/Photos/iphone/Photos\2025.09.29-00.08.25.461.AgiaParaskevi.JPEG: 2025-09-29 00:08:25
2026-05-23 15:29:49 - media_renamer_app - INFO - GPS coordinates found in D:/Photos/iphone/Photos\2025.09.29-00.08.25.461.AgiaParaskevi.JPEG: 38.0149, 23.8203
2026-05-23 15:29:49 - media_renamer_app - INFO - City resolved for D:/Photos/iphone/Photos\2025.09.29-00.08.25.461.AgiaParaskevi.JPEG: Agia Paraskevi
2026-05-23 15:29:49 - media_renamer_app - INFO - Successfully extracted date from image D:/Photos/iphone/Photos\2025.09.29-00.08.35.462.AgiaParaskevi.JPEG: 2025-09-29 00:08:35
2026-05-23 15:29:49 - media_renamer_app - INFO - GPS coordinates found in D:/Photos/iphone/Photos\2025.09.29-00.08.35.462.AgiaParaskevi.JPEG: 38.0150, 23.8203
2026-05-23 15:29:49 - media_renamer_app - INFO - City resolved for D:/Photos/iphone/Photos\2025.09.29-00.08.35.462.AgiaParaskevi.JPEG: Agia Paraskevi
2026-05-23 15:29:50 - media_renamer_app - INFO - Successfully extracted date from image D:/Photos/iphone/Photos\2025.09.29-00.08.36.463.AgiaParaskevi.JPEG: 2025-09-29 00:08:36
2026-05-23 15:29:50 - media_renamer_app - INFO - GPS coordinates found in D:/Photos/iphone/Photos\2025.09.29-00.08.36.463.AgiaParaskevi.JPEG: 38.0150, 23.8203
2026-05-23 15:29:50 - media_renamer_app - INFO - City resolved for D:/Photos/iphone/Photos\2025.09.29-00.08.36.463.AgiaParaskevi.JPEG: Agia Paraskevi
2026-05-23 15:29:50 - media_renamer_app - INFO - Successfully extracted date from image D:/Photos/iphone/Photos\2025.09.29-00.08.41.464.AgiaParaskevi.JPEG: 2025-09-29 00:08:41
2026-05-23 15:29:50 - media_renamer_app - INFO - GPS coordinates found in D:/Photos/iphone/Photos\2025.09.29-00.08.41.464.AgiaParaskevi.JPEG: 38.0150, 23.8203
2026-05-23 15:29:50 - media_renamer_app - INFO - City resolved for D:/Photos/iphone/Photos\2025.09.29-00.08.41.464.AgiaParaskevi.JPEG: Agia Paraskevi
2026-05-23 15:29:50 - media_renamer_app - INFO - Successfully extracted date from image D:/Photos/iphone/Photos\2025.09.29-00.08.46.465.AgiaParaskevi.JPEG: 2025-09-29 00:08:46
2026-05-23 15:29:50 - media_renamer_app - INFO - GPS coordinates found in D:/Photos/iphone/Photos\2025.09.29-00.08.46.465.AgiaParaskevi.JPEG: 38.0150, 23.8203
2026-05-23 15:29:50 - media_renamer_app - INFO - City resolved for D:/Photos/iphone/Photos\2025.09.29-00.08.46.465.AgiaParaskevi.JPEG: Agia Paraskevi
2026-05-23 15:29:50 - media_renamer_app - INFO - Successfully extracted date from image D:/Photos/iphone/Photos\2025.09.29-21.43.40.466.Cholargos.JPEG: 2025-09-29 21:43:40
2026-05-23 15:29:50 - media_renamer_app - INFO - GPS coordinates found in D:/Photos/iphone/Photos\2025.09.29-21.43.40.466.Cholargos.JPEG: 38.0061, 23.7976
2026-05-23 15:29:50 - media_renamer_app - INFO - City resolved for D:/Photos/iphone/Photos\2025.09.29-21.43.40.466.Cholargos.JPEG: Cholargos
2026-05-23 15:29:50 - media_renamer_app - INFO - Successfully extracted date from image D:/Photos/iphone/Photos\2025.09.29-21.43.56.467.Cholargos.JPEG: 2025-09-29 21:43:56
2026-05-23 15:29:50 - media_renamer_app - INFO - GPS coordinates found in D:/Photos/iphone/Photos\2025.09.29-21.43.56.467.Cholargos.JPEG: 38.0062, 23.7976
2026-05-23 15:29:50 - media_renamer_app - INFO - City resolved for D:/Photos/iphone/Photos\2025.09.29-21.43.56.467.Cholargos.JPEG: Cholargos
2026-05-23 15:29:50 - media_renamer_app - INFO - Successfully extracted date from image D:/Photos/iphone/Photos\2025.10.05-10.43.31.468.AgiaParaskevi.HEIC: 2025-10-05 10:43:31
2026-05-23 15:29:50 - media_renamer_app - INFO - GPS coordinates found in D:/Photos/iphone/Photos\2025.10.05-10.43.31.468.AgiaParaskevi.HEIC: 38.0146, 23.8212
2026-05-23 15:29:50 - media_renamer_app - INFO - City resolved for D:/Photos/iphone/Photos\2025.10.05-10.43.31.468.AgiaParaskevi.HEIC: Agia Paraskevi
2026-05-23 15:29:50 - media_renamer_app - INFO - Successfully extracted date from image D:/Photos/iphone/Photos\2025.10.15-08.39.33.470.AgiaParaskevi.HEIC: 2025-10-15 08:39:33
2026-05-23 15:29:50 - media_renamer_app - INFO - GPS coordinates found in D:/Photos/iphone/Photos\2025.10.15-08.39.33.470.AgiaParaskevi.HEIC: 38.0147, 23.8204
2026-05-23 15:29:50 - media_renamer_app - INFO - City resolved for D:/Photos/iphone/Photos\2025.10.15-08.39.33.470.AgiaParaskevi.HEIC: Agia Paraskevi
2026-05-23 15:29:50 - media_renamer_app - INFO - Successfully extracted date from image D:/Photos/iphone/Photos\2025.10.17-10.28.16.471.AgiaParaskevi.JPEG: 2025-10-17 10:28:16
2026-05-23 15:29:50 - media_renamer_app - INFO - GPS coordinates found in D:/Photos/iphone/Photos\2025.10.17-10.28.16.471.AgiaParaskevi.JPEG: 38.0149, 23.8203
2026-05-23 15:29:50 - media_renamer_app - INFO - City resolved for D:/Photos/iphone/Photos\2025.10.17-10.28.16.471.AgiaParaskevi.JPEG: Agia Paraskevi
2026-05-23 15:29:50 - media_renamer_app - INFO - Successfully extracted date from image D:/Photos/iphone/Photos\2025.10.17-10.28.20.472.AgiaParaskevi.JPEG: 2025-10-17 10:28:20
2026-05-23 15:29:50 - media_renamer_app - INFO - GPS coordinates found in D:/Photos/iphone/Photos\2025.10.17-10.28.20.472.AgiaParaskevi.JPEG: 38.0149, 23.8203
2026-05-23 15:29:50 - media_renamer_app - INFO - City resolved for D:/Photos/iphone/Photos\2025.10.17-10.28.20.472.AgiaParaskevi.JPEG: Agia Paraskevi
2026-05-23 15:29:50 - media_renamer_app - INFO - Successfully extracted date from image D:/Photos/iphone/Photos\2025.10.21-17.31.18.473.NeoPsychiko.HEIC: 2025-10-21 17:31:18
2026-05-23 15:29:50 - media_renamer_app - INFO - GPS coordinates found in D:/Photos/iphone/Photos\2025.10.21-17.31.18.473.NeoPsychiko.HEIC: 38.0020, 23.7853
2026-05-23 15:29:50 - media_renamer_app - INFO - City resolved for D:/Photos/iphone/Photos\2025.10.21-17.31.18.473.NeoPsychiko.HEIC: Neo Psychiko
2026-05-23 15:29:50 - media_renamer_app - INFO - Successfully extracted date from image D:/Photos/iphone/Photos\2025.10.25-22.15.46.474.Athens.JPEG: 2025-10-25 22:15:46
2026-05-23 15:29:50 - media_renamer_app - INFO - GPS coordinates found in D:/Photos/iphone/Photos\2025.10.25-22.15.46.474.Athens.JPEG: 37.9818, 23.7167
2026-05-23 15:29:50 - media_renamer_app - INFO - City resolved for D:/Photos/iphone/Photos\2025.10.25-22.15.46.474.Athens.JPEG: Athens
2026-05-23 15:29:50 - media_renamer_app - INFO - Successfully extracted date from image D:/Photos/iphone/Photos\2025.10.25-22.15.55.475.Athens.JPEG: 2025-10-25 22:15:55
2026-05-23 15:29:50 - media_renamer_app - INFO - GPS coordinates found in D:/Photos/iphone/Photos\2025.10.25-22.15.55.475.Athens.JPEG: 37.9818, 23.7167
2026-05-23 15:29:50 - media_renamer_app - INFO - City resolved for D:/Photos/iphone/Photos\2025.10.25-22.15.55.475.Athens.JPEG: Athens
2026-05-23 15:29:50 - media_renamer_app - INFO - Successfully extracted date from image D:/Photos/iphone/Photos\2025.10.25-22.15.56.476.Athens.JPEG: 2025-10-25 22:15:56
2026-05-23 15:29:50 - media_renamer_app - INFO - GPS coordinates found in D:/Photos/iphone/Photos\2025.10.25-22.15.56.476.Athens.JPEG: 37.9818, 23.7167
2026-05-23 15:29:50 - media_renamer_app - INFO - City resolved for D:/Photos/iphone/Photos\2025.10.25-22.15.56.476.Athens.JPEG: Athens
2026-05-23 15:29:50 - media_renamer_app - INFO - Successfully extracted date from image D:/Photos/iphone/Photos\2025.12.19-18.33.45.477.AgiaParaskevi.JPEG: 2025-12-19 18:33:45
2026-05-23 15:29:50 - media_renamer_app - INFO - GPS coordinates found in D:/Photos/iphone/Photos\2025.12.19-18.33.45.477.AgiaParaskevi.JPEG: 38.0149, 23.8202
2026-05-23 15:29:50 - media_renamer_app - INFO - City resolved for D:/Photos/iphone/Photos\2025.12.19-18.33.45.477.AgiaParaskevi.JPEG: Agia Paraskevi
2026-05-23 15:29:50 - media_renamer_app - INFO - Successfully extracted date from image D:/Photos/iphone/Photos\2025.12.19-18.35.41.478.AgiaParaskevi.JPEG: 2025-12-19 18:35:41
2026-05-23 15:29:50 - media_renamer_app - INFO - GPS coordinates found in D:/Photos/iphone/Photos\2025.12.19-18.35.41.478.AgiaParaskevi.JPEG: 38.0149, 23.8204
2026-05-23 15:29:50 - media_renamer_app - INFO - City resolved for D:/Photos/iphone/Photos\2025.12.19-18.35.41.478.AgiaParaskevi.JPEG: Agia Paraskevi
2026-05-23 15:29:50 - media_renamer_app - INFO - Successfully extracted date from image D:/Photos/iphone/Photos\2025.12.19-18.35.51.479.AgiaParaskevi.JPEG: 2025-12-19 18:35:51
2026-05-23 15:29:50 - media_renamer_app - INFO - GPS coordinates found in D:/Photos/iphone/Photos\2025.12.19-18.35.51.479.AgiaParaskevi.JPEG: 38.0148, 23.8204
2026-05-23 15:29:50 - media_renamer_app - INFO - City resolved for D:/Photos/iphone/Photos\2025.12.19-18.35.51.479.AgiaParaskevi.JPEG: Agia Paraskevi
2026-05-23 15:29:50 - media_renamer_app - INFO - Successfully extracted date from image D:/Photos/iphone/Photos\2025.12.19-18.35.56.480.AgiaParaskevi.JPEG: 2025-12-19 18:35:56
2026-05-23 15:29:50 - media_renamer_app - INFO - GPS coordinates found in D:/Photos/iphone/Photos\2025.12.19-18.35.56.480.AgiaParaskevi.JPEG: 38.0149, 23.8204
2026-05-23 15:29:50 - media_renamer_app - INFO - City resolved for D:/Photos/iphone/Photos\2025.12.19-18.35.56.480.AgiaParaskevi.JPEG: Agia Paraskevi
2026-05-23 15:29:50 - media_renamer_app - INFO - Successfully extracted date from image D:/Photos/iphone/Photos\2025.12.19-18.35.58.481.AgiaParaskevi.JPEG: 2025-12-19 18:35:58
2026-05-23 15:29:50 - media_renamer_app - INFO - GPS coordinates found in D:/Photos/iphone/Photos\2025.12.19-18.35.58.481.AgiaParaskevi.JPEG: 38.0149, 23.8203
2026-05-23 15:29:50 - media_renamer_app - INFO - City resolved for D:/Photos/iphone/Photos\2025.12.19-18.35.58.481.AgiaParaskevi.JPEG: Agia Paraskevi
2026-05-23 15:29:50 - media_renamer_app - INFO - Successfully extracted date from image D:/Photos/iphone/Photos\2025.12.19-18.35.59.482.AgiaParaskevi.JPEG: 2025-12-19 18:35:59
2026-05-23 15:29:50 - media_renamer_app - INFO - GPS coordinates found in D:/Photos/iphone/Photos\2025.12.19-18.35.59.482.AgiaParaskevi.JPEG: 38.0149, 23.8203
2026-05-23 15:29:50 - media_renamer_app - INFO - City resolved for D:/Photos/iphone/Photos\2025.12.19-18.35.59.482.AgiaParaskevi.JPEG: Agia Paraskevi
2026-05-23 15:29:50 - media_renamer_app - INFO - Successfully extracted date from image D:/Photos/iphone/Photos\2025.12.19-18.36.05.483.AgiaParaskevi.JPEG: 2025-12-19 18:36:05
2026-05-23 15:29:50 - media_renamer_app - INFO - GPS coordinates found in D:/Photos/iphone/Photos\2025.12.19-18.36.05.483.AgiaParaskevi.JPEG: 38.0149, 23.8203
2026-05-23 15:29:50 - media_renamer_app - INFO - City resolved for D:/Photos/iphone/Photos\2025.12.19-18.36.05.483.AgiaParaskevi.JPEG: Agia Paraskevi
2026-05-23 15:29:50 - media_renamer_app - INFO - Successfully extracted date from image D:/Photos/iphone/Photos\2025.12.25-16.37.27.484.GerakasMunicipalUnit.JPEG: 2025-12-25 16:37:27
2026-05-23 15:29:50 - media_renamer_app - INFO - GPS coordinates found in D:/Photos/iphone/Photos\2025.12.25-16.37.27.484.GerakasMunicipalUnit.JPEG: 38.0271, 23.8470
2026-05-23 15:29:50 - media_renamer_app - INFO - City resolved for D:/Photos/iphone/Photos\2025.12.25-16.37.27.484.GerakasMunicipalUnit.JPEG: Gerakas Municipal Unit
2026-05-23 15:29:50 - media_renamer_app - INFO - Successfully extracted date from image D:/Photos/iphone/Photos\2025.12.25-16.37.33.485.GerakasMunicipalUnit.JPEG: 2025-12-25 16:37:33
2026-05-23 15:29:50 - media_renamer_app - INFO - GPS coordinates found in D:/Photos/iphone/Photos\2025.12.25-16.37.33.485.GerakasMunicipalUnit.JPEG: 38.0271, 23.8470
2026-05-23 15:29:50 - media_renamer_app - INFO - City resolved for D:/Photos/iphone/Photos\2025.12.25-16.37.33.485.GerakasMunicipalUnit.JPEG: Gerakas Municipal Unit
2026-05-23 15:29:50 - media_renamer_app - INFO - Successfully extracted date from image D:/Photos/iphone/Photos\2025.12.25-16.37.55.486.GerakasMunicipalUnit.JPEG: 2025-12-25 16:37:55
2026-05-23 15:29:50 - media_renamer_app - INFO - GPS coordinates found in D:/Photos/iphone/Photos\2025.12.25-16.37.55.486.GerakasMunicipalUnit.JPEG: 38.0271, 23.8470
2026-05-23 15:29:50 - media_renamer_app - INFO - City resolved for D:/Photos/iphone/Photos\2025.12.25-16.37.55.486.GerakasMunicipalUnit.JPEG: Gerakas Municipal Unit
2026-05-23 15:29:50 - media_renamer_app - INFO - Successfully extracted date from image D:/Photos/iphone/Photos\2025.12.25-16.38.00.487.GerakasMunicipalUnit.JPEG: 2025-12-25 16:38:00
2026-05-23 15:29:50 - media_renamer_app - INFO - GPS coordinates found in D:/Photos/iphone/Photos\2025.12.25-16.38.00.487.GerakasMunicipalUnit.JPEG: 38.0270, 23.8470
2026-05-23 15:29:50 - media_renamer_app - INFO - City resolved for D:/Photos/iphone/Photos\2025.12.25-16.38.00.487.GerakasMunicipalUnit.JPEG: Gerakas Municipal Unit
2026-05-23 15:29:50 - media_renamer_app - INFO - Successfully extracted date from image D:/Photos/iphone/Photos\2025.12.25-17.59.55.488.GerakasMunicipalUnit.JPEG: 2025-12-25 17:59:55
2026-05-23 15:29:50 - media_renamer_app - INFO - GPS coordinates found in D:/Photos/iphone/Photos\2025.12.25-17.59.55.488.GerakasMunicipalUnit.JPEG: 38.0270, 23.8470
2026-05-23 15:29:50 - media_renamer_app - INFO - City resolved for D:/Photos/iphone/Photos\2025.12.25-17.59.55.488.GerakasMunicipalUnit.JPEG: Gerakas Municipal Unit
2026-05-23 15:29:50 - media_renamer_app - INFO - Successfully extracted date from image D:/Photos/iphone/Photos\2025.12.25-18.00.10.489.GerakasMunicipalUnit.JPEG: 2025-12-25 18:00:10
2026-05-23 15:29:50 - media_renamer_app - INFO - GPS coordinates found in D:/Photos/iphone/Photos\2025.12.25-18.00.10.489.GerakasMunicipalUnit.JPEG: 38.0269, 23.8470
2026-05-23 15:29:50 - media_renamer_app - INFO - City resolved for D:/Photos/iphone/Photos\2025.12.25-18.00.10.489.GerakasMunicipalUnit.JPEG: Gerakas Municipal Unit
2026-05-23 15:29:50 - media_renamer_app - INFO - Successfully extracted date from image D:/Photos/iphone/Photos\2025.12.25-18.00.12.490.GerakasMunicipalUnit.JPEG: 2025-12-25 18:00:12
2026-05-23 15:29:50 - media_renamer_app - INFO - GPS coordinates found in D:/Photos/iphone/Photos\2025.12.25-18.00.12.490.GerakasMunicipalUnit.JPEG: 38.0270, 23.8470
2026-05-23 15:29:50 - media_renamer_app - INFO - City resolved for D:/Photos/iphone/Photos\2025.12.25-18.00.12.490.GerakasMunicipalUnit.JPEG: Gerakas Municipal Unit
2026-05-23 15:29:50 - media_renamer_app - INFO - Successfully extracted date from image D:/Photos/iphone/Photos\2025.12.25-22.29.55.491.Athens.JPEG: 2025-12-25 22:29:55
2026-05-23 15:29:50 - media_renamer_app - INFO - GPS coordinates found in D:/Photos/iphone/Photos\2025.12.25-22.29.55.491.Athens.JPEG: 37.9695, 23.7305
2026-05-23 15:29:50 - media_renamer_app - INFO - City resolved for D:/Photos/iphone/Photos\2025.12.25-22.29.55.491.Athens.JPEG: Athens
2026-05-23 15:29:50 - media_renamer_app - INFO - Successfully extracted date from image D:/Photos/iphone/Photos\2025.12.25-22.29.59.492.Athens.JPEG: 2025-12-25 22:29:59
2026-05-23 15:29:50 - media_renamer_app - INFO - GPS coordinates found in D:/Photos/iphone/Photos\2025.12.25-22.29.59.492.Athens.JPEG: 37.9695, 23.7305
2026-05-23 15:29:50 - media_renamer_app - INFO - City resolved for D:/Photos/iphone/Photos\2025.12.25-22.29.59.492.Athens.JPEG: Athens
2026-05-23 15:29:50 - media_renamer_app - INFO - Successfully extracted date from image D:/Photos/iphone/Photos\2025.12.25-22.59.57.493.Athens.JPEG: 2025-12-25 22:59:57
2026-05-23 15:29:50 - media_renamer_app - INFO - GPS coordinates found in D:/Photos/iphone/Photos\2025.12.25-22.59.57.493.Athens.JPEG: 37.9695, 23.7304
2026-05-23 15:29:50 - media_renamer_app - INFO - City resolved for D:/Photos/iphone/Photos\2025.12.25-22.59.57.493.Athens.JPEG: Athens
2026-05-23 15:29:50 - media_renamer_app - INFO - Successfully extracted date from image D:/Photos/iphone/Photos\2025.12.25-23.48.45.494.Athens.JPEG: 2025-12-25 23:48:45
2026-05-23 15:29:50 - media_renamer_app - INFO - GPS coordinates found in D:/Photos/iphone/Photos\2025.12.25-23.48.45.494.Athens.JPEG: 37.9695, 23.7305
2026-05-23 15:29:50 - media_renamer_app - INFO - City resolved for D:/Photos/iphone/Photos\2025.12.25-23.48.45.494.Athens.JPEG: Athens
2026-05-23 15:29:50 - media_renamer_app - INFO - Successfully extracted date from image D:/Photos/iphone/Photos\2025.12.25-23.48.54.495.Athens.JPEG: 2025-12-25 23:48:54
2026-05-23 15:29:50 - media_renamer_app - INFO - GPS coordinates found in D:/Photos/iphone/Photos\2025.12.25-23.48.54.495.Athens.JPEG: 37.9695, 23.7304
2026-05-23 15:29:50 - media_renamer_app - INFO - City resolved for D:/Photos/iphone/Photos\2025.12.25-23.48.54.495.Athens.JPEG: Athens
2026-05-23 15:29:50 - media_renamer_app - INFO - Successfully extracted date from image D:/Photos/iphone/Photos\2025.12.25-23.48.57.496.Athens.JPEG: 2025-12-25 23:48:57
2026-05-23 15:29:50 - media_renamer_app - INFO - GPS coordinates found in D:/Photos/iphone/Photos\2025.12.25-23.48.57.496.Athens.JPEG: 37.9695, 23.7305
2026-05-23 15:29:50 - media_renamer_app - INFO - City resolved for D:/Photos/iphone/Photos\2025.12.25-23.48.57.496.Athens.JPEG: Athens
2026-05-23 15:29:50 - media_renamer_app - INFO - Successfully extracted date from image D:/Photos/iphone/Photos\2025.12.26-00.24.03.497.Athens.JPEG: 2025-12-26 00:24:03
2026-05-23 15:29:50 - media_renamer_app - INFO - GPS coordinates found in D:/Photos/iphone/Photos\2025.12.26-00.24.03.497.Athens.JPEG: 37.9695, 23.7305
2026-05-23 15:29:50 - media_renamer_app - INFO - City resolved for D:/Photos/iphone/Photos\2025.12.26-00.24.03.497.Athens.JPEG: Athens
2026-05-23 15:29:51 - media_renamer_app - INFO - Successfully extracted date from image D:/Photos/iphone/Photos\2025.12.26-00.24.14.498.Athens.JPEG: 2025-12-26 00:24:14
2026-05-23 15:29:51 - media_renamer_app - INFO - GPS coordinates found in D:/Photos/iphone/Photos\2025.12.26-00.24.14.498.Athens.JPEG: 37.9695, 23.7305
2026-05-23 15:29:51 - media_renamer_app - INFO - City resolved for D:/Photos/iphone/Photos\2025.12.26-00.24.14.498.Athens.JPEG: Athens
2026-05-23 15:29:51 - media_renamer_app - INFO - Successfully extracted date from image D:/Photos/iphone/Photos\2025.12.26-00.34.37.499.Athens.JPEG: 2025-12-26 00:34:37
2026-05-23 15:29:51 - media_renamer_app - INFO - GPS coordinates found in D:/Photos/iphone/Photos\2025.12.26-00.34.37.499.Athens.JPEG: 37.9695, 23.7304
2026-05-23 15:29:51 - media_renamer_app - INFO - City resolved for D:/Photos/iphone/Photos\2025.12.26-00.34.37.499.Athens.JPEG: Athens
2026-05-23 15:29:51 - media_renamer_app - INFO - Successfully extracted date from image D:/Photos/iphone/Photos\2025.12.26-00.34.40.500.Athens.JPEG: 2025-12-26 00:34:40
2026-05-23 15:29:51 - media_renamer_app - INFO - GPS coordinates found in D:/Photos/iphone/Photos\2025.12.26-00.34.40.500.Athens.JPEG: 37.9695, 23.7305
2026-05-23 15:29:51 - media_renamer_app - INFO - City resolved for D:/Photos/iphone/Photos\2025.12.26-00.34.40.500.Athens.JPEG: Athens
2026-05-23 15:29:51 - media_renamer_app - INFO - Successfully extracted date from image D:/Photos/iphone/Photos\2025.12.26-00.38.07.501.Athens.HEIC: 2025-12-26 00:38:07
2026-05-23 15:29:51 - media_renamer_app - INFO - GPS coordinates found in D:/Photos/iphone/Photos\2025.12.26-00.38.07.501.Athens.HEIC: 37.9695, 23.7304
2026-05-23 15:29:51 - media_renamer_app - INFO - City resolved for D:/Photos/iphone/Photos\2025.12.26-00.38.07.501.Athens.HEIC: Athens
2026-05-23 15:29:51 - media_renamer_app - INFO - Successfully extracted date from image D:/Photos/iphone/Photos\2025.12.26-00.38.11.502.Athens.HEIC: 2025-12-26 00:38:11
2026-05-23 15:29:51 - media_renamer_app - INFO - GPS coordinates found in D:/Photos/iphone/Photos\2025.12.26-00.38.11.502.Athens.HEIC: 37.9695, 23.7304
2026-05-23 15:29:51 - media_renamer_app - INFO - City resolved for D:/Photos/iphone/Photos\2025.12.26-00.38.11.502.Athens.HEIC: Athens
2026-05-23 15:29:51 - media_renamer_app - INFO - Successfully extracted date from image D:/Photos/iphone/Photos\2025.12.26-00.59.41.503.Athens.JPEG: 2025-12-26 00:59:41
2026-05-23 15:29:51 - media_renamer_app - INFO - GPS coordinates found in D:/Photos/iphone/Photos\2025.12.26-00.59.41.503.Athens.JPEG: 37.9695, 23.7305
2026-05-23 15:29:51 - media_renamer_app - INFO - City resolved for D:/Photos/iphone/Photos\2025.12.26-00.59.41.503.Athens.JPEG: Athens
2026-05-23 15:29:51 - media_renamer_app - INFO - Successfully extracted date from image D:/Photos/iphone/Photos\2025.12.26-01.01.46.504.Athens.JPEG: 2025-12-26 01:01:46
2026-05-23 15:29:51 - media_renamer_app - INFO - GPS coordinates found in D:/Photos/iphone/Photos\2025.12.26-01.01.46.504.Athens.JPEG: 37.9695, 23.7304
2026-05-23 15:29:51 - media_renamer_app - INFO - City resolved for D:/Photos/iphone/Photos\2025.12.26-01.01.46.504.Athens.JPEG: Athens
2026-05-23 15:29:51 - media_renamer_app - INFO - Successfully extracted date from image D:/Photos/iphone/Photos\2025.12.26-01.01.49.505.Athens.JPEG: 2025-12-26 01:01:49
2026-05-23 15:29:51 - media_renamer_app - INFO - GPS coordinates found in D:/Photos/iphone/Photos\2025.12.26-01.01.49.505.Athens.JPEG: 37.9695, 23.7304
2026-05-23 15:29:51 - media_renamer_app - INFO - City resolved for D:/Photos/iphone/Photos\2025.12.26-01.01.49.505.Athens.JPEG: Athens
2026-05-23 15:29:51 - media_renamer_app - INFO - Successfully extracted date from image D:/Photos/iphone/Photos\2025.12.26-01.01.51.506.Athens.JPEG: 2025-12-26 01:01:51
2026-05-23 15:29:51 - media_renamer_app - INFO - GPS coordinates found in D:/Photos/iphone/Photos\2025.12.26-01.01.51.506.Athens.JPEG: 37.9695, 23.7304
2026-05-23 15:29:51 - media_renamer_app - INFO - City resolved for D:/Photos/iphone/Photos\2025.12.26-01.01.51.506.Athens.JPEG: Athens
2026-05-23 15:29:51 - media_renamer_app - INFO - Successfully extracted date from image D:/Photos/iphone/Photos\2025.12.26-01.01.53.507.Athens.JPEG: 2025-12-26 01:01:53
2026-05-23 15:29:51 - media_renamer_app - INFO - GPS coordinates found in D:/Photos/iphone/Photos\2025.12.26-01.01.53.507.Athens.JPEG: 37.9695, 23.7304
2026-05-23 15:29:51 - media_renamer_app - INFO - City resolved for D:/Photos/iphone/Photos\2025.12.26-01.01.53.507.Athens.JPEG: Athens
2026-05-23 15:29:51 - media_renamer_app - INFO - Successfully extracted date from image D:/Photos/iphone/Photos\2025.12.28-11.07.21.508.Oropos.JPG: 2025-12-28 11:07:21
2026-05-23 15:29:51 - media_renamer_app - INFO - GPS coordinates found in D:/Photos/iphone/Photos\2025.12.28-11.07.21.508.Oropos.JPG: 38.2334, 23.8947
2026-05-23 15:29:51 - media_renamer_app - INFO - City resolved for D:/Photos/iphone/Photos\2025.12.28-11.07.21.508.Oropos.JPG: Oropos
2026-05-23 15:29:51 - media_renamer_app - INFO - Successfully extracted date from image D:/Photos/iphone/Photos\2025.12.28-11.07.24.509.Oropos.JPG: 2025-12-28 11:07:24
2026-05-23 15:29:51 - media_renamer_app - INFO - GPS coordinates found in D:/Photos/iphone/Photos\2025.12.28-11.07.24.509.Oropos.JPG: 38.2334, 23.8947
2026-05-23 15:29:51 - media_renamer_app - INFO - City resolved for D:/Photos/iphone/Photos\2025.12.28-11.07.24.509.Oropos.JPG: Oropos
2026-05-23 15:29:51 - media_renamer_app - INFO - Successfully extracted date from image D:/Photos/iphone/Photos\2025.12.28-11.07.30.510.Oropos.JPG: 2025-12-28 11:07:30
2026-05-23 15:29:51 - media_renamer_app - INFO - GPS coordinates found in D:/Photos/iphone/Photos\2025.12.28-11.07.30.510.Oropos.JPG: 38.2334, 23.8948
2026-05-23 15:29:51 - media_renamer_app - INFO - City resolved for D:/Photos/iphone/Photos\2025.12.28-11.07.30.510.Oropos.JPG: Oropos
2026-05-23 15:29:51 - media_renamer_app - INFO - Successfully extracted date from image D:/Photos/iphone/Photos\2025.12.28-12.46.57.511.Oropos.JPG: 2025-12-28 12:46:57
2026-05-23 15:29:51 - media_renamer_app - INFO - GPS coordinates found in D:/Photos/iphone/Photos\2025.12.28-12.46.57.511.Oropos.JPG: 38.2328, 23.8963
2026-05-23 15:29:51 - media_renamer_app - INFO - City resolved for D:/Photos/iphone/Photos\2025.12.28-12.46.57.511.Oropos.JPG: Oropos
2026-05-23 15:29:51 - media_renamer_app - INFO - Successfully extracted date from image D:/Photos/iphone/Photos\2025.12.28-12.46.59.512.Oropos.JPG: 2025-12-28 12:46:59
2026-05-23 15:29:51 - media_renamer_app - INFO - GPS coordinates found in D:/Photos/iphone/Photos\2025.12.28-12.46.59.512.Oropos.JPG: 38.2328, 23.8963
2026-05-23 15:29:51 - media_renamer_app - INFO - City resolved for D:/Photos/iphone/Photos\2025.12.28-12.46.59.512.Oropos.JPG: Oropos
2026-05-23 15:29:51 - media_renamer_app - INFO - Successfully extracted date from image D:/Photos/iphone/Photos\2025.12.28-12.47.02.513.Oropos.JPG: 2025-12-28 12:47:02
2026-05-23 15:29:51 - media_renamer_app - INFO - GPS coordinates found in D:/Photos/iphone/Photos\2025.12.28-12.47.02.513.Oropos.JPG: 38.2328, 23.8963
2026-05-23 15:29:51 - media_renamer_app - INFO - City resolved for D:/Photos/iphone/Photos\2025.12.28-12.47.02.513.Oropos.JPG: Oropos
2026-05-23 15:29:51 - media_renamer_app - INFO - Successfully extracted date from image D:/Photos/iphone/Photos\2025.12.28-12.47.57.514.Oropos.JPG: 2025-12-28 12:47:57
2026-05-23 15:29:51 - media_renamer_app - INFO - GPS coordinates found in D:/Photos/iphone/Photos\2025.12.28-12.47.57.514.Oropos.JPG: 38.2328, 23.8963
2026-05-23 15:29:51 - media_renamer_app - INFO - City resolved for D:/Photos/iphone/Photos\2025.12.28-12.47.57.514.Oropos.JPG: Oropos
2026-05-23 15:29:51 - media_renamer_app - INFO - Successfully extracted date from image D:/Photos/iphone/Photos\2025.12.28-12.48.05.515.Oropos.JPG: 2025-12-28 12:48:05
2026-05-23 15:29:51 - media_renamer_app - INFO - GPS coordinates found in D:/Photos/iphone/Photos\2025.12.28-12.48.05.515.Oropos.JPG: 38.2328, 23.8963
2026-05-23 15:29:51 - media_renamer_app - INFO - City resolved for D:/Photos/iphone/Photos\2025.12.28-12.48.05.515.Oropos.JPG: Oropos
2026-05-23 15:29:51 - media_renamer_app - INFO - Successfully extracted date from image D:/Photos/iphone/Photos\2025.12.28-12.48.27.516.Oropos.JPG: 2025-12-28 12:48:27
2026-05-23 15:29:51 - media_renamer_app - INFO - GPS coordinates found in D:/Photos/iphone/Photos\2025.12.28-12.48.27.516.Oropos.JPG: 38.2328, 23.8963
2026-05-23 15:29:51 - media_renamer_app - INFO - City resolved for D:/Photos/iphone/Photos\2025.12.28-12.48.27.516.Oropos.JPG: Oropos
2026-05-23 15:29:51 - media_renamer_app - INFO - Successfully extracted date from image D:/Photos/iphone/Photos\2025.12.28-12.48.32.517.Oropos.JPG: 2025-12-28 12:48:32
2026-05-23 15:29:51 - media_renamer_app - INFO - GPS coordinates found in D:/Photos/iphone/Photos\2025.12.28-12.48.32.517.Oropos.JPG: 38.2328, 23.8963
2026-05-23 15:29:51 - media_renamer_app - INFO - City resolved for D:/Photos/iphone/Photos\2025.12.28-12.48.32.517.Oropos.JPG: Oropos
2026-05-23 15:29:51 - media_renamer_app - INFO - Successfully extracted date from image D:/Photos/iphone/Photos\2025.12.28-12.48.35.518.Oropos.JPG: 2025-12-28 12:48:35
2026-05-23 15:29:51 - media_renamer_app - INFO - GPS coordinates found in D:/Photos/iphone/Photos\2025.12.28-12.48.35.518.Oropos.JPG: 38.2328, 23.8963
2026-05-23 15:29:51 - media_renamer_app - INFO - City resolved for D:/Photos/iphone/Photos\2025.12.28-12.48.35.518.Oropos.JPG: Oropos
2026-05-23 15:29:51 - media_renamer_app - INFO - Successfully extracted date from image D:/Photos/iphone/Photos\2025.12.28-12.48.38.519.Oropos.JPG: 2025-12-28 12:48:38
2026-05-23 15:29:51 - media_renamer_app - INFO - GPS coordinates found in D:/Photos/iphone/Photos\2025.12.28-12.48.38.519.Oropos.JPG: 38.2328, 23.8963
2026-05-23 15:29:51 - media_renamer_app - INFO - City resolved for D:/Photos/iphone/Photos\2025.12.28-12.48.38.519.Oropos.JPG: Oropos
2026-05-23 15:29:51 - media_renamer_app - INFO - Successfully extracted date from image D:/Photos/iphone/Photos\2025.12.28-12.52.18.520.Oropos.JPG: 2025-12-28 12:52:18
2026-05-23 15:29:51 - media_renamer_app - INFO - GPS coordinates found in D:/Photos/iphone/Photos\2025.12.28-12.52.18.520.Oropos.JPG: 38.2327, 23.8964
2026-05-23 15:29:51 - media_renamer_app - INFO - City resolved for D:/Photos/iphone/Photos\2025.12.28-12.52.18.520.Oropos.JPG: Oropos
2026-05-23 15:29:51 - media_renamer_app - INFO - Successfully extracted date from image D:/Photos/iphone/Photos\2025.12.28-12.52.40.521.Oropos.JPG: 2025-12-28 12:52:40
2026-05-23 15:29:51 - media_renamer_app - INFO - GPS coordinates found in D:/Photos/iphone/Photos\2025.12.28-12.52.40.521.Oropos.JPG: 38.2327, 23.8964
2026-05-23 15:29:51 - media_renamer_app - INFO - City resolved for D:/Photos/iphone/Photos\2025.12.28-12.52.40.521.Oropos.JPG: Oropos
2026-05-23 15:29:51 - media_renamer_app - INFO - Successfully extracted date from image D:/Photos/iphone/Photos\2025.12.28-12.54.23.522.Oropos.JPG: 2025-12-28 12:54:23
2026-05-23 15:29:51 - media_renamer_app - INFO - GPS coordinates found in D:/Photos/iphone/Photos\2025.12.28-12.54.23.522.Oropos.JPG: 38.2327, 23.8964
2026-05-23 15:29:51 - media_renamer_app - INFO - City resolved for D:/Photos/iphone/Photos\2025.12.28-12.54.23.522.Oropos.JPG: Oropos
2026-05-23 15:29:51 - media_renamer_app - INFO - Successfully extracted date from image D:/Photos/iphone/Photos\2025.12.28-12.54.24.523.Oropos.JPG: 2025-12-28 12:54:24
2026-05-23 15:29:51 - media_renamer_app - INFO - GPS coordinates found in D:/Photos/iphone/Photos\2025.12.28-12.54.24.523.Oropos.JPG: 38.2327, 23.8964
2026-05-23 15:29:51 - media_renamer_app - INFO - City resolved for D:/Photos/iphone/Photos\2025.12.28-12.54.24.523.Oropos.JPG: Oropos
2026-05-23 15:29:51 - media_renamer_app - INFO - Successfully extracted date from image D:/Photos/iphone/Photos\2025.12.28-12.54.31.524.Oropos.JPG: 2025-12-28 12:54:31
2026-05-23 15:29:51 - media_renamer_app - INFO - GPS coordinates found in D:/Photos/iphone/Photos\2025.12.28-12.54.31.524.Oropos.JPG: 38.2327, 23.8964
2026-05-23 15:29:51 - media_renamer_app - INFO - City resolved for D:/Photos/iphone/Photos\2025.12.28-12.54.31.524.Oropos.JPG: Oropos
2026-05-23 15:29:51 - media_renamer_app - INFO - Successfully extracted date from image D:/Photos/iphone/Photos\2025.12.28-12.54.33.525.Oropos.JPG: 2025-12-28 12:54:33
2026-05-23 15:29:51 - media_renamer_app - INFO - GPS coordinates found in D:/Photos/iphone/Photos\2025.12.28-12.54.33.525.Oropos.JPG: 38.2327, 23.8964
2026-05-23 15:29:51 - media_renamer_app - INFO - City resolved for D:/Photos/iphone/Photos\2025.12.28-12.54.33.525.Oropos.JPG: Oropos
2026-05-23 15:29:51 - media_renamer_app - INFO - Successfully extracted date from image D:/Photos/iphone/Photos\2025.12.28-12.54.34.526.Oropos.JPG: 2025-12-28 12:54:34
2026-05-23 15:29:51 - media_renamer_app - INFO - GPS coordinates found in D:/Photos/iphone/Photos\2025.12.28-12.54.34.526.Oropos.JPG: 38.2327, 23.8964
2026-05-23 15:29:51 - media_renamer_app - INFO - City resolved for D:/Photos/iphone/Photos\2025.12.28-12.54.34.526.Oropos.JPG: Oropos
2026-05-23 15:29:51 - media_renamer_app - INFO - Successfully extracted date from image D:/Photos/iphone/Photos\2025.12.28-13.07.37.527.Oropos.JPG: 2025-12-28 13:07:37
2026-05-23 15:29:51 - media_renamer_app - INFO - GPS coordinates found in D:/Photos/iphone/Photos\2025.12.28-13.07.37.527.Oropos.JPG: 38.2326, 23.8961
2026-05-23 15:29:51 - media_renamer_app - INFO - City resolved for D:/Photos/iphone/Photos\2025.12.28-13.07.37.527.Oropos.JPG: Oropos
2026-05-23 15:29:51 - media_renamer_app - INFO - Successfully extracted date from image D:/Photos/iphone/Photos\2025.12.28-13.19.54.528.Oropos.JPEG: 2025-12-28 13:19:54
2026-05-23 15:29:51 - media_renamer_app - INFO - GPS coordinates found in D:/Photos/iphone/Photos\2025.12.28-13.19.54.528.Oropos.JPEG: 38.2337, 23.8934
2026-05-23 15:29:51 - media_renamer_app - INFO - City resolved for D:/Photos/iphone/Photos\2025.12.28-13.19.54.528.Oropos.JPEG: Oropos
2026-05-23 15:29:51 - media_renamer_app - INFO - Successfully extracted date from image D:/Photos/iphone/Photos\2025.12.30-01.43.38.529..jpg: 2025-12-30 01:43:38
2026-05-23 15:29:51 - media_renamer_app - INFO - Successfully extracted date from image D:/Photos/iphone/Photos\2026.01.01-00.25.52.530.Kifisia.JPG: 2026-01-01 00:25:52
2026-05-23 15:29:51 - media_renamer_app - INFO - GPS coordinates found in D:/Photos/iphone/Photos\2026.01.01-00.25.52.530.Kifisia.JPG: 38.0896, 23.7919
2026-05-23 15:29:51 - media_renamer_app - INFO - City resolved for D:/Photos/iphone/Photos\2026.01.01-00.25.52.530.Kifisia.JPG: Kifisia
2026-05-23 15:29:51 - media_renamer_app - INFO - Successfully extracted date from image D:/Photos/iphone/Photos\2026.01.01-00.26.01.531.Kifisia.JPG: 2026-01-01 00:26:01
2026-05-23 15:29:51 - media_renamer_app - INFO - GPS coordinates found in D:/Photos/iphone/Photos\2026.01.01-00.26.01.531.Kifisia.JPG: 38.0896, 23.7919
2026-05-23 15:29:51 - media_renamer_app - INFO - City resolved for D:/Photos/iphone/Photos\2026.01.01-00.26.01.531.Kifisia.JPG: Kifisia
2026-05-23 15:29:51 - media_renamer_app - INFO - Successfully extracted date from image D:/Photos/iphone/Photos\2026.01.01-00.27.52.532.Kifisia.JPG: 2026-01-01 00:27:52
2026-05-23 15:29:51 - media_renamer_app - INFO - GPS coordinates found in D:/Photos/iphone/Photos\2026.01.01-00.27.52.532.Kifisia.JPG: 38.0896, 23.7921
2026-05-23 15:29:52 - media_renamer_app - INFO - City resolved for D:/Photos/iphone/Photos\2026.01.01-00.27.52.532.Kifisia.JPG: Kifisia
2026-05-23 15:29:52 - media_renamer_app - INFO - Successfully extracted date from image D:/Photos/iphone/Photos\2026.01.01-00.27.56.533.Kifisia.JPG: 2026-01-01 00:27:56
2026-05-23 15:29:52 - media_renamer_app - INFO - GPS coordinates found in D:/Photos/iphone/Photos\2026.01.01-00.27.56.533.Kifisia.JPG: 38.0896, 23.7921
2026-05-23 15:29:52 - media_renamer_app - INFO - City resolved for D:/Photos/iphone/Photos\2026.01.01-00.27.56.533.Kifisia.JPG: Kifisia
2026-05-23 15:29:52 - media_renamer_app - INFO - Successfully extracted date from image D:/Photos/iphone/Photos\2026.01.01-00.28.15.534.Kifisia.JPG: 2026-01-01 00:28:15
2026-05-23 15:29:52 - media_renamer_app - INFO - GPS coordinates found in D:/Photos/iphone/Photos\2026.01.01-00.28.15.534.Kifisia.JPG: 38.0896, 23.7921
2026-05-23 15:29:52 - media_renamer_app - INFO - City resolved for D:/Photos/iphone/Photos\2026.01.01-00.28.15.534.Kifisia.JPG: Kifisia
2026-05-23 15:29:52 - media_renamer_app - INFO - Successfully extracted date from image D:/Photos/iphone/Photos\2026.01.01-00.31.32.535.Kifisia.HEIC: 2026-01-01 00:31:32
2026-05-23 15:29:52 - media_renamer_app - INFO - GPS coordinates found in D:/Photos/iphone/Photos\2026.01.01-00.31.32.535.Kifisia.HEIC: 38.0896, 23.7920
2026-05-23 15:29:52 - media_renamer_app - INFO - City resolved for D:/Photos/iphone/Photos\2026.01.01-00.31.32.535.Kifisia.HEIC: Kifisia
2026-05-23 15:29:52 - media_renamer_app - INFO - Successfully extracted date from image D:/Photos/iphone/Photos\2026.01.01-00.31.36.536.Kifisia.HEIC: 2026-01-01 00:31:36
2026-05-23 15:29:52 - media_renamer_app - INFO - GPS coordinates found in D:/Photos/iphone/Photos\2026.01.01-00.31.36.536.Kifisia.HEIC: 38.0896, 23.7920
2026-05-23 15:29:52 - media_renamer_app - INFO - City resolved for D:/Photos/iphone/Photos\2026.01.01-00.31.36.536.Kifisia.HEIC: Kifisia
2026-05-23 15:29:52 - media_renamer_app - INFO - Successfully extracted date from image D:/Photos/iphone/Photos\2026.01.02-17.44.23.537.AgiaParaskevi.JPG: 2026-01-02 17:44:23
2026-05-23 15:29:52 - media_renamer_app - INFO - GPS coordinates found in D:/Photos/iphone/Photos\2026.01.02-17.44.23.537.AgiaParaskevi.JPG: 38.0149, 23.8204
2026-05-23 15:29:52 - media_renamer_app - INFO - City resolved for D:/Photos/iphone/Photos\2026.01.02-17.44.23.537.AgiaParaskevi.JPG: Agia Paraskevi
2026-05-23 15:29:52 - media_renamer_app - INFO - Successfully extracted date from image D:/Photos/iphone/Photos\2026.01.02-17.44.31.538.AgiaParaskevi.JPG: 2026-01-02 17:44:31
2026-05-23 15:29:52 - media_renamer_app - INFO - GPS coordinates found in D:/Photos/iphone/Photos\2026.01.02-17.44.31.538.AgiaParaskevi.JPG: 38.0149, 23.8204
2026-05-23 15:29:52 - media_renamer_app - INFO - City resolved for D:/Photos/iphone/Photos\2026.01.02-17.44.31.538.AgiaParaskevi.JPG: Agia Paraskevi
2026-05-23 15:29:52 - media_renamer_app - INFO - Successfully extracted date from image D:/Photos/iphone/Photos\2026.01.02-21.10.53.539.AgiaParaskevi.JPG: 2026-01-02 21:10:53
2026-05-23 15:29:52 - media_renamer_app - INFO - GPS coordinates found in D:/Photos/iphone/Photos\2026.01.02-21.10.53.539.AgiaParaskevi.JPG: 38.0149, 23.8204
2026-05-23 15:29:52 - media_renamer_app - INFO - City resolved for D:/Photos/iphone/Photos\2026.01.02-21.10.53.539.AgiaParaskevi.JPG: Agia Paraskevi
2026-05-23 15:29:52 - media_renamer_app - INFO - Successfully extracted date from image D:/Photos/iphone/Photos\2026.01.02-21.12.35.540.AgiaParaskevi.JPG: 2026-01-02 21:12:35
2026-05-23 15:29:52 - media_renamer_app - INFO - GPS coordinates found in D:/Photos/iphone/Photos\2026.01.02-21.12.35.540.AgiaParaskevi.JPG: 38.0149, 23.8204
2026-05-23 15:29:52 - media_renamer_app - INFO - City resolved for D:/Photos/iphone/Photos\2026.01.02-21.12.35.540.AgiaParaskevi.JPG: Agia Paraskevi
2026-05-23 15:29:52 - media_renamer_app - INFO - Successfully extracted date from image D:/Photos/iphone/Photos\2026.01.17-19.15.21.541.AgiaParaskevi.JPG: 2026-01-17 19:15:21
2026-05-23 15:29:52 - media_renamer_app - INFO - GPS coordinates found in D:/Photos/iphone/Photos\2026.01.17-19.15.21.541.AgiaParaskevi.JPG: 38.0149, 23.8204
2026-05-23 15:29:52 - media_renamer_app - INFO - City resolved for D:/Photos/iphone/Photos\2026.01.17-19.15.21.541.AgiaParaskevi.JPG: Agia Paraskevi
2026-05-23 15:29:52 - media_renamer_app - INFO - Successfully extracted date from image D:/Photos/iphone/Photos\2026.01.17-19.18.23.542.AgiaParaskevi.JPG: 2026-01-17 19:18:23
2026-05-23 15:29:52 - media_renamer_app - INFO - GPS coordinates found in D:/Photos/iphone/Photos\2026.01.17-19.18.23.542.AgiaParaskevi.JPG: 38.0149, 23.8204
2026-05-23 15:29:52 - media_renamer_app - INFO - City resolved for D:/Photos/iphone/Photos\2026.01.17-19.18.23.542.AgiaParaskevi.JPG: Agia Paraskevi
2026-05-23 15:29:52 - media_renamer_app - INFO - Successfully extracted date from image D:/Photos/iphone/Photos\2026.01.17-19.18.48.543.AgiaParaskevi.JPG: 2026-01-17 19:18:48
2026-05-23 15:29:52 - media_renamer_app - INFO - GPS coordinates found in D:/Photos/iphone/Photos\2026.01.17-19.18.48.543.AgiaParaskevi.JPG: 38.0149, 23.8204
2026-05-23 15:29:52 - media_renamer_app - INFO - City resolved for D:/Photos/iphone/Photos\2026.01.17-19.18.48.543.AgiaParaskevi.JPG: Agia Paraskevi
2026-05-23 15:29:52 - media_renamer_app - INFO - Successfully extracted date from image D:/Photos/iphone/Photos\2026.01.17-19.18.54.544.AgiaParaskevi.JPG: 2026-01-17 19:18:54
2026-05-23 15:29:52 - media_renamer_app - INFO - GPS coordinates found in D:/Photos/iphone/Photos\2026.01.17-19.18.54.544.AgiaParaskevi.JPG: 38.0149, 23.8204
2026-05-23 15:29:52 - media_renamer_app - INFO - City resolved for D:/Photos/iphone/Photos\2026.01.17-19.18.54.544.AgiaParaskevi.JPG: Agia Paraskevi
2026-05-23 15:29:52 - media_renamer_app - INFO - Successfully extracted date from image D:/Photos/iphone/Photos\2026.01.23-20.07.23.545.AgiaParaskevi.HEIC: 2026-01-23 20:07:23
2026-05-23 15:29:52 - media_renamer_app - INFO - GPS coordinates found in D:/Photos/iphone/Photos\2026.01.23-20.07.23.545.AgiaParaskevi.HEIC: 38.0149, 23.8204
2026-05-23 15:29:52 - media_renamer_app - INFO - City resolved for D:/Photos/iphone/Photos\2026.01.23-20.07.23.545.AgiaParaskevi.HEIC: Agia Paraskevi
2026-05-23 15:29:52 - media_renamer_app - INFO - Successfully extracted date from image D:/Photos/iphone/Photos\2026.01.24-14.30.15.546.AgiaParaskevi.JPG: 2026-01-24 14:30:15
2026-05-23 15:29:52 - media_renamer_app - INFO - GPS coordinates found in D:/Photos/iphone/Photos\2026.01.24-14.30.15.546.AgiaParaskevi.JPG: 38.0126, 23.8198
2026-05-23 15:29:52 - media_renamer_app - INFO - City resolved for D:/Photos/iphone/Photos\2026.01.24-14.30.15.546.AgiaParaskevi.JPG: Agia Paraskevi
2026-05-23 15:29:52 - media_renamer_app - INFO - Successfully extracted date from image D:/Photos/iphone/Photos\2026.01.31-13.49.46.547.AgiaParaskevi.HEIC: 2026-01-31 13:49:46
2026-05-23 15:29:52 - media_renamer_app - INFO - GPS coordinates found in D:/Photos/iphone/Photos\2026.01.31-13.49.46.547.AgiaParaskevi.HEIC: 38.0149, 23.8204
2026-05-23 15:29:52 - media_renamer_app - INFO - City resolved for D:/Photos/iphone/Photos\2026.01.31-13.49.46.547.AgiaParaskevi.HEIC: Agia Paraskevi
2026-05-23 15:29:52 - media_renamer_app - INFO - Successfully extracted date from image D:/Photos/iphone/Photos\2026.01.31-13.50.01.548.AgiaParaskevi.HEIC: 2026-01-31 13:50:01
2026-05-23 15:29:52 - media_renamer_app - INFO - GPS coordinates found in D:/Photos/iphone/Photos\2026.01.31-13.50.01.548.AgiaParaskevi.HEIC: 38.0149, 23.8204
2026-05-23 15:29:52 - media_renamer_app - INFO - City resolved for D:/Photos/iphone/Photos\2026.01.31-13.50.01.548.AgiaParaskevi.HEIC: Agia Paraskevi
2026-05-23 15:29:52 - media_renamer_app - INFO - Successfully extracted date from image D:/Photos/iphone/Photos\2026.01.31-13.50.13.549.AgiaParaskevi.HEIC: 2026-01-31 13:50:13
2026-05-23 15:29:52 - media_renamer_app - INFO - GPS coordinates found in D:/Photos/iphone/Photos\2026.01.31-13.50.13.549.AgiaParaskevi.HEIC: 38.0148, 23.8204
2026-05-23 15:29:52 - media_renamer_app - INFO - City resolved for D:/Photos/iphone/Photos\2026.01.31-13.50.13.549.AgiaParaskevi.HEIC: Agia Paraskevi
2026-05-23 15:29:52 - media_renamer_app - INFO - Successfully extracted date from image D:/Photos/iphone/Photos\2026.02.05-18.02.14.550.Marousi.JPG: 2026-02-05 18:02:14
2026-05-23 15:29:52 - media_renamer_app - INFO - GPS coordinates found in D:/Photos/iphone/Photos\2026.02.05-18.02.14.550.Marousi.JPG: 38.0378, 23.7848
2026-05-23 15:29:52 - media_renamer_app - INFO - City resolved for D:/Photos/iphone/Photos\2026.02.05-18.02.14.550.Marousi.JPG: Marousi
2026-05-23 15:29:52 - media_renamer_app - INFO - Successfully extracted date from image D:/Photos/iphone/Photos\2026.02.05-18.02.37.551.Marousi.JPG: 2026-02-05 18:02:37
2026-05-23 15:29:52 - media_renamer_app - INFO - GPS coordinates found in D:/Photos/iphone/Photos\2026.02.05-18.02.37.551.Marousi.JPG: 38.0381, 23.7846
2026-05-23 15:29:52 - media_renamer_app - INFO - City resolved for D:/Photos/iphone/Photos\2026.02.05-18.02.37.551.Marousi.JPG: Marousi
2026-05-23 15:29:52 - media_renamer_app - INFO - Successfully extracted date from image D:/Photos/iphone/Photos\2026.02.05-18.04.17.552.Marousi.HEIC: 2026-02-05 18:04:17
2026-05-23 15:29:52 - media_renamer_app - INFO - GPS coordinates found in D:/Photos/iphone/Photos\2026.02.05-18.04.17.552.Marousi.HEIC: 38.0379, 23.7846
2026-05-23 15:29:52 - media_renamer_app - INFO - City resolved for D:/Photos/iphone/Photos\2026.02.05-18.04.17.552.Marousi.HEIC: Marousi
2026-05-23 15:29:52 - media_renamer_app - INFO - Successfully extracted date from image D:/Photos/iphone/Photos\2026.02.05-18.04.17.553.Marousi.HEIC: 2026-02-05 18:04:17
2026-05-23 15:29:52 - media_renamer_app - INFO - GPS coordinates found in D:/Photos/iphone/Photos\2026.02.05-18.04.17.553.Marousi.HEIC: 38.0379, 23.7846
2026-05-23 15:29:52 - media_renamer_app - INFO - City resolved for D:/Photos/iphone/Photos\2026.02.05-18.04.17.553.Marousi.HEIC: Marousi
2026-05-23 15:29:52 - media_renamer_app - INFO - Successfully extracted date from image D:/Photos/iphone/Photos\2026.02.05-18.04.17.554.Marousi.HEIC: 2026-02-05 18:04:17
2026-05-23 15:29:52 - media_renamer_app - INFO - GPS coordinates found in D:/Photos/iphone/Photos\2026.02.05-18.04.17.554.Marousi.HEIC: 38.0379, 23.7846
2026-05-23 15:29:52 - media_renamer_app - INFO - City resolved for D:/Photos/iphone/Photos\2026.02.05-18.04.17.554.Marousi.HEIC: Marousi
2026-05-23 15:29:52 - media_renamer_app - INFO - Successfully extracted date from image D:/Photos/iphone/Photos\2026.02.05-18.04.32.555.Marousi.JPG: 2026-02-05 18:04:32
2026-05-23 15:29:52 - media_renamer_app - INFO - GPS coordinates found in D:/Photos/iphone/Photos\2026.02.05-18.04.32.555.Marousi.JPG: 38.0380, 23.7845
2026-05-23 15:29:52 - media_renamer_app - INFO - City resolved for D:/Photos/iphone/Photos\2026.02.05-18.04.32.555.Marousi.JPG: Marousi
2026-05-23 15:29:52 - media_renamer_app - INFO - Successfully extracted date from image D:/Photos/iphone/Photos\2026.02.05-18.08.34.556.Marousi.JPG: 2026-02-05 18:08:34
2026-05-23 15:29:52 - media_renamer_app - INFO - GPS coordinates found in D:/Photos/iphone/Photos\2026.02.05-18.08.34.556.Marousi.JPG: 38.0380, 23.7847
2026-05-23 15:29:52 - media_renamer_app - INFO - City resolved for D:/Photos/iphone/Photos\2026.02.05-18.08.34.556.Marousi.JPG: Marousi
2026-05-23 15:29:52 - media_renamer_app - INFO - Successfully extracted date from image D:/Photos/iphone/Photos\2026.02.05-18.08.39.557.Marousi.JPG: 2026-02-05 18:08:39
2026-05-23 15:29:52 - media_renamer_app - INFO - GPS coordinates found in D:/Photos/iphone/Photos\2026.02.05-18.08.39.557.Marousi.JPG: 38.0378, 23.7846
2026-05-23 15:29:52 - media_renamer_app - INFO - City resolved for D:/Photos/iphone/Photos\2026.02.05-18.08.39.557.Marousi.JPG: Marousi
2026-05-23 15:29:52 - media_renamer_app - INFO - Successfully extracted date from image D:/Photos/iphone/Photos\2026.02.05-18.09.14.558.Marousi.JPG: 2026-02-05 18:09:14
2026-05-23 15:29:52 - media_renamer_app - INFO - GPS coordinates found in D:/Photos/iphone/Photos\2026.02.05-18.09.14.558.Marousi.JPG: 38.0379, 23.7847
2026-05-23 15:29:52 - media_renamer_app - INFO - City resolved for D:/Photos/iphone/Photos\2026.02.05-18.09.14.558.Marousi.JPG: Marousi
2026-05-23 15:29:52 - media_renamer_app - INFO - Successfully extracted date from image D:/Photos/iphone/Photos\2026.02.05-19.30.25.559.Marousi.JPG: 2026-02-05 19:30:25
2026-05-23 15:29:52 - media_renamer_app - INFO - GPS coordinates found in D:/Photos/iphone/Photos\2026.02.05-19.30.25.559.Marousi.JPG: 38.0378, 23.7846
2026-05-23 15:29:52 - media_renamer_app - INFO - City resolved for D:/Photos/iphone/Photos\2026.02.05-19.30.25.559.Marousi.JPG: Marousi
2026-05-23 15:29:52 - media_renamer_app - INFO - Successfully extracted date from image D:/Photos/iphone/Photos\2026.02.05-19.31.36.560.Marousi.JPG: 2026-02-05 19:31:36
2026-05-23 15:29:52 - media_renamer_app - INFO - GPS coordinates found in D:/Photos/iphone/Photos\2026.02.05-19.31.36.560.Marousi.JPG: 38.0380, 23.7846
2026-05-23 15:29:52 - media_renamer_app - INFO - City resolved for D:/Photos/iphone/Photos\2026.02.05-19.31.36.560.Marousi.JPG: Marousi
2026-05-23 15:29:52 - media_renamer_app - INFO - Successfully extracted date from image D:/Photos/iphone/Photos\2026.02.05-19.32.56.561.Marousi.JPG: 2026-02-05 19:32:56
2026-05-23 15:29:52 - media_renamer_app - INFO - GPS coordinates found in D:/Photos/iphone/Photos\2026.02.05-19.32.56.561.Marousi.JPG: 38.0380, 23.7847
2026-05-23 15:29:52 - media_renamer_app - INFO - City resolved for D:/Photos/iphone/Photos\2026.02.05-19.32.56.561.Marousi.JPG: Marousi
2026-05-23 15:29:52 - media_renamer_app - INFO - Successfully extracted date from image D:/Photos/iphone/Photos\2026.02.08-20.51.07.562.AgiaParaskevi.HEIC: 2026-02-08 20:51:07
2026-05-23 15:29:52 - media_renamer_app - INFO - GPS coordinates found in D:/Photos/iphone/Photos\2026.02.08-20.51.07.562.AgiaParaskevi.HEIC: 38.0149, 23.8204
2026-05-23 15:29:52 - media_renamer_app - INFO - City resolved for D:/Photos/iphone/Photos\2026.02.08-20.51.07.562.AgiaParaskevi.HEIC: Agia Paraskevi
2026-05-23 15:29:52 - media_renamer_app - INFO - Successfully extracted date from image D:/Photos/iphone/Photos\2026.02.12-18.35.41.563.Chalandri.HEIC: 2026-02-12 18:35:41
2026-05-23 15:29:52 - media_renamer_app - INFO - GPS coordinates found in D:/Photos/iphone/Photos\2026.02.12-18.35.41.563.Chalandri.HEIC: 38.0111, 23.7939
2026-05-23 15:29:52 - media_renamer_app - INFO - City resolved for D:/Photos/iphone/Photos\2026.02.12-18.35.41.563.Chalandri.HEIC: Chalandri
2026-05-23 15:29:52 - media_renamer_app - INFO - Successfully extracted date from image D:/Photos/iphone/Photos\2026.02.14-11.46.04.564.MunicipaUnitofFalanthos.JPG: 2026-02-14 11:46:04
2026-05-23 15:29:52 - media_renamer_app - INFO - GPS coordinates found in D:/Photos/iphone/Photos\2026.02.14-11.46.04.564.MunicipaUnitofFalanthos.JPG: 37.5740, 22.2376
2026-05-23 15:29:52 - media_renamer_app - INFO - City resolved for D:/Photos/iphone/Photos\2026.02.14-11.46.04.564.MunicipaUnitofFalanthos.JPG: Municipa Unit of Falanthos
2026-05-23 15:29:52 - media_renamer_app - INFO - Successfully extracted date from image D:/Photos/iphone/Photos\2026.02.14-11.46.08.565.MunicipaUnitofFalanthos.JPG: 2026-02-14 11:46:08
2026-05-23 15:29:52 - media_renamer_app - INFO - GPS coordinates found in D:/Photos/iphone/Photos\2026.02.14-11.46.08.565.MunicipaUnitofFalanthos.JPG: 37.5740, 22.2376
2026-05-23 15:29:52 - media_renamer_app - INFO - City resolved for D:/Photos/iphone/Photos\2026.02.14-11.46.08.565.MunicipaUnitofFalanthos.JPG: Municipa Unit of Falanthos
2026-05-23 15:29:52 - media_renamer_app - INFO - Successfully extracted date from image D:/Photos/iphone/Photos\2026.02.14-11.46.14.566.MunicipaUnitofFalanthos.JPG: 2026-02-14 11:46:14
2026-05-23 15:29:52 - media_renamer_app - INFO - GPS coordinates found in D:/Photos/iphone/Photos\2026.02.14-11.46.14.566.MunicipaUnitofFalanthos.JPG: 37.5740, 22.2376
2026-05-23 15:29:52 - media_renamer_app - INFO - City resolved for D:/Photos/iphone/Photos\2026.02.14-11.46.14.566.MunicipaUnitofFalanthos.JPG: Municipa Unit of Falanthos
2026-05-23 15:29:52 - media_renamer_app - INFO - Successfully extracted date from image D:/Photos/iphone/Photos\2026.02.14-14.59.15.567.Trikolonoi.JPG: 2026-02-14 14:59:15
2026-05-23 15:29:52 - media_renamer_app - INFO - GPS coordinates found in D:/Photos/iphone/Photos\2026.02.14-14.59.15.567.Trikolonoi.JPG: 37.5541, 22.0807
2026-05-23 15:29:52 - media_renamer_app - INFO - City resolved for D:/Photos/iphone/Photos\2026.02.14-14.59.15.567.Trikolonoi.JPG: Trikolonoi
2026-05-23 15:29:52 - media_renamer_app - INFO - Successfully extracted date from image D:/Photos/iphone/Photos\2026.02.14-14.59.25.568.Trikolonoi.JPG: 2026-02-14 14:59:25
2026-05-23 15:29:52 - media_renamer_app - INFO - GPS coordinates found in D:/Photos/iphone/Photos\2026.02.14-14.59.25.568.Trikolonoi.JPG: 37.5542, 22.0807
2026-05-23 15:29:52 - media_renamer_app - INFO - City resolved for D:/Photos/iphone/Photos\2026.02.14-14.59.25.568.Trikolonoi.JPG: Trikolonoi
2026-05-23 15:29:52 - media_renamer_app - INFO - Successfully extracted date from image D:/Photos/iphone/Photos\2026.02.14-22.49.46.569.MunicipaUnitofFalanthos.JPG: 2026-02-14 22:49:46
2026-05-23 15:29:52 - media_renamer_app - INFO - GPS coordinates found in D:/Photos/iphone/Photos\2026.02.14-22.49.46.569.MunicipaUnitofFalanthos.JPG: 37.5730, 22.2377
2026-05-23 15:29:52 - media_renamer_app - INFO - City resolved for D:/Photos/iphone/Photos\2026.02.14-22.49.46.569.MunicipaUnitofFalanthos.JPG: Municipa Unit of Falanthos
2026-05-23 15:29:52 - media_renamer_app - INFO - Successfully extracted date from image D:/Photos/iphone/Photos\2026.02.15-09.34.13.570.MunicipaUnitofFalanthos.JPG: 2026-02-15 09:34:13
2026-05-23 15:29:52 - media_renamer_app - INFO - GPS coordinates found in D:/Photos/iphone/Photos\2026.02.15-09.34.13.570.MunicipaUnitofFalanthos.JPG: 37.5540, 22.2591
2026-05-23 15:29:52 - media_renamer_app - INFO - City resolved for D:/Photos/iphone/Photos\2026.02.15-09.34.13.570.MunicipaUnitofFalanthos.JPG: Municipa Unit of Falanthos
2026-05-23 15:29:53 - media_renamer_app - INFO - Successfully extracted date from image D:/Photos/iphone/Photos\2026.02.15-14.38.49.571.MunicipaUnitofFalanthos.JPG: 2026-02-15 14:38:49
2026-05-23 15:29:53 - media_renamer_app - INFO - GPS coordinates found in D:/Photos/iphone/Photos\2026.02.15-14.38.49.571.MunicipaUnitofFalanthos.JPG: 37.5745, 22.2402
2026-05-23 15:29:53 - media_renamer_app - INFO - City resolved for D:/Photos/iphone/Photos\2026.02.15-14.38.49.571.MunicipaUnitofFalanthos.JPG: Municipa Unit of Falanthos
2026-05-23 15:29:53 - media_renamer_app - INFO - Successfully extracted date from image D:/Photos/iphone/Photos\2026.02.15-14.40.21.572.MunicipaUnitofFalanthos.HEIC: 2026-02-15 14:40:21
2026-05-23 15:29:53 - media_renamer_app - INFO - GPS coordinates found in D:/Photos/iphone/Photos\2026.02.15-14.40.21.572.MunicipaUnitofFalanthos.HEIC: 37.5741, 22.2377
2026-05-23 15:29:53 - media_renamer_app - INFO - City resolved for D:/Photos/iphone/Photos\2026.02.15-14.40.21.572.MunicipaUnitofFalanthos.HEIC: Municipa Unit of Falanthos
2026-05-23 15:29:53 - media_renamer_app - INFO - Successfully extracted date from image D:/Photos/iphone/Photos\2026.02.15-14.40.24.573.MunicipaUnitofFalanthos.HEIC: 2026-02-15 14:40:24
2026-05-23 15:29:53 - media_renamer_app - INFO - GPS coordinates found in D:/Photos/iphone/Photos\2026.02.15-14.40.24.573.MunicipaUnitofFalanthos.HEIC: 37.5741, 22.2377
2026-05-23 15:29:53 - media_renamer_app - INFO - City resolved for D:/Photos/iphone/Photos\2026.02.15-14.40.24.573.MunicipaUnitofFalanthos.HEIC: Municipa Unit of Falanthos
2026-05-23 15:29:53 - media_renamer_app - INFO - Successfully extracted date from image D:/Photos/iphone/Photos\2026.02.15-14.40.27.574.MunicipaUnitofFalanthos.HEIC: 2026-02-15 14:40:27
2026-05-23 15:29:53 - media_renamer_app - INFO - GPS coordinates found in D:/Photos/iphone/Photos\2026.02.15-14.40.27.574.MunicipaUnitofFalanthos.HEIC: 37.5741, 22.2377
2026-05-23 15:29:53 - media_renamer_app - INFO - City resolved for D:/Photos/iphone/Photos\2026.02.15-14.40.27.574.MunicipaUnitofFalanthos.HEIC: Municipa Unit of Falanthos
2026-05-23 15:29:53 - media_renamer_app - INFO - Successfully extracted date from image D:/Photos/iphone/Photos\2026.02.15-14.40.43.575.MunicipaUnitofFalanthos.JPG: 2026-02-15 14:40:43
2026-05-23 15:29:53 - media_renamer_app - INFO - GPS coordinates found in D:/Photos/iphone/Photos\2026.02.15-14.40.43.575.MunicipaUnitofFalanthos.JPG: 37.5734, 22.2379
2026-05-23 15:29:53 - media_renamer_app - INFO - City resolved for D:/Photos/iphone/Photos\2026.02.15-14.40.43.575.MunicipaUnitofFalanthos.JPG: Municipa Unit of Falanthos
2026-05-23 15:29:53 - media_renamer_app - INFO - Successfully extracted date from image D:/Photos/iphone/Photos\2026.02.15-17.31.31.576.MunicipaUnitofFalanthos.JPG: 2026-02-15 17:31:31
2026-05-23 15:29:53 - media_renamer_app - INFO - GPS coordinates found in D:/Photos/iphone/Photos\2026.02.15-17.31.31.576.MunicipaUnitofFalanthos.JPG: 37.5741, 22.2377
2026-05-23 15:29:53 - media_renamer_app - INFO - City resolved for D:/Photos/iphone/Photos\2026.02.15-17.31.31.576.MunicipaUnitofFalanthos.JPG: Municipa Unit of Falanthos
2026-05-23 15:29:53 - media_renamer_app - INFO - Successfully extracted date from image D:/Photos/iphone/Photos\2026.02.15-17.31.35.577.MunicipaUnitofFalanthos.JPG: 2026-02-15 17:31:35
2026-05-23 15:29:53 - media_renamer_app - INFO - GPS coordinates found in D:/Photos/iphone/Photos\2026.02.15-17.31.35.577.MunicipaUnitofFalanthos.JPG: 37.5741, 22.2376
2026-05-23 15:29:53 - media_renamer_app - INFO - City resolved for D:/Photos/iphone/Photos\2026.02.15-17.31.35.577.MunicipaUnitofFalanthos.JPG: Municipa Unit of Falanthos
2026-05-23 15:29:53 - media_renamer_app - INFO - Successfully extracted date from image D:/Photos/iphone/Photos\2026.02.15-17.32.05.578.MunicipaUnitofFalanthos.JPG: 2026-02-15 17:32:05
2026-05-23 15:29:53 - media_renamer_app - INFO - GPS coordinates found in D:/Photos/iphone/Photos\2026.02.15-17.32.05.578.MunicipaUnitofFalanthos.JPG: 37.5742, 22.2377
2026-05-23 15:29:53 - media_renamer_app - INFO - City resolved for D:/Photos/iphone/Photos\2026.02.15-17.32.05.578.MunicipaUnitofFalanthos.JPG: Municipa Unit of Falanthos
2026-05-23 15:29:53 - media_renamer_app - INFO - Successfully extracted date from image D:/Photos/iphone/Photos\2026.02.15-17.32.44.579.MunicipaUnitofFalanthos.JPG: 2026-02-15 17:32:44
2026-05-23 15:29:53 - media_renamer_app - INFO - GPS coordinates found in D:/Photos/iphone/Photos\2026.02.15-17.32.44.579.MunicipaUnitofFalanthos.JPG: 37.5743, 22.2378
2026-05-23 15:29:53 - media_renamer_app - INFO - City resolved for D:/Photos/iphone/Photos\2026.02.15-17.32.44.579.MunicipaUnitofFalanthos.JPG: Municipa Unit of Falanthos
2026-05-23 15:29:53 - media_renamer_app - INFO - Successfully extracted date from image D:/Photos/iphone/Photos\2026.02.15-17.32.47.580.MunicipaUnitofFalanthos.JPG: 2026-02-15 17:32:47
2026-05-23 15:29:53 - media_renamer_app - INFO - GPS coordinates found in D:/Photos/iphone/Photos\2026.02.15-17.32.47.580.MunicipaUnitofFalanthos.JPG: 37.5742, 22.2378
2026-05-23 15:29:53 - media_renamer_app - INFO - City resolved for D:/Photos/iphone/Photos\2026.02.15-17.32.47.580.MunicipaUnitofFalanthos.JPG: Municipa Unit of Falanthos
2026-05-23 15:29:53 - media_renamer_app - INFO - Successfully extracted date from image D:/Photos/iphone/Photos\2026.02.15-17.32.51.581.MunicipaUnitofFalanthos.JPG: 2026-02-15 17:32:51
2026-05-23 15:29:53 - media_renamer_app - INFO - GPS coordinates found in D:/Photos/iphone/Photos\2026.02.15-17.32.51.581.MunicipaUnitofFalanthos.JPG: 37.5742, 22.2378
2026-05-23 15:29:53 - media_renamer_app - INFO - City resolved for D:/Photos/iphone/Photos\2026.02.15-17.32.51.581.MunicipaUnitofFalanthos.JPG: Municipa Unit of Falanthos
2026-05-23 15:29:53 - media_renamer_app - INFO - Successfully extracted date from image D:/Photos/iphone/Photos\2026.02.19-18.04.02.582.AgiaParaskevi.JPG: 2026-02-19 18:04:02
2026-05-23 15:29:53 - media_renamer_app - INFO - GPS coordinates found in D:/Photos/iphone/Photos\2026.02.19-18.04.02.582.AgiaParaskevi.JPG: 38.0148, 23.8208
2026-05-23 15:29:53 - media_renamer_app - INFO - City resolved for D:/Photos/iphone/Photos\2026.02.19-18.04.02.582.AgiaParaskevi.JPG: Agia Paraskevi
2026-05-23 15:29:53 - media_renamer_app - INFO - Successfully extracted date from image D:/Photos/iphone/Photos\2026.02.22-23.04.54.583.GerakasMunicipalUnit.JPG: 2026-02-22 23:04:54
2026-05-23 15:29:53 - media_renamer_app - INFO - GPS coordinates found in D:/Photos/iphone/Photos\2026.02.22-23.04.54.583.GerakasMunicipalUnit.JPG: 38.0270, 23.8470
2026-05-23 15:29:53 - media_renamer_app - INFO - City resolved for D:/Photos/iphone/Photos\2026.02.22-23.04.54.583.GerakasMunicipalUnit.JPG: Gerakas Municipal Unit
2026-05-23 15:29:53 - media_renamer_app - INFO - Successfully extracted date from image D:/Photos/iphone/Photos\2026.02.23-20.01.33.584.NeoPsychiko.JPG: 2026-02-23 20:01:33
2026-05-23 15:29:53 - media_renamer_app - INFO - GPS coordinates found in D:/Photos/iphone/Photos\2026.02.23-20.01.33.584.NeoPsychiko.JPG: 38.0051, 23.7854
2026-05-23 15:29:53 - media_renamer_app - INFO - City resolved for D:/Photos/iphone/Photos\2026.02.23-20.01.33.584.NeoPsychiko.JPG: Neo Psychiko
2026-05-23 15:29:53 - media_renamer_app - INFO - Successfully extracted date from image D:/Photos/iphone/Photos\2026.02.23-20.01.40.585.NeoPsychiko.JPG: 2026-02-23 20:01:40
2026-05-23 15:29:53 - media_renamer_app - INFO - GPS coordinates found in D:/Photos/iphone/Photos\2026.02.23-20.01.40.585.NeoPsychiko.JPG: 38.0051, 23.7854
2026-05-23 15:29:53 - media_renamer_app - INFO - City resolved for D:/Photos/iphone/Photos\2026.02.23-20.01.40.585.NeoPsychiko.JPG: Neo Psychiko
2026-05-23 15:29:53 - media_renamer_app - INFO - Successfully extracted date from image D:/Photos/iphone/Photos\2026.02.23-20.01.47.586.NeoPsychiko.JPG: 2026-02-23 20:01:47
2026-05-23 15:29:53 - media_renamer_app - INFO - GPS coordinates found in D:/Photos/iphone/Photos\2026.02.23-20.01.47.586.NeoPsychiko.JPG: 38.0051, 23.7854
2026-05-23 15:29:53 - media_renamer_app - INFO - City resolved for D:/Photos/iphone/Photos\2026.02.23-20.01.47.586.NeoPsychiko.JPG: Neo Psychiko
2026-05-23 15:29:53 - media_renamer_app - INFO - Successfully extracted date from image D:/Photos/iphone/Photos\2026.02.23-20.03.31.587.NeoPsychiko.JPG: 2026-02-23 20:03:31
2026-05-23 15:29:53 - media_renamer_app - INFO - GPS coordinates found in D:/Photos/iphone/Photos\2026.02.23-20.03.31.587.NeoPsychiko.JPG: 38.0051, 23.7854
2026-05-23 15:29:53 - media_renamer_app - INFO - City resolved for D:/Photos/iphone/Photos\2026.02.23-20.03.31.587.NeoPsychiko.JPG: Neo Psychiko
2026-05-23 15:29:53 - media_renamer_app - INFO - Successfully extracted date from image D:/Photos/iphone/Photos\2026.02.23-20.03.33.588.NeoPsychiko.JPG: 2026-02-23 20:03:33
2026-05-23 15:29:53 - media_renamer_app - INFO - GPS coordinates found in D:/Photos/iphone/Photos\2026.02.23-20.03.33.588.NeoPsychiko.JPG: 38.0051, 23.7854
2026-05-23 15:29:53 - media_renamer_app - INFO - City resolved for D:/Photos/iphone/Photos\2026.02.23-20.03.33.588.NeoPsychiko.JPG: Neo Psychiko
2026-05-23 15:29:53 - media_renamer_app - INFO - Successfully extracted date from image D:/Photos/iphone/Photos\2026.02.23-20.03.35.589.NeoPsychiko.JPG: 2026-02-23 20:03:35
2026-05-23 15:29:53 - media_renamer_app - INFO - GPS coordinates found in D:/Photos/iphone/Photos\2026.02.23-20.03.35.589.NeoPsychiko.JPG: 38.0051, 23.7854
2026-05-23 15:29:53 - media_renamer_app - INFO - City resolved for D:/Photos/iphone/Photos\2026.02.23-20.03.35.589.NeoPsychiko.JPG: Neo Psychiko
2026-05-23 15:29:53 - media_renamer_app - INFO - Successfully extracted date from image D:/Photos/iphone/Photos\2026.02.26-22.50.48.590.AgiaParaskevi.HEIC: 2026-02-26 22:50:48
2026-05-23 15:29:53 - media_renamer_app - INFO - GPS coordinates found in D:/Photos/iphone/Photos\2026.02.26-22.50.48.590.AgiaParaskevi.HEIC: 38.0150, 23.8204
2026-05-23 15:29:53 - media_renamer_app - INFO - City resolved for D:/Photos/iphone/Photos\2026.02.26-22.50.48.590.AgiaParaskevi.HEIC: Agia Paraskevi
2026-05-23 15:29:53 - media_renamer_app - INFO - Successfully extracted date from image D:/Photos/iphone/Photos\2026.02.27-07.55.29.591.AgiaParaskevi.JPG: 2026-02-27 07:55:29
2026-05-23 15:29:53 - media_renamer_app - INFO - GPS coordinates found in D:/Photos/iphone/Photos\2026.02.27-07.55.29.591.AgiaParaskevi.JPG: 38.0148, 23.8207
2026-05-23 15:29:53 - media_renamer_app - INFO - City resolved for D:/Photos/iphone/Photos\2026.02.27-07.55.29.591.AgiaParaskevi.JPG: Agia Paraskevi
2026-05-23 15:29:53 - media_renamer_app - INFO - Successfully extracted date from image D:/Photos/iphone/Photos\2026.03.05-18.20.05.593.AgiaParaskevi.JPG: 2026-03-05 18:20:05
2026-05-23 15:29:53 - media_renamer_app - INFO - GPS coordinates found in D:/Photos/iphone/Photos\2026.03.05-18.20.05.593.AgiaParaskevi.JPG: 38.0149, 23.8207
2026-05-23 15:29:53 - media_renamer_app - INFO - City resolved for D:/Photos/iphone/Photos\2026.03.05-18.20.05.593.AgiaParaskevi.JPG: Agia Paraskevi
2026-05-23 15:29:53 - media_renamer_app - INFO - Successfully extracted date from image D:/Photos/iphone/Photos\2026.03.05-18.20.19.594.AgiaParaskevi.JPG: 2026-03-05 18:20:19
2026-05-23 15:29:53 - media_renamer_app - INFO - GPS coordinates found in D:/Photos/iphone/Photos\2026.03.05-18.20.19.594.AgiaParaskevi.JPG: 38.0148, 23.8207
2026-05-23 15:29:53 - media_renamer_app - INFO - City resolved for D:/Photos/iphone/Photos\2026.03.05-18.20.19.594.AgiaParaskevi.JPG: Agia Paraskevi
2026-05-23 15:29:53 - media_renamer_app - INFO - File discovery completed: 576 files processed, 0 without metadata
2026-05-23 15:30:36 - media_renamer_app - INFO - User initiated application shutdown
2026-05-23 15:30:36 - media_renamer_app - INFO - Settings saved on application close
2026-05-23 15:30:36 - media_renamer_app - INFO - City cache saved successfully: 112 entries
2026-05-23 15:30:36 - media_renamer_app - INFO - Application shutdown completed
2026-05-23 15:30:36 - media_renamer_app - INFO - Application completed successfully
2026-05-23 15:30:36 - media_renamer_app - INFO - Application shutting down...
2026-05-23 15:30:36 - media_renamer_app - INFO - City cache saved successfully
2026-05-23 15:30:36 - media_renamer_app - INFO - Application shutdown complete
