2026-03-15 22:26:33 - === File Processing Session Started ===
2026-03-15 22:28:13 - SESSION_START: {'total_files': 1598, 'folder_path': 'D:\\Photos\\iphone'}
2026-03-15 22:28:13 - PROGRESS: {'current': 1, 'total': 1598, 'filename': '02052026193224934.jpeg'}
2026-03-15 22:28:13 - RENAMED: '02052026193224934.jpeg' -> '02052026193224934_c1.jpeg'
2026-03-15 22:28:13 - PROGRESS: {'current': 2, 'total': 1598, 'filename': '02152026143915195.jpeg'}
2026-03-15 22:28:13 - RENAMED: '02152026143915195.jpeg' -> '02152026143915195_c1.jpeg'
2026-03-15 22:28:13 - PROGRESS: {'current': 3, 'total': 1598, 'filename': '0E1FDBA6-6DC6-4D09-812C-AD851B6D7B3A.jpg'}
2026-03-15 22:28:13 - RENAMED: '0E1FDBA6-6DC6-4D09-812C-AD851B6D7B3A.jpg' -> ' 2025.09.06-16.02.57.003..jpg'
2026-03-15 22:28:13 - PROGRESS: {'current': 4, 'total': 1598, 'filename': '1000000016.jpeg'}
2026-03-15 22:28:13 - RENAMED: '1000000016.jpeg' -> ' 2022.12.02-17.31.50.004..jpeg'
2026-03-15 22:28:13 - PROGRESS: {'current': 5, 'total': 1598, 'filename': '1000000020.jpg'}
2026-03-15 22:28:13 - RENAMED: '1000000020.jpg' -> ' 2022.12.02-17.35.57.005..jpg'
2026-03-15 22:28:13 - PROGRESS: {'current': 6, 'total': 1598, 'filename': '1000000021.jpeg'}
2026-03-15 22:28:13 - RENAMED: '1000000021.jpeg' -> ' 2022.12.02-22.08.26.006..jpeg'
2026-03-15 22:28:13 - PROGRESS: {'current': 7, 'total': 1598, 'filename': '1000000178.jpg'}
2026-03-15 22:28:13 - RENAMED: '1000000178.jpg' -> ' 2022.12.17-12.21.32.007..jpg'
2026-03-15 22:28:13 - PROGRESS: {'current': 8, 'total': 1598, 'filename': '1000000180.jpg'}
2026-03-15 22:28:13 - RENAMED: '1000000180.jpg' -> '1000000180_c1.jpg'
2026-03-15 22:28:13 - PROGRESS: {'current': 9, 'total': 1598, 'filename': '1000000181.jpg'}
2026-03-15 22:28:13 - RENAMED: '1000000181.jpg' -> '1000000181_c1.jpg'
2026-03-15 22:28:13 - PROGRESS: {'current': 10, 'total': 1598, 'filename': '1000000185.jpg'}
2026-03-15 22:28:13 - RENAMED: '1000000185.jpg' -> '1000000185_c1.jpg'
2026-03-15 22:28:13 - PROGRESS: {'current': 11, 'total': 1598, 'filename': '1000000266.mp4'}
2026-03-15 22:28:13 - RENAMED: '1000000266.mp4' -> '1000000266_c1.mp4'
2026-03-15 22:28:13 - PROGRESS: {'current': 12, 'total': 1598, 'filename': '1000000281.jpg'}
2026-03-15 22:28:13 - RENAMED: '1000000281.jpg' -> '1000000281_c1.jpg'
2026-03-15 22:28:13 - PROGRESS: {'current': 13, 'total': 1598, 'filename': '1000000282.mp4'}
2026-03-15 22:28:13 - RENAMED: '1000000282.mp4' -> '1000000282_c1.mp4'
2026-03-15 22:28:13 - PROGRESS: {'current': 14, 'total': 1598, 'filename': '1000000440.mp4'}
2026-03-15 22:28:13 - RENAMED: '1000000440.mp4' -> '1000000440_c1.mp4'
2026-03-15 22:28:13 - PROGRESS: {'current': 15, 'total': 1598, 'filename': '1000001133.jpg'}
2026-03-15 22:28:13 - RENAMED: '1000001133.jpg' -> '1000001133_c1.jpg'
2026-03-15 22:28:13 - PROGRESS: {'current': 16, 'total': 1598, 'filename': '1000001175.mp4'}
2026-03-15 22:28:13 - RENAMED: '1000001175.mp4' -> '1000001175_c1.mp4'
2026-03-15 22:28:13 - PROGRESS: {'current': 17, 'total': 1598, 'filename': '1000001179.mp4'}
2026-03-15 22:28:13 - RENAMED: '1000001179.mp4' -> '1000001179_c1.mp4'
2026-03-15 22:28:13 - PROGRESS: {'current': 18, 'total': 1598, 'filename': '1000001184.mp4'}
2026-03-15 22:28:13 - RENAMED: '1000001184.mp4' -> '1000001184_c1.mp4'
2026-03-15 22:28:13 - PROGRESS: {'current': 19, 'total': 1598, 'filename': '1000001188.mp4'}
2026-03-15 22:28:13 - RENAMED: '1000001188.mp4' -> '1000001188_c1.mp4'
2026-03-15 22:28:13 - PROGRESS: {'current': 20, 'total': 1598, 'filename': '1000001192.mp4'}
2026-03-15 22:28:13 - RENAMED: '1000001192.mp4' -> '1000001192_c1.mp4'
2026-03-15 22:28:13 - PROGRESS: {'current': 21, 'total': 1598, 'filename': '1000001196.mp4'}
2026-03-15 22:28:13 - RENAMED: '1000001196.mp4' -> '1000001196_c1.mp4'
2026-03-15 22:28:13 - PROGRESS: {'current': 22, 'total': 1598, 'filename': '1000001200.mp4'}
2026-03-15 22:28:13 - RENAMED: '1000001200.mp4' -> '1000001200_c1.mp4'
2026-03-15 22:28:13 - PROGRESS: {'current': 23, 'total': 1598, 'filename': '1000001418.mp4'}
2026-03-15 22:28:13 - RENAMED: '1000001418.mp4' -> '1000001418_c1.mp4'
2026-03-15 22:28:13 - PROGRESS: {'current': 24, 'total': 1598, 'filename': '1000001443.mp4'}
2026-03-15 22:28:13 - RENAMED: '1000001443.mp4' -> '1000001443_c1.mp4'
2026-03-15 22:28:13 - PROGRESS: {'current': 25, 'total': 1598, 'filename': '1000001447.mp4'}
2026-03-15 22:28:13 - RENAMED: '1000001447.mp4' -> '1000001447_c1.mp4'
2026-03-15 22:28:13 - PROGRESS: {'current': 26, 'total': 1598, 'filename': '1000001521.jpg'}
2026-03-15 22:28:13 - RENAMED: '1000001521.jpg' -> '1000001521_c1.jpg'
2026-03-15 22:28:13 - PROGRESS: {'current': 27, 'total': 1598, 'filename': '1000001626.jpg'}
2026-03-15 22:28:13 - RENAMED: '1000001626.jpg' -> '1000001626_c1.jpg'
2026-03-15 22:28:13 - PROGRESS: {'current': 28, 'total': 1598, 'filename': '1000001801.jpg'}
2026-03-15 22:28:13 - RENAMED: '1000001801.jpg' -> '1000001801_c1.jpg'
2026-03-15 22:28:13 - PROGRESS: {'current': 29, 'total': 1598, 'filename': '1000001929.jpg'}
2026-03-15 22:28:13 - RENAMED: '1000001929.jpg' -> '1000001929_c1.jpg'
2026-03-15 22:28:13 - PROGRESS: {'current': 30, 'total': 1598, 'filename': '1000001977.jpg'}
2026-03-15 22:28:13 - RENAMED: '1000001977.jpg' -> '1000001977_c1.jpg'
2026-03-15 22:28:13 - PROGRESS: {'current': 31, 'total': 1598, 'filename': '1000001982.jpg'}
2026-03-15 22:28:13 - RENAMED: '1000001982.jpg' -> '1000001982_c1.jpg'
2026-03-15 22:28:13 - PROGRESS: {'current': 32, 'total': 1598, 'filename': '1000002015.mp4'}
2026-03-15 22:28:13 - RENAMED: '1000002015.mp4' -> '1000002015_c1.mp4'
2026-03-15 22:28:13 - PROGRESS: {'current': 33, 'total': 1598, 'filename': '1000002055.jpg'}
2026-03-15 22:28:13 - RENAMED: '1000002055.jpg' -> '1000002055_c1.jpg'
2026-03-15 22:28:13 - PROGRESS: {'current': 34, 'total': 1598, 'filename': '1000002120.mp4'}
2026-03-15 22:28:13 - RENAMED: '1000002120.mp4' -> '1000002120_c1.mp4'
2026-03-15 22:28:13 - PROGRESS: {'current': 35, 'total': 1598, 'filename': '1000002173.jpg'}
2026-03-15 22:28:13 - RENAMED: '1000002173.jpg' -> '1000002173_c1.jpg'
2026-03-15 22:28:13 - PROGRESS: {'current': 36, 'total': 1598, 'filename': '1000002176.jpg'}
2026-03-15 22:28:13 - RENAMED: '1000002176.jpg' -> '1000002176_c1.jpg'
2026-03-15 22:28:13 - PROGRESS: {'current': 37, 'total': 1598, 'filename': '1000002179.jpg'}
2026-03-15 22:28:13 - RENAMED: '1000002179.jpg' -> '1000002179_c1.jpg'
2026-03-15 22:28:13 - PROGRESS: {'current': 38, 'total': 1598, 'filename': '1000002182.jpg'}
2026-03-15 22:28:13 - RENAMED: '1000002182.jpg' -> '1000002182_c1.jpg'
2026-03-15 22:28:13 - PROGRESS: {'current': 39, 'total': 1598, 'filename': '1000002185.jpg'}
2026-03-15 22:28:13 - RENAMED: '1000002185.jpg' -> '1000002185_c1.jpg'
2026-03-15 22:28:13 - PROGRESS: {'current': 40, 'total': 1598, 'filename': '1000002188.jpg'}
2026-03-15 22:28:13 - RENAMED: '1000002188.jpg' -> '1000002188_c1.jpg'
2026-03-15 22:28:13 - PROGRESS: {'current': 41, 'total': 1598, 'filename': '1000002191.jpg'}
2026-03-15 22:28:13 - RENAMED: '1000002191.jpg' -> '1000002191_c1.jpg'
2026-03-15 22:28:13 - PROGRESS: {'current': 42, 'total': 1598, 'filename': '1000002194.jpg'}
2026-03-15 22:28:13 - RENAMED: '1000002194.jpg' -> '1000002194_c1.jpg'
2026-03-15 22:28:13 - PROGRESS: {'current': 43, 'total': 1598, 'filename': '1000002197.jpg'}
2026-03-15 22:28:13 - RENAMED: '1000002197.jpg' -> '1000002197_c1.jpg'
2026-03-15 22:28:13 - PROGRESS: {'current': 44, 'total': 1598, 'filename': '1000002200.jpg'}
2026-03-15 22:28:13 - RENAMED: '1000002200.jpg' -> '1000002200_c1.jpg'
2026-03-15 22:28:13 - PROGRESS: {'current': 45, 'total': 1598, 'filename': '1000002203.jpg'}
2026-03-15 22:28:13 - RENAMED: '1000002203.jpg' -> '1000002203_c1.jpg'
2026-03-15 22:28:13 - PROGRESS: {'current': 46, 'total': 1598, 'filename': '1000002206.jpg'}
2026-03-15 22:28:13 - RENAMED: '1000002206.jpg' -> '1000002206_c1.jpg'
2026-03-15 22:28:13 - PROGRESS: {'current': 47, 'total': 1598, 'filename': '1000002209.jpg'}
2026-03-15 22:28:13 - RENAMED: '1000002209.jpg' -> '1000002209_c1.jpg'
2026-03-15 22:28:13 - PROGRESS: {'current': 48, 'total': 1598, 'filename': '1000002212.jpg'}
2026-03-15 22:28:13 - RENAMED: '1000002212.jpg' -> '1000002212_c1.jpg'
2026-03-15 22:28:13 - PROGRESS: {'current': 49, 'total': 1598, 'filename': '1000002215.jpg'}
2026-03-15 22:28:13 - RENAMED: '1000002215.jpg' -> '1000002215_c1.jpg'
2026-03-15 22:28:13 - PROGRESS: {'current': 50, 'total': 1598, 'filename': '1000002218.jpg'}
2026-03-15 22:28:13 - RENAMED: '1000002218.jpg' -> '1000002218_c1.jpg'
2026-03-15 22:28:13 - PROGRESS: {'current': 51, 'total': 1598, 'filename': '1000002221.jpg'}
2026-03-15 22:28:13 - RENAMED: '1000002221.jpg' -> '1000002221_c1.jpg'
2026-03-15 22:28:13 - PROGRESS: {'current': 52, 'total': 1598, 'filename': '1000002224.jpg'}
2026-03-15 22:28:13 - RENAMED: '1000002224.jpg' -> '1000002224_c1.jpg'
2026-03-15 22:28:13 - PROGRESS: {'current': 53, 'total': 1598, 'filename': '1000002227.jpg'}
2026-03-15 22:28:13 - RENAMED: '1000002227.jpg' -> '1000002227_c1.jpg'
2026-03-15 22:28:13 - PROGRESS: {'current': 54, 'total': 1598, 'filename': '1000002230.jpg'}
2026-03-15 22:28:13 - RENAMED: '1000002230.jpg' -> '1000002230_c1.jpg'
2026-03-15 22:28:13 - PROGRESS: {'current': 55, 'total': 1598, 'filename': '1000002233.jpg'}
2026-03-15 22:28:13 - RENAMED: '1000002233.jpg' -> '1000002233_c1.jpg'
2026-03-15 22:28:13 - PROGRESS: {'current': 56, 'total': 1598, 'filename': '1000002236.jpg'}
2026-03-15 22:28:13 - RENAMED: '1000002236.jpg' -> '1000002236_c1.jpg'
2026-03-15 22:28:13 - PROGRESS: {'current': 57, 'total': 1598, 'filename': '1000002239.jpg'}
2026-03-15 22:28:13 - RENAMED: '1000002239.jpg' -> '1000002239_c1.jpg'
2026-03-15 22:28:13 - PROGRESS: {'current': 58, 'total': 1598, 'filename': '1000002246.jpg'}
2026-03-15 22:28:13 - RENAMED: '1000002246.jpg' -> '1000002246_c1.jpg'
2026-03-15 22:28:13 - PROGRESS: {'current': 59, 'total': 1598, 'filename': '1000002249.jpg'}
2026-03-15 22:28:13 - RENAMED: '1000002249.jpg' -> '1000002249_c1.jpg'
2026-03-15 22:28:13 - PROGRESS: {'current': 60, 'total': 1598, 'filename': '1000002252.jpg'}
2026-03-15 22:28:13 - RENAMED: '1000002252.jpg' -> '1000002252_c1.jpg'
2026-03-15 22:28:13 - PROGRESS: {'current': 61, 'total': 1598, 'filename': '1000002255.jpg'}
2026-03-15 22:28:13 - RENAMED: '1000002255.jpg' -> '1000002255_c1.jpg'
2026-03-15 22:28:13 - PROGRESS: {'current': 62, 'total': 1598, 'filename': '1000002258.jpg'}
2026-03-15 22:28:13 - RENAMED: '1000002258.jpg' -> '1000002258_c1.jpg'
2026-03-15 22:28:13 - PROGRESS: {'current': 63, 'total': 1598, 'filename': '1000002330.mp4'}
2026-03-15 22:28:13 - RENAMED: '1000002330.mp4' -> '1000002330_c1.mp4'
2026-03-15 22:28:13 - PROGRESS: {'current': 64, 'total': 1598, 'filename': '1000002494.jpg'}
2026-03-15 22:28:13 - RENAMED: '1000002494.jpg' -> '1000002494_c1.jpg'
2026-03-15 22:28:13 - PROGRESS: {'current': 65, 'total': 1598, 'filename': '1000002691.jpg'}
2026-03-15 22:28:13 - RENAMED: '1000002691.jpg' -> '1000002691_c1.jpg'
2026-03-15 22:28:13 - PROGRESS: {'current': 66, 'total': 1598, 'filename': '1000002708.jpg'}
2026-03-15 22:28:13 - RENAMED: '1000002708.jpg' -> '1000002708_c1.jpg'
2026-03-15 22:28:13 - PROGRESS: {'current': 67, 'total': 1598, 'filename': '1000002711.jpeg'}
2026-03-15 22:28:13 - RENAMED: '1000002711.jpeg' -> ' 2023.06.24-12.21.54.067..jpeg'
2026-03-15 22:28:13 - PROGRESS: {'current': 68, 'total': 1598, 'filename': '1000002713.jpg'}
2026-03-15 22:28:13 - RENAMED: '1000002713.jpg' -> '1000002713_c1.jpg'
2026-03-15 22:28:13 - PROGRESS: {'current': 69, 'total': 1598, 'filename': '1000002720-1.mp4'}
2026-03-15 22:28:13 - RENAMED: '1000002720-1.mp4' -> '1000002720-1_c1.mp4'
2026-03-15 22:28:13 - PROGRESS: {'current': 70, 'total': 1598, 'filename': '1000002720.mp4'}
2026-03-15 22:28:13 - RENAMED: '1000002720.mp4' -> '1000002720_c1.mp4'
2026-03-15 22:28:13 - PROGRESS: {'current': 71, 'total': 1598, 'filename': '1000002722.jpg'}
2026-03-15 22:28:13 - RENAMED: '1000002722.jpg' -> '1000002722_c1.jpg'
2026-03-15 22:28:13 - PROGRESS: {'current': 72, 'total': 1598, 'filename': '1000002725.jpg'}
2026-03-15 22:28:13 - RENAMED: '1000002725.jpg' -> '1000002725_c1.jpg'
2026-03-15 22:28:13 - PROGRESS: {'current': 73, 'total': 1598, 'filename': '1000002728.mp4'}
2026-03-15 22:28:13 - RENAMED: '1000002728.mp4' -> '1000002728_c1.mp4'
2026-03-15 22:28:13 - PROGRESS: {'current': 74, 'total': 1598, 'filename': '1000002732.mp4'}
2026-03-15 22:28:13 - RENAMED: '1000002732.mp4' -> '1000002732_c1.mp4'
2026-03-15 22:28:13 - PROGRESS: {'current': 75, 'total': 1598, 'filename': '1000002796.jpeg'}
2026-03-15 22:28:13 - RENAMED: '1000002796.jpeg' -> ' 2023.06.25-15.31.25.075..jpeg'
2026-03-15 22:28:13 - PROGRESS: {'current': 76, 'total': 1598, 'filename': '1000002850.mp4'}
2026-03-15 22:28:13 - RENAMED: '1000002850.mp4' -> '1000002850_c1.mp4'
2026-03-15 22:28:13 - PROGRESS: {'current': 77, 'total': 1598, 'filename': '1000002854.jpg'}
2026-03-15 22:28:13 - RENAMED: '1000002854.jpg' -> '1000002854_c1.jpg'
2026-03-15 22:28:13 - PROGRESS: {'current': 78, 'total': 1598, 'filename': '1000002885.jpg'}
2026-03-15 22:28:13 - RENAMED: '1000002885.jpg' -> '1000002885_c1.jpg'
2026-03-15 22:28:13 - PROGRESS: {'current': 79, 'total': 1598, 'filename': '1000002888.jpg'}
2026-03-15 22:28:13 - RENAMED: '1000002888.jpg' -> '1000002888_c1.jpg'
2026-03-15 22:28:13 - PROGRESS: {'current': 80, 'total': 1598, 'filename': '1000002901.jpeg'}
2026-03-15 22:28:13 - RENAMED: '1000002901.jpeg' -> ' 2023.06.28-11.08.26.080..jpeg'
2026-03-15 22:28:13 - PROGRESS: {'current': 81, 'total': 1598, 'filename': '1000002965.jpeg'}
2026-03-15 22:28:13 - RENAMED: '1000002965.jpeg' -> ' 2023.06.29-19.37.54.081..jpeg'
2026-03-15 22:28:13 - PROGRESS: {'current': 82, 'total': 1598, 'filename': '1000002985.mp4'}
2026-03-15 22:28:14 - RENAMED: '1000002985.mp4' -> '1000002985_c1.mp4'
2026-03-15 22:28:14 - PROGRESS: {'current': 83, 'total': 1598, 'filename': '1000002989.mp4'}
2026-03-15 22:28:14 - RENAMED: '1000002989.mp4' -> '1000002989_c1.mp4'
2026-03-15 22:28:14 - PROGRESS: {'current': 84, 'total': 1598, 'filename': '1000003009.mp4'}
2026-03-15 22:28:14 - RENAMED: '1000003009.mp4' -> '1000003009_c1.mp4'
2026-03-15 22:28:14 - PROGRESS: {'current': 85, 'total': 1598, 'filename': '1000003015.jpg'}
2026-03-15 22:28:14 - RENAMED: '1000003015.jpg' -> '1000003015_c1.jpg'
2026-03-15 22:28:14 - PROGRESS: {'current': 86, 'total': 1598, 'filename': '1000003018.jpg'}
2026-03-15 22:28:14 - RENAMED: '1000003018.jpg' -> '1000003018_c1.jpg'
2026-03-15 22:28:14 - PROGRESS: {'current': 87, 'total': 1598, 'filename': '1000003021.jpg'}
2026-03-15 22:28:14 - RENAMED: '1000003021.jpg' -> '1000003021_c1.jpg'
2026-03-15 22:28:14 - PROGRESS: {'current': 88, 'total': 1598, 'filename': '1000003024.mp4'}
2026-03-15 22:28:14 - RENAMED: '1000003024.mp4' -> '1000003024_c1.mp4'
2026-03-15 22:28:14 - PROGRESS: {'current': 89, 'total': 1598, 'filename': '1000003028-1.mp4'}
2026-03-15 22:28:14 - RENAMED: '1000003028-1.mp4' -> '1000003028-1_c1.mp4'
2026-03-15 22:28:14 - PROGRESS: {'current': 90, 'total': 1598, 'filename': '1000003028.mp4'}
2026-03-15 22:28:14 - RENAMED: '1000003028.mp4' -> '1000003028_c1.mp4'
2026-03-15 22:28:14 - PROGRESS: {'current': 91, 'total': 1598, 'filename': '1000003032-1.mp4'}
2026-03-15 22:28:14 - RENAMED: '1000003032-1.mp4' -> '1000003032-1_c1.mp4'
2026-03-15 22:28:14 - PROGRESS: {'current': 92, 'total': 1598, 'filename': '1000003032.mp4'}
2026-03-15 22:28:14 - RENAMED: '1000003032.mp4' -> '1000003032_c1.mp4'
2026-03-15 22:28:14 - PROGRESS: {'current': 93, 'total': 1598, 'filename': '1000003036-1.mp4'}
2026-03-15 22:28:14 - RENAMED: '1000003036-1.mp4' -> '1000003036-1_c1.mp4'
2026-03-15 22:28:14 - PROGRESS: {'current': 94, 'total': 1598, 'filename': '1000003036.mp4'}
2026-03-15 22:28:14 - RENAMED: '1000003036.mp4' -> '1000003036_c1.mp4'
2026-03-15 22:28:14 - PROGRESS: {'current': 95, 'total': 1598, 'filename': '1000003048.jpg'}
2026-03-15 22:28:14 - RENAMED: '1000003048.jpg' -> '1000003048_c1.jpg'
2026-03-15 22:28:14 - PROGRESS: {'current': 96, 'total': 1598, 'filename': '1000003051.jpg'}
2026-03-15 22:28:14 - RENAMED: '1000003051.jpg' -> '1000003051_c1.jpg'
2026-03-15 22:28:14 - PROGRESS: {'current': 97, 'total': 1598, 'filename': '1000003054.jpg'}
2026-03-15 22:28:14 - RENAMED: '1000003054.jpg' -> '1000003054_c1.jpg'
2026-03-15 22:28:14 - PROGRESS: {'current': 98, 'total': 1598, 'filename': '1000003057.jpg'}
2026-03-15 22:28:14 - RENAMED: '1000003057.jpg' -> '1000003057_c1.jpg'
2026-03-15 22:28:14 - PROGRESS: {'current': 99, 'total': 1598, 'filename': '1000003060.mp4'}
2026-03-15 22:28:14 - RENAMED: '1000003060.mp4' -> '1000003060_c1.mp4'
2026-03-15 22:28:14 - PROGRESS: {'current': 100, 'total': 1598, 'filename': '1000003067.mp4'}
2026-03-15 22:28:14 - RENAMED: '1000003067.mp4' -> '1000003067_c1.mp4'
2026-03-15 22:28:14 - PROGRESS: {'current': 101, 'total': 1598, 'filename': '1000003071.mp4'}
2026-03-15 22:28:14 - RENAMED: '1000003071.mp4' -> '1000003071_c1.mp4'
2026-03-15 22:28:14 - PROGRESS: {'current': 102, 'total': 1598, 'filename': '1000003075.jpg'}
2026-03-15 22:28:14 - RENAMED: '1000003075.jpg' -> '1000003075_c1.jpg'
2026-03-15 22:28:14 - PROGRESS: {'current': 103, 'total': 1598, 'filename': '1000003078.jpg'}
2026-03-15 22:28:14 - RENAMED: '1000003078.jpg' -> '1000003078_c1.jpg'
2026-03-15 22:28:14 - PROGRESS: {'current': 104, 'total': 1598, 'filename': '1000003081.jpg'}
2026-03-15 22:28:14 - RENAMED: '1000003081.jpg' -> '1000003081_c1.jpg'
2026-03-15 22:28:14 - PROGRESS: {'current': 105, 'total': 1598, 'filename': '1000003113.jpg'}
2026-03-15 22:28:14 - RENAMED: '1000003113.jpg' -> '1000003113_c1.jpg'
2026-03-15 22:28:14 - PROGRESS: {'current': 106, 'total': 1598, 'filename': '1000003115.jpg'}
2026-03-15 22:28:14 - RENAMED: '1000003115.jpg' -> '1000003115_c1.jpg'
2026-03-15 22:28:14 - PROGRESS: {'current': 107, 'total': 1598, 'filename': '1000003167.jpg'}
2026-03-15 22:28:14 - RENAMED: '1000003167.jpg' -> '1000003167_c1.jpg'
2026-03-15 22:28:14 - PROGRESS: {'current': 108, 'total': 1598, 'filename': '1000003168.jpg'}
2026-03-15 22:28:14 - RENAMED: '1000003168.jpg' -> '1000003168_c1.jpg'
2026-03-15 22:28:14 - PROGRESS: {'current': 109, 'total': 1598, 'filename': '1000003243.jpg'}
2026-03-15 22:28:14 - RENAMED: '1000003243.jpg' -> '1000003243_c1.jpg'
2026-03-15 22:28:14 - PROGRESS: {'current': 110, 'total': 1598, 'filename': '1000003248.jpg'}
2026-03-15 22:28:14 - RENAMED: '1000003248.jpg' -> '1000003248_c1.jpg'
2026-03-15 22:28:14 - PROGRESS: {'current': 111, 'total': 1598, 'filename': '1000003258.jpeg'}
2026-03-15 22:28:14 - RENAMED: '1000003258.jpeg' -> ' 2023.07.13-22.49.41.111..jpeg'
2026-03-15 22:28:14 - PROGRESS: {'current': 112, 'total': 1598, 'filename': '1000003269.mp4'}
2026-03-15 22:28:14 - RENAMED: '1000003269.mp4' -> '1000003269_c1.mp4'
2026-03-15 22:28:14 - PROGRESS: {'current': 113, 'total': 1598, 'filename': '1000003343.jpg'}
2026-03-15 22:28:14 - RENAMED: '1000003343.jpg' -> '1000003343_c1.jpg'
2026-03-15 22:28:14 - PROGRESS: {'current': 114, 'total': 1598, 'filename': '1000003378.jpg'}
2026-03-15 22:28:14 - RENAMED: '1000003378.jpg' -> '1000003378_c1.jpg'
2026-03-15 22:28:14 - PROGRESS: {'current': 115, 'total': 1598, 'filename': '1000003388.jpg'}
2026-03-15 22:28:14 - RENAMED: '1000003388.jpg' -> '1000003388_c1.jpg'
2026-03-15 22:28:14 - PROGRESS: {'current': 116, 'total': 1598, 'filename': '1000003390.mp4'}
2026-03-15 22:28:14 - RENAMED: '1000003390.mp4' -> '1000003390_c1.mp4'
2026-03-15 22:28:14 - PROGRESS: {'current': 117, 'total': 1598, 'filename': '1000003395.jpg'}
2026-03-15 22:28:14 - RENAMED: '1000003395.jpg' -> '1000003395_c1.jpg'
2026-03-15 22:28:14 - PROGRESS: {'current': 118, 'total': 1598, 'filename': '1000003396.mp4'}
2026-03-15 22:28:14 - RENAMED: '1000003396.mp4' -> '1000003396_c1.mp4'
2026-03-15 22:28:14 - PROGRESS: {'current': 119, 'total': 1598, 'filename': '1000003401.mp4'}
2026-03-15 22:28:14 - RENAMED: '1000003401.mp4' -> '1000003401_c1.mp4'
2026-03-15 22:28:14 - PROGRESS: {'current': 120, 'total': 1598, 'filename': '1000003429.jpg'}
2026-03-15 22:28:14 - RENAMED: '1000003429.jpg' -> '1000003429_c1.jpg'
2026-03-15 22:28:14 - PROGRESS: {'current': 121, 'total': 1598, 'filename': '1000003432.jpg'}
2026-03-15 22:28:14 - RENAMED: '1000003432.jpg' -> '1000003432_c1.jpg'
2026-03-15 22:28:14 - PROGRESS: {'current': 122, 'total': 1598, 'filename': '1000003537.jpg'}
2026-03-15 22:28:14 - RENAMED: '1000003537.jpg' -> '1000003537_c1.jpg'
2026-03-15 22:28:14 - PROGRESS: {'current': 123, 'total': 1598, 'filename': '1000003580.jpg'}
2026-03-15 22:28:14 - RENAMED: '1000003580.jpg' -> '1000003580_c1.jpg'
2026-03-15 22:28:14 - PROGRESS: {'current': 124, 'total': 1598, 'filename': '1000003613.jpg'}
2026-03-15 22:28:14 - RENAMED: '1000003613.jpg' -> '1000003613_c1.jpg'
2026-03-15 22:28:14 - PROGRESS: {'current': 125, 'total': 1598, 'filename': '1000003637.mp4'}
2026-03-15 22:28:14 - RENAMED: '1000003637.mp4' -> '1000003637_c1.mp4'
2026-03-15 22:28:14 - PROGRESS: {'current': 126, 'total': 1598, 'filename': '1000003692.jpg'}
2026-03-15 22:28:14 - RENAMED: '1000003692.jpg' -> '1000003692_c1.jpg'
2026-03-15 22:28:14 - PROGRESS: {'current': 127, 'total': 1598, 'filename': '1000003693.jpg'}
2026-03-15 22:28:14 - RENAMED: '1000003693.jpg' -> '1000003693_c1.jpg'
2026-03-15 22:28:14 - PROGRESS: {'current': 128, 'total': 1598, 'filename': '1000003694.jpg'}
2026-03-15 22:28:14 - RENAMED: '1000003694.jpg' -> '1000003694_c1.jpg'
2026-03-15 22:28:14 - PROGRESS: {'current': 129, 'total': 1598, 'filename': '1000003695.jpg'}
2026-03-15 22:28:14 - RENAMED: '1000003695.jpg' -> '1000003695_c1.jpg'
2026-03-15 22:28:14 - PROGRESS: {'current': 130, 'total': 1598, 'filename': '1000003696.jpg'}
2026-03-15 22:28:14 - RENAMED: '1000003696.jpg' -> '1000003696_c1.jpg'
2026-03-15 22:28:14 - PROGRESS: {'current': 131, 'total': 1598, 'filename': '1000003697.jpg'}
2026-03-15 22:28:14 - RENAMED: '1000003697.jpg' -> '1000003697_c1.jpg'
2026-03-15 22:28:14 - PROGRESS: {'current': 132, 'total': 1598, 'filename': '1000003698.jpg'}
2026-03-15 22:28:14 - RENAMED: '1000003698.jpg' -> '1000003698_c1.jpg'
2026-03-15 22:28:14 - PROGRESS: {'current': 133, 'total': 1598, 'filename': '1000003749.jpeg'}
2026-03-15 22:28:14 - RENAMED: '1000003749.jpeg' -> ' 2023.08.10-20.26.03.133..jpeg'
2026-03-15 22:28:14 - PROGRESS: {'current': 134, 'total': 1598, 'filename': '1000003766.jpg'}
2026-03-15 22:28:14 - RENAMED: '1000003766.jpg' -> '1000003766_c1.jpg'
2026-03-15 22:28:14 - PROGRESS: {'current': 135, 'total': 1598, 'filename': '1000003822.jpg'}
2026-03-15 22:28:14 - RENAMED: '1000003822.jpg' -> '1000003822_c1.jpg'
2026-03-15 22:28:14 - PROGRESS: {'current': 136, 'total': 1598, 'filename': '1000003825.jpg'}
2026-03-15 22:28:14 - RENAMED: '1000003825.jpg' -> '1000003825_c1.jpg'
2026-03-15 22:28:14 - PROGRESS: {'current': 137, 'total': 1598, 'filename': '1000003832.mp4'}
2026-03-15 22:28:14 - RENAMED: '1000003832.mp4' -> '1000003832_c1.mp4'
2026-03-15 22:28:14 - PROGRESS: {'current': 138, 'total': 1598, 'filename': '1000003883.jpg'}
2026-03-15 22:28:14 - RENAMED: '1000003883.jpg' -> '1000003883_c1.jpg'
2026-03-15 22:28:14 - PROGRESS: {'current': 139, 'total': 1598, 'filename': '1000003886.jpg'}
2026-03-15 22:28:14 - RENAMED: '1000003886.jpg' -> '1000003886_c1.jpg'
2026-03-15 22:28:14 - PROGRESS: {'current': 140, 'total': 1598, 'filename': '1000003889.jpg'}
2026-03-15 22:28:14 - RENAMED: '1000003889.jpg' -> '1000003889_c1.jpg'
2026-03-15 22:28:14 - PROGRESS: {'current': 141, 'total': 1598, 'filename': '1000003892.jpg'}
2026-03-15 22:28:14 - RENAMED: '1000003892.jpg' -> '1000003892_c1.jpg'
2026-03-15 22:28:14 - PROGRESS: {'current': 142, 'total': 1598, 'filename': '1000003902.mp4'}
2026-03-15 22:28:14 - RENAMED: '1000003902.mp4' -> '1000003902_c1.mp4'
2026-03-15 22:28:14 - PROGRESS: {'current': 143, 'total': 1598, 'filename': '1000003906.mp4'}
2026-03-15 22:28:14 - RENAMED: '1000003906.mp4' -> '1000003906_c1.mp4'
2026-03-15 22:28:14 - PROGRESS: {'current': 144, 'total': 1598, 'filename': '1000003910.jpg'}
2026-03-15 22:28:14 - RENAMED: '1000003910.jpg' -> '1000003910_c1.jpg'
2026-03-15 22:28:14 - PROGRESS: {'current': 145, 'total': 1598, 'filename': '1000003913.jpg'}
2026-03-15 22:28:14 - RENAMED: '1000003913.jpg' -> '1000003913_c1.jpg'
2026-03-15 22:28:14 - PROGRESS: {'current': 146, 'total': 1598, 'filename': '1000003916.jpg'}
2026-03-15 22:28:14 - RENAMED: '1000003916.jpg' -> '1000003916_c1.jpg'
2026-03-15 22:28:14 - PROGRESS: {'current': 147, 'total': 1598, 'filename': '1000003941.jpg'}
2026-03-15 22:28:14 - RENAMED: '1000003941.jpg' -> '1000003941_c1.jpg'
2026-03-15 22:28:14 - PROGRESS: {'current': 148, 'total': 1598, 'filename': '1000003960.jpg'}
2026-03-15 22:28:14 - RENAMED: '1000003960.jpg' -> '1000003960_c1.jpg'
2026-03-15 22:28:14 - PROGRESS: {'current': 149, 'total': 1598, 'filename': '1000003962.jpg'}
2026-03-15 22:28:14 - RENAMED: '1000003962.jpg' -> '1000003962_c1.jpg'
2026-03-15 22:28:14 - PROGRESS: {'current': 150, 'total': 1598, 'filename': '1000003965.jpg'}
2026-03-15 22:28:14 - RENAMED: '1000003965.jpg' -> '1000003965_c1.jpg'
2026-03-15 22:28:14 - PROGRESS: {'current': 151, 'total': 1598, 'filename': '1000003968.jpg'}
2026-03-15 22:28:14 - RENAMED: '1000003968.jpg' -> '1000003968_c1.jpg'
2026-03-15 22:28:14 - PROGRESS: {'current': 152, 'total': 1598, 'filename': '1000003971.jpg'}
2026-03-15 22:28:14 - RENAMED: '1000003971.jpg' -> '1000003971_c1.jpg'
2026-03-15 22:28:14 - PROGRESS: {'current': 153, 'total': 1598, 'filename': '1000003974.jpg'}
2026-03-15 22:28:14 - RENAMED: '1000003974.jpg' -> '1000003974_c1.jpg'
2026-03-15 22:28:14 - PROGRESS: {'current': 154, 'total': 1598, 'filename': '1000003977.jpg'}
2026-03-15 22:28:14 - RENAMED: '1000003977.jpg' -> '1000003977_c1.jpg'
2026-03-15 22:28:14 - PROGRESS: {'current': 155, 'total': 1598, 'filename': '1000003980.jpg'}
2026-03-15 22:28:14 - RENAMED: '1000003980.jpg' -> '1000003980_c1.jpg'
2026-03-15 22:28:14 - PROGRESS: {'current': 156, 'total': 1598, 'filename': '1000003983.jpg'}
2026-03-15 22:28:14 - RENAMED: '1000003983.jpg' -> '1000003983_c1.jpg'
2026-03-15 22:28:14 - PROGRESS: {'current': 157, 'total': 1598, 'filename': '1000003986.jpg'}
2026-03-15 22:28:14 - RENAMED: '1000003986.jpg' -> '1000003986_c1.jpg'
2026-03-15 22:28:14 - PROGRESS: {'current': 158, 'total': 1598, 'filename': '1000003989.jpg'}
2026-03-15 22:28:14 - RENAMED: '1000003989.jpg' -> '1000003989_c1.jpg'
2026-03-15 22:28:14 - PROGRESS: {'current': 159, 'total': 1598, 'filename': '1000003993.jpg'}
2026-03-15 22:28:14 - RENAMED: '1000003993.jpg' -> '1000003993_c1.jpg'
2026-03-15 22:28:14 - PROGRESS: {'current': 160, 'total': 1598, 'filename': '1000003996.jpeg'}
2026-03-15 22:28:14 - RENAMED: '1000003996.jpeg' -> ' 2023.08.17-23.28.54.160..jpeg'
2026-03-15 22:28:14 - PROGRESS: {'current': 161, 'total': 1598, 'filename': '1000004043.mp4'}
2026-03-15 22:28:14 - RENAMED: '1000004043.mp4' -> '1000004043_c1.mp4'
2026-03-15 22:28:14 - PROGRESS: {'current': 162, 'total': 1598, 'filename': '1000004047.jpg'}
2026-03-15 22:28:14 - RENAMED: '1000004047.jpg' -> '1000004047_c1.jpg'
2026-03-15 22:28:14 - PROGRESS: {'current': 163, 'total': 1598, 'filename': '1000004050.jpg'}
2026-03-15 22:28:14 - RENAMED: '1000004050.jpg' -> '1000004050_c1.jpg'
2026-03-15 22:28:14 - PROGRESS: {'current': 164, 'total': 1598, 'filename': '1000004098.jpg'}
2026-03-15 22:28:14 - RENAMED: '1000004098.jpg' -> '1000004098_c1.jpg'
2026-03-15 22:28:14 - PROGRESS: {'current': 165, 'total': 1598, 'filename': '1000004103.jpg'}
2026-03-15 22:28:14 - RENAMED: '1000004103.jpg' -> '1000004103_c1.jpg'
2026-03-15 22:28:14 - PROGRESS: {'current': 166, 'total': 1598, 'filename': '1000004106.jpg'}
2026-03-15 22:28:14 - RENAMED: '1000004106.jpg' -> '1000004106_c1.jpg'
2026-03-15 22:28:14 - PROGRESS: {'current': 167, 'total': 1598, 'filename': '1000004116.jpg'}
2026-03-15 22:28:14 - RENAMED: '1000004116.jpg' -> '1000004116_c1.jpg'
2026-03-15 22:28:14 - PROGRESS: {'current': 168, 'total': 1598, 'filename': '1000004135.jpg'}
2026-03-15 22:28:14 - RENAMED: '1000004135.jpg' -> '1000004135_c1.jpg'
2026-03-15 22:28:14 - PROGRESS: {'current': 169, 'total': 1598, 'filename': '1000004141.jpg'}
2026-03-15 22:28:14 - RENAMED: '1000004141.jpg' -> '1000004141_c1.jpg'
2026-03-15 22:28:14 - PROGRESS: {'current': 170, 'total': 1598, 'filename': '1000004159.jpg'}
2026-03-15 22:28:14 - RENAMED: '1000004159.jpg' -> '1000004159_c1.jpg'
2026-03-15 22:28:14 - PROGRESS: {'current': 171, 'total': 1598, 'filename': '1000004164.jpg'}
2026-03-15 22:28:14 - RENAMED: '1000004164.jpg' -> '1000004164_c1.jpg'
2026-03-15 22:28:14 - PROGRESS: {'current': 172, 'total': 1598, 'filename': '1000004177.jpg'}
2026-03-15 22:28:14 - RENAMED: '1000004177.jpg' -> '1000004177_c1.jpg'
2026-03-15 22:28:14 - PROGRESS: {'current': 173, 'total': 1598, 'filename': '1000004188.jpg'}
2026-03-15 22:28:14 - RENAMED: '1000004188.jpg' -> '1000004188_c1.jpg'
2026-03-15 22:28:14 - PROGRESS: {'current': 174, 'total': 1598, 'filename': '1000004191.jpg'}
2026-03-15 22:28:14 - RENAMED: '1000004191.jpg' -> '1000004191_c1.jpg'
2026-03-15 22:28:14 - PROGRESS: {'current': 175, 'total': 1598, 'filename': '1000004198.mp4'}
2026-03-15 22:28:14 - RENAMED: '1000004198.mp4' -> '1000004198_c1.mp4'
2026-03-15 22:28:14 - PROGRESS: {'current': 176, 'total': 1598, 'filename': '1000004202.mp4'}
2026-03-15 22:28:14 - RENAMED: '1000004202.mp4' -> '1000004202_c1.mp4'
2026-03-15 22:28:14 - PROGRESS: {'current': 177, 'total': 1598, 'filename': '1000004224.jpg'}
2026-03-15 22:28:14 - RENAMED: '1000004224.jpg' -> '1000004224_c1.jpg'
2026-03-15 22:28:14 - PROGRESS: {'current': 178, 'total': 1598, 'filename': '1000004227.jpg'}
2026-03-15 22:28:14 - RENAMED: '1000004227.jpg' -> '1000004227_c1.jpg'
2026-03-15 22:28:14 - PROGRESS: {'current': 179, 'total': 1598, 'filename': '1000004230.jpg'}
2026-03-15 22:28:14 - RENAMED: '1000004230.jpg' -> '1000004230_c1.jpg'
2026-03-15 22:28:14 - PROGRESS: {'current': 180, 'total': 1598, 'filename': '1000004235.jpg'}
2026-03-15 22:28:14 - RENAMED: '1000004235.jpg' -> '1000004235_c1.jpg'
2026-03-15 22:28:14 - PROGRESS: {'current': 181, 'total': 1598, 'filename': '1000004238.jpg'}
2026-03-15 22:28:14 - RENAMED: '1000004238.jpg' -> '1000004238_c1.jpg'
2026-03-15 22:28:14 - PROGRESS: {'current': 182, 'total': 1598, 'filename': '1000004241.jpg'}
2026-03-15 22:28:14 - RENAMED: '1000004241.jpg' -> '1000004241_c1.jpg'
2026-03-15 22:28:14 - PROGRESS: {'current': 183, 'total': 1598, 'filename': '1000004305.jpeg'}
2026-03-15 22:28:14 - RENAMED: '1000004305.jpeg' -> ' 2023.08.31-21.05.33.183..jpeg'
2026-03-15 22:28:14 - PROGRESS: {'current': 184, 'total': 1598, 'filename': '1000004307.jpg'}
2026-03-15 22:28:14 - RENAMED: '1000004307.jpg' -> '1000004307_c1.jpg'
2026-03-15 22:28:14 - PROGRESS: {'current': 185, 'total': 1598, 'filename': '1000004326.jpg'}
2026-03-15 22:28:14 - RENAMED: '1000004326.jpg' -> '1000004326_c1.jpg'
2026-03-15 22:28:15 - PROGRESS: {'current': 186, 'total': 1598, 'filename': '1000004327.jpg'}
2026-03-15 22:28:15 - RENAMED: '1000004327.jpg' -> '1000004327_c1.jpg'
2026-03-15 22:28:15 - PROGRESS: {'current': 187, 'total': 1598, 'filename': '1000004351.jpg'}
2026-03-15 22:28:15 - RENAMED: '1000004351.jpg' -> '1000004351_c1.jpg'
2026-03-15 22:28:15 - PROGRESS: {'current': 188, 'total': 1598, 'filename': '1000004353.mp4'}
2026-03-15 22:28:15 - RENAMED: '1000004353.mp4' -> '1000004353_c1.mp4'
2026-03-15 22:28:15 - PROGRESS: {'current': 189, 'total': 1598, 'filename': '1000004363.mp4'}
2026-03-15 22:28:15 - RENAMED: '1000004363.mp4' -> '1000004363_c1.mp4'
2026-03-15 22:28:15 - PROGRESS: {'current': 190, 'total': 1598, 'filename': '1000004372.mp4'}
2026-03-15 22:28:15 - RENAMED: '1000004372.mp4' -> '1000004372_c1.mp4'
2026-03-15 22:28:15 - PROGRESS: {'current': 191, 'total': 1598, 'filename': '1000004426.mp4'}
2026-03-15 22:28:15 - RENAMED: '1000004426.mp4' -> '1000004426_c1.mp4'
2026-03-15 22:28:15 - PROGRESS: {'current': 192, 'total': 1598, 'filename': '1000004441.jpg'}
2026-03-15 22:28:15 - RENAMED: '1000004441.jpg' -> '1000004441_c1.jpg'
2026-03-15 22:28:15 - PROGRESS: {'current': 193, 'total': 1598, 'filename': '1000004444.jpg'}
2026-03-15 22:28:15 - RENAMED: '1000004444.jpg' -> '1000004444_c1.jpg'
2026-03-15 22:28:15 - PROGRESS: {'current': 194, 'total': 1598, 'filename': '1000004447.jpg'}
2026-03-15 22:28:15 - RENAMED: '1000004447.jpg' -> '1000004447_c1.jpg'
2026-03-15 22:28:15 - PROGRESS: {'current': 195, 'total': 1598, 'filename': '1000004491.mp4'}
2026-03-15 22:28:15 - RENAMED: '1000004491.mp4' -> '1000004491_c1.mp4'
2026-03-15 22:28:15 - PROGRESS: {'current': 196, 'total': 1598, 'filename': '1000004525.mp4'}
2026-03-15 22:28:15 - RENAMED: '1000004525.mp4' -> '1000004525_c1.mp4'
2026-03-15 22:28:15 - PROGRESS: {'current': 197, 'total': 1598, 'filename': '1000004537.mp4'}
2026-03-15 22:28:15 - RENAMED: '1000004537.mp4' -> '1000004537_c1.mp4'
2026-03-15 22:28:15 - PROGRESS: {'current': 198, 'total': 1598, 'filename': '1000004559.jpg'}
2026-03-15 22:28:15 - RENAMED: '1000004559.jpg' -> '1000004559_c1.jpg'
2026-03-15 22:28:15 - PROGRESS: {'current': 199, 'total': 1598, 'filename': '1000004560.jpg'}
2026-03-15 22:28:15 - RENAMED: '1000004560.jpg' -> '1000004560_c1.jpg'
2026-03-15 22:28:15 - PROGRESS: {'current': 200, 'total': 1598, 'filename': '1000004583.mp4'}
2026-03-15 22:28:15 - RENAMED: '1000004583.mp4' -> '1000004583_c1.mp4'
2026-03-15 22:28:15 - PROGRESS: {'current': 201, 'total': 1598, 'filename': '1000004604.jpg'}
2026-03-15 22:28:15 - RENAMED: '1000004604.jpg' -> '1000004604_c1.jpg'
2026-03-15 22:28:15 - PROGRESS: {'current': 202, 'total': 1598, 'filename': '1000004609.jpg'}
2026-03-15 22:28:15 - RENAMED: '1000004609.jpg' -> '1000004609_c1.jpg'
2026-03-15 22:28:15 - PROGRESS: {'current': 203, 'total': 1598, 'filename': '1000004612.jpg'}
2026-03-15 22:28:15 - RENAMED: '1000004612.jpg' -> '1000004612_c1.jpg'
2026-03-15 22:28:15 - PROGRESS: {'current': 204, 'total': 1598, 'filename': '1000004651.jpg'}
2026-03-15 22:28:15 - RENAMED: '1000004651.jpg' -> '1000004651_c1.jpg'
2026-03-15 22:28:15 - PROGRESS: {'current': 205, 'total': 1598, 'filename': '1000004679.jpg'}
2026-03-15 22:28:15 - RENAMED: '1000004679.jpg' -> '1000004679_c1.jpg'
2026-03-15 22:28:15 - PROGRESS: {'current': 206, 'total': 1598, 'filename': '1000004727.jpeg'}
2026-03-15 22:28:15 - RENAMED: '1000004727.jpeg' -> ' 2023.09.16-16.46.26.206..jpeg'
2026-03-15 22:28:15 - PROGRESS: {'current': 207, 'total': 1598, 'filename': '1000004729.jpg'}
2026-03-15 22:28:15 - RENAMED: '1000004729.jpg' -> '1000004729_c1.jpg'
2026-03-15 22:28:15 - PROGRESS: {'current': 208, 'total': 1598, 'filename': '1000004732.jpg'}
2026-03-15 22:28:15 - RENAMED: '1000004732.jpg' -> '1000004732_c1.jpg'
2026-03-15 22:28:15 - PROGRESS: {'current': 209, 'total': 1598, 'filename': '1000004745.jpg'}
2026-03-15 22:28:15 - RENAMED: '1000004745.jpg' -> '1000004745_c1.jpg'
2026-03-15 22:28:15 - PROGRESS: {'current': 210, 'total': 1598, 'filename': '1000004750.mp4'}
2026-03-15 22:28:15 - RENAMED: '1000004750.mp4' -> '1000004750_c1.mp4'
2026-03-15 22:28:15 - PROGRESS: {'current': 211, 'total': 1598, 'filename': '1000004756.jpg'}
2026-03-15 22:28:15 - RENAMED: '1000004756.jpg' -> '1000004756_c1.jpg'
2026-03-15 22:28:15 - PROGRESS: {'current': 212, 'total': 1598, 'filename': '1000004758.jpg'}
2026-03-15 22:28:16 - RENAMED: '1000004758.jpg' -> '1000004758_c1.jpg'
2026-03-15 22:28:16 - PROGRESS: {'current': 213, 'total': 1598, 'filename': '1000004761.jpg'}
2026-03-15 22:28:16 - RENAMED: '1000004761.jpg' -> '1000004761_c1.jpg'
2026-03-15 22:28:16 - PROGRESS: {'current': 214, 'total': 1598, 'filename': '1000004764.jpg'}
2026-03-15 22:28:16 - RENAMED: '1000004764.jpg' -> '1000004764_c1.jpg'
2026-03-15 22:28:16 - PROGRESS: {'current': 215, 'total': 1598, 'filename': '1000004771.jpg'}
2026-03-15 22:28:16 - RENAMED: '1000004771.jpg' -> '1000004771_c1.jpg'
2026-03-15 22:28:16 - PROGRESS: {'current': 216, 'total': 1598, 'filename': '1000004782.jpg'}
2026-03-15 22:28:16 - RENAMED: '1000004782.jpg' -> '1000004782_c1.jpg'
2026-03-15 22:28:16 - PROGRESS: {'current': 217, 'total': 1598, 'filename': '1000004790.jpg'}
2026-03-15 22:28:16 - RENAMED: '1000004790.jpg' -> '1000004790_c1.jpg'
2026-03-15 22:28:16 - PROGRESS: {'current': 218, 'total': 1598, 'filename': '1000004798.jpg'}
2026-03-15 22:28:16 - RENAMED: '1000004798.jpg' -> '1000004798_c1.jpg'
2026-03-15 22:28:16 - PROGRESS: {'current': 219, 'total': 1598, 'filename': '1000004799.jpg'}
2026-03-15 22:28:16 - RENAMED: '1000004799.jpg' -> '1000004799_c1.jpg'
2026-03-15 22:28:16 - PROGRESS: {'current': 220, 'total': 1598, 'filename': '1000004805.jpg'}
2026-03-15 22:28:16 - RENAMED: '1000004805.jpg' -> '1000004805_c1.jpg'
2026-03-15 22:28:16 - PROGRESS: {'current': 221, 'total': 1598, 'filename': '1000004826.jpg'}
2026-03-15 22:28:16 - RENAMED: '1000004826.jpg' -> '1000004826_c1.jpg'
2026-03-15 22:28:16 - PROGRESS: {'current': 222, 'total': 1598, 'filename': '1000004854.jpg'}
2026-03-15 22:28:16 - RENAMED: '1000004854.jpg' -> '1000004854_c1.jpg'
2026-03-15 22:28:16 - PROGRESS: {'current': 223, 'total': 1598, 'filename': '1000004857.jpg'}
2026-03-15 22:28:16 - RENAMED: '1000004857.jpg' -> '1000004857_c1.jpg'
2026-03-15 22:28:16 - PROGRESS: {'current': 224, 'total': 1598, 'filename': '1000004870.jpg'}
2026-03-15 22:28:16 - RENAMED: '1000004870.jpg' -> '1000004870_c1.jpg'
2026-03-15 22:28:16 - PROGRESS: {'current': 225, 'total': 1598, 'filename': '1000004883.jpg'}
2026-03-15 22:28:16 - RENAMED: '1000004883.jpg' -> '1000004883_c1.jpg'
2026-03-15 22:28:16 - PROGRESS: {'current': 226, 'total': 1598, 'filename': '1000004888.jpg'}
2026-03-15 22:28:16 - RENAMED: '1000004888.jpg' -> '1000004888_c1.jpg'
2026-03-15 22:28:16 - PROGRESS: {'current': 227, 'total': 1598, 'filename': '1000004901.mp4'}
2026-03-15 22:28:16 - RENAMED: '1000004901.mp4' -> '1000004901_c1.mp4'
2026-03-15 22:28:16 - PROGRESS: {'current': 228, 'total': 1598, 'filename': '1000004938.jpg'}
2026-03-15 22:28:16 - RENAMED: '1000004938.jpg' -> '1000004938_c1.jpg'
2026-03-15 22:28:16 - PROGRESS: {'current': 229, 'total': 1598, 'filename': '1000004957.jpg'}
2026-03-15 22:28:16 - RENAMED: '1000004957.jpg' -> '1000004957_c1.jpg'
2026-03-15 22:28:16 - PROGRESS: {'current': 230, 'total': 1598, 'filename': '1000004960.jpg'}
2026-03-15 22:28:16 - RENAMED: '1000004960.jpg' -> '1000004960_c1.jpg'
2026-03-15 22:28:16 - PROGRESS: {'current': 231, 'total': 1598, 'filename': '1000004963.jpg'}
2026-03-15 22:28:16 - RENAMED: '1000004963.jpg' -> '1000004963_c1.jpg'
2026-03-15 22:28:16 - PROGRESS: {'current': 232, 'total': 1598, 'filename': '1000004966.jpg'}
2026-03-15 22:28:16 - RENAMED: '1000004966.jpg' -> '1000004966_c1.jpg'
2026-03-15 22:28:16 - PROGRESS: {'current': 233, 'total': 1598, 'filename': '1000004974.mp4'}
2026-03-15 22:28:16 - RENAMED: '1000004974.mp4' -> '1000004974_c1.mp4'
2026-03-15 22:28:16 - PROGRESS: {'current': 234, 'total': 1598, 'filename': '1000004990.jpg'}
2026-03-15 22:28:16 - RENAMED: '1000004990.jpg' -> '1000004990_c1.jpg'
2026-03-15 22:28:16 - PROGRESS: {'current': 235, 'total': 1598, 'filename': '1000005026.jpg'}
2026-03-15 22:28:16 - RENAMED: '1000005026.jpg' -> '1000005026_c1.jpg'
2026-03-15 22:28:16 - PROGRESS: {'current': 236, 'total': 1598, 'filename': '1000005031.jpg'}
2026-03-15 22:28:16 - RENAMED: '1000005031.jpg' -> '1000005031_c1.jpg'
2026-03-15 22:28:16 - PROGRESS: {'current': 237, 'total': 1598, 'filename': '1000005040.jpg'}
2026-03-15 22:28:16 - RENAMED: '1000005040.jpg' -> '1000005040_c1.jpg'
2026-03-15 22:28:16 - PROGRESS: {'current': 238, 'total': 1598, 'filename': '1000005087.jpg'}
2026-03-15 22:28:16 - RENAMED: '1000005087.jpg' -> '1000005087_c1.jpg'
2026-03-15 22:28:16 - PROGRESS: {'current': 239, 'total': 1598, 'filename': '1000005092.jpg'}
2026-03-15 22:28:16 - RENAMED: '1000005092.jpg' -> '1000005092_c1.jpg'
2026-03-15 22:28:16 - PROGRESS: {'current': 240, 'total': 1598, 'filename': '1000005101.jpg'}
2026-03-15 22:28:16 - RENAMED: '1000005101.jpg' -> '1000005101_c1.jpg'
2026-03-15 22:28:16 - PROGRESS: {'current': 241, 'total': 1598, 'filename': '1000005135.jpg'}
2026-03-15 22:28:16 - RENAMED: '1000005135.jpg' -> '1000005135_c1.jpg'
2026-03-15 22:28:16 - PROGRESS: {'current': 242, 'total': 1598, 'filename': '1000005138.jpg'}
2026-03-15 22:28:16 - RENAMED: '1000005138.jpg' -> '1000005138_c1.jpg'
2026-03-15 22:28:16 - PROGRESS: {'current': 243, 'total': 1598, 'filename': '1000005141.jpg'}
2026-03-15 22:28:16 - RENAMED: '1000005141.jpg' -> '1000005141_c1.jpg'
2026-03-15 22:28:16 - PROGRESS: {'current': 244, 'total': 1598, 'filename': '1000005153.jpg'}
2026-03-15 22:28:16 - RENAMED: '1000005153.jpg' -> '1000005153_c1.jpg'
2026-03-15 22:28:16 - PROGRESS: {'current': 245, 'total': 1598, 'filename': '1000005156.jpg'}
2026-03-15 22:28:16 - RENAMED: '1000005156.jpg' -> '1000005156_c1.jpg'
2026-03-15 22:28:16 - PROGRESS: {'current': 246, 'total': 1598, 'filename': '1000005161.jpg'}
2026-03-15 22:28:16 - RENAMED: '1000005161.jpg' -> '1000005161_c1.jpg'
2026-03-15 22:28:16 - PROGRESS: {'current': 247, 'total': 1598, 'filename': '1000005164.jpg'}
2026-03-15 22:28:16 - RENAMED: '1000005164.jpg' -> '1000005164_c1.jpg'
2026-03-15 22:28:16 - PROGRESS: {'current': 248, 'total': 1598, 'filename': '1000005165.jpeg'}
2026-03-15 22:28:16 - RENAMED: '1000005165.jpeg' -> ' 2023.09.30-19.28.04.248..jpeg'
2026-03-15 22:28:16 - PROGRESS: {'current': 249, 'total': 1598, 'filename': '1000005167.jpg'}
2026-03-15 22:28:16 - RENAMED: '1000005167.jpg' -> '1000005167_c1.jpg'
2026-03-15 22:28:16 - PROGRESS: {'current': 250, 'total': 1598, 'filename': '1000005170.jpg'}
2026-03-15 22:28:16 - RENAMED: '1000005170.jpg' -> '1000005170_c1.jpg'
2026-03-15 22:28:16 - PROGRESS: {'current': 251, 'total': 1598, 'filename': '1000005172.jpg'}
2026-03-15 22:28:16 - RENAMED: '1000005172.jpg' -> '1000005172_c1.jpg'
2026-03-15 22:28:16 - PROGRESS: {'current': 252, 'total': 1598, 'filename': '1000005174.jpg'}
2026-03-15 22:28:16 - RENAMED: '1000005174.jpg' -> '1000005174_c1.jpg'
2026-03-15 22:28:16 - PROGRESS: {'current': 253, 'total': 1598, 'filename': '1000005176.jpg'}
2026-03-15 22:28:16 - RENAMED: '1000005176.jpg' -> '1000005176_c1.jpg'
2026-03-15 22:28:16 - PROGRESS: {'current': 254, 'total': 1598, 'filename': '1000005178.jpg'}
2026-03-15 22:28:16 - RENAMED: '1000005178.jpg' -> '1000005178_c1.jpg'
2026-03-15 22:28:16 - PROGRESS: {'current': 255, 'total': 1598, 'filename': '1000005179.jpg'}
2026-03-15 22:28:16 - RENAMED: '1000005179.jpg' -> '1000005179_c1.jpg'
2026-03-15 22:28:16 - PROGRESS: {'current': 256, 'total': 1598, 'filename': '1000005181.jpg'}
2026-03-15 22:28:16 - RENAMED: '1000005181.jpg' -> '1000005181_c1.jpg'
2026-03-15 22:28:16 - PROGRESS: {'current': 257, 'total': 1598, 'filename': '1000005183.jpg'}
2026-03-15 22:28:16 - RENAMED: '1000005183.jpg' -> '1000005183_c1.jpg'
2026-03-15 22:28:16 - PROGRESS: {'current': 258, 'total': 1598, 'filename': '1000005185.jpg'}
2026-03-15 22:28:16 - RENAMED: '1000005185.jpg' -> '1000005185_c1.jpg'
2026-03-15 22:28:16 - PROGRESS: {'current': 259, 'total': 1598, 'filename': '1000005188.jpg'}
2026-03-15 22:28:16 - RENAMED: '1000005188.jpg' -> '1000005188_c1.jpg'
2026-03-15 22:28:16 - PROGRESS: {'current': 260, 'total': 1598, 'filename': '1000005191.jpg'}
2026-03-15 22:28:16 - RENAMED: '1000005191.jpg' -> '1000005191_c1.jpg'
2026-03-15 22:28:16 - PROGRESS: {'current': 261, 'total': 1598, 'filename': '1000005195.jpg'}
2026-03-15 22:28:16 - RENAMED: '1000005195.jpg' -> '1000005195_c1.jpg'
2026-03-15 22:28:16 - PROGRESS: {'current': 262, 'total': 1598, 'filename': '1000005196.jpg'}
2026-03-15 22:28:16 - RENAMED: '1000005196.jpg' -> '1000005196_c1.jpg'
2026-03-15 22:28:16 - PROGRESS: {'current': 263, 'total': 1598, 'filename': '1000005198.jpg'}
2026-03-15 22:28:16 - RENAMED: '1000005198.jpg' -> '1000005198_c1.jpg'
2026-03-15 22:28:16 - PROGRESS: {'current': 264, 'total': 1598, 'filename': '1000005201.jpeg'}
2026-03-15 22:28:16 - RENAMED: '1000005201.jpeg' -> ' 2023.10.01-21.09.26.264..jpeg'
2026-03-15 22:28:16 - PROGRESS: {'current': 265, 'total': 1598, 'filename': '1000005213.jpg'}
2026-03-15 22:28:16 - RENAMED: '1000005213.jpg' -> '1000005213_c1.jpg'
2026-03-15 22:28:16 - PROGRESS: {'current': 266, 'total': 1598, 'filename': '1000005214.jpg'}
2026-03-15 22:28:16 - RENAMED: '1000005214.jpg' -> '1000005214_c1.jpg'
2026-03-15 22:28:16 - PROGRESS: {'current': 267, 'total': 1598, 'filename': '1000005215.jpg'}
2026-03-15 22:28:16 - RENAMED: '1000005215.jpg' -> '1000005215_c1.jpg'
2026-03-15 22:28:16 - PROGRESS: {'current': 268, 'total': 1598, 'filename': '1000005231.jpg'}
2026-03-15 22:28:16 - RENAMED: '1000005231.jpg' -> '1000005231_c1.jpg'
2026-03-15 22:28:16 - PROGRESS: {'current': 269, 'total': 1598, 'filename': '1000005276.jpg'}
2026-03-15 22:28:16 - RENAMED: '1000005276.jpg' -> '1000005276_c1.jpg'
2026-03-15 22:28:16 - PROGRESS: {'current': 270, 'total': 1598, 'filename': '1000005306.jpeg'}
2026-03-15 22:28:16 - RENAMED: '1000005306.jpeg' -> ' 2023.10.06-21.01.54.270..jpeg'
2026-03-15 22:28:16 - PROGRESS: {'current': 271, 'total': 1598, 'filename': '1000005308.jpeg'}
2026-03-15 22:28:16 - RENAMED: '1000005308.jpeg' -> ' 2023.10.06-21.03.00.271..jpeg'
2026-03-15 22:28:16 - PROGRESS: {'current': 272, 'total': 1598, 'filename': '1000005315.jpg'}
2026-03-15 22:28:16 - RENAMED: '1000005315.jpg' -> '1000005315_c1.jpg'
2026-03-15 22:28:16 - PROGRESS: {'current': 273, 'total': 1598, 'filename': '1000005332.jpeg'}
2026-03-15 22:28:16 - RENAMED: '1000005332.jpeg' -> ' 2023.10.07-22.06.46.273..jpeg'
2026-03-15 22:28:16 - PROGRESS: {'current': 274, 'total': 1598, 'filename': '1000005341.jpg'}
2026-03-15 22:28:16 - RENAMED: '1000005341.jpg' -> '1000005341_c1.jpg'
2026-03-15 22:28:16 - PROGRESS: {'current': 275, 'total': 1598, 'filename': '1000005359.mp4'}
2026-03-15 22:28:16 - RENAMED: '1000005359.mp4' -> '1000005359_c1.mp4'
2026-03-15 22:28:16 - PROGRESS: {'current': 276, 'total': 1598, 'filename': '1000005425.jpg'}
2026-03-15 22:28:16 - RENAMED: '1000005425.jpg' -> '1000005425_c1.jpg'
2026-03-15 22:28:16 - PROGRESS: {'current': 277, 'total': 1598, 'filename': '1000005433.jpg'}
2026-03-15 22:28:16 - RENAMED: '1000005433.jpg' -> '1000005433_c1.jpg'
2026-03-15 22:28:16 - PROGRESS: {'current': 278, 'total': 1598, 'filename': '1000005456.mp4'}
2026-03-15 22:28:16 - RENAMED: '1000005456.mp4' -> '1000005456_c1.mp4'
2026-03-15 22:28:16 - PROGRESS: {'current': 279, 'total': 1598, 'filename': '1000005460.mp4'}
2026-03-15 22:28:16 - RENAMED: '1000005460.mp4' -> '1000005460_c1.mp4'
2026-03-15 22:28:17 - PROGRESS: {'current': 280, 'total': 1598, 'filename': '1000005474.mp4'}
2026-03-15 22:28:17 - RENAMED: '1000005474.mp4' -> '1000005474_c1.mp4'
2026-03-15 22:28:17 - PROGRESS: {'current': 281, 'total': 1598, 'filename': '1000005491.jpg'}
2026-03-15 22:28:17 - RENAMED: '1000005491.jpg' -> '1000005491_c1.jpg'
2026-03-15 22:28:17 - PROGRESS: {'current': 282, 'total': 1598, 'filename': '1000005494.jpg'}
2026-03-15 22:28:17 - RENAMED: '1000005494.jpg' -> '1000005494_c1.jpg'
2026-03-15 22:28:17 - PROGRESS: {'current': 283, 'total': 1598, 'filename': '1000005498.jpeg'}
2026-03-15 22:28:17 - RENAMED: '1000005498.jpeg' -> ' 2023.10.15-20.59.57.283..jpeg'
2026-03-15 22:28:17 - PROGRESS: {'current': 284, 'total': 1598, 'filename': '1000005526.jpg'}
2026-03-15 22:28:17 - RENAMED: '1000005526.jpg' -> '1000005526_c1.jpg'
2026-03-15 22:28:17 - PROGRESS: {'current': 285, 'total': 1598, 'filename': '1000005552.mp4'}
2026-03-15 22:28:17 - RENAMED: '1000005552.mp4' -> '1000005552_c1.mp4'
2026-03-15 22:28:17 - PROGRESS: {'current': 286, 'total': 1598, 'filename': '1000005560.mp4'}
2026-03-15 22:28:17 - RENAMED: '1000005560.mp4' -> '1000005560_c1.mp4'
2026-03-15 22:28:17 - PROGRESS: {'current': 287, 'total': 1598, 'filename': '1000005572.jpg'}
2026-03-15 22:28:17 - RENAMED: '1000005572.jpg' -> '1000005572_c1.jpg'
2026-03-15 22:28:17 - PROGRESS: {'current': 288, 'total': 1598, 'filename': '1000005585.jpg'}
2026-03-15 22:28:17 - RENAMED: '1000005585.jpg' -> '1000005585_c1.jpg'
2026-03-15 22:28:17 - PROGRESS: {'current': 289, 'total': 1598, 'filename': '1000005589.jpg'}
2026-03-15 22:28:17 - RENAMED: '1000005589.jpg' -> '1000005589_c1.jpg'
2026-03-15 22:28:17 - PROGRESS: {'current': 290, 'total': 1598, 'filename': '1000005611.jpg'}
2026-03-15 22:28:17 - RENAMED: '1000005611.jpg' -> '1000005611_c1.jpg'
2026-03-15 22:28:17 - PROGRESS: {'current': 291, 'total': 1598, 'filename': '1000005614.jpg'}
2026-03-15 22:28:17 - RENAMED: '1000005614.jpg' -> '1000005614_c1.jpg'
2026-03-15 22:28:17 - PROGRESS: {'current': 292, 'total': 1598, 'filename': '1000005618.jpg'}
2026-03-15 22:28:17 - RENAMED: '1000005618.jpg' -> '1000005618_c1.jpg'
2026-03-15 22:28:17 - PROGRESS: {'current': 293, 'total': 1598, 'filename': '1000005622.jpg'}
2026-03-15 22:28:17 - RENAMED: '1000005622.jpg' -> '1000005622_c1.jpg'
2026-03-15 22:28:17 - PROGRESS: {'current': 294, 'total': 1598, 'filename': '1000005625.jpg'}
2026-03-15 22:28:17 - RENAMED: '1000005625.jpg' -> '1000005625_c1.jpg'
2026-03-15 22:28:17 - PROGRESS: {'current': 295, 'total': 1598, 'filename': '1000005628.mp4'}
2026-03-15 22:28:17 - RENAMED: '1000005628.mp4' -> '1000005628_c1.mp4'
2026-03-15 22:28:17 - PROGRESS: {'current': 296, 'total': 1598, 'filename': '1000005632.jpg'}
2026-03-15 22:28:17 - RENAMED: '1000005632.jpg' -> '1000005632_c1.jpg'
2026-03-15 22:28:17 - PROGRESS: {'current': 297, 'total': 1598, 'filename': '1000005635.jpg'}
2026-03-15 22:28:17 - RENAMED: '1000005635.jpg' -> '1000005635_c1.jpg'
2026-03-15 22:28:17 - PROGRESS: {'current': 298, 'total': 1598, 'filename': '1000005639.jpg'}
2026-03-15 22:28:17 - RENAMED: '1000005639.jpg' -> '1000005639_c1.jpg'
2026-03-15 22:28:17 - PROGRESS: {'current': 299, 'total': 1598, 'filename': '1000005647.jpg'}
2026-03-15 22:28:17 - RENAMED: '1000005647.jpg' -> '1000005647_c1.jpg'
2026-03-15 22:28:17 - PROGRESS: {'current': 300, 'total': 1598, 'filename': '1000005654.jpg'}
2026-03-15 22:28:17 - RENAMED: '1000005654.jpg' -> '1000005654_c1.jpg'
2026-03-15 22:28:17 - PROGRESS: {'current': 301, 'total': 1598, 'filename': '1000005657.jpg'}
2026-03-15 22:28:17 - RENAMED: '1000005657.jpg' -> '1000005657_c1.jpg'
2026-03-15 22:28:17 - PROGRESS: {'current': 302, 'total': 1598, 'filename': '1000005667.mp4'}
2026-03-15 22:28:17 - RENAMED: '1000005667.mp4' -> '1000005667_c1.mp4'
2026-03-15 22:28:17 - PROGRESS: {'current': 303, 'total': 1598, 'filename': '1000005672.jpg'}
2026-03-15 22:28:17 - RENAMED: '1000005672.jpg' -> '1000005672_c1.jpg'
2026-03-15 22:28:17 - PROGRESS: {'current': 304, 'total': 1598, 'filename': '1000005675.jpg'}
2026-03-15 22:28:17 - RENAMED: '1000005675.jpg' -> '1000005675_c1.jpg'
2026-03-15 22:28:17 - PROGRESS: {'current': 305, 'total': 1598, 'filename': '1000005692.jpg'}
2026-03-15 22:28:17 - RENAMED: '1000005692.jpg' -> '1000005692_c1.jpg'
2026-03-15 22:28:17 - PROGRESS: {'current': 306, 'total': 1598, 'filename': '1000005695.jpg'}
2026-03-15 22:28:17 - RENAMED: '1000005695.jpg' -> '1000005695_c1.jpg'
2026-03-15 22:28:17 - PROGRESS: {'current': 307, 'total': 1598, 'filename': '1000005704.mp4'}
2026-03-15 22:28:17 - RENAMED: '1000005704.mp4' -> '1000005704_c1.mp4'
2026-03-15 22:28:17 - PROGRESS: {'current': 308, 'total': 1598, 'filename': '1000005714.jpg'}
2026-03-15 22:28:17 - RENAMED: '1000005714.jpg' -> '1000005714_c1.jpg'
2026-03-15 22:28:17 - PROGRESS: {'current': 309, 'total': 1598, 'filename': '1000005723.mp4'}
2026-03-15 22:28:17 - RENAMED: '1000005723.mp4' -> '1000005723_c1.mp4'
2026-03-15 22:28:17 - PROGRESS: {'current': 310, 'total': 1598, 'filename': '1000005811.jpg'}
2026-03-15 22:28:17 - RENAMED: '1000005811.jpg' -> '1000005811_c1.jpg'
2026-03-15 22:28:17 - PROGRESS: {'current': 311, 'total': 1598, 'filename': '1000005871.jpg'}
2026-03-15 22:28:17 - RENAMED: '1000005871.jpg' -> '1000005871_c1.jpg'
2026-03-15 22:28:17 - PROGRESS: {'current': 312, 'total': 1598, 'filename': '1000005931.mp4'}
2026-03-15 22:28:17 - RENAMED: '1000005931.mp4' -> '1000005931_c1.mp4'
2026-03-15 22:28:17 - PROGRESS: {'current': 313, 'total': 1598, 'filename': '1000005947.jpeg'}
2026-03-15 22:28:17 - RENAMED: '1000005947.jpeg' -> ' 2023.11.02-19.34.14.313..jpeg'
2026-03-15 22:28:17 - PROGRESS: {'current': 314, 'total': 1598, 'filename': '1000005958.mp4'}
2026-03-15 22:28:17 - RENAMED: '1000005958.mp4' -> '1000005958_c1.mp4'
2026-03-15 22:28:17 - PROGRESS: {'current': 315, 'total': 1598, 'filename': '1000005967.jpeg'}
2026-03-15 22:28:17 - RENAMED: '1000005967.jpeg' -> ' 2023.11.03-01.12.05.315..jpeg'
2026-03-15 22:28:17 - PROGRESS: {'current': 316, 'total': 1598, 'filename': '1000006002.jpeg'}
2026-03-15 22:28:17 - RENAMED: '1000006002.jpeg' -> ' 2023.11.04-10.28.36.316..jpeg'
2026-03-15 22:28:17 - PROGRESS: {'current': 317, 'total': 1598, 'filename': '1000006004.jpeg'}
2026-03-15 22:28:17 - RENAMED: '1000006004.jpeg' -> ' 2023.11.04-10.28.53.317..jpeg'
2026-03-15 22:28:17 - PROGRESS: {'current': 318, 'total': 1598, 'filename': '1000006010.jpeg'}
2026-03-15 22:28:17 - RENAMED: '1000006010.jpeg' -> ' 2023.11.04-15.55.06.318..jpeg'
2026-03-15 22:28:17 - PROGRESS: {'current': 319, 'total': 1598, 'filename': '1000006031.jpeg'}
2026-03-15 22:28:17 - RENAMED: '1000006031.jpeg' -> ' 2023.11.04-20.37.03.319..jpeg'
2026-03-15 22:28:17 - PROGRESS: {'current': 320, 'total': 1598, 'filename': '1000006037.jpeg'}
2026-03-15 22:28:17 - RENAMED: '1000006037.jpeg' -> ' 2023.11.04-22.28.49.320..jpeg'
2026-03-15 22:28:17 - PROGRESS: {'current': 321, 'total': 1598, 'filename': '1000006039.jpg'}
2026-03-15 22:28:17 - RENAMED: '1000006039.jpg' -> '1000006039_c1.jpg'
2026-03-15 22:28:17 - PROGRESS: {'current': 322, 'total': 1598, 'filename': '1000006042.jpg'}
2026-03-15 22:28:17 - RENAMED: '1000006042.jpg' -> '1000006042_c1.jpg'
2026-03-15 22:28:17 - PROGRESS: {'current': 323, 'total': 1598, 'filename': '1000006060.jpeg'}
2026-03-15 22:28:17 - RENAMED: '1000006060.jpeg' -> ' 2023.11.05-11.40.43.323..jpeg'
2026-03-15 22:28:17 - PROGRESS: {'current': 324, 'total': 1598, 'filename': '1000006063.jpeg'}
2026-03-15 22:28:17 - RENAMED: '1000006063.jpeg' -> ' 2023.11.05-12.36.24.324..jpeg'
2026-03-15 22:28:17 - PROGRESS: {'current': 325, 'total': 1598, 'filename': '1000006067.jpeg'}
2026-03-15 22:28:17 - RENAMED: '1000006067.jpeg' -> ' 2023.11.05-14.53.19.325..jpeg'
2026-03-15 22:28:17 - PROGRESS: {'current': 326, 'total': 1598, 'filename': '1000006080.jpg'}
2026-03-15 22:28:17 - RENAMED: '1000006080.jpg' -> '1000006080_c1.jpg'
2026-03-15 22:28:17 - PROGRESS: {'current': 327, 'total': 1598, 'filename': '1000006082.jpg'}
2026-03-15 22:28:17 - RENAMED: '1000006082.jpg' -> '1000006082_c1.jpg'
2026-03-15 22:28:17 - PROGRESS: {'current': 328, 'total': 1598, 'filename': '1000006095.jpg'}
2026-03-15 22:28:17 - RENAMED: '1000006095.jpg' -> '1000006095_c1.jpg'
2026-03-15 22:28:17 - PROGRESS: {'current': 329, 'total': 1598, 'filename': '1000006100.jpg'}
2026-03-15 22:28:17 - RENAMED: '1000006100.jpg' -> '1000006100_c1.jpg'
2026-03-15 22:28:17 - PROGRESS: {'current': 330, 'total': 1598, 'filename': '1000006103.jpg'}
2026-03-15 22:28:17 - RENAMED: '1000006103.jpg' -> '1000006103_c1.jpg'
2026-03-15 22:28:17 - PROGRESS: {'current': 331, 'total': 1598, 'filename': '1000006108.mp4'}
2026-03-15 22:28:17 - RENAMED: '1000006108.mp4' -> '1000006108_c1.mp4'
2026-03-15 22:28:17 - PROGRESS: {'current': 332, 'total': 1598, 'filename': '1000006149.mp4'}
2026-03-15 22:28:17 - RENAMED: '1000006149.mp4' -> '1000006149_c1.mp4'
2026-03-15 22:28:17 - PROGRESS: {'current': 333, 'total': 1598, 'filename': '1000006153.jpg'}
2026-03-15 22:28:17 - RENAMED: '1000006153.jpg' -> '1000006153_c1.jpg'
2026-03-15 22:28:17 - PROGRESS: {'current': 334, 'total': 1598, 'filename': '1000006158.mp4'}
2026-03-15 22:28:17 - RENAMED: '1000006158.mp4' -> '1000006158_c1.mp4'
2026-03-15 22:28:17 - PROGRESS: {'current': 335, 'total': 1598, 'filename': '1000006184.jpg'}
2026-03-15 22:28:17 - RENAMED: '1000006184.jpg' -> '1000006184_c1.jpg'
2026-03-15 22:28:17 - PROGRESS: {'current': 336, 'total': 1598, 'filename': '1000006197.jpg'}
2026-03-15 22:28:17 - RENAMED: '1000006197.jpg' -> '1000006197_c1.jpg'
2026-03-15 22:28:17 - PROGRESS: {'current': 337, 'total': 1598, 'filename': '1000006209.jpg'}
2026-03-15 22:28:17 - RENAMED: '1000006209.jpg' -> '1000006209_c1.jpg'
2026-03-15 22:28:17 - PROGRESS: {'current': 338, 'total': 1598, 'filename': '1000006212.jpg'}
2026-03-15 22:28:17 - RENAMED: '1000006212.jpg' -> '1000006212_c1.jpg'
2026-03-15 22:28:17 - PROGRESS: {'current': 339, 'total': 1598, 'filename': '1000006215.jpg'}
2026-03-15 22:28:17 - RENAMED: '1000006215.jpg' -> '1000006215_c1.jpg'
2026-03-15 22:28:17 - PROGRESS: {'current': 340, 'total': 1598, 'filename': '1000006218.mp4'}
2026-03-15 22:28:17 - RENAMED: '1000006218.mp4' -> '1000006218_c1.mp4'
2026-03-15 22:28:17 - PROGRESS: {'current': 341, 'total': 1598, 'filename': '1000006222.mp4'}
2026-03-15 22:28:17 - RENAMED: '1000006222.mp4' -> '1000006222_c1.mp4'
2026-03-15 22:28:17 - PROGRESS: {'current': 342, 'total': 1598, 'filename': '1000006226.jpg'}
2026-03-15 22:28:17 - RENAMED: '1000006226.jpg' -> '1000006226_c1.jpg'
2026-03-15 22:28:17 - PROGRESS: {'current': 343, 'total': 1598, 'filename': '1000006228.jpg'}
2026-03-15 22:28:17 - RENAMED: '1000006228.jpg' -> '1000006228_c1.jpg'
2026-03-15 22:28:17 - PROGRESS: {'current': 344, 'total': 1598, 'filename': '1000006231.jpg'}
2026-03-15 22:28:17 - RENAMED: '1000006231.jpg' -> '1000006231_c1.jpg'
2026-03-15 22:28:17 - PROGRESS: {'current': 345, 'total': 1598, 'filename': '1000006232.jpg'}
2026-03-15 22:28:17 - RENAMED: '1000006232.jpg' -> '1000006232_c1.jpg'
2026-03-15 22:28:17 - PROGRESS: {'current': 346, 'total': 1598, 'filename': '1000006233.jpg'}
2026-03-15 22:28:17 - RENAMED: '1000006233.jpg' -> '1000006233_c1.jpg'
2026-03-15 22:28:17 - PROGRESS: {'current': 347, 'total': 1598, 'filename': '1000006234.jpg'}
2026-03-15 22:28:17 - RENAMED: '1000006234.jpg' -> '1000006234_c1.jpg'
2026-03-15 22:28:17 - PROGRESS: {'current': 348, 'total': 1598, 'filename': '1000006235.jpg'}
2026-03-15 22:28:17 - RENAMED: '1000006235.jpg' -> '1000006235_c1.jpg'
2026-03-15 22:28:17 - PROGRESS: {'current': 349, 'total': 1598, 'filename': '1000006236.jpg'}
2026-03-15 22:28:17 - RENAMED: '1000006236.jpg' -> '1000006236_c1.jpg'
2026-03-15 22:28:17 - PROGRESS: {'current': 350, 'total': 1598, 'filename': '1000006239.jpg'}
2026-03-15 22:28:17 - RENAMED: '1000006239.jpg' -> '1000006239_c1.jpg'
2026-03-15 22:28:17 - PROGRESS: {'current': 351, 'total': 1598, 'filename': '1000006244.jpg'}
2026-03-15 22:28:17 - RENAMED: '1000006244.jpg' -> '1000006244_c1.jpg'
2026-03-15 22:28:17 - PROGRESS: {'current': 352, 'total': 1598, 'filename': '1000006251.jpg'}
2026-03-15 22:28:17 - RENAMED: '1000006251.jpg' -> '1000006251_c1.jpg'
2026-03-15 22:28:17 - PROGRESS: {'current': 353, 'total': 1598, 'filename': '1000006261.jpg'}
2026-03-15 22:28:17 - RENAMED: '1000006261.jpg' -> ' 2023.11.09-08.43.59.353..jpg'
2026-03-15 22:28:17 - PROGRESS: {'current': 354, 'total': 1598, 'filename': '1000006267.mp4'}
2026-03-15 22:28:17 - RENAMED: '1000006267.mp4' -> '1000006267_c1.mp4'
2026-03-15 22:28:17 - PROGRESS: {'current': 355, 'total': 1598, 'filename': '1000006274.mp4'}
2026-03-15 22:28:17 - RENAMED: '1000006274.mp4' -> '1000006274_c1.mp4'
2026-03-15 22:28:17 - PROGRESS: {'current': 356, 'total': 1598, 'filename': '1000006302.jpg'}
2026-03-15 22:28:17 - RENAMED: '1000006302.jpg' -> '1000006302_c1.jpg'
2026-03-15 22:28:17 - PROGRESS: {'current': 357, 'total': 1598, 'filename': '1000006319.jpg'}
2026-03-15 22:28:17 - RENAMED: '1000006319.jpg' -> '1000006319_c1.jpg'
2026-03-15 22:28:17 - PROGRESS: {'current': 358, 'total': 1598, 'filename': '1000006325.mp4'}
2026-03-15 22:28:17 - RENAMED: '1000006325.mp4' -> '1000006325_c1.mp4'
2026-03-15 22:28:17 - PROGRESS: {'current': 359, 'total': 1598, 'filename': '1000006329.jpg'}
2026-03-15 22:28:17 - RENAMED: '1000006329.jpg' -> '1000006329_c1.jpg'
2026-03-15 22:28:17 - PROGRESS: {'current': 360, 'total': 1598, 'filename': '1000006364.jpg'}
2026-03-15 22:28:17 - RENAMED: '1000006364.jpg' -> '1000006364_c1.jpg'
2026-03-15 22:28:17 - PROGRESS: {'current': 361, 'total': 1598, 'filename': '1000006367.jpg'}
2026-03-15 22:28:17 - RENAMED: '1000006367.jpg' -> '1000006367_c1.jpg'
2026-03-15 22:28:17 - PROGRESS: {'current': 362, 'total': 1598, 'filename': '1000006395.jpg'}
2026-03-15 22:28:17 - RENAMED: '1000006395.jpg' -> '1000006395_c1.jpg'
2026-03-15 22:28:17 - PROGRESS: {'current': 363, 'total': 1598, 'filename': '1000006404.mp4'}
2026-03-15 22:28:17 - RENAMED: '1000006404.mp4' -> '1000006404_c1.mp4'
2026-03-15 22:28:17 - PROGRESS: {'current': 364, 'total': 1598, 'filename': '1000006417.jpg'}
2026-03-15 22:28:17 - RENAMED: '1000006417.jpg' -> '1000006417_c1.jpg'
2026-03-15 22:28:17 - PROGRESS: {'current': 365, 'total': 1598, 'filename': '1000006467.jpg'}
2026-03-15 22:28:17 - RENAMED: '1000006467.jpg' -> '1000006467_c1.jpg'
2026-03-15 22:28:17 - PROGRESS: {'current': 366, 'total': 1598, 'filename': '1000006478.jpeg'}
2026-03-15 22:28:17 - RENAMED: '1000006478.jpeg' -> ' 2023.11.19-14.44.20.366..jpeg'
2026-03-15 22:28:17 - PROGRESS: {'current': 367, 'total': 1598, 'filename': '1000006497.mp4'}
2026-03-15 22:28:17 - RENAMED: '1000006497.mp4' -> '1000006497_c1.mp4'
2026-03-15 22:28:17 - PROGRESS: {'current': 368, 'total': 1598, 'filename': '1000006523.jpeg'}
2026-03-15 22:28:17 - RENAMED: '1000006523.jpeg' -> ' 2023.11.21-18.39.22.368..jpeg'
2026-03-15 22:28:17 - PROGRESS: {'current': 369, 'total': 1598, 'filename': '1000006551.jpg'}
2026-03-15 22:28:17 - RENAMED: '1000006551.jpg' -> '1000006551_c1.jpg'
2026-03-15 22:28:17 - PROGRESS: {'current': 370, 'total': 1598, 'filename': '1000006553.jpg'}
2026-03-15 22:28:17 - RENAMED: '1000006553.jpg' -> '1000006553_c1.jpg'
2026-03-15 22:28:17 - PROGRESS: {'current': 371, 'total': 1598, 'filename': '1000006564.jpg'}
2026-03-15 22:28:17 - RENAMED: '1000006564.jpg' -> '1000006564_c1.jpg'
2026-03-15 22:28:17 - PROGRESS: {'current': 372, 'total': 1598, 'filename': '1000006572.jpg'}
2026-03-15 22:28:17 - RENAMED: '1000006572.jpg' -> '1000006572_c1.jpg'
2026-03-15 22:28:17 - PROGRESS: {'current': 373, 'total': 1598, 'filename': '1000006577.jpg'}
2026-03-15 22:28:17 - RENAMED: '1000006577.jpg' -> '1000006577_c1.jpg'
2026-03-15 22:28:17 - PROGRESS: {'current': 374, 'total': 1598, 'filename': '1000006580.jpg'}
2026-03-15 22:28:17 - RENAMED: '1000006580.jpg' -> '1000006580_c1.jpg'
2026-03-15 22:28:17 - PROGRESS: {'current': 375, 'total': 1598, 'filename': '1000006587.jpg'}
2026-03-15 22:28:17 - RENAMED: '1000006587.jpg' -> '1000006587_c1.jpg'
2026-03-15 22:28:17 - PROGRESS: {'current': 376, 'total': 1598, 'filename': '1000006613.jpg'}
2026-03-15 22:28:17 - RENAMED: '1000006613.jpg' -> '1000006613_c1.jpg'
2026-03-15 22:28:17 - PROGRESS: {'current': 377, 'total': 1598, 'filename': '1000006639.jpeg'}
2026-03-15 22:28:17 - RENAMED: '1000006639.jpeg' -> ' 2023.11.25-22.57.15.377..jpeg'
2026-03-15 22:28:17 - PROGRESS: {'current': 378, 'total': 1598, 'filename': '1000006641.jpg'}
2026-03-15 22:28:17 - RENAMED: '1000006641.jpg' -> '1000006641_c1.jpg'
2026-03-15 22:28:17 - PROGRESS: {'current': 379, 'total': 1598, 'filename': '1000006683.mp4'}
2026-03-15 22:28:17 - RENAMED: '1000006683.mp4' -> '1000006683_c1.mp4'
2026-03-15 22:28:17 - PROGRESS: {'current': 380, 'total': 1598, 'filename': '1000006754.jpg'}
2026-03-15 22:28:17 - RENAMED: '1000006754.jpg' -> '1000006754_c1.jpg'
2026-03-15 22:28:17 - PROGRESS: {'current': 381, 'total': 1598, 'filename': '1000006796.jpg'}
2026-03-15 22:28:18 - RENAMED: '1000006796.jpg' -> '1000006796_c1.jpg'
2026-03-15 22:28:18 - PROGRESS: {'current': 382, 'total': 1598, 'filename': '1000006870.jpg'}
2026-03-15 22:28:18 - RENAMED: '1000006870.jpg' -> '1000006870_c1.jpg'
2026-03-15 22:28:18 - PROGRESS: {'current': 383, 'total': 1598, 'filename': '1000006939.jpg'}
2026-03-15 22:28:18 - RENAMED: '1000006939.jpg' -> '1000006939_c1.jpg'
2026-03-15 22:28:18 - PROGRESS: {'current': 384, 'total': 1598, 'filename': '1000006952.jpg'}
2026-03-15 22:28:18 - RENAMED: '1000006952.jpg' -> '1000006952_c1.jpg'
2026-03-15 22:28:18 - PROGRESS: {'current': 385, 'total': 1598, 'filename': '1000006955.jpg'}
2026-03-15 22:28:18 - RENAMED: '1000006955.jpg' -> '1000006955_c1.jpg'
2026-03-15 22:28:18 - PROGRESS: {'current': 386, 'total': 1598, 'filename': '1000007001.jpg'}
2026-03-15 22:28:18 - RENAMED: '1000007001.jpg' -> '1000007001_c1.jpg'
2026-03-15 22:28:18 - PROGRESS: {'current': 387, 'total': 1598, 'filename': '1000007025.jpeg'}
2026-03-15 22:28:18 - RENAMED: '1000007025.jpeg' -> ' 2023.12.17-10.17.28.387..jpeg'
2026-03-15 22:28:18 - PROGRESS: {'current': 388, 'total': 1598, 'filename': '1000007028.mp4'}
2026-03-15 22:28:18 - RENAMED: '1000007028.mp4' -> '1000007028_c1.mp4'
2026-03-15 22:28:18 - PROGRESS: {'current': 389, 'total': 1598, 'filename': '1000007072.mp4'}
2026-03-15 22:28:18 - RENAMED: '1000007072.mp4' -> '1000007072_c1.mp4'
2026-03-15 22:28:18 - PROGRESS: {'current': 390, 'total': 1598, 'filename': '1000007074.mp4'}
2026-03-15 22:28:18 - RENAMED: '1000007074.mp4' -> '1000007074_c1.mp4'
2026-03-15 22:28:18 - PROGRESS: {'current': 391, 'total': 1598, 'filename': '1000007105.jpg'}
2026-03-15 22:28:18 - RENAMED: '1000007105.jpg' -> '1000007105_c1.jpg'
2026-03-15 22:28:18 - PROGRESS: {'current': 392, 'total': 1598, 'filename': '1000007106.jpg'}
2026-03-15 22:28:18 - RENAMED: '1000007106.jpg' -> '1000007106_c1.jpg'
2026-03-15 22:28:18 - PROGRESS: {'current': 393, 'total': 1598, 'filename': '1000007107.jpg'}
2026-03-15 22:28:18 - RENAMED: '1000007107.jpg' -> '1000007107_c1.jpg'
2026-03-15 22:28:18 - PROGRESS: {'current': 394, 'total': 1598, 'filename': '1000007108.jpg'}
2026-03-15 22:28:18 - RENAMED: '1000007108.jpg' -> '1000007108_c1.jpg'
2026-03-15 22:28:18 - PROGRESS: {'current': 395, 'total': 1598, 'filename': '1000007109.jpg'}
2026-03-15 22:28:18 - RENAMED: '1000007109.jpg' -> '1000007109_c1.jpg'
2026-03-15 22:28:18 - PROGRESS: {'current': 396, 'total': 1598, 'filename': '1000007110.jpg'}
2026-03-15 22:28:18 - RENAMED: '1000007110.jpg' -> '1000007110_c1.jpg'
2026-03-15 22:28:18 - PROGRESS: {'current': 397, 'total': 1598, 'filename': '1000007111.jpg'}
2026-03-15 22:28:18 - RENAMED: '1000007111.jpg' -> '1000007111_c1.jpg'
2026-03-15 22:28:18 - PROGRESS: {'current': 398, 'total': 1598, 'filename': '1000007112.jpg'}
2026-03-15 22:28:18 - RENAMED: '1000007112.jpg' -> '1000007112_c1.jpg'
2026-03-15 22:28:18 - PROGRESS: {'current': 399, 'total': 1598, 'filename': '1000007113.jpg'}
2026-03-15 22:28:18 - RENAMED: '1000007113.jpg' -> '1000007113_c1.jpg'
2026-03-15 22:28:18 - PROGRESS: {'current': 400, 'total': 1598, 'filename': '1000007114.jpg'}
2026-03-15 22:28:18 - RENAMED: '1000007114.jpg' -> '1000007114_c1.jpg'
2026-03-15 22:28:18 - PROGRESS: {'current': 401, 'total': 1598, 'filename': '1000007137.jpg'}
2026-03-15 22:28:18 - RENAMED: '1000007137.jpg' -> '1000007137_c1.jpg'
2026-03-15 22:28:18 - PROGRESS: {'current': 402, 'total': 1598, 'filename': '1000007140.jpg'}
2026-03-15 22:28:18 - RENAMED: '1000007140.jpg' -> '1000007140_c1.jpg'
2026-03-15 22:28:18 - PROGRESS: {'current': 403, 'total': 1598, 'filename': '1000007143.jpg'}
2026-03-15 22:28:18 - RENAMED: '1000007143.jpg' -> '1000007143_c1.jpg'
2026-03-15 22:28:18 - PROGRESS: {'current': 404, 'total': 1598, 'filename': '1000007155.jpg'}
2026-03-15 22:28:18 - RENAMED: '1000007155.jpg' -> '1000007155_c1.jpg'
2026-03-15 22:28:18 - PROGRESS: {'current': 405, 'total': 1598, 'filename': '1000007158.jpg'}
2026-03-15 22:28:18 - RENAMED: '1000007158.jpg' -> '1000007158_c1.jpg'
2026-03-15 22:28:18 - PROGRESS: {'current': 406, 'total': 1598, 'filename': '1000007161.jpg'}
2026-03-15 22:28:18 - RENAMED: '1000007161.jpg' -> '1000007161_c1.jpg'
2026-03-15 22:28:18 - PROGRESS: {'current': 407, 'total': 1598, 'filename': '1000007166.jpg'}
2026-03-15 22:28:18 - RENAMED: '1000007166.jpg' -> '1000007166_c1.jpg'
2026-03-15 22:28:18 - PROGRESS: {'current': 408, 'total': 1598, 'filename': '1000007177.mp4'}
2026-03-15 22:28:18 - RENAMED: '1000007177.mp4' -> '1000007177_c1.mp4'
2026-03-15 22:28:18 - PROGRESS: {'current': 409, 'total': 1598, 'filename': '1000007190.jpg'}
2026-03-15 22:28:18 - RENAMED: '1000007190.jpg' -> '1000007190_c1.jpg'
2026-03-15 22:28:18 - PROGRESS: {'current': 410, 'total': 1598, 'filename': '1000007193.jpeg'}
2026-03-15 22:28:18 - RENAMED: '1000007193.jpeg' -> ' 2023.12.23-21.37.20.410..jpeg'
2026-03-15 22:28:18 - PROGRESS: {'current': 411, 'total': 1598, 'filename': '1000007196.jpg'}
2026-03-15 22:28:18 - RENAMED: '1000007196.jpg' -> '1000007196_c1.jpg'
2026-03-15 22:28:18 - PROGRESS: {'current': 412, 'total': 1598, 'filename': '1000007199.jpg'}
2026-03-15 22:28:18 - RENAMED: '1000007199.jpg' -> '1000007199_c1.jpg'
2026-03-15 22:28:18 - PROGRESS: {'current': 413, 'total': 1598, 'filename': '1000007200.jpg'}
2026-03-15 22:28:18 - RENAMED: '1000007200.jpg' -> '1000007200_c1.jpg'
2026-03-15 22:28:18 - PROGRESS: {'current': 414, 'total': 1598, 'filename': '1000007203.jpg'}
2026-03-15 22:28:18 - RENAMED: '1000007203.jpg' -> '1000007203_c1.jpg'
2026-03-15 22:28:18 - PROGRESS: {'current': 415, 'total': 1598, 'filename': '1000007206.jpg'}
2026-03-15 22:28:18 - RENAMED: '1000007206.jpg' -> '1000007206_c1.jpg'
2026-03-15 22:28:18 - PROGRESS: {'current': 416, 'total': 1598, 'filename': '1000007208.jpg'}
2026-03-15 22:28:18 - RENAMED: '1000007208.jpg' -> '1000007208_c1.jpg'
2026-03-15 22:28:18 - PROGRESS: {'current': 417, 'total': 1598, 'filename': '1000007210.jpg'}
2026-03-15 22:28:18 - RENAMED: '1000007210.jpg' -> '1000007210_c1.jpg'
2026-03-15 22:28:18 - PROGRESS: {'current': 418, 'total': 1598, 'filename': '1000007218.jpg'}
2026-03-15 22:28:18 - RENAMED: '1000007218.jpg' -> '1000007218_c1.jpg'
2026-03-15 22:28:18 - PROGRESS: {'current': 419, 'total': 1598, 'filename': '1000007220.jpg'}
2026-03-15 22:28:18 - RENAMED: '1000007220.jpg' -> '1000007220_c1.jpg'
2026-03-15 22:28:18 - PROGRESS: {'current': 420, 'total': 1598, 'filename': '1000007222.jpg'}
2026-03-15 22:28:18 - RENAMED: '1000007222.jpg' -> '1000007222_c1.jpg'
2026-03-15 22:28:18 - PROGRESS: {'current': 421, 'total': 1598, 'filename': '1000007224.jpg'}
2026-03-15 22:28:18 - RENAMED: '1000007224.jpg' -> '1000007224_c1.jpg'
2026-03-15 22:28:18 - PROGRESS: {'current': 422, 'total': 1598, 'filename': '1000007226.jpg'}
2026-03-15 22:28:18 - RENAMED: '1000007226.jpg' -> '1000007226_c1.jpg'
2026-03-15 22:28:18 - PROGRESS: {'current': 423, 'total': 1598, 'filename': '1000007228.jpg'}
2026-03-15 22:28:18 - RENAMED: '1000007228.jpg' -> '1000007228_c1.jpg'
2026-03-15 22:28:18 - PROGRESS: {'current': 424, 'total': 1598, 'filename': '1000007230.jpg'}
2026-03-15 22:28:18 - RENAMED: '1000007230.jpg' -> '1000007230_c1.jpg'
2026-03-15 22:28:18 - PROGRESS: {'current': 425, 'total': 1598, 'filename': '1000007232.jpg'}
2026-03-15 22:28:18 - RENAMED: '1000007232.jpg' -> '1000007232_c1.jpg'
2026-03-15 22:28:18 - PROGRESS: {'current': 426, 'total': 1598, 'filename': '1000007234.jpg'}
2026-03-15 22:28:18 - RENAMED: '1000007234.jpg' -> '1000007234_c1.jpg'
2026-03-15 22:28:18 - PROGRESS: {'current': 427, 'total': 1598, 'filename': '1000007236.jpg'}
2026-03-15 22:28:18 - RENAMED: '1000007236.jpg' -> '1000007236_c1.jpg'
2026-03-15 22:28:18 - PROGRESS: {'current': 428, 'total': 1598, 'filename': '1000007238.jpg'}
2026-03-15 22:28:18 - RENAMED: '1000007238.jpg' -> '1000007238_c1.jpg'
2026-03-15 22:28:18 - PROGRESS: {'current': 429, 'total': 1598, 'filename': '1000007243.gif'}
2026-03-15 22:28:18 - RENAMED: '1000007243.gif' -> '1000007243_c1.gif'
2026-03-15 22:28:18 - PROGRESS: {'current': 430, 'total': 1598, 'filename': '1000007246.jpeg'}
2026-03-15 22:28:18 - RENAMED: '1000007246.jpeg' -> ' 2023.12.25-00.53.46.430..jpeg'
2026-03-15 22:28:18 - PROGRESS: {'current': 431, 'total': 1598, 'filename': '1000007248.jpg'}
2026-03-15 22:28:18 - RENAMED: '1000007248.jpg' -> '1000007248_c1.jpg'
2026-03-15 22:28:18 - PROGRESS: {'current': 432, 'total': 1598, 'filename': '1000007260.mp4'}
2026-03-15 22:28:18 - RENAMED: '1000007260.mp4' -> '1000007260_c1.mp4'
2026-03-15 22:28:18 - PROGRESS: {'current': 433, 'total': 1598, 'filename': '1000007265.mp4'}
2026-03-15 22:28:18 - RENAMED: '1000007265.mp4' -> '1000007265_c1.mp4'
2026-03-15 22:28:18 - PROGRESS: {'current': 434, 'total': 1598, 'filename': '1000007269.jpg'}
2026-03-15 22:28:18 - RENAMED: '1000007269.jpg' -> '1000007269_c1.jpg'
2026-03-15 22:28:18 - PROGRESS: {'current': 435, 'total': 1598, 'filename': '1000007285.jpg'}
2026-03-15 22:28:18 - RENAMED: '1000007285.jpg' -> '1000007285_c1.jpg'
2026-03-15 22:28:18 - PROGRESS: {'current': 436, 'total': 1598, 'filename': '1000007286.jpg'}
2026-03-15 22:28:18 - RENAMED: '1000007286.jpg' -> '1000007286_c1.jpg'
2026-03-15 22:28:18 - PROGRESS: {'current': 437, 'total': 1598, 'filename': '1000007287.jpg'}
2026-03-15 22:28:18 - RENAMED: '1000007287.jpg' -> '1000007287_c1.jpg'
2026-03-15 22:28:18 - PROGRESS: {'current': 438, 'total': 1598, 'filename': '1000007288.jpg'}
2026-03-15 22:28:18 - RENAMED: '1000007288.jpg' -> '1000007288_c1.jpg'
2026-03-15 22:28:18 - PROGRESS: {'current': 439, 'total': 1598, 'filename': '1000007289.jpg'}
2026-03-15 22:28:18 - RENAMED: '1000007289.jpg' -> '1000007289_c1.jpg'
2026-03-15 22:28:18 - PROGRESS: {'current': 440, 'total': 1598, 'filename': '1000007290.jpg'}
2026-03-15 22:28:18 - RENAMED: '1000007290.jpg' -> '1000007290_c1.jpg'
2026-03-15 22:28:18 - PROGRESS: {'current': 441, 'total': 1598, 'filename': '1000007291.jpg'}
2026-03-15 22:28:18 - RENAMED: '1000007291.jpg' -> '1000007291_c1.jpg'
2026-03-15 22:28:18 - PROGRESS: {'current': 442, 'total': 1598, 'filename': '1000007292.jpg'}
2026-03-15 22:28:18 - RENAMED: '1000007292.jpg' -> '1000007292_c1.jpg'
2026-03-15 22:28:18 - PROGRESS: {'current': 443, 'total': 1598, 'filename': '1000007293.jpg'}
2026-03-15 22:28:18 - RENAMED: '1000007293.jpg' -> '1000007293_c1.jpg'
2026-03-15 22:28:18 - PROGRESS: {'current': 444, 'total': 1598, 'filename': '1000007396.mp4'}
2026-03-15 22:28:18 - RENAMED: '1000007396.mp4' -> '1000007396_c1.mp4'
2026-03-15 22:28:18 - PROGRESS: {'current': 445, 'total': 1598, 'filename': '1000007397.mp4'}
2026-03-15 22:28:18 - RENAMED: '1000007397.mp4' -> '1000007397_c1.mp4'
2026-03-15 22:28:18 - PROGRESS: {'current': 446, 'total': 1598, 'filename': '1000007434.jpg'}
2026-03-15 22:28:18 - RENAMED: '1000007434.jpg' -> '1000007434_c1.jpg'
2026-03-15 22:28:18 - PROGRESS: {'current': 447, 'total': 1598, 'filename': '1000007478.jpg'}
2026-03-15 22:28:18 - RENAMED: '1000007478.jpg' -> '1000007478_c1.jpg'
2026-03-15 22:28:18 - PROGRESS: {'current': 448, 'total': 1598, 'filename': '1000007480.jpg'}
2026-03-15 22:28:18 - RENAMED: '1000007480.jpg' -> '1000007480_c1.jpg'
2026-03-15 22:28:19 - PROGRESS: {'current': 449, 'total': 1598, 'filename': '1000007536.jpeg'}
2026-03-15 22:28:19 - RENAMED: '1000007536.jpeg' -> ' 2024.01.12-00.57.39.449..jpeg'
2026-03-15 22:28:19 - PROGRESS: {'current': 450, 'total': 1598, 'filename': '1000007538.jpg'}
2026-03-15 22:28:19 - RENAMED: '1000007538.jpg' -> '1000007538_c1.jpg'
2026-03-15 22:28:19 - PROGRESS: {'current': 451, 'total': 1598, 'filename': '1000007568.jpg'}
2026-03-15 22:28:19 - RENAMED: '1000007568.jpg' -> '1000007568_c1.jpg'
2026-03-15 22:28:19 - PROGRESS: {'current': 452, 'total': 1598, 'filename': '1000007598.jpg'}
2026-03-15 22:28:19 - RENAMED: '1000007598.jpg' -> '1000007598_c1.jpg'
2026-03-15 22:28:19 - PROGRESS: {'current': 453, 'total': 1598, 'filename': '1000007603.mp4'}
2026-03-15 22:28:19 - RENAMED: '1000007603.mp4' -> '1000007603_c1.mp4'
2026-03-15 22:28:19 - PROGRESS: {'current': 454, 'total': 1598, 'filename': '1000007607.mp4'}
2026-03-15 22:28:19 - RENAMED: '1000007607.mp4' -> '1000007607_c1.mp4'
2026-03-15 22:28:19 - PROGRESS: {'current': 455, 'total': 1598, 'filename': '1000007615.mp4'}
2026-03-15 22:28:19 - RENAMED: '1000007615.mp4' -> '1000007615_c1.mp4'
2026-03-15 22:28:19 - PROGRESS: {'current': 456, 'total': 1598, 'filename': '1000007619.mp4'}
2026-03-15 22:28:19 - RENAMED: '1000007619.mp4' -> '1000007619_c1.mp4'
2026-03-15 22:28:19 - PROGRESS: {'current': 457, 'total': 1598, 'filename': '1000007623.mp4'}
2026-03-15 22:28:19 - RENAMED: '1000007623.mp4' -> '1000007623_c1.mp4'
2026-03-15 22:28:19 - PROGRESS: {'current': 458, 'total': 1598, 'filename': '1000007627.mp4'}
2026-03-15 22:28:19 - RENAMED: '1000007627.mp4' -> '1000007627_c1.mp4'
2026-03-15 22:28:19 - PROGRESS: {'current': 459, 'total': 1598, 'filename': '1000007631.jpg'}
2026-03-15 22:28:19 - RENAMED: '1000007631.jpg' -> '1000007631_c1.jpg'
2026-03-15 22:28:19 - PROGRESS: {'current': 460, 'total': 1598, 'filename': '1000007634.mp4'}
2026-03-15 22:28:19 - RENAMED: '1000007634.mp4' -> '1000007634_c1.mp4'
2026-03-15 22:28:19 - PROGRESS: {'current': 461, 'total': 1598, 'filename': '1000007638.mp4'}
2026-03-15 22:28:19 - RENAMED: '1000007638.mp4' -> '1000007638_c1.mp4'
2026-03-15 22:28:19 - PROGRESS: {'current': 462, 'total': 1598, 'filename': '1000007648.mp4'}
2026-03-15 22:28:19 - RENAMED: '1000007648.mp4' -> '1000007648_c1.mp4'
2026-03-15 22:28:19 - PROGRESS: {'current': 463, 'total': 1598, 'filename': '1000007776.jpeg'}
2026-03-15 22:28:19 - RENAMED: '1000007776.jpeg' -> ' 2024.01.20-12.16.09.463..jpeg'
2026-03-15 22:28:19 - PROGRESS: {'current': 464, 'total': 1598, 'filename': '1000007778.jpeg'}
2026-03-15 22:28:19 - RENAMED: '1000007778.jpeg' -> ' 2024.01.20-12.16.22.464..jpeg'
2026-03-15 22:28:19 - PROGRESS: {'current': 465, 'total': 1598, 'filename': '1000007780.jpeg'}
2026-03-15 22:28:19 - RENAMED: '1000007780.jpeg' -> ' 2024.01.20-12.16.56.465..jpeg'
2026-03-15 22:28:19 - PROGRESS: {'current': 466, 'total': 1598, 'filename': '1000010086.jpg'}
2026-03-15 22:28:19 - RENAMED: '1000010086.jpg' -> '1000010086_c1.jpg'
2026-03-15 22:28:19 - PROGRESS: {'current': 467, 'total': 1598, 'filename': '1000010087.jpg'}
2026-03-15 22:28:19 - RENAMED: '1000010087.jpg' -> '1000010087_c1.jpg'
2026-03-15 22:28:19 - PROGRESS: {'current': 468, 'total': 1598, 'filename': '1000010135.jpg'}
2026-03-15 22:28:19 - RENAMED: '1000010135.jpg' -> ' 2024.01.23-17.25.33.468..jpg'
2026-03-15 22:28:19 - PROGRESS: {'current': 469, 'total': 1598, 'filename': '1000010140.jpg'}
2026-03-15 22:28:19 - RENAMED: '1000010140.jpg' -> '1000010140_c1.jpg'
2026-03-15 22:28:19 - PROGRESS: {'current': 470, 'total': 1598, 'filename': '1000010141.jpg'}
2026-03-15 22:28:19 - RENAMED: '1000010141.jpg' -> '1000010141_c1.jpg'
2026-03-15 22:28:19 - PROGRESS: {'current': 471, 'total': 1598, 'filename': '1000010160.jpg'}
2026-03-15 22:28:19 - RENAMED: '1000010160.jpg' -> '1000010160_c1.jpg'
2026-03-15 22:28:19 - PROGRESS: {'current': 472, 'total': 1598, 'filename': '1000010161.jpg'}
2026-03-15 22:28:19 - RENAMED: '1000010161.jpg' -> '1000010161_c1.jpg'
2026-03-15 22:28:19 - PROGRESS: {'current': 473, 'total': 1598, 'filename': '1000010164.jpg'}
2026-03-15 22:28:19 - RENAMED: '1000010164.jpg' -> '1000010164_c1.jpg'
2026-03-15 22:28:19 - PROGRESS: {'current': 474, 'total': 1598, 'filename': '1000010176.jpg'}
2026-03-15 22:28:19 - RENAMED: '1000010176.jpg' -> '1000010176_c1.jpg'
2026-03-15 22:28:19 - PROGRESS: {'current': 475, 'total': 1598, 'filename': '1000010200.jpg'}
2026-03-15 22:28:19 - RENAMED: '1000010200.jpg' -> '1000010200_c1.jpg'
2026-03-15 22:28:19 - PROGRESS: {'current': 476, 'total': 1598, 'filename': '1000010209.jpg'}
2026-03-15 22:28:19 - RENAMED: '1000010209.jpg' -> '1000010209_c1.jpg'
2026-03-15 22:28:19 - PROGRESS: {'current': 477, 'total': 1598, 'filename': '1000010210.jpg'}
2026-03-15 22:28:19 - RENAMED: '1000010210.jpg' -> '1000010210_c1.jpg'
2026-03-15 22:28:19 - PROGRESS: {'current': 478, 'total': 1598, 'filename': '1000010235.jpg'}
2026-03-15 22:28:19 - RENAMED: '1000010235.jpg' -> '1000010235_c1.jpg'
2026-03-15 22:28:19 - PROGRESS: {'current': 479, 'total': 1598, 'filename': '1000010248.jpg'}
2026-03-15 22:28:19 - RENAMED: '1000010248.jpg' -> '1000010248_c1.jpg'
2026-03-15 22:28:19 - PROGRESS: {'current': 480, 'total': 1598, 'filename': '1000010251.jpg'}
2026-03-15 22:28:19 - RENAMED: '1000010251.jpg' -> '1000010251_c1.jpg'
2026-03-15 22:28:19 - PROGRESS: {'current': 481, 'total': 1598, 'filename': '1000010254.jpg'}
2026-03-15 22:28:19 - RENAMED: '1000010254.jpg' -> '1000010254_c1.jpg'
2026-03-15 22:28:19 - PROGRESS: {'current': 482, 'total': 1598, 'filename': '1000010257.jpg'}
2026-03-15 22:28:19 - RENAMED: '1000010257.jpg' -> '1000010257_c1.jpg'
2026-03-15 22:28:19 - PROGRESS: {'current': 483, 'total': 1598, 'filename': '1000010280.jpg'}
2026-03-15 22:28:19 - RENAMED: '1000010280.jpg' -> '1000010280_c1.jpg'
2026-03-15 22:28:19 - PROGRESS: {'current': 484, 'total': 1598, 'filename': '1000010320.jpeg'}
2026-03-15 22:28:19 - RENAMED: '1000010320.jpeg' -> ' 2024.01.31-19.22.46.484..jpeg'
2026-03-15 22:28:19 - PROGRESS: {'current': 485, 'total': 1598, 'filename': '1000010338.jpg'}
2026-03-15 22:28:19 - RENAMED: '1000010338.jpg' -> '1000010338_c1.jpg'
2026-03-15 22:28:19 - PROGRESS: {'current': 486, 'total': 1598, 'filename': '1000010346.jpg'}
2026-03-15 22:28:19 - RENAMED: '1000010346.jpg' -> '1000010346_c1.jpg'
2026-03-15 22:28:19 - PROGRESS: {'current': 487, 'total': 1598, 'filename': '1000010351.jpeg'}
2026-03-15 22:28:19 - RENAMED: '1000010351.jpeg' -> ' 2024.02.01-19.07.13.487..jpeg'
2026-03-15 22:28:19 - PROGRESS: {'current': 488, 'total': 1598, 'filename': '1000010353.jpeg'}
2026-03-15 22:28:19 - RENAMED: '1000010353.jpeg' -> ' 2024.02.01-19.57.25.488..jpeg'
2026-03-15 22:28:19 - PROGRESS: {'current': 489, 'total': 1598, 'filename': '1000010355.jpeg'}
2026-03-15 22:28:19 - RENAMED: '1000010355.jpeg' -> ' 2024.02.01-19.57.34.489..jpeg'
2026-03-15 22:28:19 - PROGRESS: {'current': 490, 'total': 1598, 'filename': '1000010359.jpeg'}
2026-03-15 22:28:19 - RENAMED: '1000010359.jpeg' -> ' 2024.02.01-20.16.19.490..jpeg'
2026-03-15 22:28:19 - PROGRESS: {'current': 491, 'total': 1598, 'filename': '1000010373.mp4'}
2026-03-15 22:28:19 - RENAMED: '1000010373.mp4' -> '1000010373_c1.mp4'
2026-03-15 22:28:19 - PROGRESS: {'current': 492, 'total': 1598, 'filename': '1000010421.jpeg'}
2026-03-15 22:28:19 - RENAMED: '1000010421.jpeg' -> ' 2024.02.03-12.14.13.492..jpeg'
2026-03-15 22:28:19 - PROGRESS: {'current': 493, 'total': 1598, 'filename': '1000010423.jpg'}
2026-03-15 22:28:19 - RENAMED: '1000010423.jpg' -> '1000010423_c1.jpg'
2026-03-15 22:28:19 - PROGRESS: {'current': 494, 'total': 1598, 'filename': '1000010424.jpg'}
2026-03-15 22:28:19 - RENAMED: '1000010424.jpg' -> '1000010424_c1.jpg'
2026-03-15 22:28:19 - PROGRESS: {'current': 495, 'total': 1598, 'filename': '1000010427.jpg'}
2026-03-15 22:28:19 - RENAMED: '1000010427.jpg' -> '1000010427_c1.jpg'
2026-03-15 22:28:19 - PROGRESS: {'current': 496, 'total': 1598, 'filename': '1000010430.jpg'}
2026-03-15 22:28:19 - RENAMED: '1000010430.jpg' -> '1000010430_c1.jpg'
2026-03-15 22:28:19 - PROGRESS: {'current': 497, 'total': 1598, 'filename': '1000010433.jpg'}
2026-03-15 22:28:19 - RENAMED: '1000010433.jpg' -> '1000010433_c1.jpg'
2026-03-15 22:28:19 - PROGRESS: {'current': 498, 'total': 1598, 'filename': '1000010436.jpg'}
2026-03-15 22:28:19 - RENAMED: '1000010436.jpg' -> '1000010436_c1.jpg'
2026-03-15 22:28:19 - PROGRESS: {'current': 499, 'total': 1598, 'filename': '1000010439.jpg'}
2026-03-15 22:28:19 - RENAMED: '1000010439.jpg' -> '1000010439_c1.jpg'
2026-03-15 22:28:19 - PROGRESS: {'current': 500, 'total': 1598, 'filename': '1000010442.jpg'}
2026-03-15 22:28:19 - RENAMED: '1000010442.jpg' -> '1000010442_c1.jpg'
2026-03-15 22:28:19 - PROGRESS: {'current': 501, 'total': 1598, 'filename': '1000010445.mp4'}
2026-03-15 22:28:19 - RENAMED: '1000010445.mp4' -> '1000010445_c1.mp4'
2026-03-15 22:28:19 - PROGRESS: {'current': 502, 'total': 1598, 'filename': '1000010455.jpg'}
2026-03-15 22:28:19 - RENAMED: '1000010455.jpg' -> '1000010455_c1.jpg'
2026-03-15 22:28:19 - PROGRESS: {'current': 503, 'total': 1598, 'filename': '1000010457.jpg'}
2026-03-15 22:28:19 - RENAMED: '1000010457.jpg' -> '1000010457_c1.jpg'
2026-03-15 22:28:19 - PROGRESS: {'current': 504, 'total': 1598, 'filename': '1000010499.jpg'}
2026-03-15 22:28:19 - RENAMED: '1000010499.jpg' -> '1000010499_c1.jpg'
2026-03-15 22:28:19 - PROGRESS: {'current': 505, 'total': 1598, 'filename': '1000010605.mp4'}
2026-03-15 22:28:19 - RENAMED: '1000010605.mp4' -> '1000010605_c1.mp4'
2026-03-15 22:28:19 - PROGRESS: {'current': 506, 'total': 1598, 'filename': '1000010727.jpg'}
2026-03-15 22:28:19 - RENAMED: '1000010727.jpg' -> '1000010727_c1.jpg'
2026-03-15 22:28:19 - PROGRESS: {'current': 507, 'total': 1598, 'filename': '1000010745.mp4'}
2026-03-15 22:28:19 - RENAMED: '1000010745.mp4' -> '1000010745_c1.mp4'
2026-03-15 22:28:19 - PROGRESS: {'current': 508, 'total': 1598, 'filename': '1000010760.mp4'}
2026-03-15 22:28:19 - RENAMED: '1000010760.mp4' -> '1000010760_c1.mp4'
2026-03-15 22:28:19 - PROGRESS: {'current': 509, 'total': 1598, 'filename': '1000010801.jpeg'}
2026-03-15 22:28:19 - RENAMED: '1000010801.jpeg' -> ' 2024.02.20-18.06.16.509..jpeg'
2026-03-15 22:28:19 - PROGRESS: {'current': 510, 'total': 1598, 'filename': '1000010927.jpg'}
2026-03-15 22:28:19 - RENAMED: '1000010927.jpg' -> '1000010927_c1.jpg'
2026-03-15 22:28:19 - PROGRESS: {'current': 511, 'total': 1598, 'filename': '1000010932.mp4'}
2026-03-15 22:28:19 - RENAMED: '1000010932.mp4' -> '1000010932_c1.mp4'
2026-03-15 22:28:19 - PROGRESS: {'current': 512, 'total': 1598, 'filename': '1000010985.jpeg'}
2026-03-15 22:28:19 - RENAMED: '1000010985.jpeg' -> ' 2024.03.02-10.19.07.512..jpeg'
2026-03-15 22:28:19 - PROGRESS: {'current': 513, 'total': 1598, 'filename': '1000011056.mp4'}
2026-03-15 22:28:19 - RENAMED: '1000011056.mp4' -> '1000011056_c1.mp4'
2026-03-15 22:28:19 - PROGRESS: {'current': 514, 'total': 1598, 'filename': '1000011065.jpg'}
2026-03-15 22:28:19 - RENAMED: '1000011065.jpg' -> '1000011065_c1.jpg'
2026-03-15 22:28:19 - PROGRESS: {'current': 515, 'total': 1598, 'filename': '1000011068.jpg'}
2026-03-15 22:28:19 - RENAMED: '1000011068.jpg' -> '1000011068_c1.jpg'
2026-03-15 22:28:19 - PROGRESS: {'current': 516, 'total': 1598, 'filename': '1000011070.jpg'}
2026-03-15 22:28:19 - RENAMED: '1000011070.jpg' -> '1000011070_c1.jpg'
2026-03-15 22:28:19 - PROGRESS: {'current': 517, 'total': 1598, 'filename': '1000011072.jpg'}
2026-03-15 22:28:19 - RENAMED: '1000011072.jpg' -> '1000011072_c1.jpg'
2026-03-15 22:28:19 - PROGRESS: {'current': 518, 'total': 1598, 'filename': '1000011074.jpg'}
2026-03-15 22:28:19 - RENAMED: '1000011074.jpg' -> '1000011074_c1.jpg'
2026-03-15 22:28:19 - PROGRESS: {'current': 519, 'total': 1598, 'filename': '1000011077.jpg'}
2026-03-15 22:28:19 - RENAMED: '1000011077.jpg' -> '1000011077_c1.jpg'
2026-03-15 22:28:19 - PROGRESS: {'current': 520, 'total': 1598, 'filename': '1000011079.jpg'}
2026-03-15 22:28:19 - RENAMED: '1000011079.jpg' -> '1000011079_c1.jpg'
2026-03-15 22:28:20 - PROGRESS: {'current': 521, 'total': 1598, 'filename': '1000011081.jpg'}
2026-03-15 22:28:20 - RENAMED: '1000011081.jpg' -> '1000011081_c1.jpg'
2026-03-15 22:28:20 - PROGRESS: {'current': 522, 'total': 1598, 'filename': '1000011083.jpg'}
2026-03-15 22:28:20 - RENAMED: '1000011083.jpg' -> '1000011083_c1.jpg'
2026-03-15 22:28:20 - PROGRESS: {'current': 523, 'total': 1598, 'filename': '1000011085.jpg'}
2026-03-15 22:28:20 - RENAMED: '1000011085.jpg' -> '1000011085_c1.jpg'
2026-03-15 22:28:20 - PROGRESS: {'current': 524, 'total': 1598, 'filename': '1000011087.jpg'}
2026-03-15 22:28:20 - RENAMED: '1000011087.jpg' -> '1000011087_c1.jpg'
2026-03-15 22:28:20 - PROGRESS: {'current': 525, 'total': 1598, 'filename': '1000011089.jpg'}
2026-03-15 22:28:20 - RENAMED: '1000011089.jpg' -> '1000011089_c1.jpg'
2026-03-15 22:28:20 - PROGRESS: {'current': 526, 'total': 1598, 'filename': '1000011091.jpg'}
2026-03-15 22:28:20 - RENAMED: '1000011091.jpg' -> '1000011091_c1.jpg'
2026-03-15 22:28:20 - PROGRESS: {'current': 527, 'total': 1598, 'filename': '1000011125.mp4'}
2026-03-15 22:28:20 - RENAMED: '1000011125.mp4' -> '1000011125_c1.mp4'
2026-03-15 22:28:20 - PROGRESS: {'current': 528, 'total': 1598, 'filename': '1000011161.mp4'}
2026-03-15 22:28:20 - RENAMED: '1000011161.mp4' -> '1000011161_c1.mp4'
2026-03-15 22:28:20 - PROGRESS: {'current': 529, 'total': 1598, 'filename': '1000011165.jpg'}
2026-03-15 22:28:20 - RENAMED: '1000011165.jpg' -> '1000011165_c1.jpg'
2026-03-15 22:28:20 - PROGRESS: {'current': 530, 'total': 1598, 'filename': '1000011168.jpg'}
2026-03-15 22:28:20 - RENAMED: '1000011168.jpg' -> '1000011168_c1.jpg'
2026-03-15 22:28:20 - PROGRESS: {'current': 531, 'total': 1598, 'filename': '1000011171.mp4'}
2026-03-15 22:28:20 - RENAMED: '1000011171.mp4' -> '1000011171_c1.mp4'
2026-03-15 22:28:20 - PROGRESS: {'current': 532, 'total': 1598, 'filename': '1000011175.jpg'}
2026-03-15 22:28:20 - RENAMED: '1000011175.jpg' -> '1000011175_c1.jpg'
2026-03-15 22:28:20 - PROGRESS: {'current': 533, 'total': 1598, 'filename': '1000011178.jpg'}
2026-03-15 22:28:20 - RENAMED: '1000011178.jpg' -> '1000011178_c1.jpg'
2026-03-15 22:28:20 - PROGRESS: {'current': 534, 'total': 1598, 'filename': '1000011181.jpg'}
2026-03-15 22:28:20 - RENAMED: '1000011181.jpg' -> '1000011181_c1.jpg'
2026-03-15 22:28:20 - PROGRESS: {'current': 535, 'total': 1598, 'filename': '1000011227.mp4'}
2026-03-15 22:28:20 - RENAMED: '1000011227.mp4' -> '1000011227_c1.mp4'
2026-03-15 22:28:20 - PROGRESS: {'current': 536, 'total': 1598, 'filename': '1000011250.jpg'}
2026-03-15 22:28:20 - RENAMED: '1000011250.jpg' -> '1000011250_c1.jpg'
2026-03-15 22:28:20 - PROGRESS: {'current': 537, 'total': 1598, 'filename': '1000011268.jpg'}
2026-03-15 22:28:20 - RENAMED: '1000011268.jpg' -> '1000011268_c1.jpg'
2026-03-15 22:28:20 - PROGRESS: {'current': 538, 'total': 1598, 'filename': '1000011274.jpg'}
2026-03-15 22:28:20 - RENAMED: '1000011274.jpg' -> '1000011274_c1.jpg'
2026-03-15 22:28:20 - PROGRESS: {'current': 539, 'total': 1598, 'filename': '1000011307.jpg'}
2026-03-15 22:28:20 - RENAMED: '1000011307.jpg' -> '1000011307_c1.jpg'
2026-03-15 22:28:20 - PROGRESS: {'current': 540, 'total': 1598, 'filename': '1000011321.jpeg'}
2026-03-15 22:28:20 - RENAMED: '1000011321.jpeg' -> ' 2024.03.14-11.00.50.540..jpeg'
2026-03-15 22:28:20 - PROGRESS: {'current': 541, 'total': 1598, 'filename': '1000011333.mp4'}
2026-03-15 22:28:20 - RENAMED: '1000011333.mp4' -> '1000011333_c1.mp4'
2026-03-15 22:28:20 - PROGRESS: {'current': 542, 'total': 1598, 'filename': '1000011337.jpg'}
2026-03-15 22:28:20 - RENAMED: '1000011337.jpg' -> '1000011337_c1.jpg'
2026-03-15 22:28:20 - PROGRESS: {'current': 543, 'total': 1598, 'filename': '1000011338.jpg'}
2026-03-15 22:28:20 - RENAMED: '1000011338.jpg' -> '1000011338_c1.jpg'
2026-03-15 22:28:20 - PROGRESS: {'current': 544, 'total': 1598, 'filename': '1000011340.jpg'}
2026-03-15 22:28:20 - RENAMED: '1000011340.jpg' -> '1000011340_c1.jpg'
2026-03-15 22:28:20 - PROGRESS: {'current': 545, 'total': 1598, 'filename': '1000011342.jpg'}
2026-03-15 22:28:20 - RENAMED: '1000011342.jpg' -> '1000011342_c1.jpg'
2026-03-15 22:28:20 - PROGRESS: {'current': 546, 'total': 1598, 'filename': '1000011345.jpg'}
2026-03-15 22:28:20 - RENAMED: '1000011345.jpg' -> '1000011345_c1.jpg'
2026-03-15 22:28:20 - PROGRESS: {'current': 547, 'total': 1598, 'filename': '1000011379.jpg'}
2026-03-15 22:28:20 - RENAMED: '1000011379.jpg' -> '1000011379_c1.jpg'
2026-03-15 22:28:20 - PROGRESS: {'current': 548, 'total': 1598, 'filename': '1000011382.jpg'}
2026-03-15 22:28:20 - RENAMED: '1000011382.jpg' -> '1000011382_c1.jpg'
2026-03-15 22:28:20 - PROGRESS: {'current': 549, 'total': 1598, 'filename': '1000011385.jpg'}
2026-03-15 22:28:20 - RENAMED: '1000011385.jpg' -> '1000011385_c1.jpg'
2026-03-15 22:28:20 - PROGRESS: {'current': 550, 'total': 1598, 'filename': '1000011388.jpg'}
2026-03-15 22:28:20 - RENAMED: '1000011388.jpg' -> '1000011388_c1.jpg'
2026-03-15 22:28:20 - PROGRESS: {'current': 551, 'total': 1598, 'filename': '1000011451.jpeg'}
2026-03-15 22:28:20 - RENAMED: '1000011451.jpeg' -> ' 2024.03.17-21.30.21.551..jpeg'
2026-03-15 22:28:20 - PROGRESS: {'current': 552, 'total': 1598, 'filename': '1000011471.jpg'}
2026-03-15 22:28:20 - RENAMED: '1000011471.jpg' -> '1000011471_c1.jpg'
2026-03-15 22:28:20 - PROGRESS: {'current': 553, 'total': 1598, 'filename': '1000011472.jpg'}
2026-03-15 22:28:20 - RENAMED: '1000011472.jpg' -> '1000011472_c1.jpg'
2026-03-15 22:28:20 - PROGRESS: {'current': 554, 'total': 1598, 'filename': '1000011519.jpg'}
2026-03-15 22:28:20 - RENAMED: '1000011519.jpg' -> '1000011519_c1.jpg'
2026-03-15 22:28:20 - PROGRESS: {'current': 555, 'total': 1598, 'filename': '1000011537.jpg'}
2026-03-15 22:28:20 - RENAMED: '1000011537.jpg' -> '1000011537_c1.jpg'
2026-03-15 22:28:20 - PROGRESS: {'current': 556, 'total': 1598, 'filename': '1000011538.jpg'}
2026-03-15 22:28:20 - RENAMED: '1000011538.jpg' -> '1000011538_c1.jpg'
2026-03-15 22:28:20 - PROGRESS: {'current': 557, 'total': 1598, 'filename': '1000011563.jpg'}
2026-03-15 22:28:20 - RENAMED: '1000011563.jpg' -> '1000011563_c1.jpg'
2026-03-15 22:28:20 - PROGRESS: {'current': 558, 'total': 1598, 'filename': '1000011572.jpg'}
2026-03-15 22:28:20 - RENAMED: '1000011572.jpg' -> '1000011572_c1.jpg'
2026-03-15 22:28:20 - PROGRESS: {'current': 559, 'total': 1598, 'filename': '1000011593.jpg'}
2026-03-15 22:28:20 - RENAMED: '1000011593.jpg' -> '1000011593_c1.jpg'
2026-03-15 22:28:20 - PROGRESS: {'current': 560, 'total': 1598, 'filename': '1000011596.mp4'}
2026-03-15 22:28:20 - RENAMED: '1000011596.mp4' -> '1000011596_c1.mp4'
2026-03-15 22:28:20 - PROGRESS: {'current': 561, 'total': 1598, 'filename': '1000011605.jpg'}
2026-03-15 22:28:20 - RENAMED: '1000011605.jpg' -> '1000011605_c1.jpg'
2026-03-15 22:28:20 - PROGRESS: {'current': 562, 'total': 1598, 'filename': '1000011606.jpg'}
2026-03-15 22:28:20 - RENAMED: '1000011606.jpg' -> '1000011606_c1.jpg'
2026-03-15 22:28:20 - PROGRESS: {'current': 563, 'total': 1598, 'filename': '1000011861.jpg'}
2026-03-15 22:28:20 - RENAMED: '1000011861.jpg' -> '1000011861_c1.jpg'
2026-03-15 22:28:20 - PROGRESS: {'current': 564, 'total': 1598, 'filename': '1000011865.mp4'}
2026-03-15 22:28:20 - RENAMED: '1000011865.mp4' -> '1000011865_c1.mp4'
2026-03-15 22:28:20 - PROGRESS: {'current': 565, 'total': 1598, 'filename': '1000011944.jpg'}
2026-03-15 22:28:20 - RENAMED: '1000011944.jpg' -> '1000011944_c1.jpg'
2026-03-15 22:28:20 - PROGRESS: {'current': 566, 'total': 1598, 'filename': '1000011964.jpg'}
2026-03-15 22:28:20 - RENAMED: '1000011964.jpg' -> '1000011964_c1.jpg'
2026-03-15 22:28:20 - PROGRESS: {'current': 567, 'total': 1598, 'filename': '1000011998.jpg'}
2026-03-15 22:28:20 - RENAMED: '1000011998.jpg' -> '1000011998_c1.jpg'
2026-03-15 22:28:20 - PROGRESS: {'current': 568, 'total': 1598, 'filename': '1000012001.jpeg'}
2026-03-15 22:28:20 - RENAMED: '1000012001.jpeg' -> ' 2024.04.04-18.11.26.568..jpeg'
2026-03-15 22:28:20 - PROGRESS: {'current': 569, 'total': 1598, 'filename': '1000012003.jpg'}
2026-03-15 22:28:20 - RENAMED: '1000012003.jpg' -> '1000012003_c1.jpg'
2026-03-15 22:28:20 - PROGRESS: {'current': 570, 'total': 1598, 'filename': '1000012010.jpg'}
2026-03-15 22:28:20 - RENAMED: '1000012010.jpg' -> '1000012010_c1.jpg'
2026-03-15 22:28:20 - PROGRESS: {'current': 571, 'total': 1598, 'filename': '1000012027.jpg'}
2026-03-15 22:28:20 - RENAMED: '1000012027.jpg' -> '1000012027_c1.jpg'
2026-03-15 22:28:20 - PROGRESS: {'current': 572, 'total': 1598, 'filename': '1000012034.jpg'}
2026-03-15 22:28:20 - RENAMED: '1000012034.jpg' -> '1000012034_c1.jpg'
2026-03-15 22:28:20 - PROGRESS: {'current': 573, 'total': 1598, 'filename': '1000012035.jpg'}
2026-03-15 22:28:20 - RENAMED: '1000012035.jpg' -> '1000012035_c1.jpg'
2026-03-15 22:28:20 - PROGRESS: {'current': 574, 'total': 1598, 'filename': '1000012037.jpg'}
2026-03-15 22:28:20 - RENAMED: '1000012037.jpg' -> '1000012037_c1.jpg'
2026-03-15 22:28:20 - PROGRESS: {'current': 575, 'total': 1598, 'filename': '1000012066.jpg'}
2026-03-15 22:28:20 - RENAMED: '1000012066.jpg' -> '1000012066_c1.jpg'
2026-03-15 22:28:20 - PROGRESS: {'current': 576, 'total': 1598, 'filename': '1000012116.jpg'}
2026-03-15 22:28:20 - RENAMED: '1000012116.jpg' -> '1000012116_c1.jpg'
2026-03-15 22:28:20 - PROGRESS: {'current': 577, 'total': 1598, 'filename': '1000012134.jpg'}
2026-03-15 22:28:20 - RENAMED: '1000012134.jpg' -> '1000012134_c1.jpg'
2026-03-15 22:28:20 - PROGRESS: {'current': 578, 'total': 1598, 'filename': '1000012136.jpg'}
2026-03-15 22:28:20 - RENAMED: '1000012136.jpg' -> '1000012136_c1.jpg'
2026-03-15 22:28:20 - PROGRESS: {'current': 579, 'total': 1598, 'filename': '1000012137.jpg'}
2026-03-15 22:28:20 - RENAMED: '1000012137.jpg' -> '1000012137_c1.jpg'
2026-03-15 22:28:20 - PROGRESS: {'current': 580, 'total': 1598, 'filename': '1000012157.mp4'}
2026-03-15 22:28:20 - RENAMED: '1000012157.mp4' -> '1000012157_c1.mp4'
2026-03-15 22:28:20 - PROGRESS: {'current': 581, 'total': 1598, 'filename': '1000012161.jpg'}
2026-03-15 22:28:20 - RENAMED: '1000012161.jpg' -> '1000012161_c1.jpg'
2026-03-15 22:28:20 - PROGRESS: {'current': 582, 'total': 1598, 'filename': '1000012214.jpg'}
2026-03-15 22:28:20 - RENAMED: '1000012214.jpg' -> '1000012214_c1.jpg'
2026-03-15 22:28:20 - PROGRESS: {'current': 583, 'total': 1598, 'filename': '1000012217.jpg'}
2026-03-15 22:28:20 - RENAMED: '1000012217.jpg' -> '1000012217_c1.jpg'
2026-03-15 22:28:20 - PROGRESS: {'current': 584, 'total': 1598, 'filename': '1000012222.jpg'}
2026-03-15 22:28:20 - RENAMED: '1000012222.jpg' -> '1000012222_c1.jpg'
2026-03-15 22:28:20 - PROGRESS: {'current': 585, 'total': 1598, 'filename': '1000012260.jpg'}
2026-03-15 22:28:20 - RENAMED: '1000012260.jpg' -> '1000012260_c1.jpg'
2026-03-15 22:28:20 - PROGRESS: {'current': 586, 'total': 1598, 'filename': '1000012263.jpg'}
2026-03-15 22:28:20 - RENAMED: '1000012263.jpg' -> '1000012263_c1.jpg'
2026-03-15 22:28:20 - PROGRESS: {'current': 587, 'total': 1598, 'filename': '1000012272-1.jpg'}
2026-03-15 22:28:20 - RENAMED: '1000012272-1.jpg' -> '1000012272-1_c1.jpg'
2026-03-15 22:28:20 - PROGRESS: {'current': 588, 'total': 1598, 'filename': '1000012272-2.jpg'}
2026-03-15 22:28:20 - RENAMED: '1000012272-2.jpg' -> '1000012272-2_c1.jpg'
2026-03-15 22:28:20 - PROGRESS: {'current': 589, 'total': 1598, 'filename': '1000012272.jpg'}
2026-03-15 22:28:20 - RENAMED: '1000012272.jpg' -> '1000012272_c1.jpg'
2026-03-15 22:28:20 - PROGRESS: {'current': 590, 'total': 1598, 'filename': '1000012275.mp4'}
2026-03-15 22:28:20 - RENAMED: '1000012275.mp4' -> '1000012275_c1.mp4'
2026-03-15 22:28:20 - PROGRESS: {'current': 591, 'total': 1598, 'filename': '1000012338.jpg'}
2026-03-15 22:28:20 - RENAMED: '1000012338.jpg' -> '1000012338_c1.jpg'
2026-03-15 22:28:20 - PROGRESS: {'current': 592, 'total': 1598, 'filename': '1000012356.jpg'}
2026-03-15 22:28:20 - RENAMED: '1000012356.jpg' -> '1000012356_c1.jpg'
2026-03-15 22:28:20 - PROGRESS: {'current': 593, 'total': 1598, 'filename': '1000012359.jpg'}
2026-03-15 22:28:20 - RENAMED: '1000012359.jpg' -> '1000012359_c1.jpg'
2026-03-15 22:28:20 - PROGRESS: {'current': 594, 'total': 1598, 'filename': '1000012362.jpg'}
2026-03-15 22:28:20 - RENAMED: '1000012362.jpg' -> '1000012362_c1.jpg'
2026-03-15 22:28:20 - PROGRESS: {'current': 595, 'total': 1598, 'filename': '1000012366.jpg'}
2026-03-15 22:28:20 - RENAMED: '1000012366.jpg' -> '1000012366_c1.jpg'
2026-03-15 22:28:20 - PROGRESS: {'current': 596, 'total': 1598, 'filename': '1000012369.jpg'}
2026-03-15 22:28:20 - RENAMED: '1000012369.jpg' -> '1000012369_c1.jpg'
2026-03-15 22:28:20 - PROGRESS: {'current': 597, 'total': 1598, 'filename': '1000012373.jpg'}
2026-03-15 22:28:20 - RENAMED: '1000012373.jpg' -> '1000012373_c1.jpg'
2026-03-15 22:28:20 - PROGRESS: {'current': 598, 'total': 1598, 'filename': '1000012374.mp4'}
2026-03-15 22:28:20 - RENAMED: '1000012374.mp4' -> '1000012374_c1.mp4'
2026-03-15 22:28:20 - PROGRESS: {'current': 599, 'total': 1598, 'filename': '1000012378.jpg'}
2026-03-15 22:28:20 - RENAMED: '1000012378.jpg' -> '1000012378_c1.jpg'
2026-03-15 22:28:20 - PROGRESS: {'current': 600, 'total': 1598, 'filename': '1000012381.jpg'}
2026-03-15 22:28:20 - RENAMED: '1000012381.jpg' -> '1000012381_c1.jpg'
2026-03-15 22:28:20 - PROGRESS: {'current': 601, 'total': 1598, 'filename': '1000012401.jpg'}
2026-03-15 22:28:20 - RENAMED: '1000012401.jpg' -> '1000012401_c1.jpg'
2026-03-15 22:28:20 - PROGRESS: {'current': 602, 'total': 1598, 'filename': '1000012438.mp4'}
2026-03-15 22:28:20 - RENAMED: '1000012438.mp4' -> '1000012438_c1.mp4'
2026-03-15 22:28:20 - PROGRESS: {'current': 603, 'total': 1598, 'filename': '1000012465.jpg'}
2026-03-15 22:28:20 - RENAMED: '1000012465.jpg' -> '1000012465_c1.jpg'
2026-03-15 22:28:20 - PROGRESS: {'current': 604, 'total': 1598, 'filename': '1000012486.jpg'}
2026-03-15 22:28:20 - RENAMED: '1000012486.jpg' -> '1000012486_c1.jpg'
2026-03-15 22:28:20 - PROGRESS: {'current': 605, 'total': 1598, 'filename': '1000012548.jpg'}
2026-03-15 22:28:20 - RENAMED: '1000012548.jpg' -> '1000012548_c1.jpg'
2026-03-15 22:28:20 - PROGRESS: {'current': 606, 'total': 1598, 'filename': '1000012583.jpg'}
2026-03-15 22:28:20 - RENAMED: '1000012583.jpg' -> '1000012583_c1.jpg'
2026-03-15 22:28:20 - PROGRESS: {'current': 607, 'total': 1598, 'filename': '1000012585.jpg'}
2026-03-15 22:28:20 - RENAMED: '1000012585.jpg' -> '1000012585_c1.jpg'
2026-03-15 22:28:20 - PROGRESS: {'current': 608, 'total': 1598, 'filename': '1000012588.jpg'}
2026-03-15 22:28:20 - RENAMED: '1000012588.jpg' -> '1000012588_c1.jpg'
2026-03-15 22:28:20 - PROGRESS: {'current': 609, 'total': 1598, 'filename': '1000012591.jpg'}
2026-03-15 22:28:20 - RENAMED: '1000012591.jpg' -> '1000012591_c1.jpg'
2026-03-15 22:28:20 - PROGRESS: {'current': 610, 'total': 1598, 'filename': '1000012594.jpg'}
2026-03-15 22:28:20 - RENAMED: '1000012594.jpg' -> '1000012594_c1.jpg'
2026-03-15 22:28:20 - PROGRESS: {'current': 611, 'total': 1598, 'filename': '1000012614.jpeg'}
2026-03-15 22:28:20 - RENAMED: '1000012614.jpeg' -> ' 2024.04.20-18.06.40.611..jpeg'
2026-03-15 22:28:20 - PROGRESS: {'current': 612, 'total': 1598, 'filename': '1000012616.jpg'}
2026-03-15 22:28:20 - RENAMED: '1000012616.jpg' -> '1000012616_c1.jpg'
2026-03-15 22:28:20 - PROGRESS: {'current': 613, 'total': 1598, 'filename': '1000012619.jpg'}
2026-03-15 22:28:20 - RENAMED: '1000012619.jpg' -> '1000012619_c1.jpg'
2026-03-15 22:28:20 - PROGRESS: {'current': 614, 'total': 1598, 'filename': '1000012635.jpg'}
2026-03-15 22:28:20 - RENAMED: '1000012635.jpg' -> '1000012635_c1.jpg'
2026-03-15 22:28:20 - PROGRESS: {'current': 615, 'total': 1598, 'filename': '1000012868.jpg'}
2026-03-15 22:28:20 - RENAMED: '1000012868.jpg' -> '1000012868_c1.jpg'
2026-03-15 22:28:20 - PROGRESS: {'current': 616, 'total': 1598, 'filename': '1000012905.jpg'}
2026-03-15 22:28:20 - RENAMED: '1000012905.jpg' -> '1000012905_c1.jpg'
2026-03-15 22:28:20 - PROGRESS: {'current': 617, 'total': 1598, 'filename': '1000012910.jpg'}
2026-03-15 22:28:20 - RENAMED: '1000012910.jpg' -> '1000012910_c1.jpg'
2026-03-15 22:28:20 - PROGRESS: {'current': 618, 'total': 1598, 'filename': '1000012944.jpg'}
2026-03-15 22:28:20 - RENAMED: '1000012944.jpg' -> '1000012944_c1.jpg'
2026-03-15 22:28:20 - PROGRESS: {'current': 619, 'total': 1598, 'filename': '1000012947.jpg'}
2026-03-15 22:28:20 - RENAMED: '1000012947.jpg' -> '1000012947_c1.jpg'
2026-03-15 22:28:20 - PROGRESS: {'current': 620, 'total': 1598, 'filename': '1000012964.jpg'}
2026-03-15 22:28:20 - RENAMED: '1000012964.jpg' -> '1000012964_c1.jpg'
2026-03-15 22:28:20 - PROGRESS: {'current': 621, 'total': 1598, 'filename': '1000012973.jpg'}
2026-03-15 22:28:20 - RENAMED: '1000012973.jpg' -> '1000012973_c1.jpg'
2026-03-15 22:28:20 - PROGRESS: {'current': 622, 'total': 1598, 'filename': '1000012979.jpg'}
2026-03-15 22:28:20 - RENAMED: '1000012979.jpg' -> '1000012979_c1.jpg'
2026-03-15 22:28:20 - PROGRESS: {'current': 623, 'total': 1598, 'filename': '1000012980.jpg'}
2026-03-15 22:28:20 - RENAMED: '1000012980.jpg' -> '1000012980_c1.jpg'
2026-03-15 22:28:20 - PROGRESS: {'current': 624, 'total': 1598, 'filename': '1000013014.jpg'}
2026-03-15 22:28:20 - RENAMED: '1000013014.jpg' -> '1000013014_c1.jpg'
2026-03-15 22:28:20 - PROGRESS: {'current': 625, 'total': 1598, 'filename': '1000013017.jpg'}
2026-03-15 22:28:20 - RENAMED: '1000013017.jpg' -> '1000013017_c1.jpg'
2026-03-15 22:28:20 - PROGRESS: {'current': 626, 'total': 1598, 'filename': '1000013034.jpg'}
2026-03-15 22:28:20 - RENAMED: '1000013034.jpg' -> '1000013034_c1.jpg'
2026-03-15 22:28:20 - PROGRESS: {'current': 627, 'total': 1598, 'filename': '1000013181.jpg'}
2026-03-15 22:28:20 - RENAMED: '1000013181.jpg' -> '1000013181_c1.jpg'
2026-03-15 22:28:20 - PROGRESS: {'current': 628, 'total': 1598, 'filename': '1000013220.jpg'}
2026-03-15 22:28:20 - RENAMED: '1000013220.jpg' -> '1000013220_c1.jpg'
2026-03-15 22:28:20 - PROGRESS: {'current': 629, 'total': 1598, 'filename': '1000013311.mp4'}
2026-03-15 22:28:20 - RENAMED: '1000013311.mp4' -> '1000013311_c1.mp4'
2026-03-15 22:28:20 - PROGRESS: {'current': 630, 'total': 1598, 'filename': '1000013336.mp4'}
2026-03-15 22:28:20 - RENAMED: '1000013336.mp4' -> '1000013336_c1.mp4'
2026-03-15 22:28:20 - PROGRESS: {'current': 631, 'total': 1598, 'filename': '1000013364.jpg'}
2026-03-15 22:28:20 - RENAMED: '1000013364.jpg' -> '1000013364_c1.jpg'
2026-03-15 22:28:20 - PROGRESS: {'current': 632, 'total': 1598, 'filename': '1000013390.jpg'}
2026-03-15 22:28:20 - RENAMED: '1000013390.jpg' -> '1000013390_c1.jpg'
2026-03-15 22:28:20 - PROGRESS: {'current': 633, 'total': 1598, 'filename': '1000013393.mp4'}
2026-03-15 22:28:20 - RENAMED: '1000013393.mp4' -> '1000013393_c1.mp4'
2026-03-15 22:28:20 - PROGRESS: {'current': 634, 'total': 1598, 'filename': '1000013411.jpeg'}
2026-03-15 22:28:20 - RENAMED: '1000013411.jpeg' -> ' 2024.06.08-20.20.37.634..jpeg'
2026-03-15 22:28:20 - PROGRESS: {'current': 635, 'total': 1598, 'filename': '1000013499.jpg'}
2026-03-15 22:28:20 - RENAMED: '1000013499.jpg' -> '1000013499_c1.jpg'
2026-03-15 22:28:20 - PROGRESS: {'current': 636, 'total': 1598, 'filename': '1000013542.mp4'}
2026-03-15 22:28:20 - RENAMED: '1000013542.mp4' -> '1000013542_c1.mp4'
2026-03-15 22:28:20 - PROGRESS: {'current': 637, 'total': 1598, 'filename': '1000013590.jpg'}
2026-03-15 22:28:20 - RENAMED: '1000013590.jpg' -> '1000013590_c1.jpg'
2026-03-15 22:28:20 - PROGRESS: {'current': 638, 'total': 1598, 'filename': '1000013619.jpg'}
2026-03-15 22:28:20 - RENAMED: '1000013619.jpg' -> '1000013619_c1.jpg'
2026-03-15 22:28:20 - PROGRESS: {'current': 639, 'total': 1598, 'filename': '1000013656.jpg'}
2026-03-15 22:28:20 - RENAMED: '1000013656.jpg' -> '1000013656_c1.jpg'
2026-03-15 22:28:20 - PROGRESS: {'current': 640, 'total': 1598, 'filename': '1000013747.jpg'}
2026-03-15 22:28:20 - RENAMED: '1000013747.jpg' -> '1000013747_c1.jpg'
2026-03-15 22:28:20 - PROGRESS: {'current': 641, 'total': 1598, 'filename': '1000013781.jpg'}
2026-03-15 22:28:20 - RENAMED: '1000013781.jpg' -> '1000013781_c1.jpg'
2026-03-15 22:28:20 - PROGRESS: {'current': 642, 'total': 1598, 'filename': '1000013782.jpg'}
2026-03-15 22:28:20 - RENAMED: '1000013782.jpg' -> '1000013782_c1.jpg'
2026-03-15 22:28:20 - PROGRESS: {'current': 643, 'total': 1598, 'filename': '1000013816.jpeg'}
2026-03-15 22:28:20 - RENAMED: '1000013816.jpeg' -> ' 2024.07.03-18.04.09.643..jpeg'
2026-03-15 22:28:20 - PROGRESS: {'current': 644, 'total': 1598, 'filename': '1000013820.jpg'}
2026-03-15 22:28:20 - RENAMED: '1000013820.jpg' -> '1000013820_c1.jpg'
2026-03-15 22:28:20 - PROGRESS: {'current': 645, 'total': 1598, 'filename': '1000013850.jpeg'}
2026-03-15 22:28:20 - RENAMED: '1000013850.jpeg' -> ' 2024.07.06-21.58.36.645..jpeg'
2026-03-15 22:28:20 - PROGRESS: {'current': 646, 'total': 1598, 'filename': '1000013852.jpg'}
2026-03-15 22:28:20 - RENAMED: '1000013852.jpg' -> '1000013852_c1.jpg'
2026-03-15 22:28:21 - PROGRESS: {'current': 647, 'total': 1598, 'filename': '1000013855.jpg'}
2026-03-15 22:28:21 - RENAMED: '1000013855.jpg' -> '1000013855_c1.jpg'
2026-03-15 22:28:21 - PROGRESS: {'current': 648, 'total': 1598, 'filename': '1000013896.jpg'}
2026-03-15 22:28:21 - RENAMED: '1000013896.jpg' -> '1000013896_c1.jpg'
2026-03-15 22:28:21 - PROGRESS: {'current': 649, 'total': 1598, 'filename': '1000013899.jpg'}
2026-03-15 22:28:21 - RENAMED: '1000013899.jpg' -> '1000013899_c1.jpg'
2026-03-15 22:28:21 - PROGRESS: {'current': 650, 'total': 1598, 'filename': '1000013902.jpg'}
2026-03-15 22:28:21 - RENAMED: '1000013902.jpg' -> '1000013902_c1.jpg'
2026-03-15 22:28:21 - PROGRESS: {'current': 651, 'total': 1598, 'filename': '1000013905.jpg'}
2026-03-15 22:28:21 - RENAMED: '1000013905.jpg' -> '1000013905_c1.jpg'
2026-03-15 22:28:21 - PROGRESS: {'current': 652, 'total': 1598, 'filename': '1000013908.jpg'}
2026-03-15 22:28:21 - RENAMED: '1000013908.jpg' -> '1000013908_c1.jpg'
2026-03-15 22:28:21 - PROGRESS: {'current': 653, 'total': 1598, 'filename': '1000013911.jpg'}
2026-03-15 22:28:21 - RENAMED: '1000013911.jpg' -> '1000013911_c1.jpg'
2026-03-15 22:28:21 - PROGRESS: {'current': 654, 'total': 1598, 'filename': '1000013914.jpg'}
2026-03-15 22:28:21 - RENAMED: '1000013914.jpg' -> '1000013914_c1.jpg'
2026-03-15 22:28:21 - PROGRESS: {'current': 655, 'total': 1598, 'filename': '1000013917.jpg'}
2026-03-15 22:28:21 - RENAMED: '1000013917.jpg' -> '1000013917_c1.jpg'
2026-03-15 22:28:21 - PROGRESS: {'current': 656, 'total': 1598, 'filename': '1000013920.jpg'}
2026-03-15 22:28:21 - RENAMED: '1000013920.jpg' -> '1000013920_c1.jpg'
2026-03-15 22:28:21 - PROGRESS: {'current': 657, 'total': 1598, 'filename': '1000013944.jpg'}
2026-03-15 22:28:21 - RENAMED: '1000013944.jpg' -> '1000013944_c1.jpg'
2026-03-15 22:28:21 - PROGRESS: {'current': 658, 'total': 1598, 'filename': '1000013947.jpg'}
2026-03-15 22:28:21 - RENAMED: '1000013947.jpg' -> '1000013947_c1.jpg'
2026-03-15 22:28:21 - PROGRESS: {'current': 659, 'total': 1598, 'filename': '1000014030.jpg'}
2026-03-15 22:28:21 - RENAMED: '1000014030.jpg' -> '1000014030_c1.jpg'
2026-03-15 22:28:21 - PROGRESS: {'current': 660, 'total': 1598, 'filename': '1000014077.jpg'}
2026-03-15 22:28:21 - RENAMED: '1000014077.jpg' -> '1000014077_c1.jpg'
2026-03-15 22:28:21 - PROGRESS: {'current': 661, 'total': 1598, 'filename': '1000014088.mp4'}
2026-03-15 22:28:21 - RENAMED: '1000014088.mp4' -> '1000014088_c1.mp4'
2026-03-15 22:28:21 - PROGRESS: {'current': 662, 'total': 1598, 'filename': '1000014090.jpg'}
2026-03-15 22:28:21 - RENAMED: '1000014090.jpg' -> '1000014090_c1.jpg'
2026-03-15 22:28:21 - PROGRESS: {'current': 663, 'total': 1598, 'filename': '1000014091.jpg'}
2026-03-15 22:28:21 - RENAMED: '1000014091.jpg' -> '1000014091_c1.jpg'
2026-03-15 22:28:21 - PROGRESS: {'current': 664, 'total': 1598, 'filename': '1000014094.jpg'}
2026-03-15 22:28:21 - RENAMED: '1000014094.jpg' -> '1000014094_c1.jpg'
2026-03-15 22:28:21 - PROGRESS: {'current': 665, 'total': 1598, 'filename': '1000014097.jpg'}
2026-03-15 22:28:21 - RENAMED: '1000014097.jpg' -> '1000014097_c1.jpg'
2026-03-15 22:28:21 - PROGRESS: {'current': 666, 'total': 1598, 'filename': '1000014098.jpg'}
2026-03-15 22:28:21 - RENAMED: '1000014098.jpg' -> '1000014098_c1.jpg'
2026-03-15 22:28:21 - PROGRESS: {'current': 667, 'total': 1598, 'filename': '1000014106.jpg'}
2026-03-15 22:28:21 - RENAMED: '1000014106.jpg' -> '1000014106_c1.jpg'
2026-03-15 22:28:21 - PROGRESS: {'current': 668, 'total': 1598, 'filename': '1000014109.jpg'}
2026-03-15 22:28:21 - RENAMED: '1000014109.jpg' -> '1000014109_c1.jpg'
2026-03-15 22:28:21 - PROGRESS: {'current': 669, 'total': 1598, 'filename': '1000014147.jpg'}
2026-03-15 22:28:21 - RENAMED: '1000014147.jpg' -> '1000014147_c1.jpg'
2026-03-15 22:28:21 - PROGRESS: {'current': 670, 'total': 1598, 'filename': '1000014184.jpg'}
2026-03-15 22:28:21 - RENAMED: '1000014184.jpg' -> '1000014184_c1.jpg'
2026-03-15 22:28:21 - PROGRESS: {'current': 671, 'total': 1598, 'filename': '1000014185.jpg'}
2026-03-15 22:28:21 - RENAMED: '1000014185.jpg' -> '1000014185_c1.jpg'
2026-03-15 22:28:21 - PROGRESS: {'current': 672, 'total': 1598, 'filename': '1000014206.jpg'}
2026-03-15 22:28:21 - RENAMED: '1000014206.jpg' -> '1000014206_c1.jpg'
2026-03-15 22:28:21 - PROGRESS: {'current': 673, 'total': 1598, 'filename': '1000014209.jpg'}
2026-03-15 22:28:21 - RENAMED: '1000014209.jpg' -> '1000014209_c1.jpg'
2026-03-15 22:28:21 - PROGRESS: {'current': 674, 'total': 1598, 'filename': '1000014244.jpg'}
2026-03-15 22:28:21 - RENAMED: '1000014244.jpg' -> ' 2024.07.28-21.18.20.674.Kifisia.jpg'
2026-03-15 22:28:21 - PROGRESS: {'current': 675, 'total': 1598, 'filename': '1000014245.jpg'}
2026-03-15 22:28:21 - RENAMED: '1000014245.jpg' -> ' 2024.07.28-21.18.24.675.Kifisia.jpg'
2026-03-15 22:28:21 - PROGRESS: {'current': 676, 'total': 1598, 'filename': '1000014246.jpg'}
2026-03-15 22:28:21 - RENAMED: '1000014246.jpg' -> ' 2024.07.28-21.18.27.676.Kifisia.jpg'
2026-03-15 22:28:21 - PROGRESS: {'current': 677, 'total': 1598, 'filename': '1000014247.jpg'}
2026-03-15 22:28:21 - RENAMED: '1000014247.jpg' -> ' 2024.07.28-21.18.32.677.Kifisia.jpg'
2026-03-15 22:28:21 - PROGRESS: {'current': 678, 'total': 1598, 'filename': '1000014248.jpg'}
2026-03-15 22:28:21 - RENAMED: '1000014248.jpg' -> ' 2024.07.28-21.18.36.678.Kifisia.jpg'
2026-03-15 22:28:21 - PROGRESS: {'current': 679, 'total': 1598, 'filename': '1000014249.jpg'}
2026-03-15 22:28:21 - RENAMED: '1000014249.jpg' -> ' 2024.07.28-21.19.22.679.Kifisia.jpg'
2026-03-15 22:28:21 - PROGRESS: {'current': 680, 'total': 1598, 'filename': '1000014250.jpg'}
2026-03-15 22:28:21 - RENAMED: '1000014250.jpg' -> ' 2024.07.28-21.19.28.680.Kifisia.jpg'
2026-03-15 22:28:21 - PROGRESS: {'current': 681, 'total': 1598, 'filename': '1000014251.jpg'}
2026-03-15 22:28:21 - RENAMED: '1000014251.jpg' -> ' 2024.07.28-21.20.33.681.Kifisia.jpg'
2026-03-15 22:28:21 - PROGRESS: {'current': 682, 'total': 1598, 'filename': '1000014252.jpg'}
2026-03-15 22:28:21 - RENAMED: '1000014252.jpg' -> ' 2024.07.28-21.20.47.682.Kifisia.jpg'
2026-03-15 22:28:21 - PROGRESS: {'current': 683, 'total': 1598, 'filename': '1000014253.jpg'}
2026-03-15 22:28:21 - RENAMED: '1000014253.jpg' -> ' 2024.07.28-21.20.55.683.Kifisia.jpg'
2026-03-15 22:28:21 - PROGRESS: {'current': 684, 'total': 1598, 'filename': '1000014283.jpg'}
2026-03-15 22:28:21 - RENAMED: '1000014283.jpg' -> '1000014283_c1.jpg'
2026-03-15 22:28:21 - PROGRESS: {'current': 685, 'total': 1598, 'filename': '1000014287.jpg'}
2026-03-15 22:28:21 - RENAMED: '1000014287.jpg' -> '1000014287_c1.jpg'
2026-03-15 22:28:21 - PROGRESS: {'current': 686, 'total': 1598, 'filename': '1000014314.jpg'}
2026-03-15 22:28:21 - RENAMED: '1000014314.jpg' -> '1000014314_c1.jpg'
2026-03-15 22:28:21 - PROGRESS: {'current': 687, 'total': 1598, 'filename': '1000014317.jpg'}
2026-03-15 22:28:21 - RENAMED: '1000014317.jpg' -> '1000014317_c1.jpg'
2026-03-15 22:28:21 - PROGRESS: {'current': 688, 'total': 1598, 'filename': '1000014320.jpg'}
2026-03-15 22:28:21 - RENAMED: '1000014320.jpg' -> '1000014320_c1.jpg'
2026-03-15 22:28:21 - PROGRESS: {'current': 689, 'total': 1598, 'filename': '1000014323.jpg'}
2026-03-15 22:28:21 - RENAMED: '1000014323.jpg' -> '1000014323_c1.jpg'
2026-03-15 22:28:21 - PROGRESS: {'current': 690, 'total': 1598, 'filename': '1000014336.jpg'}
2026-03-15 22:28:21 - RENAMED: '1000014336.jpg' -> '1000014336_c1.jpg'
2026-03-15 22:28:21 - PROGRESS: {'current': 691, 'total': 1598, 'filename': '1000014339.jpg'}
2026-03-15 22:28:21 - RENAMED: '1000014339.jpg' -> '1000014339_c1.jpg'
2026-03-15 22:28:21 - PROGRESS: {'current': 692, 'total': 1598, 'filename': '1000014351.jpg'}
2026-03-15 22:28:21 - RENAMED: '1000014351.jpg' -> '1000014351_c1.jpg'
2026-03-15 22:28:21 - PROGRESS: {'current': 693, 'total': 1598, 'filename': '1000014358.jpg'}
2026-03-15 22:28:21 - RENAMED: '1000014358.jpg' -> '1000014358_c1.jpg'
2026-03-15 22:28:21 - PROGRESS: {'current': 694, 'total': 1598, 'filename': '1000014472.jpg'}
2026-03-15 22:28:21 - RENAMED: '1000014472.jpg' -> ' 2024.08.09-05.45.29.694.Piraeus.jpg'
2026-03-15 22:28:21 - PROGRESS: {'current': 695, 'total': 1598, 'filename': '1000014473.jpg'}
2026-03-15 22:28:21 - RENAMED: '1000014473.jpg' -> ' 2024.08.09-05.45.41.695.Piraeus.jpg'
2026-03-15 22:28:21 - PROGRESS: {'current': 696, 'total': 1598, 'filename': '1000014474.jpg'}
2026-03-15 22:28:21 - RENAMED: '1000014474.jpg' -> ' 2024.08.09-05.45.51.696.Piraeus.jpg'
2026-03-15 22:28:21 - PROGRESS: {'current': 697, 'total': 1598, 'filename': '1000014475.jpeg'}
2026-03-15 22:28:21 - RENAMED: '1000014475.jpeg' -> ' 2024.08.09-05.50.28.697..jpeg'
2026-03-15 22:28:21 - PROGRESS: {'current': 698, 'total': 1598, 'filename': '1000014482.jpg'}
2026-03-15 22:28:21 - RENAMED: '1000014482.jpg' -> '1000014482_c1.jpg'
2026-03-15 22:28:21 - PROGRESS: {'current': 699, 'total': 1598, 'filename': '1000014485.jpg'}
2026-03-15 22:28:21 - RENAMED: '1000014485.jpg' -> '1000014485_c1.jpg'
2026-03-15 22:28:21 - PROGRESS: {'current': 700, 'total': 1598, 'filename': '1000014491.jpeg'}
2026-03-15 22:28:21 - RENAMED: '1000014491.jpeg' -> ' 2024.08.09-20.54.03.700..jpeg'
2026-03-15 22:28:21 - PROGRESS: {'current': 701, 'total': 1598, 'filename': '1000014493.jpg'}
2026-03-15 22:28:21 - RENAMED: '1000014493.jpg' -> '1000014493_c1.jpg'
2026-03-15 22:28:21 - PROGRESS: {'current': 702, 'total': 1598, 'filename': '1000014496.jpg'}
2026-03-15 22:28:21 - RENAMED: '1000014496.jpg' -> ' 2024.08.10-13.01.34.702..jpg'
2026-03-15 22:28:21 - PROGRESS: {'current': 703, 'total': 1598, 'filename': '1000014518.jpeg'}
2026-03-15 22:28:21 - RENAMED: '1000014518.jpeg' -> ' 2024.08.12-12.17.41.703..jpeg'
2026-03-15 22:28:21 - PROGRESS: {'current': 704, 'total': 1598, 'filename': '1000014520.jpg'}
2026-03-15 22:28:21 - RENAMED: '1000014520.jpg' -> '1000014520_c1.jpg'
2026-03-15 22:28:21 - PROGRESS: {'current': 705, 'total': 1598, 'filename': '1000014523.jpg'}
2026-03-15 22:28:21 - RENAMED: '1000014523.jpg' -> '1000014523_c1.jpg'
2026-03-15 22:28:21 - PROGRESS: {'current': 706, 'total': 1598, 'filename': '1000014529.jpg'}
2026-03-15 22:28:21 - RENAMED: '1000014529.jpg' -> ' 2024.08.12-14.20.18.706.Karlovasi.jpg'
2026-03-15 22:28:21 - PROGRESS: {'current': 707, 'total': 1598, 'filename': '1000014586.jpg'}
2026-03-15 22:28:21 - RENAMED: '1000014586.jpg' -> ' 2024.08.15-20.03.27.707.Karlovasi.jpg'
2026-03-15 22:28:21 - PROGRESS: {'current': 708, 'total': 1598, 'filename': '1000014587.jpg'}
2026-03-15 22:28:21 - RENAMED: '1000014587.jpg' -> ' 2024.08.15-20.03.52.708.Karlovasi.jpg'
2026-03-15 22:28:21 - PROGRESS: {'current': 709, 'total': 1598, 'filename': '1000014588.jpg'}
2026-03-15 22:28:21 - RENAMED: '1000014588.jpg' -> ' 2024.08.15-20.03.54.709.Karlovasi.jpg'
2026-03-15 22:28:21 - PROGRESS: {'current': 710, 'total': 1598, 'filename': '1000014589.jpg'}
2026-03-15 22:28:21 - RENAMED: '1000014589.jpg' -> ' 2024.08.15-20.04.00.710.Karlovasi.jpg'
2026-03-15 22:28:21 - PROGRESS: {'current': 711, 'total': 1598, 'filename': '1000014590.jpg'}
2026-03-15 22:28:21 - RENAMED: '1000014590.jpg' -> ' 2024.08.15-20.04.02.711.Karlovasi.jpg'
2026-03-15 22:28:21 - PROGRESS: {'current': 712, 'total': 1598, 'filename': '1000014591.jpg'}
2026-03-15 22:28:21 - RENAMED: '1000014591.jpg' -> ' 2024.08.15-20.04.49.712.Karlovasi.jpg'
2026-03-15 22:28:21 - PROGRESS: {'current': 713, 'total': 1598, 'filename': '1000014592.jpg'}
2026-03-15 22:28:21 - RENAMED: '1000014592.jpg' -> ' 2024.08.15-20.04.56.713.Karlovasi.jpg'
2026-03-15 22:28:21 - PROGRESS: {'current': 714, 'total': 1598, 'filename': '1000014593.jpg'}
2026-03-15 22:28:21 - RENAMED: '1000014593.jpg' -> ' 2024.08.15-20.05.05.714.Karlovasi.jpg'
2026-03-15 22:28:21 - PROGRESS: {'current': 715, 'total': 1598, 'filename': '1000014594.jpg'}
2026-03-15 22:28:21 - RENAMED: '1000014594.jpg' -> ' 2024.08.15-20.05.10.715.Karlovasi.jpg'
2026-03-15 22:28:21 - PROGRESS: {'current': 716, 'total': 1598, 'filename': '1000014604.jpg'}
2026-03-15 22:28:21 - RENAMED: '1000014604.jpg' -> '1000014604_c1.jpg'
2026-03-15 22:28:21 - PROGRESS: {'current': 717, 'total': 1598, 'filename': '1000014607.jpg'}
2026-03-15 22:28:21 - RENAMED: '1000014607.jpg' -> '1000014607_c1.jpg'
2026-03-15 22:28:21 - PROGRESS: {'current': 718, 'total': 1598, 'filename': '1000014610.jpg'}
2026-03-15 22:28:21 - RENAMED: '1000014610.jpg' -> '1000014610_c1.jpg'
2026-03-15 22:28:21 - PROGRESS: {'current': 719, 'total': 1598, 'filename': '1000014613.jpg'}
2026-03-15 22:28:21 - RENAMED: '1000014613.jpg' -> '1000014613_c1.jpg'
2026-03-15 22:28:21 - PROGRESS: {'current': 720, 'total': 1598, 'filename': '1000014616.jpg'}
2026-03-15 22:28:21 - RENAMED: '1000014616.jpg' -> '1000014616_c1.jpg'
2026-03-15 22:28:21 - PROGRESS: {'current': 721, 'total': 1598, 'filename': '1000014619.jpg'}
2026-03-15 22:28:21 - RENAMED: '1000014619.jpg' -> '1000014619_c1.jpg'
2026-03-15 22:28:21 - PROGRESS: {'current': 722, 'total': 1598, 'filename': '1000014622.jpg'}
2026-03-15 22:28:21 - RENAMED: '1000014622.jpg' -> '1000014622_c1.jpg'
2026-03-15 22:28:21 - PROGRESS: {'current': 723, 'total': 1598, 'filename': '1000014625.jpg'}
2026-03-15 22:28:21 - RENAMED: '1000014625.jpg' -> '1000014625_c1.jpg'
2026-03-15 22:28:21 - PROGRESS: {'current': 724, 'total': 1598, 'filename': '1000014628.jpg'}
2026-03-15 22:28:21 - RENAMED: '1000014628.jpg' -> '1000014628_c1.jpg'
2026-03-15 22:28:21 - PROGRESS: {'current': 725, 'total': 1598, 'filename': '1000014631.jpg'}
2026-03-15 22:28:21 - RENAMED: '1000014631.jpg' -> '1000014631_c1.jpg'
2026-03-15 22:28:21 - PROGRESS: {'current': 726, 'total': 1598, 'filename': '1000014634.jpg'}
2026-03-15 22:28:21 - RENAMED: '1000014634.jpg' -> '1000014634_c1.jpg'
2026-03-15 22:28:21 - PROGRESS: {'current': 727, 'total': 1598, 'filename': '1000014637.jpg'}
2026-03-15 22:28:21 - RENAMED: '1000014637.jpg' -> '1000014637_c1.jpg'
2026-03-15 22:28:21 - PROGRESS: {'current': 728, 'total': 1598, 'filename': '1000014640.jpg'}
2026-03-15 22:28:21 - RENAMED: '1000014640.jpg' -> '1000014640_c1.jpg'
2026-03-15 22:28:21 - PROGRESS: {'current': 729, 'total': 1598, 'filename': '1000014643.jpg'}
2026-03-15 22:28:21 - RENAMED: '1000014643.jpg' -> '1000014643_c1.jpg'
2026-03-15 22:28:21 - PROGRESS: {'current': 730, 'total': 1598, 'filename': '1000014646.jpg'}
2026-03-15 22:28:21 - RENAMED: '1000014646.jpg' -> '1000014646_c1.jpg'
2026-03-15 22:28:21 - PROGRESS: {'current': 731, 'total': 1598, 'filename': '1000014649.jpg'}
2026-03-15 22:28:22 - RENAMED: '1000014649.jpg' -> '1000014649_c1.jpg'
2026-03-15 22:28:22 - PROGRESS: {'current': 732, 'total': 1598, 'filename': '1000014652.jpg'}
2026-03-15 22:28:22 - RENAMED: '1000014652.jpg' -> '1000014652_c1.jpg'
2026-03-15 22:28:22 - PROGRESS: {'current': 733, 'total': 1598, 'filename': '1000014655.jpg'}
2026-03-15 22:28:22 - RENAMED: '1000014655.jpg' -> '1000014655_c1.jpg'
2026-03-15 22:28:22 - PROGRESS: {'current': 734, 'total': 1598, 'filename': '1000014658.jpg'}
2026-03-15 22:28:22 - RENAMED: '1000014658.jpg' -> '1000014658_c1.jpg'
2026-03-15 22:28:22 - PROGRESS: {'current': 735, 'total': 1598, 'filename': '1000014661.jpg'}
2026-03-15 22:28:22 - RENAMED: '1000014661.jpg' -> '1000014661_c1.jpg'
2026-03-15 22:28:22 - PROGRESS: {'current': 736, 'total': 1598, 'filename': '1000014664.jpg'}
2026-03-15 22:28:22 - RENAMED: '1000014664.jpg' -> '1000014664_c1.jpg'
2026-03-15 22:28:22 - PROGRESS: {'current': 737, 'total': 1598, 'filename': '1000014667.jpg'}
2026-03-15 22:28:22 - RENAMED: '1000014667.jpg' -> '1000014667_c1.jpg'
2026-03-15 22:28:22 - PROGRESS: {'current': 738, 'total': 1598, 'filename': '1000014670.jpg'}
2026-03-15 22:28:22 - RENAMED: '1000014670.jpg' -> '1000014670_c1.jpg'
2026-03-15 22:28:22 - PROGRESS: {'current': 739, 'total': 1598, 'filename': '1000014673.jpg'}
2026-03-15 22:28:22 - RENAMED: '1000014673.jpg' -> '1000014673_c1.jpg'
2026-03-15 22:28:22 - PROGRESS: {'current': 740, 'total': 1598, 'filename': '1000014674.jpg'}
2026-03-15 22:28:22 - RENAMED: '1000014674.jpg' -> '1000014674_c1.jpg'
2026-03-15 22:28:22 - PROGRESS: {'current': 741, 'total': 1598, 'filename': '1000014675.jpg'}
2026-03-15 22:28:22 - RENAMED: '1000014675.jpg' -> '1000014675_c1.jpg'
2026-03-15 22:28:22 - PROGRESS: {'current': 742, 'total': 1598, 'filename': '1000014676.jpg'}
2026-03-15 22:28:22 - RENAMED: '1000014676.jpg' -> '1000014676_c1.jpg'
2026-03-15 22:28:22 - PROGRESS: {'current': 743, 'total': 1598, 'filename': '1000014677.jpg'}
2026-03-15 22:28:22 - RENAMED: '1000014677.jpg' -> '1000014677_c1.jpg'
2026-03-15 22:28:22 - PROGRESS: {'current': 744, 'total': 1598, 'filename': '1000014708.jpg'}
2026-03-15 22:28:22 - RENAMED: '1000014708.jpg' -> '1000014708_c1.jpg'
2026-03-15 22:28:22 - PROGRESS: {'current': 745, 'total': 1598, 'filename': '1000014723.jpg'}
2026-03-15 22:28:22 - RENAMED: '1000014723.jpg' -> ' 2024.08.19-20.37.39.745.PenteliMunicipalUnit.jpg'
2026-03-15 22:28:22 - PROGRESS: {'current': 746, 'total': 1598, 'filename': '1000014724.jpg'}
2026-03-15 22:28:22 - RENAMED: '1000014724.jpg' -> ' 2024.08.19-20.37.41.746.PenteliMunicipalUnit.jpg'
2026-03-15 22:28:22 - PROGRESS: {'current': 747, 'total': 1598, 'filename': '1000014725.jpg'}
2026-03-15 22:28:22 - RENAMED: '1000014725.jpg' -> ' 2024.08.19-20.37.42.747.PenteliMunicipalUnit.jpg'
2026-03-15 22:28:22 - PROGRESS: {'current': 748, 'total': 1598, 'filename': '1000014765.jpg'}
2026-03-15 22:28:22 - RENAMED: '1000014765.jpg' -> '1000014765_c1.jpg'
2026-03-15 22:28:22 - PROGRESS: {'current': 749, 'total': 1598, 'filename': '1000014770.jpg'}
2026-03-15 22:28:22 - RENAMED: '1000014770.jpg' -> '1000014770_c1.jpg'
2026-03-15 22:28:22 - PROGRESS: {'current': 750, 'total': 1598, 'filename': '1000014871.jpg'}
2026-03-15 22:28:22 - RENAMED: '1000014871.jpg' -> '1000014871_c1.jpg'
2026-03-15 22:28:22 - PROGRESS: {'current': 751, 'total': 1598, 'filename': '1000014904.jpg'}
2026-03-15 22:28:22 - RENAMED: '1000014904.jpg' -> '1000014904_c1.jpg'
2026-03-15 22:28:22 - PROGRESS: {'current': 752, 'total': 1598, 'filename': '1000014907.jpg'}
2026-03-15 22:28:22 - RENAMED: '1000014907.jpg' -> '1000014907_c1.jpg'
2026-03-15 22:28:22 - PROGRESS: {'current': 753, 'total': 1598, 'filename': '1000014931.jpeg'}
2026-03-15 22:28:22 - RENAMED: '1000014931.jpeg' -> ' 2024.08.30-14.16.13.753..jpeg'
2026-03-15 22:28:22 - PROGRESS: {'current': 754, 'total': 1598, 'filename': '1000014936.jpg'}
2026-03-15 22:28:22 - RENAMED: '1000014936.jpg' -> '1000014936_c1.jpg'
2026-03-15 22:28:22 - PROGRESS: {'current': 755, 'total': 1598, 'filename': '1000014939.jpg'}
2026-03-15 22:28:22 - RENAMED: '1000014939.jpg' -> '1000014939_c1.jpg'
2026-03-15 22:28:22 - PROGRESS: {'current': 756, 'total': 1598, 'filename': '1000014942.jpg'}
2026-03-15 22:28:22 - RENAMED: '1000014942.jpg' -> '1000014942_c1.jpg'
2026-03-15 22:28:22 - PROGRESS: {'current': 757, 'total': 1598, 'filename': '1000014956.jpg'}
2026-03-15 22:28:22 - RENAMED: '1000014956.jpg' -> '1000014956_c1.jpg'
2026-03-15 22:28:22 - PROGRESS: {'current': 758, 'total': 1598, 'filename': '1000015057.jpg'}
2026-03-15 22:28:22 - RENAMED: '1000015057.jpg' -> '1000015057_c1.jpg'
2026-03-15 22:28:22 - PROGRESS: {'current': 759, 'total': 1598, 'filename': '1000015065.jpg'}
2026-03-15 22:28:22 - RENAMED: '1000015065.jpg' -> '1000015065_c1.jpg'
2026-03-15 22:28:22 - PROGRESS: {'current': 760, 'total': 1598, 'filename': '1000015120.jpg'}
2026-03-15 22:28:22 - RENAMED: '1000015120.jpg' -> '1000015120_c1.jpg'
2026-03-15 22:28:22 - PROGRESS: {'current': 761, 'total': 1598, 'filename': '1000015123.jpg'}
2026-03-15 22:28:22 - RENAMED: '1000015123.jpg' -> '1000015123_c1.jpg'
2026-03-15 22:28:22 - PROGRESS: {'current': 762, 'total': 1598, 'filename': '1000015142.jpg'}
2026-03-15 22:28:22 - RENAMED: '1000015142.jpg' -> ' 2024.09.17-19.43.29.762..jpg'
2026-03-15 22:28:22 - PROGRESS: {'current': 763, 'total': 1598, 'filename': '1000015143.jpg'}
2026-03-15 22:28:22 - RENAMED: '1000015143.jpg' -> ' 2024.09.17-19.43.44.763..jpg'
2026-03-15 22:28:22 - PROGRESS: {'current': 764, 'total': 1598, 'filename': '1000015224.jpg'}
2026-03-15 22:28:23 - RENAMED: '1000015224.jpg' -> '1000015224_c1.jpg'
2026-03-15 22:28:23 - PROGRESS: {'current': 765, 'total': 1598, 'filename': '1000015227.jpg'}
2026-03-15 22:28:23 - RENAMED: '1000015227.jpg' -> '1000015227_c1.jpg'
2026-03-15 22:28:23 - PROGRESS: {'current': 766, 'total': 1598, 'filename': '1000015230.jpg'}
2026-03-15 22:28:23 - RENAMED: '1000015230.jpg' -> '1000015230_c1.jpg'
2026-03-15 22:28:23 - PROGRESS: {'current': 767, 'total': 1598, 'filename': '1000015233.jpg'}
2026-03-15 22:28:23 - RENAMED: '1000015233.jpg' -> '1000015233_c1.jpg'
2026-03-15 22:28:23 - PROGRESS: {'current': 768, 'total': 1598, 'filename': '1000015236.jpg'}
2026-03-15 22:28:23 - RENAMED: '1000015236.jpg' -> '1000015236_c1.jpg'
2026-03-15 22:28:23 - PROGRESS: {'current': 769, 'total': 1598, 'filename': '1000015239.jpg'}
2026-03-15 22:28:23 - RENAMED: '1000015239.jpg' -> '1000015239_c1.jpg'
2026-03-15 22:28:23 - PROGRESS: {'current': 770, 'total': 1598, 'filename': '1000015242.jpg'}
2026-03-15 22:28:23 - RENAMED: '1000015242.jpg' -> '1000015242_c1.jpg'
2026-03-15 22:28:23 - PROGRESS: {'current': 771, 'total': 1598, 'filename': '1000015245.jpg'}
2026-03-15 22:28:23 - RENAMED: '1000015245.jpg' -> '1000015245_c1.jpg'
2026-03-15 22:28:23 - PROGRESS: {'current': 772, 'total': 1598, 'filename': '1000015248.jpg'}
2026-03-15 22:28:23 - RENAMED: '1000015248.jpg' -> '1000015248_c1.jpg'
2026-03-15 22:28:23 - PROGRESS: {'current': 773, 'total': 1598, 'filename': '1000015251.jpg'}
2026-03-15 22:28:23 - RENAMED: '1000015251.jpg' -> '1000015251_c1.jpg'
2026-03-15 22:28:23 - PROGRESS: {'current': 774, 'total': 1598, 'filename': '1000015254.jpg'}
2026-03-15 22:28:23 - RENAMED: '1000015254.jpg' -> '1000015254_c1.jpg'
2026-03-15 22:28:23 - PROGRESS: {'current': 775, 'total': 1598, 'filename': '1000015257.jpg'}
2026-03-15 22:28:23 - RENAMED: '1000015257.jpg' -> '1000015257_c1.jpg'
2026-03-15 22:28:23 - PROGRESS: {'current': 776, 'total': 1598, 'filename': '1000015260.jpg'}
2026-03-15 22:28:23 - RENAMED: '1000015260.jpg' -> '1000015260_c1.jpg'
2026-03-15 22:28:23 - PROGRESS: {'current': 777, 'total': 1598, 'filename': '1000015263.jpg'}
2026-03-15 22:28:23 - RENAMED: '1000015263.jpg' -> '1000015263_c1.jpg'
2026-03-15 22:28:23 - PROGRESS: {'current': 778, 'total': 1598, 'filename': '1000015266.jpg'}
2026-03-15 22:28:23 - RENAMED: '1000015266.jpg' -> '1000015266_c1.jpg'
2026-03-15 22:28:23 - PROGRESS: {'current': 779, 'total': 1598, 'filename': '1000015269.jpg'}
2026-03-15 22:28:23 - RENAMED: '1000015269.jpg' -> '1000015269_c1.jpg'
2026-03-15 22:28:23 - PROGRESS: {'current': 780, 'total': 1598, 'filename': '1000015272.jpg'}
2026-03-15 22:28:23 - RENAMED: '1000015272.jpg' -> '1000015272_c1.jpg'
2026-03-15 22:28:23 - PROGRESS: {'current': 781, 'total': 1598, 'filename': '1000015275.jpg'}
2026-03-15 22:28:23 - RENAMED: '1000015275.jpg' -> '1000015275_c1.jpg'
2026-03-15 22:28:23 - PROGRESS: {'current': 782, 'total': 1598, 'filename': '1000015278.jpg'}
2026-03-15 22:28:23 - RENAMED: '1000015278.jpg' -> '1000015278_c1.jpg'
2026-03-15 22:28:23 - PROGRESS: {'current': 783, 'total': 1598, 'filename': '1000015301.jpg'}
2026-03-15 22:28:23 - RENAMED: '1000015301.jpg' -> ' 2024.09.27-18.16.23.783..jpg'
2026-03-15 22:28:23 - PROGRESS: {'current': 784, 'total': 1598, 'filename': '1000015468.jpg'}
2026-03-15 22:28:23 - RENAMED: '1000015468.jpg' -> ' 2024.10.05-23.26.20.784.Chalandri.jpg'
2026-03-15 22:28:23 - PROGRESS: {'current': 785, 'total': 1598, 'filename': '1000015469.jpg'}
2026-03-15 22:28:23 - RENAMED: '1000015469.jpg' -> ' 2024.10.05-23.26.21.785.Chalandri.jpg'
2026-03-15 22:28:23 - PROGRESS: {'current': 786, 'total': 1598, 'filename': '1000015470.jpg'}
2026-03-15 22:28:23 - RENAMED: '1000015470.jpg' -> ' 2024.10.05-23.26.23.786.Chalandri.jpg'
2026-03-15 22:28:23 - PROGRESS: {'current': 787, 'total': 1598, 'filename': '1000015471.mp4'}
2026-03-15 22:28:23 - RENAMED: '1000015471.mp4' -> '1000015471_c1.mp4'
2026-03-15 22:28:23 - PROGRESS: {'current': 788, 'total': 1598, 'filename': '1000015505.jpg'}
2026-03-15 22:28:23 - RENAMED: '1000015505.jpg' -> '1000015505_c1.jpg'
2026-03-15 22:28:23 - PROGRESS: {'current': 789, 'total': 1598, 'filename': '1000015508.jpg'}
2026-03-15 22:28:23 - RENAMED: '1000015508.jpg' -> '1000015508_c1.jpg'
2026-03-15 22:28:23 - PROGRESS: {'current': 790, 'total': 1598, 'filename': '1000015564.mp4'}
2026-03-15 22:28:23 - RENAMED: '1000015564.mp4' -> '1000015564_c1.mp4'
2026-03-15 22:28:23 - PROGRESS: {'current': 791, 'total': 1598, 'filename': '1000015565.mp4'}
2026-03-15 22:28:23 - RENAMED: '1000015565.mp4' -> '1000015565_c1.mp4'
2026-03-15 22:28:23 - PROGRESS: {'current': 792, 'total': 1598, 'filename': '1000015566.mp4'}
2026-03-15 22:28:23 - RENAMED: '1000015566.mp4' -> '1000015566_c1.mp4'
2026-03-15 22:28:23 - PROGRESS: {'current': 793, 'total': 1598, 'filename': '1000015573.jpg'}
2026-03-15 22:28:23 - RENAMED: '1000015573.jpg' -> '1000015573_c1.jpg'
2026-03-15 22:28:23 - PROGRESS: {'current': 794, 'total': 1598, 'filename': '1000015574.jpg'}
2026-03-15 22:28:23 - RENAMED: '1000015574.jpg' -> '1000015574_c1.jpg'
2026-03-15 22:28:23 - PROGRESS: {'current': 795, 'total': 1598, 'filename': '1000015576.mp4'}
2026-03-15 22:28:23 - RENAMED: '1000015576.mp4' -> '1000015576_c1.mp4'
2026-03-15 22:28:23 - PROGRESS: {'current': 796, 'total': 1598, 'filename': '1000015577.mp4'}
2026-03-15 22:28:23 - RENAMED: '1000015577.mp4' -> '1000015577_c1.mp4'
2026-03-15 22:28:23 - PROGRESS: {'current': 797, 'total': 1598, 'filename': '1000015578.jpg'}
2026-03-15 22:28:23 - RENAMED: '1000015578.jpg' -> '1000015578_c1.jpg'
2026-03-15 22:28:23 - PROGRESS: {'current': 798, 'total': 1598, 'filename': '1000015591-1.mp4'}
2026-03-15 22:28:23 - RENAMED: '1000015591-1.mp4' -> '1000015591-1_c1.mp4'
2026-03-15 22:28:23 - PROGRESS: {'current': 799, 'total': 1598, 'filename': '1000015591.mp4'}
2026-03-15 22:28:23 - RENAMED: '1000015591.mp4' -> '1000015591_c1.mp4'
2026-03-15 22:28:23 - PROGRESS: {'current': 800, 'total': 1598, 'filename': '1000015603.mp4'}
2026-03-15 22:28:23 - RENAMED: '1000015603.mp4' -> '1000015603_c1.mp4'
2026-03-15 22:28:23 - PROGRESS: {'current': 801, 'total': 1598, 'filename': '1000015604.mp4'}
2026-03-15 22:28:23 - RENAMED: '1000015604.mp4' -> '1000015604_c1.mp4'
2026-03-15 22:28:23 - PROGRESS: {'current': 802, 'total': 1598, 'filename': '1000015605.mp4'}
2026-03-15 22:28:23 - RENAMED: '1000015605.mp4' -> '1000015605_c1.mp4'
2026-03-15 22:28:23 - PROGRESS: {'current': 803, 'total': 1598, 'filename': '1000015606.mp4'}
2026-03-15 22:28:23 - RENAMED: '1000015606.mp4' -> '1000015606_c1.mp4'
2026-03-15 22:28:23 - PROGRESS: {'current': 804, 'total': 1598, 'filename': '1000015607.mp4'}
2026-03-15 22:28:23 - RENAMED: '1000015607.mp4' -> '1000015607_c1.mp4'
2026-03-15 22:28:23 - PROGRESS: {'current': 805, 'total': 1598, 'filename': '1000015644.jpg'}
2026-03-15 22:28:23 - RENAMED: '1000015644.jpg' -> '1000015644_c1.jpg'
2026-03-15 22:28:23 - PROGRESS: {'current': 806, 'total': 1598, 'filename': '1000015647.mp4'}
2026-03-15 22:28:23 - RENAMED: '1000015647.mp4' -> '1000015647_c1.mp4'
2026-03-15 22:28:23 - PROGRESS: {'current': 807, 'total': 1598, 'filename': '1000015656.jpg'}
2026-03-15 22:28:23 - RENAMED: '1000015656.jpg' -> '1000015656_c1.jpg'
2026-03-15 22:28:24 - PROGRESS: {'current': 808, 'total': 1598, 'filename': '1000015661.jpg'}
2026-03-15 22:28:24 - RENAMED: '1000015661.jpg' -> '1000015661_c1.jpg'
2026-03-15 22:28:24 - PROGRESS: {'current': 809, 'total': 1598, 'filename': '1000015662.jpg'}
2026-03-15 22:28:24 - RENAMED: '1000015662.jpg' -> '1000015662_c1.jpg'
2026-03-15 22:28:24 - PROGRESS: {'current': 810, 'total': 1598, 'filename': '1000015692.jpg'}
2026-03-15 22:28:24 - RENAMED: '1000015692.jpg' -> '1000015692_c1.jpg'
2026-03-15 22:28:24 - PROGRESS: {'current': 811, 'total': 1598, 'filename': '1000015726.jpg'}
2026-03-15 22:28:24 - RENAMED: '1000015726.jpg' -> '1000015726_c1.jpg'
2026-03-15 22:28:24 - PROGRESS: {'current': 812, 'total': 1598, 'filename': '1000015727.jpg'}
2026-03-15 22:28:24 - RENAMED: '1000015727.jpg' -> '1000015727_c1.jpg'
2026-03-15 22:28:24 - PROGRESS: {'current': 813, 'total': 1598, 'filename': '1000015730.jpg'}
2026-03-15 22:28:24 - RENAMED: '1000015730.jpg' -> '1000015730_c1.jpg'
2026-03-15 22:28:24 - PROGRESS: {'current': 814, 'total': 1598, 'filename': '1000015733.jpg'}
2026-03-15 22:28:24 - RENAMED: '1000015733.jpg' -> '1000015733_c1.jpg'
2026-03-15 22:28:24 - PROGRESS: {'current': 815, 'total': 1598, 'filename': '1000015736.jpg'}
2026-03-15 22:28:24 - RENAMED: '1000015736.jpg' -> '1000015736_c1.jpg'
2026-03-15 22:28:24 - PROGRESS: {'current': 816, 'total': 1598, 'filename': '1000015737.mp4'}
2026-03-15 22:28:24 - RENAMED: '1000015737.mp4' -> '1000015737_c1.mp4'
2026-03-15 22:28:24 - PROGRESS: {'current': 817, 'total': 1598, 'filename': '1000015738.jpg'}
2026-03-15 22:28:24 - RENAMED: '1000015738.jpg' -> '1000015738_c1.jpg'
2026-03-15 22:28:24 - PROGRESS: {'current': 818, 'total': 1598, 'filename': '1000015752.jpg'}
2026-03-15 22:28:24 - RENAMED: '1000015752.jpg' -> '1000015752_c1.jpg'
2026-03-15 22:28:24 - PROGRESS: {'current': 819, 'total': 1598, 'filename': '1000015755.jpg'}
2026-03-15 22:28:24 - RENAMED: '1000015755.jpg' -> '1000015755_c1.jpg'
2026-03-15 22:28:24 - PROGRESS: {'current': 820, 'total': 1598, 'filename': '1000015758.jpg'}
2026-03-15 22:28:24 - RENAMED: '1000015758.jpg' -> '1000015758_c1.jpg'
2026-03-15 22:28:24 - PROGRESS: {'current': 821, 'total': 1598, 'filename': '1000015761.jpg'}
2026-03-15 22:28:24 - RENAMED: '1000015761.jpg' -> '1000015761_c1.jpg'
2026-03-15 22:28:24 - PROGRESS: {'current': 822, 'total': 1598, 'filename': '1000015764.jpg'}
2026-03-15 22:28:24 - RENAMED: '1000015764.jpg' -> '1000015764_c1.jpg'
2026-03-15 22:28:24 - PROGRESS: {'current': 823, 'total': 1598, 'filename': '1000015767.jpg'}
2026-03-15 22:28:24 - RENAMED: '1000015767.jpg' -> '1000015767_c1.jpg'
2026-03-15 22:28:24 - PROGRESS: {'current': 824, 'total': 1598, 'filename': '1000015770.jpg'}
2026-03-15 22:28:24 - RENAMED: '1000015770.jpg' -> '1000015770_c1.jpg'
2026-03-15 22:28:24 - PROGRESS: {'current': 825, 'total': 1598, 'filename': '1000015773.jpg'}
2026-03-15 22:28:24 - RENAMED: '1000015773.jpg' -> '1000015773_c1.jpg'
2026-03-15 22:28:24 - PROGRESS: {'current': 826, 'total': 1598, 'filename': '1000015776.jpg'}
2026-03-15 22:28:24 - RENAMED: '1000015776.jpg' -> '1000015776_c1.jpg'
2026-03-15 22:28:24 - PROGRESS: {'current': 827, 'total': 1598, 'filename': '1000015781.jpg'}
2026-03-15 22:28:24 - RENAMED: '1000015781.jpg' -> '1000015781_c1.jpg'
2026-03-15 22:28:24 - PROGRESS: {'current': 828, 'total': 1598, 'filename': '1000015784.jpg'}
2026-03-15 22:28:24 - RENAMED: '1000015784.jpg' -> '1000015784_c1.jpg'
2026-03-15 22:28:24 - PROGRESS: {'current': 829, 'total': 1598, 'filename': '1000015787.jpg'}
2026-03-15 22:28:24 - RENAMED: '1000015787.jpg' -> '1000015787_c1.jpg'
2026-03-15 22:28:24 - PROGRESS: {'current': 830, 'total': 1598, 'filename': '1000015795.jpg'}
2026-03-15 22:28:24 - RENAMED: '1000015795.jpg' -> '1000015795_c1.jpg'
2026-03-15 22:28:24 - PROGRESS: {'current': 831, 'total': 1598, 'filename': '1000015844.jpg'}
2026-03-15 22:28:24 - RENAMED: '1000015844.jpg' -> '1000015844_c1.jpg'
2026-03-15 22:28:24 - PROGRESS: {'current': 832, 'total': 1598, 'filename': '1000015924.jpg'}
2026-03-15 22:28:24 - RENAMED: '1000015924.jpg' -> '1000015924_c1.jpg'
2026-03-15 22:28:24 - PROGRESS: {'current': 833, 'total': 1598, 'filename': '1000015927.jpg'}
2026-03-15 22:28:24 - RENAMED: '1000015927.jpg' -> '1000015927_c1.jpg'
2026-03-15 22:28:24 - PROGRESS: {'current': 834, 'total': 1598, 'filename': '1000015930.jpg'}
2026-03-15 22:28:24 - RENAMED: '1000015930.jpg' -> '1000015930_c1.jpg'
2026-03-15 22:28:24 - PROGRESS: {'current': 835, 'total': 1598, 'filename': '1000015933.jpg'}
2026-03-15 22:28:24 - RENAMED: '1000015933.jpg' -> '1000015933_c1.jpg'
2026-03-15 22:28:24 - PROGRESS: {'current': 836, 'total': 1598, 'filename': '1000015936.jpg'}
2026-03-15 22:28:24 - RENAMED: '1000015936.jpg' -> '1000015936_c1.jpg'
2026-03-15 22:28:24 - PROGRESS: {'current': 837, 'total': 1598, 'filename': '1000015939.jpg'}
2026-03-15 22:28:24 - RENAMED: '1000015939.jpg' -> '1000015939_c1.jpg'
2026-03-15 22:28:24 - PROGRESS: {'current': 838, 'total': 1598, 'filename': '1000015942.jpg'}
2026-03-15 22:28:24 - RENAMED: '1000015942.jpg' -> '1000015942_c1.jpg'
2026-03-15 22:28:24 - PROGRESS: {'current': 839, 'total': 1598, 'filename': '1000015945.jpg'}
2026-03-15 22:28:24 - RENAMED: '1000015945.jpg' -> '1000015945_c1.jpg'
2026-03-15 22:28:24 - PROGRESS: {'current': 840, 'total': 1598, 'filename': '1000015948.jpg'}
2026-03-15 22:28:24 - RENAMED: '1000015948.jpg' -> '1000015948_c1.jpg'
2026-03-15 22:28:24 - PROGRESS: {'current': 841, 'total': 1598, 'filename': '1000015951.jpg'}
2026-03-15 22:28:24 - RENAMED: '1000015951.jpg' -> '1000015951_c1.jpg'
2026-03-15 22:28:24 - PROGRESS: {'current': 842, 'total': 1598, 'filename': '1000015954.jpg'}
2026-03-15 22:28:24 - RENAMED: '1000015954.jpg' -> '1000015954_c1.jpg'
2026-03-15 22:28:24 - PROGRESS: {'current': 843, 'total': 1598, 'filename': '1000015957.jpg'}
2026-03-15 22:28:24 - RENAMED: '1000015957.jpg' -> '1000015957_c1.jpg'
2026-03-15 22:28:24 - PROGRESS: {'current': 844, 'total': 1598, 'filename': '1000015960.jpg'}
2026-03-15 22:28:24 - RENAMED: '1000015960.jpg' -> '1000015960_c1.jpg'
2026-03-15 22:28:24 - PROGRESS: {'current': 845, 'total': 1598, 'filename': '1000015963.jpg'}
2026-03-15 22:28:24 - RENAMED: '1000015963.jpg' -> '1000015963_c1.jpg'
2026-03-15 22:28:24 - PROGRESS: {'current': 846, 'total': 1598, 'filename': '1000015966.jpg'}
2026-03-15 22:28:24 - RENAMED: '1000015966.jpg' -> '1000015966_c1.jpg'
2026-03-15 22:28:24 - PROGRESS: {'current': 847, 'total': 1598, 'filename': '1000015969.jpg'}
2026-03-15 22:28:24 - RENAMED: '1000015969.jpg' -> '1000015969_c1.jpg'
2026-03-15 22:28:24 - PROGRESS: {'current': 848, 'total': 1598, 'filename': '1000015972.jpg'}
2026-03-15 22:28:24 - RENAMED: '1000015972.jpg' -> '1000015972_c1.jpg'
2026-03-15 22:28:24 - PROGRESS: {'current': 849, 'total': 1598, 'filename': '1000015975.jpg'}
2026-03-15 22:28:24 - RENAMED: '1000015975.jpg' -> '1000015975_c1.jpg'
2026-03-15 22:28:24 - PROGRESS: {'current': 850, 'total': 1598, 'filename': '1000015978.jpg'}
2026-03-15 22:28:24 - RENAMED: '1000015978.jpg' -> '1000015978_c1.jpg'
2026-03-15 22:28:24 - PROGRESS: {'current': 851, 'total': 1598, 'filename': '1000015981.jpg'}
2026-03-15 22:28:24 - RENAMED: '1000015981.jpg' -> '1000015981_c1.jpg'
2026-03-15 22:28:24 - PROGRESS: {'current': 852, 'total': 1598, 'filename': '1000015984.mp4'}
2026-03-15 22:28:24 - RENAMED: '1000015984.mp4' -> '1000015984_c1.mp4'
2026-03-15 22:28:24 - PROGRESS: {'current': 853, 'total': 1598, 'filename': '1000015988.jpg'}
2026-03-15 22:28:24 - RENAMED: '1000015988.jpg' -> '1000015988_c1.jpg'
2026-03-15 22:28:24 - PROGRESS: {'current': 854, 'total': 1598, 'filename': '1000015991.jpg'}
2026-03-15 22:28:24 - RENAMED: '1000015991.jpg' -> '1000015991_c1.jpg'
2026-03-15 22:28:24 - PROGRESS: {'current': 855, 'total': 1598, 'filename': '1000015994.jpg'}
2026-03-15 22:28:24 - RENAMED: '1000015994.jpg' -> '1000015994_c1.jpg'
2026-03-15 22:28:24 - PROGRESS: {'current': 856, 'total': 1598, 'filename': '1000015997.jpg'}
2026-03-15 22:28:24 - RENAMED: '1000015997.jpg' -> '1000015997_c1.jpg'
2026-03-15 22:28:24 - PROGRESS: {'current': 857, 'total': 1598, 'filename': '1000016000.jpg'}
2026-03-15 22:28:24 - RENAMED: '1000016000.jpg' -> '1000016000_c1.jpg'
2026-03-15 22:28:24 - PROGRESS: {'current': 858, 'total': 1598, 'filename': '1000016004.jpg'}
2026-03-15 22:28:24 - RENAMED: '1000016004.jpg' -> '1000016004_c1.jpg'
2026-03-15 22:28:24 - PROGRESS: {'current': 859, 'total': 1598, 'filename': '1000016011.jpg'}
2026-03-15 22:28:24 - RENAMED: '1000016011.jpg' -> '1000016011_c1.jpg'
2026-03-15 22:28:24 - PROGRESS: {'current': 860, 'total': 1598, 'filename': '1000016014.jpg'}
2026-03-15 22:28:24 - RENAMED: '1000016014.jpg' -> '1000016014_c1.jpg'
2026-03-15 22:28:24 - PROGRESS: {'current': 861, 'total': 1598, 'filename': '1000016017.jpg'}
2026-03-15 22:28:24 - RENAMED: '1000016017.jpg' -> '1000016017_c1.jpg'
2026-03-15 22:28:24 - PROGRESS: {'current': 862, 'total': 1598, 'filename': '1000016020.jpg'}
2026-03-15 22:28:24 - RENAMED: '1000016020.jpg' -> '1000016020_c1.jpg'
2026-03-15 22:28:24 - PROGRESS: {'current': 863, 'total': 1598, 'filename': '1000016023.jpg'}
2026-03-15 22:28:24 - RENAMED: '1000016023.jpg' -> '1000016023_c1.jpg'
2026-03-15 22:28:24 - PROGRESS: {'current': 864, 'total': 1598, 'filename': '1000016026.jpg'}
2026-03-15 22:28:24 - RENAMED: '1000016026.jpg' -> '1000016026_c1.jpg'
2026-03-15 22:28:24 - PROGRESS: {'current': 865, 'total': 1598, 'filename': '1000016029.jpg'}
2026-03-15 22:28:24 - RENAMED: '1000016029.jpg' -> '1000016029_c1.jpg'
2026-03-15 22:28:24 - PROGRESS: {'current': 866, 'total': 1598, 'filename': '1000016032.jpg'}
2026-03-15 22:28:24 - RENAMED: '1000016032.jpg' -> '1000016032_c1.jpg'
2026-03-15 22:28:24 - PROGRESS: {'current': 867, 'total': 1598, 'filename': '1000016035.jpg'}
2026-03-15 22:28:24 - RENAMED: '1000016035.jpg' -> '1000016035_c1.jpg'
2026-03-15 22:28:24 - PROGRESS: {'current': 868, 'total': 1598, 'filename': '1000016038.jpg'}
2026-03-15 22:28:24 - RENAMED: '1000016038.jpg' -> '1000016038_c1.jpg'
2026-03-15 22:28:24 - PROGRESS: {'current': 869, 'total': 1598, 'filename': '1000016041.jpg'}
2026-03-15 22:28:24 - RENAMED: '1000016041.jpg' -> '1000016041_c1.jpg'
2026-03-15 22:28:24 - PROGRESS: {'current': 870, 'total': 1598, 'filename': '1000016044.jpg'}
2026-03-15 22:28:24 - RENAMED: '1000016044.jpg' -> '1000016044_c1.jpg'
2026-03-15 22:28:24 - PROGRESS: {'current': 871, 'total': 1598, 'filename': '1000016047.jpg'}
2026-03-15 22:28:24 - RENAMED: '1000016047.jpg' -> '1000016047_c1.jpg'
2026-03-15 22:28:24 - PROGRESS: {'current': 872, 'total': 1598, 'filename': '1000016050.jpg'}
2026-03-15 22:28:24 - RENAMED: '1000016050.jpg' -> '1000016050_c1.jpg'
2026-03-15 22:28:24 - PROGRESS: {'current': 873, 'total': 1598, 'filename': '1000016053.jpg'}
2026-03-15 22:28:24 - RENAMED: '1000016053.jpg' -> '1000016053_c1.jpg'
2026-03-15 22:28:24 - PROGRESS: {'current': 874, 'total': 1598, 'filename': '1000016056.jpg'}
2026-03-15 22:28:24 - RENAMED: '1000016056.jpg' -> '1000016056_c1.jpg'
2026-03-15 22:28:24 - PROGRESS: {'current': 875, 'total': 1598, 'filename': '1000016059.jpg'}
2026-03-15 22:28:24 - RENAMED: '1000016059.jpg' -> '1000016059_c1.jpg'
2026-03-15 22:28:24 - PROGRESS: {'current': 876, 'total': 1598, 'filename': '1000016062.jpg'}
2026-03-15 22:28:24 - RENAMED: '1000016062.jpg' -> '1000016062_c1.jpg'
2026-03-15 22:28:25 - PROGRESS: {'current': 877, 'total': 1598, 'filename': '1000016065.jpg'}
2026-03-15 22:28:25 - RENAMED: '1000016065.jpg' -> '1000016065_c1.jpg'
2026-03-15 22:28:25 - PROGRESS: {'current': 878, 'total': 1598, 'filename': '1000016068.jpg'}
2026-03-15 22:28:25 - RENAMED: '1000016068.jpg' -> '1000016068_c1.jpg'
2026-03-15 22:28:25 - PROGRESS: {'current': 879, 'total': 1598, 'filename': '1000016071.jpg'}
2026-03-15 22:28:25 - RENAMED: '1000016071.jpg' -> '1000016071_c1.jpg'
2026-03-15 22:28:25 - PROGRESS: {'current': 880, 'total': 1598, 'filename': '1000016074.jpg'}
2026-03-15 22:28:25 - RENAMED: '1000016074.jpg' -> '1000016074_c1.jpg'
2026-03-15 22:28:25 - PROGRESS: {'current': 881, 'total': 1598, 'filename': '1000016077.jpg'}
2026-03-15 22:28:25 - RENAMED: '1000016077.jpg' -> '1000016077_c1.jpg'
2026-03-15 22:28:25 - PROGRESS: {'current': 882, 'total': 1598, 'filename': '1000016080.jpg'}
2026-03-15 22:28:25 - RENAMED: '1000016080.jpg' -> '1000016080_c1.jpg'
2026-03-15 22:28:25 - PROGRESS: {'current': 883, 'total': 1598, 'filename': '1000016083.jpg'}
2026-03-15 22:28:25 - RENAMED: '1000016083.jpg' -> '1000016083_c1.jpg'
2026-03-15 22:28:25 - PROGRESS: {'current': 884, 'total': 1598, 'filename': '1000016086.jpg'}
2026-03-15 22:28:25 - RENAMED: '1000016086.jpg' -> '1000016086_c1.jpg'
2026-03-15 22:28:25 - PROGRESS: {'current': 885, 'total': 1598, 'filename': '1000016089.jpg'}
2026-03-15 22:28:25 - RENAMED: '1000016089.jpg' -> '1000016089_c1.jpg'
2026-03-15 22:28:25 - PROGRESS: {'current': 886, 'total': 1598, 'filename': '1000016092.jpg'}
2026-03-15 22:28:25 - RENAMED: '1000016092.jpg' -> '1000016092_c1.jpg'
2026-03-15 22:28:25 - PROGRESS: {'current': 887, 'total': 1598, 'filename': '1000016095.jpg'}
2026-03-15 22:28:25 - RENAMED: '1000016095.jpg' -> '1000016095_c1.jpg'
2026-03-15 22:28:25 - PROGRESS: {'current': 888, 'total': 1598, 'filename': '1000016161.jpg'}
2026-03-15 22:28:25 - RENAMED: '1000016161.jpg' -> ' 2024.11.03-15.33.38.888..jpg'
2026-03-15 22:28:25 - PROGRESS: {'current': 889, 'total': 1598, 'filename': '1000016162.jpg'}
2026-03-15 22:28:25 - RENAMED: '1000016162.jpg' -> ' 2024.11.03-15.33.46.889.NeoPsychiko.jpg'
2026-03-15 22:28:25 - PROGRESS: {'current': 890, 'total': 1598, 'filename': '1000016163.jpg'}
2026-03-15 22:28:25 - RENAMED: '1000016163.jpg' -> '1000016163_c1.jpg'
2026-03-15 22:28:25 - PROGRESS: {'current': 891, 'total': 1598, 'filename': '1000016193.jpg'}
2026-03-15 22:28:25 - RENAMED: '1000016193.jpg' -> '1000016193_c1.jpg'
2026-03-15 22:28:25 - PROGRESS: {'current': 892, 'total': 1598, 'filename': '1000016196.jpeg'}
2026-03-15 22:28:25 - RENAMED: '1000016196.jpeg' -> ' 2024.11.08-13.15.07.892..jpeg'
2026-03-15 22:28:25 - PROGRESS: {'current': 893, 'total': 1598, 'filename': '1000016209.jpg'}
2026-03-15 22:28:25 - RENAMED: '1000016209.jpg' -> '1000016209_c1.jpg'
2026-03-15 22:28:25 - PROGRESS: {'current': 894, 'total': 1598, 'filename': '1000016231.jpg'}
2026-03-15 22:28:25 - RENAMED: '1000016231.jpg' -> '1000016231_c1.jpg'
2026-03-15 22:28:25 - PROGRESS: {'current': 895, 'total': 1598, 'filename': '1000016232.jpg'}
2026-03-15 22:28:25 - RENAMED: '1000016232.jpg' -> '1000016232_c1.jpg'
2026-03-15 22:28:25 - PROGRESS: {'current': 896, 'total': 1598, 'filename': '1000016328.mp4'}
2026-03-15 22:28:25 - RENAMED: '1000016328.mp4' -> '1000016328_c1.mp4'
2026-03-15 22:28:25 - PROGRESS: {'current': 897, 'total': 1598, 'filename': '1000016377.jpg'}
2026-03-15 22:28:25 - RENAMED: '1000016377.jpg' -> '1000016377_c1.jpg'
2026-03-15 22:28:25 - PROGRESS: {'current': 898, 'total': 1598, 'filename': '1000016423.jpg'}
2026-03-15 22:28:25 - RENAMED: '1000016423.jpg' -> '1000016423_c1.jpg'
2026-03-15 22:28:25 - PROGRESS: {'current': 899, 'total': 1598, 'filename': '1000016426.jpg'}
2026-03-15 22:28:25 - RENAMED: '1000016426.jpg' -> '1000016426_c1.jpg'
2026-03-15 22:28:25 - PROGRESS: {'current': 900, 'total': 1598, 'filename': '1000016428.jpg'}
2026-03-15 22:28:25 - RENAMED: '1000016428.jpg' -> '1000016428_c1.jpg'
2026-03-15 22:28:25 - PROGRESS: {'current': 901, 'total': 1598, 'filename': '1000016451.jpg'}
2026-03-15 22:28:25 - RENAMED: '1000016451.jpg' -> '1000016451_c1.jpg'
2026-03-15 22:28:25 - PROGRESS: {'current': 902, 'total': 1598, 'filename': '1000016454.jpg'}
2026-03-15 22:28:25 - RENAMED: '1000016454.jpg' -> '1000016454_c1.jpg'
2026-03-15 22:28:25 - PROGRESS: {'current': 903, 'total': 1598, 'filename': '1000016457.jpg'}
2026-03-15 22:28:25 - RENAMED: '1000016457.jpg' -> '1000016457_c1.jpg'
2026-03-15 22:28:25 - PROGRESS: {'current': 904, 'total': 1598, 'filename': '1000016460.jpg'}
2026-03-15 22:28:25 - RENAMED: '1000016460.jpg' -> '1000016460_c1.jpg'
2026-03-15 22:28:25 - PROGRESS: {'current': 905, 'total': 1598, 'filename': '1000016463.jpg'}
2026-03-15 22:28:25 - RENAMED: '1000016463.jpg' -> '1000016463_c1.jpg'
2026-03-15 22:28:25 - PROGRESS: {'current': 906, 'total': 1598, 'filename': '1000016466.jpg'}
2026-03-15 22:28:25 - RENAMED: '1000016466.jpg' -> '1000016466_c1.jpg'
2026-03-15 22:28:25 - PROGRESS: {'current': 907, 'total': 1598, 'filename': '1000016469.jpg'}
2026-03-15 22:28:25 - RENAMED: '1000016469.jpg' -> '1000016469_c1.jpg'
2026-03-15 22:28:25 - PROGRESS: {'current': 908, 'total': 1598, 'filename': '1000016472.jpg'}
2026-03-15 22:28:25 - RENAMED: '1000016472.jpg' -> '1000016472_c1.jpg'
2026-03-15 22:28:25 - PROGRESS: {'current': 909, 'total': 1598, 'filename': '1000016475.jpg'}
2026-03-15 22:28:25 - RENAMED: '1000016475.jpg' -> '1000016475_c1.jpg'
2026-03-15 22:28:25 - PROGRESS: {'current': 910, 'total': 1598, 'filename': '1000016478.jpg'}
2026-03-15 22:28:25 - RENAMED: '1000016478.jpg' -> '1000016478_c1.jpg'
2026-03-15 22:28:25 - PROGRESS: {'current': 911, 'total': 1598, 'filename': '1000016481.jpg'}
2026-03-15 22:28:25 - RENAMED: '1000016481.jpg' -> '1000016481_c1.jpg'
2026-03-15 22:28:25 - PROGRESS: {'current': 912, 'total': 1598, 'filename': '1000016508.jpg'}
2026-03-15 22:28:25 - RENAMED: '1000016508.jpg' -> '1000016508_c1.jpg'
2026-03-15 22:28:25 - PROGRESS: {'current': 913, 'total': 1598, 'filename': '1000016642.mp4'}
2026-03-15 22:28:25 - RENAMED: '1000016642.mp4' -> '1000016642_c1.mp4'
2026-03-15 22:28:25 - PROGRESS: {'current': 914, 'total': 1598, 'filename': '1000016747.jpg'}
2026-03-15 22:28:25 - RENAMED: '1000016747.jpg' -> '1000016747_c1.jpg'
2026-03-15 22:28:25 - PROGRESS: {'current': 915, 'total': 1598, 'filename': '1000016763.jpg'}
2026-03-15 22:28:25 - RENAMED: '1000016763.jpg' -> '1000016763_c1.jpg'
2026-03-15 22:28:25 - PROGRESS: {'current': 916, 'total': 1598, 'filename': '1000016767.jpg'}
2026-03-15 22:28:25 - RENAMED: '1000016767.jpg' -> '1000016767_c1.jpg'
2026-03-15 22:28:25 - PROGRESS: {'current': 917, 'total': 1598, 'filename': '1000016774.jpg'}
2026-03-15 22:28:25 - RENAMED: '1000016774.jpg' -> '1000016774_c1.jpg'
2026-03-15 22:28:25 - PROGRESS: {'current': 918, 'total': 1598, 'filename': '1000016777.jpg'}
2026-03-15 22:28:25 - RENAMED: '1000016777.jpg' -> '1000016777_c1.jpg'
2026-03-15 22:28:25 - PROGRESS: {'current': 919, 'total': 1598, 'filename': '1000016796.jpg'}
2026-03-15 22:28:25 - RENAMED: '1000016796.jpg' -> '1000016796_c1.jpg'
2026-03-15 22:28:25 - PROGRESS: {'current': 920, 'total': 1598, 'filename': '1000016803.jpg'}
2026-03-15 22:28:25 - RENAMED: '1000016803.jpg' -> '1000016803_c1.jpg'
2026-03-15 22:28:25 - PROGRESS: {'current': 921, 'total': 1598, 'filename': '1000016806.jpg'}
2026-03-15 22:28:25 - RENAMED: '1000016806.jpg' -> '1000016806_c1.jpg'
2026-03-15 22:28:25 - PROGRESS: {'current': 922, 'total': 1598, 'filename': '1000016809.jpg'}
2026-03-15 22:28:25 - RENAMED: '1000016809.jpg' -> '1000016809_c1.jpg'
2026-03-15 22:28:25 - PROGRESS: {'current': 923, 'total': 1598, 'filename': '1000016812.jpg'}
2026-03-15 22:28:25 - RENAMED: '1000016812.jpg' -> '1000016812_c1.jpg'
2026-03-15 22:28:25 - PROGRESS: {'current': 924, 'total': 1598, 'filename': '1000016823.jpg'}
2026-03-15 22:28:25 - RENAMED: '1000016823.jpg' -> '1000016823_c1.jpg'
2026-03-15 22:28:25 - PROGRESS: {'current': 925, 'total': 1598, 'filename': '1000016832.jpg'}
2026-03-15 22:28:25 - RENAMED: '1000016832.jpg' -> '1000016832_c1.jpg'
2026-03-15 22:28:25 - PROGRESS: {'current': 926, 'total': 1598, 'filename': '1000016867.jpg'}
2026-03-15 22:28:25 - RENAMED: '1000016867.jpg' -> '1000016867_c1.jpg'
2026-03-15 22:28:25 - PROGRESS: {'current': 927, 'total': 1598, 'filename': '1000016896.jpg'}
2026-03-15 22:28:25 - RENAMED: '1000016896.jpg' -> '1000016896_c1.jpg'
2026-03-15 22:28:25 - PROGRESS: {'current': 928, 'total': 1598, 'filename': '1000016968.mp4'}
2026-03-15 22:28:25 - RENAMED: '1000016968.mp4' -> '1000016968_c1.mp4'
2026-03-15 22:28:25 - PROGRESS: {'current': 929, 'total': 1598, 'filename': '1000016975.jpg'}
2026-03-15 22:28:25 - RENAMED: '1000016975.jpg' -> ' 2025.01.07-00.29.22.929.AgiaParaskevi.jpg'
2026-03-15 22:28:25 - PROGRESS: {'current': 930, 'total': 1598, 'filename': '1000017044.jpg'}
2026-03-15 22:28:25 - RENAMED: '1000017044.jpg' -> '1000017044_c1.jpg'
2026-03-15 22:28:25 - PROGRESS: {'current': 931, 'total': 1598, 'filename': '1000017045.jpg'}
2026-03-15 22:28:25 - RENAMED: '1000017045.jpg' -> '1000017045_c1.jpg'
2026-03-15 22:28:25 - PROGRESS: {'current': 932, 'total': 1598, 'filename': '1000017046.jpg'}
2026-03-15 22:28:25 - RENAMED: '1000017046.jpg' -> '1000017046_c1.jpg'
2026-03-15 22:28:25 - PROGRESS: {'current': 933, 'total': 1598, 'filename': '1000017047.jpg'}
2026-03-15 22:28:25 - RENAMED: '1000017047.jpg' -> '1000017047_c1.jpg'
2026-03-15 22:28:25 - PROGRESS: {'current': 934, 'total': 1598, 'filename': '1000017048.jpg'}
2026-03-15 22:28:25 - RENAMED: '1000017048.jpg' -> '1000017048_c1.jpg'
2026-03-15 22:28:25 - PROGRESS: {'current': 935, 'total': 1598, 'filename': '1000017049.jpg'}
2026-03-15 22:28:25 - RENAMED: '1000017049.jpg' -> '1000017049_c1.jpg'
2026-03-15 22:28:25 - PROGRESS: {'current': 936, 'total': 1598, 'filename': '1000017050.jpg'}
2026-03-15 22:28:25 - RENAMED: '1000017050.jpg' -> '1000017050_c1.jpg'
2026-03-15 22:28:25 - PROGRESS: {'current': 937, 'total': 1598, 'filename': '1000017051.jpg'}
2026-03-15 22:28:25 - RENAMED: '1000017051.jpg' -> '1000017051_c1.jpg'
2026-03-15 22:28:25 - PROGRESS: {'current': 938, 'total': 1598, 'filename': '1000017086.jpg'}
2026-03-15 22:28:25 - RENAMED: '1000017086.jpg' -> '1000017086_c1.jpg'
2026-03-15 22:28:25 - PROGRESS: {'current': 939, 'total': 1598, 'filename': '1000017093.mp4'}
2026-03-15 22:28:25 - RENAMED: '1000017093.mp4' -> '1000017093_c1.mp4'
2026-03-15 22:28:25 - PROGRESS: {'current': 940, 'total': 1598, 'filename': '1000017123.jpg'}
2026-03-15 22:28:25 - RENAMED: '1000017123.jpg' -> '1000017123_c1.jpg'
2026-03-15 22:28:25 - PROGRESS: {'current': 941, 'total': 1598, 'filename': '1000017127.mp4'}
2026-03-15 22:28:25 - RENAMED: '1000017127.mp4' -> '1000017127_c1.mp4'
2026-03-15 22:28:25 - PROGRESS: {'current': 942, 'total': 1598, 'filename': '1000017131.mp4'}
2026-03-15 22:28:25 - RENAMED: '1000017131.mp4' -> '1000017131_c1.mp4'
2026-03-15 22:28:25 - PROGRESS: {'current': 943, 'total': 1598, 'filename': '1000017228.mp4'}
2026-03-15 22:28:25 - RENAMED: '1000017228.mp4' -> '1000017228_c1.mp4'
2026-03-15 22:28:25 - PROGRESS: {'current': 944, 'total': 1598, 'filename': '1000017229.mp4'}
2026-03-15 22:28:25 - RENAMED: '1000017229.mp4' -> '1000017229_c1.mp4'
2026-03-15 22:28:25 - PROGRESS: {'current': 945, 'total': 1598, 'filename': '1000017377.jpg'}
2026-03-15 22:28:25 - RENAMED: '1000017377.jpg' -> ' 2025.02.04-12.55.16.945.Athens.jpg'
2026-03-15 22:28:25 - PROGRESS: {'current': 946, 'total': 1598, 'filename': '1000017378.jpg'}
2026-03-15 22:28:25 - RENAMED: '1000017378.jpg' -> ' 2025.02.04-12.55.22.946.Athens.jpg'
2026-03-15 22:28:25 - PROGRESS: {'current': 947, 'total': 1598, 'filename': '1000017395.jpg'}
2026-03-15 22:28:25 - RENAMED: '1000017395.jpg' -> '1000017395_c1.jpg'
2026-03-15 22:28:25 - PROGRESS: {'current': 948, 'total': 1598, 'filename': '1000017396.jpg'}
2026-03-15 22:28:26 - RENAMED: '1000017396.jpg' -> '1000017396_c1.jpg'
2026-03-15 22:28:26 - PROGRESS: {'current': 949, 'total': 1598, 'filename': '1000017397.jpg'}
2026-03-15 22:28:26 - RENAMED: '1000017397.jpg' -> '1000017397_c1.jpg'
2026-03-15 22:28:26 - PROGRESS: {'current': 950, 'total': 1598, 'filename': '1000017398.jpg'}
2026-03-15 22:28:26 - RENAMED: '1000017398.jpg' -> '1000017398_c1.jpg'
2026-03-15 22:28:26 - PROGRESS: {'current': 951, 'total': 1598, 'filename': '1029.jpeg'}
2026-03-15 22:28:26 - RENAMED: '1029.jpeg' -> ' 2022.11.12-22.48.04.951..jpeg'
2026-03-15 22:28:26 - PROGRESS: {'current': 952, 'total': 1598, 'filename': '1031.jpeg'}
2026-03-15 22:28:26 - RENAMED: '1031.jpeg' -> ' 2022.11.12-22.48.55.952..jpeg'
2026-03-15 22:28:26 - PROGRESS: {'current': 953, 'total': 1598, 'filename': '1033.jpeg'}
2026-03-15 22:28:26 - RENAMED: '1033.jpeg' -> ' 2022.11.12-22.49.10.953..jpeg'
2026-03-15 22:28:26 - PROGRESS: {'current': 954, 'total': 1598, 'filename': '1061.mp4'}
2026-03-15 22:28:26 - RENAMED: '1061.mp4' -> '1061_c1.mp4'
2026-03-15 22:28:26 - PROGRESS: {'current': 955, 'total': 1598, 'filename': '1065.jpg'}
2026-03-15 22:28:26 - RENAMED: '1065.jpg' -> '1065_c1.jpg'
2026-03-15 22:28:26 - PROGRESS: {'current': 956, 'total': 1598, 'filename': '1074.jpg'}
2026-03-15 22:28:26 - RENAMED: '1074.jpg' -> '1074_c1.jpg'
2026-03-15 22:28:26 - PROGRESS: {'current': 957, 'total': 1598, 'filename': '1077.jpg'}
2026-03-15 22:28:26 - RENAMED: '1077.jpg' -> '1077_c1.jpg'
2026-03-15 22:28:26 - PROGRESS: {'current': 958, 'total': 1598, 'filename': '1133.jpeg'}
2026-03-15 22:28:26 - RENAMED: '1133.jpeg' -> ' 2022.11.17-13.02.15.958..jpeg'
2026-03-15 22:28:26 - PROGRESS: {'current': 959, 'total': 1598, 'filename': '1138.jpg'}
2026-03-15 22:28:26 - RENAMED: '1138.jpg' -> '1138_c1.jpg'
2026-03-15 22:28:26 - PROGRESS: {'current': 960, 'total': 1598, 'filename': '1141.mp4'}
2026-03-15 22:28:26 - RENAMED: '1141.mp4' -> '1141_c1.mp4'
2026-03-15 22:28:26 - PROGRESS: {'current': 961, 'total': 1598, 'filename': '1161-1.mp4'}
2026-03-15 22:28:26 - RENAMED: '1161-1.mp4' -> '1161-1_c1.mp4'
2026-03-15 22:28:26 - PROGRESS: {'current': 962, 'total': 1598, 'filename': '1161-2.mp4'}
2026-03-15 22:28:26 - RENAMED: '1161-2.mp4' -> '1161-2_c1.mp4'
2026-03-15 22:28:26 - PROGRESS: {'current': 963, 'total': 1598, 'filename': '1161.mp4'}
2026-03-15 22:28:26 - RENAMED: '1161.mp4' -> '1161_c1.mp4'
2026-03-15 22:28:26 - PROGRESS: {'current': 964, 'total': 1598, 'filename': '1170.jpg'}
2026-03-15 22:28:26 - RENAMED: '1170.jpg' -> '1170_c1.jpg'
2026-03-15 22:28:26 - PROGRESS: {'current': 965, 'total': 1598, 'filename': '1175.mp4'}
2026-03-15 22:28:26 - RENAMED: '1175.mp4' -> '1175_c1.mp4'
2026-03-15 22:28:26 - PROGRESS: {'current': 966, 'total': 1598, 'filename': '1188.jpg'}
2026-03-15 22:28:26 - RENAMED: '1188.jpg' -> '1188_c1.jpg'
2026-03-15 22:28:26 - PROGRESS: {'current': 967, 'total': 1598, 'filename': '120.jpg'}
2026-03-15 22:28:26 - RENAMED: '120.jpg' -> '120_c1.jpg'
2026-03-15 22:28:26 - PROGRESS: {'current': 968, 'total': 1598, 'filename': '1213.jpg'}
2026-03-15 22:28:26 - RENAMED: '1213.jpg' -> '1213_c1.jpg'
2026-03-15 22:28:26 - PROGRESS: {'current': 969, 'total': 1598, 'filename': '1216.jpg'}
2026-03-15 22:28:26 - RENAMED: '1216.jpg' -> '1216_c1.jpg'
2026-03-15 22:28:26 - PROGRESS: {'current': 970, 'total': 1598, 'filename': '1219.jpg'}
2026-03-15 22:28:26 - RENAMED: '1219.jpg' -> '1219_c1.jpg'
2026-03-15 22:28:26 - PROGRESS: {'current': 971, 'total': 1598, 'filename': '1222.jpg'}
2026-03-15 22:28:26 - RENAMED: '1222.jpg' -> '1222_c1.jpg'
2026-03-15 22:28:26 - PROGRESS: {'current': 972, 'total': 1598, 'filename': '1225.jpg'}
2026-03-15 22:28:26 - RENAMED: '1225.jpg' -> '1225_c1.jpg'
2026-03-15 22:28:26 - PROGRESS: {'current': 973, 'total': 1598, 'filename': '1228.jpg'}
2026-03-15 22:28:26 - RENAMED: '1228.jpg' -> '1228_c1.jpg'
2026-03-15 22:28:26 - PROGRESS: {'current': 974, 'total': 1598, 'filename': '1231.jpg'}
2026-03-15 22:28:26 - RENAMED: '1231.jpg' -> '1231_c1.jpg'
2026-03-15 22:28:26 - PROGRESS: {'current': 975, 'total': 1598, 'filename': '1234.jpg'}
2026-03-15 22:28:26 - RENAMED: '1234.jpg' -> '1234_c1.jpg'
2026-03-15 22:28:26 - PROGRESS: {'current': 976, 'total': 1598, 'filename': '1237.jpg'}
2026-03-15 22:28:26 - RENAMED: '1237.jpg' -> '1237_c1.jpg'
2026-03-15 22:28:26 - PROGRESS: {'current': 977, 'total': 1598, 'filename': '1240.jpg'}
2026-03-15 22:28:26 - RENAMED: '1240.jpg' -> '1240_c1.jpg'
2026-03-15 22:28:26 - PROGRESS: {'current': 978, 'total': 1598, 'filename': '1243.jpg'}
2026-03-15 22:28:26 - RENAMED: '1243.jpg' -> '1243_c1.jpg'
2026-03-15 22:28:26 - PROGRESS: {'current': 979, 'total': 1598, 'filename': '1246.jpg'}
2026-03-15 22:28:26 - RENAMED: '1246.jpg' -> '1246_c1.jpg'
2026-03-15 22:28:26 - PROGRESS: {'current': 980, 'total': 1598, 'filename': '1249.jpg'}
2026-03-15 22:28:26 - RENAMED: '1249.jpg' -> '1249_c1.jpg'
2026-03-15 22:28:26 - PROGRESS: {'current': 981, 'total': 1598, 'filename': '1252.jpg'}
2026-03-15 22:28:26 - RENAMED: '1252.jpg' -> '1252_c1.jpg'
2026-03-15 22:28:26 - PROGRESS: {'current': 982, 'total': 1598, 'filename': '1255.jpg'}
2026-03-15 22:28:26 - RENAMED: '1255.jpg' -> '1255_c1.jpg'
2026-03-15 22:28:26 - PROGRESS: {'current': 983, 'total': 1598, 'filename': '1258.jpg'}
2026-03-15 22:28:26 - RENAMED: '1258.jpg' -> '1258_c1.jpg'
2026-03-15 22:28:26 - PROGRESS: {'current': 984, 'total': 1598, 'filename': '1261.jpeg'}
2026-03-15 22:28:26 - RENAMED: '1261.jpeg' -> ' 2022.11.19-18.59.55.984..jpeg'
2026-03-15 22:28:26 - PROGRESS: {'current': 985, 'total': 1598, 'filename': '1263.jpeg'}
2026-03-15 22:28:26 - RENAMED: '1263.jpeg' -> ' 2022.11.19-19.30.44.985..jpeg'
2026-03-15 22:28:26 - PROGRESS: {'current': 986, 'total': 1598, 'filename': '1265.jpeg'}
2026-03-15 22:28:26 - RENAMED: '1265.jpeg' -> ' 2022.11.19-19.30.54.986..jpeg'
2026-03-15 22:28:26 - PROGRESS: {'current': 987, 'total': 1598, 'filename': '1270.jpg'}
2026-03-15 22:28:26 - RENAMED: '1270.jpg' -> '1270_c1.jpg'
2026-03-15 22:28:26 - PROGRESS: {'current': 988, 'total': 1598, 'filename': '133.jpg'}
2026-03-15 22:28:26 - RENAMED: '133.jpg' -> '133_c1.jpg'
2026-03-15 22:28:26 - PROGRESS: {'current': 989, 'total': 1598, 'filename': '1347.jpg'}
2026-03-15 22:28:26 - RENAMED: '1347.jpg' -> '1347_c1.jpg'
2026-03-15 22:28:26 - PROGRESS: {'current': 990, 'total': 1598, 'filename': '1357.mp4'}
2026-03-15 22:28:26 - RENAMED: '1357.mp4' -> '1357_c1.mp4'
2026-03-15 22:28:26 - PROGRESS: {'current': 991, 'total': 1598, 'filename': '137.jpg'}
2026-03-15 22:28:26 - RENAMED: '137.jpg' -> '137_c1.jpg'
2026-03-15 22:28:26 - PROGRESS: {'current': 992, 'total': 1598, 'filename': '1375.mp4'}
2026-03-15 22:28:26 - RENAMED: '1375.mp4' -> '1375_c1.mp4'
2026-03-15 22:28:26 - PROGRESS: {'current': 993, 'total': 1598, 'filename': '1379.mp4'}
2026-03-15 22:28:26 - RENAMED: '1379.mp4' -> '1379_c1.mp4'
2026-03-15 22:28:26 - PROGRESS: {'current': 994, 'total': 1598, 'filename': '1389.mp4'}
2026-03-15 22:28:26 - RENAMED: '1389.mp4' -> '1389_c1.mp4'
2026-03-15 22:28:26 - PROGRESS: {'current': 995, 'total': 1598, 'filename': '1406.mp4'}
2026-03-15 22:28:26 - RENAMED: '1406.mp4' -> '1406_c1.mp4'
2026-03-15 22:28:26 - PROGRESS: {'current': 996, 'total': 1598, 'filename': '1410.mp4'}
2026-03-15 22:28:26 - RENAMED: '1410.mp4' -> '1410_c1.mp4'
2026-03-15 22:28:26 - PROGRESS: {'current': 997, 'total': 1598, 'filename': '1417.mp4'}
2026-03-15 22:28:26 - RENAMED: '1417.mp4' -> '1417_c1.mp4'
2026-03-15 22:28:26 - PROGRESS: {'current': 998, 'total': 1598, 'filename': '142.jpg'}
2026-03-15 22:28:26 - RENAMED: '142.jpg' -> '142_c1.jpg'
2026-03-15 22:28:26 - PROGRESS: {'current': 999, 'total': 1598, 'filename': '1421.mp4'}
2026-03-15 22:28:26 - RENAMED: '1421.mp4' -> '1421_c1.mp4'
2026-03-15 22:28:26 - PROGRESS: {'current': 1000, 'total': 1598, 'filename': '1425.mp4'}
2026-03-15 22:28:26 - RENAMED: '1425.mp4' -> '1425_c1.mp4'
2026-03-15 22:28:26 - PROGRESS: {'current': 1001, 'total': 1598, 'filename': '1460.jpeg'}
2026-03-15 22:28:26 - RENAMED: '1460.jpeg' -> ' 2022.12.01-15.26.09.1001..jpeg'
2026-03-15 22:28:26 - PROGRESS: {'current': 1002, 'total': 1598, 'filename': '1462.jpeg'}
2026-03-15 22:28:26 - RENAMED: '1462.jpeg' -> ' 2022.12.01-16.16.39.1002..jpeg'
2026-03-15 22:28:26 - PROGRESS: {'current': 1003, 'total': 1598, 'filename': '153.jpg'}
2026-03-15 22:28:26 - RENAMED: '153.jpg' -> '153_c1.jpg'
2026-03-15 22:28:26 - PROGRESS: {'current': 1004, 'total': 1598, 'filename': '159.jpg'}
2026-03-15 22:28:26 - RENAMED: '159.jpg' -> '159_c1.jpg'
2026-03-15 22:28:26 - PROGRESS: {'current': 1005, 'total': 1598, 'filename': '163.jpg'}
2026-03-15 22:28:26 - RENAMED: '163.jpg' -> '163_c1.jpg'
2026-03-15 22:28:26 - PROGRESS: {'current': 1006, 'total': 1598, 'filename': '177.jpg'}
2026-03-15 22:28:26 - RENAMED: '177.jpg' -> '177_c1.jpg'
2026-03-15 22:28:26 - PROGRESS: {'current': 1007, 'total': 1598, 'filename': '1771601612666826.jpg'}
2026-03-15 22:28:26 - RENAMED: '1771601612666826.jpg' -> '1771601612666826_c1.jpg'
2026-03-15 22:28:26 - PROGRESS: {'current': 1008, 'total': 1598, 'filename': '1771671688251909.jpg'}
2026-03-15 22:28:26 - RENAMED: '1771671688251909.jpg' -> '1771671688251909_c1.jpg'
2026-03-15 22:28:26 - PROGRESS: {'current': 1009, 'total': 1598, 'filename': '183.jpg'}
2026-03-15 22:28:26 - RENAMED: '183.jpg' -> '183_c1.jpg'
2026-03-15 22:28:26 - PROGRESS: {'current': 1010, 'total': 1598, 'filename': '190.jpg'}
2026-03-15 22:28:26 - RENAMED: '190.jpg' -> '190_c1.jpg'
2026-03-15 22:28:26 - PROGRESS: {'current': 1011, 'total': 1598, 'filename': '193.jpg'}
2026-03-15 22:28:26 - RENAMED: '193.jpg' -> '193_c1.jpg'
2026-03-15 22:28:26 - PROGRESS: {'current': 1012, 'total': 1598, 'filename': '195.jpg'}
2026-03-15 22:28:26 - RENAMED: '195.jpg' -> '195_c1.jpg'
2026-03-15 22:28:26 - PROGRESS: {'current': 1013, 'total': 1598, 'filename': '198.jpg'}
2026-03-15 22:28:26 - RENAMED: '198.jpg' -> '198_c1.jpg'
2026-03-15 22:28:26 - PROGRESS: {'current': 1014, 'total': 1598, 'filename': '199.jpg'}
2026-03-15 22:28:26 - RENAMED: '199.jpg' -> '199_c1.jpg'
2026-03-15 22:28:26 - PROGRESS: {'current': 1015, 'total': 1598, 'filename': '208.jpg'}
2026-03-15 22:28:26 - RENAMED: '208.jpg' -> '208_c1.jpg'
2026-03-15 22:28:26 - PROGRESS: {'current': 1016, 'total': 1598, 'filename': '212.jpg'}
2026-03-15 22:28:26 - RENAMED: '212.jpg' -> '212_c1.jpg'
2026-03-15 22:28:26 - PROGRESS: {'current': 1017, 'total': 1598, 'filename': '213.jpg'}
2026-03-15 22:28:26 - RENAMED: '213.jpg' -> '213_c1.jpg'
2026-03-15 22:28:26 - PROGRESS: {'current': 1018, 'total': 1598, 'filename': '214.jpg'}
2026-03-15 22:28:26 - RENAMED: '214.jpg' -> '214_c1.jpg'
2026-03-15 22:28:26 - PROGRESS: {'current': 1019, 'total': 1598, 'filename': '219.jpg'}
2026-03-15 22:28:26 - RENAMED: '219.jpg' -> '219_c1.jpg'
2026-03-15 22:28:26 - PROGRESS: {'current': 1020, 'total': 1598, 'filename': '229.jpg'}
2026-03-15 22:28:26 - RENAMED: '229.jpg' -> '229_c1.jpg'
2026-03-15 22:28:26 - PROGRESS: {'current': 1021, 'total': 1598, 'filename': '230.jpg'}
2026-03-15 22:28:26 - RENAMED: '230.jpg' -> '230_c1.jpg'
2026-03-15 22:28:26 - PROGRESS: {'current': 1022, 'total': 1598, 'filename': '231.jpg'}
2026-03-15 22:28:26 - RENAMED: '231.jpg' -> '231_c1.jpg'
2026-03-15 22:28:26 - PROGRESS: {'current': 1023, 'total': 1598, 'filename': '232.jpg'}
2026-03-15 22:28:26 - RENAMED: '232.jpg' -> '232_c1.jpg'
2026-03-15 22:28:26 - PROGRESS: {'current': 1024, 'total': 1598, 'filename': '236.jpg'}
2026-03-15 22:28:26 - RENAMED: '236.jpg' -> '236_c1.jpg'
2026-03-15 22:28:26 - PROGRESS: {'current': 1025, 'total': 1598, 'filename': '245.jpg'}
2026-03-15 22:28:26 - RENAMED: '245.jpg' -> '245_c1.jpg'
2026-03-15 22:28:26 - PROGRESS: {'current': 1026, 'total': 1598, 'filename': '251.jpg'}
2026-03-15 22:28:26 - RENAMED: '251.jpg' -> '251_c1.jpg'
2026-03-15 22:28:26 - PROGRESS: {'current': 1027, 'total': 1598, 'filename': '269.jpg'}
2026-03-15 22:28:26 - RENAMED: '269.jpg' -> '269_c1.jpg'
2026-03-15 22:28:26 - PROGRESS: {'current': 1028, 'total': 1598, 'filename': '277.jpg'}
2026-03-15 22:28:26 - RENAMED: '277.jpg' -> '277_c1.jpg'
2026-03-15 22:28:26 - PROGRESS: {'current': 1029, 'total': 1598, 'filename': '282.jpg'}
2026-03-15 22:28:26 - RENAMED: '282.jpg' -> '282_c1.jpg'
2026-03-15 22:28:26 - PROGRESS: {'current': 1030, 'total': 1598, 'filename': '285.jpg'}
2026-03-15 22:28:26 - RENAMED: '285.jpg' -> '285_c1.jpg'
2026-03-15 22:28:26 - PROGRESS: {'current': 1031, 'total': 1598, 'filename': '305.jpg'}
2026-03-15 22:28:26 - RENAMED: '305.jpg' -> '305_c1.jpg'
2026-03-15 22:28:26 - PROGRESS: {'current': 1032, 'total': 1598, 'filename': '313.jpg'}
2026-03-15 22:28:26 - RENAMED: '313.jpg' -> '313_c1.jpg'
2026-03-15 22:28:26 - PROGRESS: {'current': 1033, 'total': 1598, 'filename': '317.jpg'}
2026-03-15 22:28:26 - RENAMED: '317.jpg' -> '317_c1.jpg'
2026-03-15 22:28:26 - PROGRESS: {'current': 1034, 'total': 1598, 'filename': '321.jpg'}
2026-03-15 22:28:26 - RENAMED: '321.jpg' -> '321_c1.jpg'
2026-03-15 22:28:26 - PROGRESS: {'current': 1035, 'total': 1598, 'filename': '325.jpg'}
2026-03-15 22:28:26 - RENAMED: '325.jpg' -> '325_c1.jpg'
2026-03-15 22:28:26 - PROGRESS: {'current': 1036, 'total': 1598, 'filename': '328.jpg'}
2026-03-15 22:28:26 - RENAMED: '328.jpg' -> '328_c1.jpg'
2026-03-15 22:28:26 - PROGRESS: {'current': 1037, 'total': 1598, 'filename': '337.jpg'}
2026-03-15 22:28:26 - RENAMED: '337.jpg' -> '337_c1.jpg'
2026-03-15 22:28:26 - PROGRESS: {'current': 1038, 'total': 1598, 'filename': '340.jpg'}
2026-03-15 22:28:26 - RENAMED: '340.jpg' -> '340_c1.jpg'
2026-03-15 22:28:26 - PROGRESS: {'current': 1039, 'total': 1598, 'filename': '354.jpg'}
2026-03-15 22:28:26 - RENAMED: '354.jpg' -> '354_c1.jpg'
2026-03-15 22:28:26 - PROGRESS: {'current': 1040, 'total': 1598, 'filename': '361.jpg'}
2026-03-15 22:28:26 - RENAMED: '361.jpg' -> '361_c1.jpg'
2026-03-15 22:28:26 - PROGRESS: {'current': 1041, 'total': 1598, 'filename': '376.jpg'}
2026-03-15 22:28:26 - RENAMED: '376.jpg' -> '376_c1.jpg'
2026-03-15 22:28:26 - PROGRESS: {'current': 1042, 'total': 1598, 'filename': '381.jpg'}
2026-03-15 22:28:26 - RENAMED: '381.jpg' -> '381_c1.jpg'
2026-03-15 22:28:26 - PROGRESS: {'current': 1043, 'total': 1598, 'filename': '386.jpg'}
2026-03-15 22:28:26 - RENAMED: '386.jpg' -> '386_c1.jpg'
2026-03-15 22:28:26 - PROGRESS: {'current': 1044, 'total': 1598, 'filename': '391.jpg'}
2026-03-15 22:28:26 - RENAMED: '391.jpg' -> '391_c1.jpg'
2026-03-15 22:28:26 - PROGRESS: {'current': 1045, 'total': 1598, 'filename': '395.jpg'}
2026-03-15 22:28:26 - RENAMED: '395.jpg' -> '395_c1.jpg'
2026-03-15 22:28:26 - PROGRESS: {'current': 1046, 'total': 1598, 'filename': '396.jpg'}
2026-03-15 22:28:26 - RENAMED: '396.jpg' -> '396_c1.jpg'
2026-03-15 22:28:26 - PROGRESS: {'current': 1047, 'total': 1598, 'filename': '399.jpg'}
2026-03-15 22:28:26 - RENAMED: '399.jpg' -> '399_c1.jpg'
2026-03-15 22:28:26 - PROGRESS: {'current': 1048, 'total': 1598, 'filename': '3AA5CA27-84D7-44F5-9D9F-F805E76374ED.jpg'}
2026-03-15 22:28:26 - RENAMED: '3AA5CA27-84D7-44F5-9D9F-F805E76374ED.jpg' -> ' 2025.09.01-19.06.04.1048..jpg'
2026-03-15 22:28:26 - PROGRESS: {'current': 1049, 'total': 1598, 'filename': '400.jpg'}
2026-03-15 22:28:26 - RENAMED: '400.jpg' -> '400_c1.jpg'
2026-03-15 22:28:26 - PROGRESS: {'current': 1050, 'total': 1598, 'filename': '402.jpg'}
2026-03-15 22:28:26 - RENAMED: '402.jpg' -> '402_c1.jpg'
2026-03-15 22:28:26 - PROGRESS: {'current': 1051, 'total': 1598, 'filename': '403.jpg'}
2026-03-15 22:28:26 - RENAMED: '403.jpg' -> '403_c1.jpg'
2026-03-15 22:28:26 - PROGRESS: {'current': 1052, 'total': 1598, 'filename': '410.jpg'}
2026-03-15 22:28:26 - RENAMED: '410.jpg' -> '410_c1.jpg'
2026-03-15 22:28:26 - PROGRESS: {'current': 1053, 'total': 1598, 'filename': '419.jpg'}
2026-03-15 22:28:26 - RENAMED: '419.jpg' -> '419_c1.jpg'
2026-03-15 22:28:26 - PROGRESS: {'current': 1054, 'total': 1598, 'filename': '423.jpg'}
2026-03-15 22:28:26 - RENAMED: '423.jpg' -> '423_c1.jpg'
2026-03-15 22:28:26 - PROGRESS: {'current': 1055, 'total': 1598, 'filename': '425.jpg'}
2026-03-15 22:28:26 - RENAMED: '425.jpg' -> '425_c1.jpg'
2026-03-15 22:28:26 - PROGRESS: {'current': 1056, 'total': 1598, 'filename': '427.jpg'}
2026-03-15 22:28:26 - RENAMED: '427.jpg' -> '427_c1.jpg'
2026-03-15 22:28:26 - PROGRESS: {'current': 1057, 'total': 1598, 'filename': '464.jpg'}
2026-03-15 22:28:26 - RENAMED: '464.jpg' -> '464_c1.jpg'
2026-03-15 22:28:26 - PROGRESS: {'current': 1058, 'total': 1598, 'filename': '466.jpg'}
2026-03-15 22:28:26 - RENAMED: '466.jpg' -> '466_c1.jpg'
2026-03-15 22:28:26 - PROGRESS: {'current': 1059, 'total': 1598, 'filename': '469.jpg'}
2026-03-15 22:28:26 - RENAMED: '469.jpg' -> '469_c1.jpg'
2026-03-15 22:28:26 - PROGRESS: {'current': 1060, 'total': 1598, 'filename': '472.jpg'}
2026-03-15 22:28:26 - RENAMED: '472.jpg' -> '472_c1.jpg'
2026-03-15 22:28:26 - PROGRESS: {'current': 1061, 'total': 1598, 'filename': '478.jpg'}
2026-03-15 22:28:26 - RENAMED: '478.jpg' -> '478_c1.jpg'
2026-03-15 22:28:26 - PROGRESS: {'current': 1062, 'total': 1598, 'filename': '487.jpg'}
2026-03-15 22:28:26 - RENAMED: '487.jpg' -> '487_c1.jpg'
2026-03-15 22:28:26 - PROGRESS: {'current': 1063, 'total': 1598, 'filename': '495.jpg'}
2026-03-15 22:28:26 - RENAMED: '495.jpg' -> '495_c1.jpg'
2026-03-15 22:28:26 - PROGRESS: {'current': 1064, 'total': 1598, 'filename': '515.jpg'}
2026-03-15 22:28:26 - RENAMED: '515.jpg' -> '515_c1.jpg'
2026-03-15 22:28:26 - PROGRESS: {'current': 1065, 'total': 1598, 'filename': '518.jpg'}
2026-03-15 22:28:26 - RENAMED: '518.jpg' -> '518_c1.jpg'
2026-03-15 22:28:26 - PROGRESS: {'current': 1066, 'total': 1598, 'filename': '523.jpg'}
2026-03-15 22:28:26 - RENAMED: '523.jpg' -> '523_c1.jpg'
2026-03-15 22:28:26 - PROGRESS: {'current': 1067, 'total': 1598, 'filename': '525.jpg'}
2026-03-15 22:28:26 - RENAMED: '525.jpg' -> '525_c1.jpg'
2026-03-15 22:28:26 - PROGRESS: {'current': 1068, 'total': 1598, 'filename': '527.jpg'}
2026-03-15 22:28:26 - RENAMED: '527.jpg' -> '527_c1.jpg'
2026-03-15 22:28:26 - PROGRESS: {'current': 1069, 'total': 1598, 'filename': '5383143A-1408-4427-8A49-DAE243C2D755.jpg'}
2026-03-15 22:28:26 - RENAMED: '5383143A-1408-4427-8A49-DAE243C2D755.jpg' -> ' 2025.09.08-20.23.29.1069..jpg'
2026-03-15 22:28:26 - PROGRESS: {'current': 1070, 'total': 1598, 'filename': '539.jpg'}
2026-03-15 22:28:26 - RENAMED: '539.jpg' -> '539_c1.jpg'
2026-03-15 22:28:26 - PROGRESS: {'current': 1071, 'total': 1598, 'filename': '541.jpg'}
2026-03-15 22:28:26 - RENAMED: '541.jpg' -> '541_c1.jpg'
2026-03-15 22:28:26 - PROGRESS: {'current': 1072, 'total': 1598, 'filename': '551.jpg'}
2026-03-15 22:28:26 - RENAMED: '551.jpg' -> '551_c1.jpg'
2026-03-15 22:28:26 - PROGRESS: {'current': 1073, 'total': 1598, 'filename': '556.jpg'}
2026-03-15 22:28:26 - RENAMED: '556.jpg' -> '556_c1.jpg'
2026-03-15 22:28:26 - PROGRESS: {'current': 1074, 'total': 1598, 'filename': '558.jpg'}
2026-03-15 22:28:26 - RENAMED: '558.jpg' -> '558_c1.jpg'
2026-03-15 22:28:26 - PROGRESS: {'current': 1075, 'total': 1598, 'filename': '5c3f92bb-c495-42c7-95c8-a459fbf21eb0.jpg'}
2026-03-15 22:28:26 - RENAMED: '5c3f92bb-c495-42c7-95c8-a459fbf21eb0.jpg' -> '5c3f92bb-c495-42c7-95c8-a459fbf21eb0_c1.jpg'
2026-03-15 22:28:26 - PROGRESS: {'current': 1076, 'total': 1598, 'filename': '9A2B2EB2-9539-499B-AAC3-34A16865A1B2.jpg'}
2026-03-15 22:28:26 - RENAMED: '9A2B2EB2-9539-499B-AAC3-34A16865A1B2.jpg' -> ' 2025.04.07-20.12.21.1076..jpg'
2026-03-15 22:28:26 - PROGRESS: {'current': 1077, 'total': 1598, 'filename': '9a2b7a64-39d1-4428-974b-77e624035cab.jpg'}
2026-03-15 22:28:26 - RENAMED: '9a2b7a64-39d1-4428-974b-77e624035cab.jpg' -> '9a2b7a64-39d1-4428-974b-77e624035cab_c1.jpg'
2026-03-15 22:28:26 - PROGRESS: {'current': 1078, 'total': 1598, 'filename': '9F7A2ECD-A29C-47D9-AEAE-5AAF1C4E62B3.jpg'}
2026-03-15 22:28:26 - RENAMED: '9F7A2ECD-A29C-47D9-AEAE-5AAF1C4E62B3.jpg' -> ' 2025.09.06-16.02.36.1078..jpg'
2026-03-15 22:28:26 - PROGRESS: {'current': 1079, 'total': 1598, 'filename': 'AE17FB93-1469-4C98-B06D-F0BC8F098F16.jpg'}
2026-03-15 22:28:26 - RENAMED: 'AE17FB93-1469-4C98-B06D-F0BC8F098F16.jpg' -> ' 2025.12.30-01.43.38.1079..jpg'
2026-03-15 22:28:26 - PROGRESS: {'current': 1080, 'total': 1598, 'filename': 'C268A758-AD09-4BE1-B8F5-40318153ABCC.jpg'}
2026-03-15 22:28:26 - RENAMED: 'C268A758-AD09-4BE1-B8F5-40318153ABCC.jpg' -> ' 2025.04.13-01.25.19.1080..jpg'
2026-03-15 22:28:26 - PROGRESS: {'current': 1081, 'total': 1598, 'filename': 'C7059055-347C-4F85-A35E-2AA86349C6F8.jpg'}
2026-03-15 22:28:26 - RENAMED: 'C7059055-347C-4F85-A35E-2AA86349C6F8.jpg' -> ' 2025.04.03-18.55.14.1081..jpg'
2026-03-15 22:28:26 - PROGRESS: {'current': 1082, 'total': 1598, 'filename': 'D5BDDE7D-CBCA-4745-BAE0-FD3F8ED61922.jpg'}
2026-03-15 22:28:26 - RENAMED: 'D5BDDE7D-CBCA-4745-BAE0-FD3F8ED61922.jpg' -> ' 2025.03.03-14.01.22.1082..jpg'
2026-03-15 22:28:26 - PROGRESS: {'current': 1083, 'total': 1598, 'filename': 'F2903655-F791-465B-AAFB-F9CC7994C377.jpg'}
2026-03-15 22:28:26 - RENAMED: 'F2903655-F791-465B-AAFB-F9CC7994C377.jpg' -> ' 2025.10.14-17.37.58.1083..jpg'
2026-03-15 22:28:26 - PROGRESS: {'current': 1084, 'total': 1598, 'filename': 'IMG_0003.HEIC'}
2026-03-15 22:28:26 - RENAMED: 'IMG_0003.HEIC' -> ' 2025.02.06-16.28.52.1084.NeoPsychiko.HEIC'
2026-03-15 22:28:26 - PROGRESS: {'current': 1085, 'total': 1598, 'filename': 'IMG_0004.HEIC'}
2026-03-15 22:28:26 - RENAMED: 'IMG_0004.HEIC' -> ' 2024.05.13-11.37.32.1085..HEIC'
2026-03-15 22:28:26 - PROGRESS: {'current': 1086, 'total': 1598, 'filename': 'IMG_0011.HEIC'}
2026-03-15 22:28:26 - RENAMED: 'IMG_0011.HEIC' -> ' 2024.07.09-20.23.38.1086.AgiaParaskevi.HEIC'
2026-03-15 22:28:26 - PROGRESS: {'current': 1087, 'total': 1598, 'filename': 'IMG_0014.HEIC'}
2026-03-15 22:28:26 - RENAMED: 'IMG_0014.HEIC' -> ' 2024.07.16-15.19.41.1087.AgiaParaskevi.HEIC'
2026-03-15 22:28:26 - PROGRESS: {'current': 1088, 'total': 1598, 'filename': 'IMG_0180105D-1E0E-429B-A17C-B3E99D77EE28.jpeg'}
2026-03-15 22:28:26 - RENAMED: 'IMG_0180105D-1E0E-429B-A17C-B3E99D77EE28.jpeg' -> ' 2025.04.04-10.01.13.1088..jpeg'
2026-03-15 22:28:26 - PROGRESS: {'current': 1089, 'total': 1598, 'filename': 'IMG_053C4AE1-690F-4A90-BE4A-1381BD5FC072.jpeg'}
2026-03-15 22:28:26 - RENAMED: 'IMG_053C4AE1-690F-4A90-BE4A-1381BD5FC072.jpeg' -> ' 2025.04.05-10.05.00.1089..jpeg'
2026-03-15 22:28:26 - PROGRESS: {'current': 1090, 'total': 1598, 'filename': 'IMG_0DC0628D-CA0F-4B08-B2B5-58C8F213DB61.jpeg'}
2026-03-15 22:28:26 - RENAMED: 'IMG_0DC0628D-CA0F-4B08-B2B5-58C8F213DB61.jpeg' -> ' 2025.04.05-10.05.42.1090..jpeg'
2026-03-15 22:28:26 - PROGRESS: {'current': 1091, 'total': 1598, 'filename': 'IMG_2278CB06-AF02-437A-AE14-CF12FD7FDF09.jpeg'}
2026-03-15 22:28:26 - RENAMED: 'IMG_2278CB06-AF02-437A-AE14-CF12FD7FDF09.jpeg' -> ' 2025.04.05-10.06.31.1091..jpeg'
2026-03-15 22:28:26 - PROGRESS: {'current': 1092, 'total': 1598, 'filename': 'IMG_25224815-D4DE-4F90-A551-3EAE35BC0BC0.jpeg'}
2026-03-15 22:28:26 - RENAMED: 'IMG_25224815-D4DE-4F90-A551-3EAE35BC0BC0.jpeg' -> ' 2025.04.04-17.58.26.1092..jpeg'
2026-03-15 22:28:26 - PROGRESS: {'current': 1093, 'total': 1598, 'filename': 'IMG_2697.HEIC'}
2026-03-15 22:28:26 - RENAMED: 'IMG_2697.HEIC' -> ' 2025.02.09-11.48.45.1093.AgiaParaskevi.HEIC'
2026-03-15 22:28:26 - PROGRESS: {'current': 1094, 'total': 1598, 'filename': 'IMG_2719.MOV'}
2026-03-15 22:28:26 - RENAMED: 'IMG_2719.MOV' -> 'IMG_2719_c1.MOV'
2026-03-15 22:28:26 - PROGRESS: {'current': 1095, 'total': 1598, 'filename': 'IMG_2720.MOV'}
2026-03-15 22:28:26 - RENAMED: 'IMG_2720.MOV' -> 'IMG_2720_c1.MOV'
2026-03-15 22:28:26 - PROGRESS: {'current': 1096, 'total': 1598, 'filename': 'IMG_2721.MOV'}
2026-03-15 22:28:26 - RENAMED: 'IMG_2721.MOV' -> 'IMG_2721_c1.MOV'
2026-03-15 22:28:26 - PROGRESS: {'current': 1097, 'total': 1598, 'filename': 'IMG_2728.HEIC'}
2026-03-15 22:28:26 - RENAMED: 'IMG_2728.HEIC' -> ' 2025.03.04-14.21.33.1097.AgiaParaskevi.HEIC'
2026-03-15 22:28:26 - PROGRESS: {'current': 1098, 'total': 1598, 'filename': 'IMG_2739.HEIC'}
2026-03-15 22:28:26 - RENAMED: 'IMG_2739.HEIC' -> ' 2025.03.11-14.25.56.1098.AgiaParaskevi.HEIC'
2026-03-15 22:28:26 - PROGRESS: {'current': 1099, 'total': 1598, 'filename': 'IMG_2740.HEIC'}
2026-03-15 22:28:26 - RENAMED: 'IMG_2740.HEIC' -> ' 2025.03.11-14.25.57.1099.AgiaParaskevi.HEIC'
2026-03-15 22:28:26 - PROGRESS: {'current': 1100, 'total': 1598, 'filename': 'IMG_2741.HEIC'}
2026-03-15 22:28:26 - RENAMED: 'IMG_2741.HEIC' -> ' 2025.03.11-14.25.58.1100.AgiaParaskevi.HEIC'
2026-03-15 22:28:26 - PROGRESS: {'current': 1101, 'total': 1598, 'filename': 'IMG_2742.HEIC'}
2026-03-15 22:28:26 - RENAMED: 'IMG_2742.HEIC' -> ' 2025.03.11-14.26.00.1101.AgiaParaskevi.HEIC'
2026-03-15 22:28:26 - PROGRESS: {'current': 1102, 'total': 1598, 'filename': 'IMG_2743.HEIC'}
2026-03-15 22:28:26 - RENAMED: 'IMG_2743.HEIC' -> ' 2025.03.11-14.26.03.1102.AgiaParaskevi.HEIC'
2026-03-15 22:28:26 - PROGRESS: {'current': 1103, 'total': 1598, 'filename': 'IMG_2744.HEIC'}
2026-03-15 22:28:26 - RENAMED: 'IMG_2744.HEIC' -> ' 2025.03.11-14.26.44.1103.AgiaParaskevi.HEIC'
2026-03-15 22:28:26 - PROGRESS: {'current': 1104, 'total': 1598, 'filename': 'IMG_2745.HEIC'}
2026-03-15 22:28:26 - RENAMED: 'IMG_2745.HEIC' -> ' 2025.03.11-14.26.47.1104.AgiaParaskevi.HEIC'
2026-03-15 22:28:26 - PROGRESS: {'current': 1105, 'total': 1598, 'filename': 'IMG_2746.HEIC'}
2026-03-15 22:28:26 - RENAMED: 'IMG_2746.HEIC' -> ' 2025.03.11-14.26.48.1105.AgiaParaskevi.HEIC'
2026-03-15 22:28:26 - PROGRESS: {'current': 1106, 'total': 1598, 'filename': 'IMG_2747.HEIC'}
2026-03-15 22:28:26 - RENAMED: 'IMG_2747.HEIC' -> ' 2025.03.11-14.26.49.1106.AgiaParaskevi.HEIC'
2026-03-15 22:28:26 - PROGRESS: {'current': 1107, 'total': 1598, 'filename': 'IMG_2748.HEIC'}
2026-03-15 22:28:26 - RENAMED: 'IMG_2748.HEIC' -> ' 2025.03.11-14.26.50.1107.AgiaParaskevi.HEIC'
2026-03-15 22:28:26 - PROGRESS: {'current': 1108, 'total': 1598, 'filename': 'IMG_2749.HEIC'}
2026-03-15 22:28:26 - RENAMED: 'IMG_2749.HEIC' -> ' 2025.03.11-14.26.51.1108.AgiaParaskevi.HEIC'
2026-03-15 22:28:26 - PROGRESS: {'current': 1109, 'total': 1598, 'filename': 'IMG_2750.HEIC'}
2026-03-15 22:28:26 - RENAMED: 'IMG_2750.HEIC' -> ' 2025.03.11-14.26.56.1109.AgiaParaskevi.HEIC'
2026-03-15 22:28:26 - PROGRESS: {'current': 1110, 'total': 1598, 'filename': 'IMG_2751.HEIC'}
2026-03-15 22:28:26 - RENAMED: 'IMG_2751.HEIC' -> ' 2025.03.11-14.27.30.1110.AgiaParaskevi.HEIC'
2026-03-15 22:28:26 - PROGRESS: {'current': 1111, 'total': 1598, 'filename': 'IMG_2752.HEIC'}
2026-03-15 22:28:26 - RENAMED: 'IMG_2752.HEIC' -> ' 2025.03.11-14.27.31.1111.AgiaParaskevi.HEIC'
2026-03-15 22:28:26 - PROGRESS: {'current': 1112, 'total': 1598, 'filename': 'IMG_2753.HEIC'}
2026-03-15 22:28:26 - RENAMED: 'IMG_2753.HEIC' -> ' 2025.03.11-14.27.32.1112.AgiaParaskevi.HEIC'
2026-03-15 22:28:26 - PROGRESS: {'current': 1113, 'total': 1598, 'filename': 'IMG_2754.HEIC'}
2026-03-15 22:28:26 - RENAMED: 'IMG_2754.HEIC' -> ' 2025.03.11-14.27.41.1113.AgiaParaskevi.HEIC'
2026-03-15 22:28:26 - PROGRESS: {'current': 1114, 'total': 1598, 'filename': 'IMG_2755.HEIC'}
2026-03-15 22:28:26 - RENAMED: 'IMG_2755.HEIC' -> ' 2025.03.11-14.27.42.1114.AgiaParaskevi.HEIC'
2026-03-15 22:28:26 - PROGRESS: {'current': 1115, 'total': 1598, 'filename': 'IMG_2756.HEIC'}
2026-03-15 22:28:26 - RENAMED: 'IMG_2756.HEIC' -> ' 2025.03.11-14.27.43.1115.AgiaParaskevi.HEIC'
2026-03-15 22:28:26 - PROGRESS: {'current': 1116, 'total': 1598, 'filename': 'IMG_2757.HEIC'}
2026-03-15 22:28:26 - RENAMED: 'IMG_2757.HEIC' -> ' 2025.03.11-14.27.45.1116.AgiaParaskevi.HEIC'
2026-03-15 22:28:26 - PROGRESS: {'current': 1117, 'total': 1598, 'filename': 'IMG_2758.HEIC'}
2026-03-15 22:28:26 - RENAMED: 'IMG_2758.HEIC' -> ' 2025.03.11-14.27.47.1117.AgiaParaskevi.HEIC'
2026-03-15 22:28:26 - PROGRESS: {'current': 1118, 'total': 1598, 'filename': 'IMG_2759.HEIC'}
2026-03-15 22:28:26 - RENAMED: 'IMG_2759.HEIC' -> ' 2025.03.11-14.27.51.1118.AgiaParaskevi.HEIC'
2026-03-15 22:28:26 - PROGRESS: {'current': 1119, 'total': 1598, 'filename': 'IMG_2760.HEIC'}
2026-03-15 22:28:26 - RENAMED: 'IMG_2760.HEIC' -> ' 2025.03.11-14.27.52.1119.AgiaParaskevi.HEIC'
2026-03-15 22:28:26 - PROGRESS: {'current': 1120, 'total': 1598, 'filename': 'IMG_2773.PNG'}
2026-03-15 22:28:26 - RENAMED: 'IMG_2773.PNG' -> 'IMG_2773_c1.PNG'
2026-03-15 22:28:26 - PROGRESS: {'current': 1121, 'total': 1598, 'filename': 'IMG_2778.JPEG'}
2026-03-15 22:28:26 - RENAMED: 'IMG_2778.JPEG' -> 'IMG_2778_c1.JPEG'
2026-03-15 22:28:26 - PROGRESS: {'current': 1122, 'total': 1598, 'filename': 'IMG_2793.HEIC'}
2026-03-15 22:28:26 - RENAMED: 'IMG_2793.HEIC' -> ' 2025.04.03-19.23.24.1122.Prague.HEIC'
2026-03-15 22:28:26 - PROGRESS: {'current': 1123, 'total': 1598, 'filename': 'IMG_2794.HEIC'}
2026-03-15 22:28:26 - RENAMED: 'IMG_2794.HEIC' -> ' 2025.04.03-19.26.45.1123.Prague.HEIC'
2026-03-15 22:28:26 - PROGRESS: {'current': 1124, 'total': 1598, 'filename': 'IMG_2795.HEIC'}
2026-03-15 22:28:26 - RENAMED: 'IMG_2795.HEIC' -> ' 2025.04.03-19.27.10.1124.Prague.HEIC'
2026-03-15 22:28:26 - PROGRESS: {'current': 1125, 'total': 1598, 'filename': 'IMG_2796.HEIC'}
2026-03-15 22:28:26 - RENAMED: 'IMG_2796.HEIC' -> ' 2025.04.03-19.38.15.1125.Prague.HEIC'
2026-03-15 22:28:26 - PROGRESS: {'current': 1126, 'total': 1598, 'filename': 'IMG_2797.HEIC'}
2026-03-15 22:28:26 - RENAMED: 'IMG_2797.HEIC' -> ' 2025.04.03-19.48.20.1126.Prague.HEIC'
2026-03-15 22:28:26 - PROGRESS: {'current': 1127, 'total': 1598, 'filename': 'IMG_2798.HEIC'}
2026-03-15 22:28:26 - RENAMED: 'IMG_2798.HEIC' -> ' 2025.04.03-19.48.26.1127.Prague.HEIC'
2026-03-15 22:28:26 - PROGRESS: {'current': 1128, 'total': 1598, 'filename': 'IMG_2799.HEIC'}
2026-03-15 22:28:26 - RENAMED: 'IMG_2799.HEIC' -> ' 2025.04.03-19.48.42.1128.Prague.HEIC'
2026-03-15 22:28:26 - PROGRESS: {'current': 1129, 'total': 1598, 'filename': 'IMG_2800.HEIC'}
2026-03-15 22:28:26 - RENAMED: 'IMG_2800.HEIC' -> ' 2025.04.03-19.48.55.1129.Prague.HEIC'
2026-03-15 22:28:26 - PROGRESS: {'current': 1130, 'total': 1598, 'filename': 'IMG_2801.HEIC'}
2026-03-15 22:28:26 - RENAMED: 'IMG_2801.HEIC' -> ' 2025.04.03-19.49.20.1130.Prague.HEIC'
2026-03-15 22:28:26 - PROGRESS: {'current': 1131, 'total': 1598, 'filename': 'IMG_2802.HEIC'}
2026-03-15 22:28:26 - RENAMED: 'IMG_2802.HEIC' -> ' 2025.04.03-19.49.23.1131.Prague.HEIC'
2026-03-15 22:28:26 - PROGRESS: {'current': 1132, 'total': 1598, 'filename': 'IMG_2803.HEIC'}
2026-03-15 22:28:26 - RENAMED: 'IMG_2803.HEIC' -> ' 2025.04.03-19.50.24.1132.Prague.HEIC'
2026-03-15 22:28:26 - PROGRESS: {'current': 1133, 'total': 1598, 'filename': 'IMG_2804.HEIC'}
2026-03-15 22:28:27 - RENAMED: 'IMG_2804.HEIC' -> ' 2025.04.03-19.50.32.1133.Prague.HEIC'
2026-03-15 22:28:27 - PROGRESS: {'current': 1134, 'total': 1598, 'filename': 'IMG_2805.HEIC'}
2026-03-15 22:28:27 - RENAMED: 'IMG_2805.HEIC' -> ' 2025.04.03-19.50.45.1134.Prague.HEIC'
2026-03-15 22:28:27 - PROGRESS: {'current': 1135, 'total': 1598, 'filename': 'IMG_2806.HEIC'}
2026-03-15 22:28:27 - RENAMED: 'IMG_2806.HEIC' -> ' 2025.04.03-19.55.12.1135.Prague.HEIC'
2026-03-15 22:28:27 - PROGRESS: {'current': 1136, 'total': 1598, 'filename': 'IMG_2807.MOV'}
2026-03-15 22:28:27 - RENAMED: 'IMG_2807.MOV' -> 'IMG_2807_c1.MOV'
2026-03-15 22:28:27 - PROGRESS: {'current': 1137, 'total': 1598, 'filename': 'IMG_2808.HEIC'}
2026-03-15 22:28:27 - RENAMED: 'IMG_2808.HEIC' -> ' 2025.04.03-20.02.21.1137.Prague.HEIC'
2026-03-15 22:28:27 - PROGRESS: {'current': 1138, 'total': 1598, 'filename': 'IMG_2809.HEIC'}
2026-03-15 22:28:27 - RENAMED: 'IMG_2809.HEIC' -> ' 2025.04.03-20.02.33.1138.Prague.HEIC'
2026-03-15 22:28:27 - PROGRESS: {'current': 1139, 'total': 1598, 'filename': 'IMG_2810.HEIC'}
2026-03-15 22:28:27 - RENAMED: 'IMG_2810.HEIC' -> ' 2025.04.03-20.15.56.1139.Prague.HEIC'
2026-03-15 22:28:27 - PROGRESS: {'current': 1140, 'total': 1598, 'filename': 'IMG_2811.HEIC'}
2026-03-15 22:28:27 - RENAMED: 'IMG_2811.HEIC' -> ' 2025.04.03-20.34.56.1140.Prague.HEIC'
2026-03-15 22:28:27 - PROGRESS: {'current': 1141, 'total': 1598, 'filename': 'IMG_2812.HEIC'}
2026-03-15 22:28:27 - RENAMED: 'IMG_2812.HEIC' -> ' 2025.04.03-20.37.13.1141.Prague.HEIC'
2026-03-15 22:28:27 - PROGRESS: {'current': 1142, 'total': 1598, 'filename': 'IMG_2813.HEIC'}
2026-03-15 22:28:27 - RENAMED: 'IMG_2813.HEIC' -> ' 2025.04.03-20.37.19.1142.Prague.HEIC'
2026-03-15 22:28:27 - PROGRESS: {'current': 1143, 'total': 1598, 'filename': 'IMG_2814.HEIC'}
2026-03-15 22:28:27 - RENAMED: 'IMG_2814.HEIC' -> ' 2025.04.03-20.40.29.1143.Prague.HEIC'
2026-03-15 22:28:27 - PROGRESS: {'current': 1144, 'total': 1598, 'filename': 'IMG_2815.HEIC'}
2026-03-15 22:28:27 - RENAMED: 'IMG_2815.HEIC' -> ' 2025.04.03-20.40.33.1144.Prague.HEIC'
2026-03-15 22:28:27 - PROGRESS: {'current': 1145, 'total': 1598, 'filename': 'IMG_2816.HEIC'}
2026-03-15 22:28:27 - RENAMED: 'IMG_2816.HEIC' -> ' 2025.04.03-20.55.23.1145.Prague.HEIC'
2026-03-15 22:28:27 - PROGRESS: {'current': 1146, 'total': 1598, 'filename': 'IMG_2817.HEIC'}
2026-03-15 22:28:27 - RENAMED: 'IMG_2817.HEIC' -> ' 2025.04.03-20.55.28.1146.Prague.HEIC'
2026-03-15 22:28:27 - PROGRESS: {'current': 1147, 'total': 1598, 'filename': 'IMG_2818.HEIC'}
2026-03-15 22:28:27 - RENAMED: 'IMG_2818.HEIC' -> ' 2025.04.03-20.55.35.1147.Prague.HEIC'
2026-03-15 22:28:27 - PROGRESS: {'current': 1148, 'total': 1598, 'filename': 'IMG_2819.HEIC'}
2026-03-15 22:28:27 - RENAMED: 'IMG_2819.HEIC' -> ' 2025.04.03-20.57.33.1148.Prague.HEIC'
2026-03-15 22:28:27 - PROGRESS: {'current': 1149, 'total': 1598, 'filename': 'IMG_2820.HEIC'}
2026-03-15 22:28:27 - RENAMED: 'IMG_2820.HEIC' -> ' 2025.04.03-20.57.44.1149.Prague.HEIC'
2026-03-15 22:28:27 - PROGRESS: {'current': 1150, 'total': 1598, 'filename': 'IMG_2821.HEIC'}
2026-03-15 22:28:27 - RENAMED: 'IMG_2821.HEIC' -> ' 2025.04.03-20.57.53.1150.Prague.HEIC'
2026-03-15 22:28:27 - PROGRESS: {'current': 1151, 'total': 1598, 'filename': 'IMG_2822.HEIC'}
2026-03-15 22:28:27 - RENAMED: 'IMG_2822.HEIC' -> ' 2025.04.03-20.59.07.1151.Prague.HEIC'
2026-03-15 22:28:27 - PROGRESS: {'current': 1152, 'total': 1598, 'filename': 'IMG_2823.MOV'}
2026-03-15 22:28:27 - RENAMED: 'IMG_2823.MOV' -> 'IMG_2823_c1.MOV'
2026-03-15 22:28:27 - PROGRESS: {'current': 1153, 'total': 1598, 'filename': 'IMG_2824.HEIC'}
2026-03-15 22:28:27 - RENAMED: 'IMG_2824.HEIC' -> ' 2025.04.03-21.50.53.1153.Prague.HEIC'
2026-03-15 22:28:27 - PROGRESS: {'current': 1154, 'total': 1598, 'filename': 'IMG_2825.HEIC'}
2026-03-15 22:28:27 - RENAMED: 'IMG_2825.HEIC' -> ' 2025.04.03-21.51.07.1154.Prague.HEIC'
2026-03-15 22:28:27 - PROGRESS: {'current': 1155, 'total': 1598, 'filename': 'IMG_2826.HEIC'}
2026-03-15 22:28:27 - RENAMED: 'IMG_2826.HEIC' -> ' 2025.04.03-21.51.15.1155.Prague.HEIC'
2026-03-15 22:28:27 - PROGRESS: {'current': 1156, 'total': 1598, 'filename': 'IMG_2827.HEIC'}
2026-03-15 22:28:27 - RENAMED: 'IMG_2827.HEIC' -> ' 2025.04.03-21.51.21.1156.Prague.HEIC'
2026-03-15 22:28:27 - PROGRESS: {'current': 1157, 'total': 1598, 'filename': 'IMG_2829.HEIC'}
2026-03-15 22:28:27 - RENAMED: 'IMG_2829.HEIC' -> ' 2025.04.04-07.46.24.1157.Prague.HEIC'
2026-03-15 22:28:27 - PROGRESS: {'current': 1158, 'total': 1598, 'filename': 'IMG_2830.MOV'}
2026-03-15 22:28:27 - RENAMED: 'IMG_2830.MOV' -> 'IMG_2830_c1.MOV'
2026-03-15 22:28:27 - PROGRESS: {'current': 1159, 'total': 1598, 'filename': 'IMG_2831.HEIC'}
2026-03-15 22:28:27 - RENAMED: 'IMG_2831.HEIC' -> ' 2025.04.04-08.10.24.1159.Prague.HEIC'
2026-03-15 22:28:27 - PROGRESS: {'current': 1160, 'total': 1598, 'filename': 'IMG_2833.HEIC'}
2026-03-15 22:28:27 - RENAMED: 'IMG_2833.HEIC' -> ' 2025.04.04-08.56.01.1160.Prague.HEIC'
2026-03-15 22:28:27 - PROGRESS: {'current': 1161, 'total': 1598, 'filename': 'IMG_2834.HEIC'}
2026-03-15 22:28:27 - RENAMED: 'IMG_2834.HEIC' -> ' 2025.04.04-08.57.33.1161.Prague.HEIC'
2026-03-15 22:28:27 - PROGRESS: {'current': 1162, 'total': 1598, 'filename': 'IMG_2835.HEIC'}
2026-03-15 22:28:27 - RENAMED: 'IMG_2835.HEIC' -> ' 2025.04.04-08.59.07.1162.Prague.HEIC'
2026-03-15 22:28:27 - PROGRESS: {'current': 1163, 'total': 1598, 'filename': 'IMG_2836.HEIC'}
2026-03-15 22:28:27 - RENAMED: 'IMG_2836.HEIC' -> ' 2025.04.04-09.00.49.1163.Prague.HEIC'
2026-03-15 22:28:27 - PROGRESS: {'current': 1164, 'total': 1598, 'filename': 'IMG_2837.HEIC'}
2026-03-15 22:28:27 - RENAMED: 'IMG_2837.HEIC' -> ' 2025.04.04-09.21.31.1164.Prague.HEIC'
2026-03-15 22:28:27 - PROGRESS: {'current': 1165, 'total': 1598, 'filename': 'IMG_2838.HEIC'}
2026-03-15 22:28:27 - RENAMED: 'IMG_2838.HEIC' -> ' 2025.04.04-09.24.41.1165.Prague.HEIC'
2026-03-15 22:28:27 - PROGRESS: {'current': 1166, 'total': 1598, 'filename': 'IMG_2839.HEIC'}
2026-03-15 22:28:27 - RENAMED: 'IMG_2839.HEIC' -> ' 2025.04.04-09.33.40.1166.Prague.HEIC'
2026-03-15 22:28:27 - PROGRESS: {'current': 1167, 'total': 1598, 'filename': 'IMG_2840.HEIC'}
2026-03-15 22:28:27 - RENAMED: 'IMG_2840.HEIC' -> ' 2025.04.04-09.33.47.1167.Prague.HEIC'
2026-03-15 22:28:27 - PROGRESS: {'current': 1168, 'total': 1598, 'filename': 'IMG_2841.HEIC'}
2026-03-15 22:28:27 - RENAMED: 'IMG_2841.HEIC' -> ' 2025.04.04-09.33.55.1168.Prague.HEIC'
2026-03-15 22:28:27 - PROGRESS: {'current': 1169, 'total': 1598, 'filename': 'IMG_2842.HEIC'}
2026-03-15 22:28:27 - RENAMED: 'IMG_2842.HEIC' -> ' 2025.04.04-09.34.18.1169.Prague.HEIC'
2026-03-15 22:28:27 - PROGRESS: {'current': 1170, 'total': 1598, 'filename': 'IMG_2843.HEIC'}
2026-03-15 22:28:27 - RENAMED: 'IMG_2843.HEIC' -> ' 2025.04.04-09.36.15.1170.Prague.HEIC'
2026-03-15 22:28:27 - PROGRESS: {'current': 1171, 'total': 1598, 'filename': 'IMG_2844.HEIC'}
2026-03-15 22:28:27 - RENAMED: 'IMG_2844.HEIC' -> ' 2025.04.04-09.36.24.1171.Prague.HEIC'
2026-03-15 22:28:27 - PROGRESS: {'current': 1172, 'total': 1598, 'filename': 'IMG_2845.HEIC'}
2026-03-15 22:28:27 - RENAMED: 'IMG_2845.HEIC' -> ' 2025.04.04-09.37.04.1172.Prague.HEIC'
2026-03-15 22:28:27 - PROGRESS: {'current': 1173, 'total': 1598, 'filename': 'IMG_2846.HEIC'}
2026-03-15 22:28:27 - RENAMED: 'IMG_2846.HEIC' -> ' 2025.04.04-09.39.08.1173.Prague.HEIC'
2026-03-15 22:28:27 - PROGRESS: {'current': 1174, 'total': 1598, 'filename': 'IMG_2847.HEIC'}
2026-03-15 22:28:27 - RENAMED: 'IMG_2847.HEIC' -> ' 2025.04.04-09.40.39.1174.Prague.HEIC'
2026-03-15 22:28:27 - PROGRESS: {'current': 1175, 'total': 1598, 'filename': 'IMG_2848.HEIC'}
2026-03-15 22:28:27 - RENAMED: 'IMG_2848.HEIC' -> ' 2025.04.04-09.41.06.1175.Prague.HEIC'
2026-03-15 22:28:27 - PROGRESS: {'current': 1176, 'total': 1598, 'filename': 'IMG_2849.HEIC'}
2026-03-15 22:28:27 - RENAMED: 'IMG_2849.HEIC' -> ' 2025.04.04-09.41.33.1176.Prague.HEIC'
2026-03-15 22:28:27 - PROGRESS: {'current': 1177, 'total': 1598, 'filename': 'IMG_2850.HEIC'}
2026-03-15 22:28:27 - RENAMED: 'IMG_2850.HEIC' -> ' 2025.04.04-09.41.33.1177.Prague.HEIC'
2026-03-15 22:28:27 - PROGRESS: {'current': 1178, 'total': 1598, 'filename': 'IMG_2851.HEIC'}
2026-03-15 22:28:27 - RENAMED: 'IMG_2851.HEIC' -> ' 2025.04.04-09.41.35.1178.Prague.HEIC'
2026-03-15 22:28:27 - PROGRESS: {'current': 1179, 'total': 1598, 'filename': 'IMG_2852.HEIC'}
2026-03-15 22:28:27 - RENAMED: 'IMG_2852.HEIC' -> ' 2025.04.04-09.42.32.1179.Prague.HEIC'
2026-03-15 22:28:27 - PROGRESS: {'current': 1180, 'total': 1598, 'filename': 'IMG_2853.HEIC'}
2026-03-15 22:28:27 - RENAMED: 'IMG_2853.HEIC' -> ' 2025.04.04-09.43.06.1180.Prague.HEIC'
2026-03-15 22:28:27 - PROGRESS: {'current': 1181, 'total': 1598, 'filename': 'IMG_2854.HEIC'}
2026-03-15 22:28:27 - RENAMED: 'IMG_2854.HEIC' -> ' 2025.04.04-09.43.18.1181.Prague.HEIC'
2026-03-15 22:28:27 - PROGRESS: {'current': 1182, 'total': 1598, 'filename': 'IMG_2855.HEIC'}
2026-03-15 22:28:27 - RENAMED: 'IMG_2855.HEIC' -> ' 2025.04.04-09.44.17.1182.Prague.HEIC'
2026-03-15 22:28:27 - PROGRESS: {'current': 1183, 'total': 1598, 'filename': 'IMG_2856.HEIC'}
2026-03-15 22:28:27 - RENAMED: 'IMG_2856.HEIC' -> ' 2025.04.04-09.44.21.1183.Prague.HEIC'
2026-03-15 22:28:27 - PROGRESS: {'current': 1184, 'total': 1598, 'filename': 'IMG_2857.HEIC'}
2026-03-15 22:28:27 - RENAMED: 'IMG_2857.HEIC' -> ' 2025.04.04-09.44.47.1184.Prague.HEIC'
2026-03-15 22:28:27 - PROGRESS: {'current': 1185, 'total': 1598, 'filename': 'IMG_2858.HEIC'}
2026-03-15 22:28:27 - RENAMED: 'IMG_2858.HEIC' -> ' 2025.04.04-09.45.57.1185.Prague.HEIC'
2026-03-15 22:28:27 - PROGRESS: {'current': 1186, 'total': 1598, 'filename': 'IMG_2859.HEIC'}
2026-03-15 22:28:27 - RENAMED: 'IMG_2859.HEIC' -> ' 2025.04.04-09.47.37.1186.Prague.HEIC'
2026-03-15 22:28:27 - PROGRESS: {'current': 1187, 'total': 1598, 'filename': 'IMG_2860.HEIC'}
2026-03-15 22:28:27 - RENAMED: 'IMG_2860.HEIC' -> ' 2025.04.04-09.48.18.1187.Prague.HEIC'
2026-03-15 22:28:27 - PROGRESS: {'current': 1188, 'total': 1598, 'filename': 'IMG_2861.HEIC'}
2026-03-15 22:28:27 - RENAMED: 'IMG_2861.HEIC' -> ' 2025.04.04-09.50.37.1188.Prague.HEIC'
2026-03-15 22:28:27 - PROGRESS: {'current': 1189, 'total': 1598, 'filename': 'IMG_2862.HEIC'}
2026-03-15 22:28:27 - RENAMED: 'IMG_2862.HEIC' -> ' 2025.04.04-09.50.55.1189.Prague.HEIC'
2026-03-15 22:28:27 - PROGRESS: {'current': 1190, 'total': 1598, 'filename': 'IMG_2863.MOV'}
2026-03-15 22:28:27 - RENAMED: 'IMG_2863.MOV' -> 'IMG_2863_c1.MOV'
2026-03-15 22:28:27 - PROGRESS: {'current': 1191, 'total': 1598, 'filename': 'IMG_2864.MOV'}
2026-03-15 22:28:27 - RENAMED: 'IMG_2864.MOV' -> 'IMG_2864_c1.MOV'
2026-03-15 22:28:27 - PROGRESS: {'current': 1192, 'total': 1598, 'filename': 'IMG_2866.MOV'}
2026-03-15 22:28:27 - RENAMED: 'IMG_2866.MOV' -> 'IMG_2866_c1.MOV'
2026-03-15 22:28:27 - PROGRESS: {'current': 1193, 'total': 1598, 'filename': 'IMG_2867.HEIC'}
2026-03-15 22:28:27 - RENAMED: 'IMG_2867.HEIC' -> ' 2025.04.04-10.01.03.1193.Prague.HEIC'
2026-03-15 22:28:27 - PROGRESS: {'current': 1194, 'total': 1598, 'filename': 'IMG_2868.HEIC'}
2026-03-15 22:28:27 - RENAMED: 'IMG_2868.HEIC' -> ' 2025.04.04-10.01.04.1194.Prague.HEIC'
2026-03-15 22:28:27 - PROGRESS: {'current': 1195, 'total': 1598, 'filename': 'IMG_2870.MOV'}
2026-03-15 22:28:27 - RENAMED: 'IMG_2870.MOV' -> 'IMG_2870_c1.MOV'
2026-03-15 22:28:27 - PROGRESS: {'current': 1196, 'total': 1598, 'filename': 'IMG_2871.HEIC'}
2026-03-15 22:28:27 - RENAMED: 'IMG_2871.HEIC' -> ' 2025.04.04-10.27.28.1196.Prague.HEIC'
2026-03-15 22:28:27 - PROGRESS: {'current': 1197, 'total': 1598, 'filename': 'IMG_2872.MOV'}
2026-03-15 22:28:27 - RENAMED: 'IMG_2872.MOV' -> 'IMG_2872_c1.MOV'
2026-03-15 22:28:27 - PROGRESS: {'current': 1198, 'total': 1598, 'filename': 'IMG_2873.MOV'}
2026-03-15 22:28:27 - RENAMED: 'IMG_2873.MOV' -> 'IMG_2873_c1.MOV'
2026-03-15 22:28:27 - PROGRESS: {'current': 1199, 'total': 1598, 'filename': 'IMG_2874.HEIC'}
2026-03-15 22:28:27 - RENAMED: 'IMG_2874.HEIC' -> ' 2025.04.04-10.45.26.1199.Prague.HEIC'
2026-03-15 22:28:27 - PROGRESS: {'current': 1200, 'total': 1598, 'filename': 'IMG_2875.HEIC'}
2026-03-15 22:28:27 - RENAMED: 'IMG_2875.HEIC' -> ' 2025.04.04-10.45.31.1200.Prague.HEIC'
2026-03-15 22:28:27 - PROGRESS: {'current': 1201, 'total': 1598, 'filename': 'IMG_2876.HEIC'}
2026-03-15 22:28:27 - RENAMED: 'IMG_2876.HEIC' -> ' 2025.04.04-10.45.33.1201.Prague.HEIC'
2026-03-15 22:28:27 - PROGRESS: {'current': 1202, 'total': 1598, 'filename': 'IMG_2877.HEIC'}
2026-03-15 22:28:27 - RENAMED: 'IMG_2877.HEIC' -> ' 2025.04.04-10.45.35.1202.Prague.HEIC'
2026-03-15 22:28:27 - PROGRESS: {'current': 1203, 'total': 1598, 'filename': 'IMG_2878.HEIC'}
2026-03-15 22:28:27 - RENAMED: 'IMG_2878.HEIC' -> ' 2025.04.04-10.45.37.1203.Prague.HEIC'
2026-03-15 22:28:27 - PROGRESS: {'current': 1204, 'total': 1598, 'filename': 'IMG_2879.HEIC'}
2026-03-15 22:28:27 - RENAMED: 'IMG_2879.HEIC' -> ' 2025.04.04-11.02.04.1204.Prague.HEIC'
2026-03-15 22:28:27 - PROGRESS: {'current': 1205, 'total': 1598, 'filename': 'IMG_2880.HEIC'}
2026-03-15 22:28:27 - RENAMED: 'IMG_2880.HEIC' -> ' 2025.04.04-11.02.15.1205.Prague.HEIC'
2026-03-15 22:28:27 - PROGRESS: {'current': 1206, 'total': 1598, 'filename': 'IMG_2881.HEIC'}
2026-03-15 22:28:27 - RENAMED: 'IMG_2881.HEIC' -> ' 2025.04.04-11.02.18.1206.Prague.HEIC'
2026-03-15 22:28:27 - PROGRESS: {'current': 1207, 'total': 1598, 'filename': 'IMG_2884.HEIC'}
2026-03-15 22:28:27 - RENAMED: 'IMG_2884.HEIC' -> ' 2025.04.04-11.03.06.1207.Prague.HEIC'
2026-03-15 22:28:27 - PROGRESS: {'current': 1208, 'total': 1598, 'filename': 'IMG_2886.HEIC'}
2026-03-15 22:28:27 - RENAMED: 'IMG_2886.HEIC' -> ' 2025.04.04-11.58.32.1208.Prague.HEIC'
2026-03-15 22:28:27 - PROGRESS: {'current': 1209, 'total': 1598, 'filename': 'IMG_2887.HEIC'}
2026-03-15 22:28:27 - RENAMED: 'IMG_2887.HEIC' -> ' 2025.04.04-11.58.34.1209.Prague.HEIC'
2026-03-15 22:28:27 - PROGRESS: {'current': 1210, 'total': 1598, 'filename': 'IMG_2888.HEIC'}
2026-03-15 22:28:27 - RENAMED: 'IMG_2888.HEIC' -> ' 2025.04.04-11.59.45.1210.Prague.HEIC'
2026-03-15 22:28:27 - PROGRESS: {'current': 1211, 'total': 1598, 'filename': 'IMG_2889.HEIC'}
2026-03-15 22:28:27 - RENAMED: 'IMG_2889.HEIC' -> ' 2025.04.04-11.59.47.1211.Prague.HEIC'
2026-03-15 22:28:27 - PROGRESS: {'current': 1212, 'total': 1598, 'filename': 'IMG_2890.HEIC'}
2026-03-15 22:28:27 - RENAMED: 'IMG_2890.HEIC' -> ' 2025.04.04-12.00.06.1212.Prague.HEIC'
2026-03-15 22:28:27 - PROGRESS: {'current': 1213, 'total': 1598, 'filename': 'IMG_2891.HEIC'}
2026-03-15 22:28:27 - RENAMED: 'IMG_2891.HEIC' -> ' 2025.04.04-12.00.09.1213.Prague.HEIC'
2026-03-15 22:28:27 - PROGRESS: {'current': 1214, 'total': 1598, 'filename': 'IMG_2892.HEIC'}
2026-03-15 22:28:27 - RENAMED: 'IMG_2892.HEIC' -> ' 2025.04.04-12.16.49.1214.Prague.HEIC'
2026-03-15 22:28:27 - PROGRESS: {'current': 1215, 'total': 1598, 'filename': 'IMG_2893.HEIC'}
2026-03-15 22:28:27 - RENAMED: 'IMG_2893.HEIC' -> ' 2025.04.04-12.38.32.1215.Prague.HEIC'
2026-03-15 22:28:27 - PROGRESS: {'current': 1216, 'total': 1598, 'filename': 'IMG_2894.HEIC'}
2026-03-15 22:28:27 - RENAMED: 'IMG_2894.HEIC' -> ' 2025.04.04-12.38.41.1216.Prague.HEIC'
2026-03-15 22:28:27 - PROGRESS: {'current': 1217, 'total': 1598, 'filename': 'IMG_2895.HEIC'}
2026-03-15 22:28:27 - RENAMED: 'IMG_2895.HEIC' -> ' 2025.04.04-12.46.05.1217.Prague.HEIC'
2026-03-15 22:28:27 - PROGRESS: {'current': 1218, 'total': 1598, 'filename': 'IMG_2897.HEIC'}
2026-03-15 22:28:27 - RENAMED: 'IMG_2897.HEIC' -> ' 2025.04.04-12.57.03.1218.Prague.HEIC'
2026-03-15 22:28:27 - PROGRESS: {'current': 1219, 'total': 1598, 'filename': 'IMG_2898.HEIC'}
2026-03-15 22:28:27 - RENAMED: 'IMG_2898.HEIC' -> ' 2025.04.04-12.57.07.1219.Prague.HEIC'
2026-03-15 22:28:27 - PROGRESS: {'current': 1220, 'total': 1598, 'filename': 'IMG_2899.HEIC'}
2026-03-15 22:28:27 - RENAMED: 'IMG_2899.HEIC' -> ' 2025.04.04-13.01.00.1220.Prague.HEIC'
2026-03-15 22:28:27 - PROGRESS: {'current': 1221, 'total': 1598, 'filename': 'IMG_2900.HEIC'}
2026-03-15 22:28:27 - RENAMED: 'IMG_2900.HEIC' -> ' 2025.04.04-13.01.02.1221.Prague.HEIC'
2026-03-15 22:28:27 - PROGRESS: {'current': 1222, 'total': 1598, 'filename': 'IMG_2901.HEIC'}
2026-03-15 22:28:27 - RENAMED: 'IMG_2901.HEIC' -> ' 2025.04.04-17.11.27.1222.Prague.HEIC'
2026-03-15 22:28:27 - PROGRESS: {'current': 1223, 'total': 1598, 'filename': 'IMG_2902.HEIC'}
2026-03-15 22:28:27 - RENAMED: 'IMG_2902.HEIC' -> ' 2025.04.04-17.11.30.1223.Prague.HEIC'
2026-03-15 22:28:27 - PROGRESS: {'current': 1224, 'total': 1598, 'filename': 'IMG_2903.HEIC'}
2026-03-15 22:28:27 - RENAMED: 'IMG_2903.HEIC' -> ' 2025.04.04-17.11.35.1224.Prague.HEIC'
2026-03-15 22:28:27 - PROGRESS: {'current': 1225, 'total': 1598, 'filename': 'IMG_2904.HEIC'}
2026-03-15 22:28:27 - RENAMED: 'IMG_2904.HEIC' -> ' 2025.04.04-17.28.05.1225.Prague.HEIC'
2026-03-15 22:28:27 - PROGRESS: {'current': 1226, 'total': 1598, 'filename': 'IMG_2905.HEIC'}
2026-03-15 22:28:27 - RENAMED: 'IMG_2905.HEIC' -> ' 2025.04.04-17.28.32.1226.Prague.HEIC'
2026-03-15 22:28:27 - PROGRESS: {'current': 1227, 'total': 1598, 'filename': 'IMG_2909.HEIC'}
2026-03-15 22:28:27 - RENAMED: 'IMG_2909.HEIC' -> ' 2025.04.04-18.04.18.1227.Prague.HEIC'
2026-03-15 22:28:27 - PROGRESS: {'current': 1228, 'total': 1598, 'filename': 'IMG_2910.HEIC'}
2026-03-15 22:28:27 - RENAMED: 'IMG_2910.HEIC' -> ' 2025.04.04-18.04.35.1228.Prague.HEIC'
2026-03-15 22:28:27 - PROGRESS: {'current': 1229, 'total': 1598, 'filename': 'IMG_2911.HEIC'}
2026-03-15 22:28:27 - RENAMED: 'IMG_2911.HEIC' -> ' 2025.04.04-18.13.30.1229.Prague.HEIC'
2026-03-15 22:28:27 - PROGRESS: {'current': 1230, 'total': 1598, 'filename': 'IMG_2912.HEIC'}
2026-03-15 22:28:27 - RENAMED: 'IMG_2912.HEIC' -> ' 2025.04.04-18.29.36.1230.Prague.HEIC'
2026-03-15 22:28:27 - PROGRESS: {'current': 1231, 'total': 1598, 'filename': 'IMG_2913.HEIC'}
2026-03-15 22:28:27 - RENAMED: 'IMG_2913.HEIC' -> ' 2025.04.04-18.29.40.1231.Prague.HEIC'
2026-03-15 22:28:27 - PROGRESS: {'current': 1232, 'total': 1598, 'filename': 'IMG_2914.HEIC'}
2026-03-15 22:28:27 - RENAMED: 'IMG_2914.HEIC' -> ' 2025.04.04-18.29.50.1232.Prague.HEIC'
2026-03-15 22:28:27 - PROGRESS: {'current': 1233, 'total': 1598, 'filename': 'IMG_2915.HEIC'}
2026-03-15 22:28:27 - RENAMED: 'IMG_2915.HEIC' -> ' 2025.04.04-18.29.53.1233.Prague.HEIC'
2026-03-15 22:28:27 - PROGRESS: {'current': 1234, 'total': 1598, 'filename': 'IMG_2916.HEIC'}
2026-03-15 22:28:27 - RENAMED: 'IMG_2916.HEIC' -> ' 2025.04.04-19.20.46.1234.Prague.HEIC'
2026-03-15 22:28:27 - PROGRESS: {'current': 1235, 'total': 1598, 'filename': 'IMG_2917.HEIC'}
2026-03-15 22:28:27 - RENAMED: 'IMG_2917.HEIC' -> ' 2025.04.04-19.20.49.1235.Prague.HEIC'
2026-03-15 22:28:27 - PROGRESS: {'current': 1236, 'total': 1598, 'filename': 'IMG_2918.HEIC'}
2026-03-15 22:28:27 - RENAMED: 'IMG_2918.HEIC' -> ' 2025.04.04-19.22.02.1236.Prague.HEIC'
2026-03-15 22:28:27 - PROGRESS: {'current': 1237, 'total': 1598, 'filename': 'IMG_2919.HEIC'}
2026-03-15 22:28:27 - RENAMED: 'IMG_2919.HEIC' -> ' 2025.04.04-19.22.47.1237.Prague.HEIC'
2026-03-15 22:28:27 - PROGRESS: {'current': 1238, 'total': 1598, 'filename': 'IMG_2920.HEIC'}
2026-03-15 22:28:27 - RENAMED: 'IMG_2920.HEIC' -> ' 2025.04.04-19.23.30.1238.Prague.HEIC'
2026-03-15 22:28:27 - PROGRESS: {'current': 1239, 'total': 1598, 'filename': 'IMG_2921.HEIC'}
2026-03-15 22:28:27 - RENAMED: 'IMG_2921.HEIC' -> ' 2025.04.04-19.23.35.1239.Prague.HEIC'
2026-03-15 22:28:27 - PROGRESS: {'current': 1240, 'total': 1598, 'filename': 'IMG_2922.HEIC'}
2026-03-15 22:28:27 - RENAMED: 'IMG_2922.HEIC' -> ' 2025.04.04-19.25.10.1240.Prague.HEIC'
2026-03-15 22:28:27 - PROGRESS: {'current': 1241, 'total': 1598, 'filename': 'IMG_2923.HEIC'}
2026-03-15 22:28:27 - RENAMED: 'IMG_2923.HEIC' -> ' 2025.04.04-19.25.33.1241.Prague.HEIC'
2026-03-15 22:28:27 - PROGRESS: {'current': 1242, 'total': 1598, 'filename': 'IMG_2924.HEIC'}
2026-03-15 22:28:27 - RENAMED: 'IMG_2924.HEIC' -> ' 2025.04.04-19.28.35.1242.Prague.HEIC'
2026-03-15 22:28:27 - PROGRESS: {'current': 1243, 'total': 1598, 'filename': 'IMG_2925.HEIC'}
2026-03-15 22:28:27 - RENAMED: 'IMG_2925.HEIC' -> ' 2025.04.04-19.28.40.1243.Prague.HEIC'
2026-03-15 22:28:27 - PROGRESS: {'current': 1244, 'total': 1598, 'filename': 'IMG_2926.HEIC'}
2026-03-15 22:28:27 - RENAMED: 'IMG_2926.HEIC' -> ' 2025.04.04-19.31.36.1244.Prague.HEIC'
2026-03-15 22:28:27 - PROGRESS: {'current': 1245, 'total': 1598, 'filename': 'IMG_2927.HEIC'}
2026-03-15 22:28:27 - RENAMED: 'IMG_2927.HEIC' -> ' 2025.04.04-19.39.09.1245.Prague.HEIC'
2026-03-15 22:28:27 - PROGRESS: {'current': 1246, 'total': 1598, 'filename': 'IMG_2928.HEIC'}
2026-03-15 22:28:27 - RENAMED: 'IMG_2928.HEIC' -> ' 2025.04.04-19.39.37.1246.Prague.HEIC'
2026-03-15 22:28:27 - PROGRESS: {'current': 1247, 'total': 1598, 'filename': 'IMG_2929.HEIC'}
2026-03-15 22:28:27 - RENAMED: 'IMG_2929.HEIC' -> ' 2025.04.04-20.10.31.1247.Prague.HEIC'
2026-03-15 22:28:27 - PROGRESS: {'current': 1248, 'total': 1598, 'filename': 'IMG_2930.HEIC'}
2026-03-15 22:28:27 - RENAMED: 'IMG_2930.HEIC' -> ' 2025.04.04-20.10.45.1248.Prague.HEIC'
2026-03-15 22:28:27 - PROGRESS: {'current': 1249, 'total': 1598, 'filename': 'IMG_2931.HEIC'}
2026-03-15 22:28:27 - RENAMED: 'IMG_2931.HEIC' -> ' 2025.04.04-20.32.39.1249.Prague.HEIC'
2026-03-15 22:28:27 - PROGRESS: {'current': 1250, 'total': 1598, 'filename': 'IMG_2932.HEIC'}
2026-03-15 22:28:27 - RENAMED: 'IMG_2932.HEIC' -> ' 2025.04.04-20.34.14.1250.Prague.HEIC'
2026-03-15 22:28:27 - PROGRESS: {'current': 1251, 'total': 1598, 'filename': 'IMG_2933.HEIC'}
2026-03-15 22:28:27 - RENAMED: 'IMG_2933.HEIC' -> ' 2025.04.04-20.34.21.1251.Prague.HEIC'
2026-03-15 22:28:27 - PROGRESS: {'current': 1252, 'total': 1598, 'filename': 'IMG_2934.HEIC'}
2026-03-15 22:28:27 - RENAMED: 'IMG_2934.HEIC' -> ' 2025.04.04-20.35.10.1252.Prague.HEIC'
2026-03-15 22:28:27 - PROGRESS: {'current': 1253, 'total': 1598, 'filename': 'IMG_2935.HEIC'}
2026-03-15 22:28:27 - RENAMED: 'IMG_2935.HEIC' -> ' 2025.04.04-20.36.35.1253.Prague.HEIC'
2026-03-15 22:28:27 - PROGRESS: {'current': 1254, 'total': 1598, 'filename': 'IMG_2936.MOV'}
2026-03-15 22:28:27 - RENAMED: 'IMG_2936.MOV' -> 'IMG_2936_c1.MOV'
2026-03-15 22:28:27 - PROGRESS: {'current': 1255, 'total': 1598, 'filename': 'IMG_2937.HEIC'}
2026-03-15 22:28:27 - RENAMED: 'IMG_2937.HEIC' -> ' 2025.04.04-20.37.12.1255.Prague.HEIC'
2026-03-15 22:28:27 - PROGRESS: {'current': 1256, 'total': 1598, 'filename': 'IMG_2938.HEIC'}
2026-03-15 22:28:27 - RENAMED: 'IMG_2938.HEIC' -> ' 2025.04.04-20.37.18.1256.Prague.HEIC'
2026-03-15 22:28:27 - PROGRESS: {'current': 1257, 'total': 1598, 'filename': 'IMG_2939.HEIC'}
2026-03-15 22:28:27 - RENAMED: 'IMG_2939.HEIC' -> ' 2025.04.04-20.37.34.1257.Prague.HEIC'
2026-03-15 22:28:27 - PROGRESS: {'current': 1258, 'total': 1598, 'filename': 'IMG_2940.HEIC'}
2026-03-15 22:28:27 - RENAMED: 'IMG_2940.HEIC' -> ' 2025.04.04-20.37.41.1258.Prague.HEIC'
2026-03-15 22:28:27 - PROGRESS: {'current': 1259, 'total': 1598, 'filename': 'IMG_2941.HEIC'}
2026-03-15 22:28:27 - RENAMED: 'IMG_2941.HEIC' -> ' 2025.04.04-20.38.20.1259.Prague.HEIC'
2026-03-15 22:28:27 - PROGRESS: {'current': 1260, 'total': 1598, 'filename': 'IMG_2942.HEIC'}
2026-03-15 22:28:27 - RENAMED: 'IMG_2942.HEIC' -> ' 2025.04.04-20.38.24.1260.Prague.HEIC'
2026-03-15 22:28:27 - PROGRESS: {'current': 1261, 'total': 1598, 'filename': 'IMG_2943.HEIC'}
2026-03-15 22:28:27 - RENAMED: 'IMG_2943.HEIC' -> ' 2025.04.04-20.38.34.1261.Prague.HEIC'
2026-03-15 22:28:27 - PROGRESS: {'current': 1262, 'total': 1598, 'filename': 'IMG_2944.HEIC'}
2026-03-15 22:28:27 - RENAMED: 'IMG_2944.HEIC' -> ' 2025.04.04-20.38.39.1262.Prague.HEIC'
2026-03-15 22:28:27 - PROGRESS: {'current': 1263, 'total': 1598, 'filename': 'IMG_2945.HEIC'}
2026-03-15 22:28:27 - RENAMED: 'IMG_2945.HEIC' -> ' 2025.04.04-20.52.09.1263.Prague.HEIC'
2026-03-15 22:28:27 - PROGRESS: {'current': 1264, 'total': 1598, 'filename': 'IMG_2946.HEIC'}
2026-03-15 22:28:27 - RENAMED: 'IMG_2946.HEIC' -> ' 2025.04.04-20.52.12.1264.Prague.HEIC'
2026-03-15 22:28:27 - PROGRESS: {'current': 1265, 'total': 1598, 'filename': 'IMG_2947.HEIC'}
2026-03-15 22:28:27 - RENAMED: 'IMG_2947.HEIC' -> ' 2025.04.04-20.53.37.1265.Prague.HEIC'
2026-03-15 22:28:27 - PROGRESS: {'current': 1266, 'total': 1598, 'filename': 'IMG_2948.HEIC'}
2026-03-15 22:28:27 - RENAMED: 'IMG_2948.HEIC' -> ' 2025.04.04-20.53.43.1266.Prague.HEIC'
2026-03-15 22:28:27 - PROGRESS: {'current': 1267, 'total': 1598, 'filename': 'IMG_2949.HEIC'}
2026-03-15 22:28:27 - RENAMED: 'IMG_2949.HEIC' -> ' 2025.04.04-20.54.32.1267.Prague.HEIC'
2026-03-15 22:28:27 - PROGRESS: {'current': 1268, 'total': 1598, 'filename': 'IMG_2950.HEIC'}
2026-03-15 22:28:27 - RENAMED: 'IMG_2950.HEIC' -> ' 2025.04.04-20.54.36.1268.Prague.HEIC'
2026-03-15 22:28:27 - PROGRESS: {'current': 1269, 'total': 1598, 'filename': 'IMG_2951.HEIC'}
2026-03-15 22:28:27 - RENAMED: 'IMG_2951.HEIC' -> ' 2025.04.04-20.56.03.1269.Prague.HEIC'
2026-03-15 22:28:27 - PROGRESS: {'current': 1270, 'total': 1598, 'filename': 'IMG_2952.HEIC'}
2026-03-15 22:28:27 - RENAMED: 'IMG_2952.HEIC' -> ' 2025.04.04-20.56.09.1270.Prague.HEIC'
2026-03-15 22:28:27 - PROGRESS: {'current': 1271, 'total': 1598, 'filename': 'IMG_2953.HEIC'}
2026-03-15 22:28:27 - RENAMED: 'IMG_2953.HEIC' -> ' 2025.04.04-21.02.28.1271.Prague.HEIC'
2026-03-15 22:28:27 - PROGRESS: {'current': 1272, 'total': 1598, 'filename': 'IMG_2954.HEIC'}
2026-03-15 22:28:27 - RENAMED: 'IMG_2954.HEIC' -> ' 2025.04.04-21.03.34.1272.Prague.HEIC'
2026-03-15 22:28:27 - PROGRESS: {'current': 1273, 'total': 1598, 'filename': 'IMG_2955.HEIC'}
2026-03-15 22:28:27 - RENAMED: 'IMG_2955.HEIC' -> ' 2025.04.04-21.03.53.1273.Prague.HEIC'
2026-03-15 22:28:27 - PROGRESS: {'current': 1274, 'total': 1598, 'filename': 'IMG_2956.HEIC'}
2026-03-15 22:28:27 - RENAMED: 'IMG_2956.HEIC' -> ' 2025.04.04-21.04.01.1274.Prague.HEIC'
2026-03-15 22:28:27 - PROGRESS: {'current': 1275, 'total': 1598, 'filename': 'IMG_2957.HEIC'}
2026-03-15 22:28:27 - RENAMED: 'IMG_2957.HEIC' -> ' 2025.04.04-21.04.31.1275.Prague.HEIC'
2026-03-15 22:28:27 - PROGRESS: {'current': 1276, 'total': 1598, 'filename': 'IMG_2958.HEIC'}
2026-03-15 22:28:27 - RENAMED: 'IMG_2958.HEIC' -> ' 2025.04.04-21.04.40.1276.Prague.HEIC'
2026-03-15 22:28:27 - PROGRESS: {'current': 1277, 'total': 1598, 'filename': 'IMG_2961.HEIC'}
2026-03-15 22:28:27 - RENAMED: 'IMG_2961.HEIC' -> ' 2025.04.05-07.31.06.1277.Prague.HEIC'
2026-03-15 22:28:27 - PROGRESS: {'current': 1278, 'total': 1598, 'filename': 'IMG_2965.HEIC'}
2026-03-15 22:28:27 - RENAMED: 'IMG_2965.HEIC' -> ' 2025.04.05-10.35.53.1278.Prague.HEIC'
2026-03-15 22:28:27 - PROGRESS: {'current': 1279, 'total': 1598, 'filename': 'IMG_2966.HEIC'}
2026-03-15 22:28:27 - RENAMED: 'IMG_2966.HEIC' -> ' 2025.04.05-10.35.58.1279.Prague.HEIC'
2026-03-15 22:28:27 - PROGRESS: {'current': 1280, 'total': 1598, 'filename': 'IMG_2967.HEIC'}
2026-03-15 22:28:27 - RENAMED: 'IMG_2967.HEIC' -> ' 2025.04.05-11.05.37.1280.Prague.HEIC'
2026-03-15 22:28:27 - PROGRESS: {'current': 1281, 'total': 1598, 'filename': 'IMG_2968.HEIC'}
2026-03-15 22:28:27 - RENAMED: 'IMG_2968.HEIC' -> ' 2025.04.05-11.05.41.1281.Prague.HEIC'
2026-03-15 22:28:27 - PROGRESS: {'current': 1282, 'total': 1598, 'filename': 'IMG_2969.HEIC'}
2026-03-15 22:28:27 - RENAMED: 'IMG_2969.HEIC' -> ' 2025.04.05-11.06.07.1282.Prague.HEIC'
2026-03-15 22:28:27 - PROGRESS: {'current': 1283, 'total': 1598, 'filename': 'IMG_2970.HEIC'}
2026-03-15 22:28:27 - RENAMED: 'IMG_2970.HEIC' -> ' 2025.04.05-11.06.12.1283.Prague.HEIC'
2026-03-15 22:28:27 - PROGRESS: {'current': 1284, 'total': 1598, 'filename': 'IMG_2971.HEIC'}
2026-03-15 22:28:27 - RENAMED: 'IMG_2971.HEIC' -> ' 2025.04.05-11.13.39.1284.Prague.HEIC'
2026-03-15 22:28:27 - PROGRESS: {'current': 1285, 'total': 1598, 'filename': 'IMG_2972.HEIC'}
2026-03-15 22:28:27 - RENAMED: 'IMG_2972.HEIC' -> ' 2025.04.05-11.13.42.1285.Prague.HEIC'
2026-03-15 22:28:27 - PROGRESS: {'current': 1286, 'total': 1598, 'filename': 'IMG_2973.HEIC'}
2026-03-15 22:28:27 - RENAMED: 'IMG_2973.HEIC' -> ' 2025.04.05-11.24.12.1286.Prague.HEIC'
2026-03-15 22:28:27 - PROGRESS: {'current': 1287, 'total': 1598, 'filename': 'IMG_2974.HEIC'}
2026-03-15 22:28:27 - RENAMED: 'IMG_2974.HEIC' -> ' 2025.04.05-12.39.02.1287.Prague.HEIC'
2026-03-15 22:28:27 - PROGRESS: {'current': 1288, 'total': 1598, 'filename': 'IMG_2975.HEIC'}
2026-03-15 22:28:27 - RENAMED: 'IMG_2975.HEIC' -> ' 2025.04.05-12.39.22.1288.Prague.HEIC'
2026-03-15 22:28:27 - PROGRESS: {'current': 1289, 'total': 1598, 'filename': 'IMG_2976.HEIC'}
2026-03-15 22:28:27 - RENAMED: 'IMG_2976.HEIC' -> ' 2025.04.05-12.39.24.1289.Prague.HEIC'
2026-03-15 22:28:27 - PROGRESS: {'current': 1290, 'total': 1598, 'filename': 'IMG_2977.HEIC'}
2026-03-15 22:28:27 - RENAMED: 'IMG_2977.HEIC' -> ' 2025.04.05-12.40.04.1290.Prague.HEIC'
2026-03-15 22:28:27 - PROGRESS: {'current': 1291, 'total': 1598, 'filename': 'IMG_2978.HEIC'}
2026-03-15 22:28:27 - RENAMED: 'IMG_2978.HEIC' -> ' 2025.04.05-12.40.06.1291.Prague.HEIC'
2026-03-15 22:28:27 - PROGRESS: {'current': 1292, 'total': 1598, 'filename': 'IMG_2979.HEIC'}
2026-03-15 22:28:27 - RENAMED: 'IMG_2979.HEIC' -> ' 2025.04.05-12.40.08.1292.Prague.HEIC'
2026-03-15 22:28:27 - PROGRESS: {'current': 1293, 'total': 1598, 'filename': 'IMG_2980.HEIC'}
2026-03-15 22:28:27 - RENAMED: 'IMG_2980.HEIC' -> ' 2025.04.05-18.47.02.1293.Prague.HEIC'
2026-03-15 22:28:27 - PROGRESS: {'current': 1294, 'total': 1598, 'filename': 'IMG_2981.HEIC'}
2026-03-15 22:28:27 - RENAMED: 'IMG_2981.HEIC' -> ' 2025.04.05-18.47.14.1294.Prague.HEIC'
2026-03-15 22:28:27 - PROGRESS: {'current': 1295, 'total': 1598, 'filename': 'IMG_2982.HEIC'}
2026-03-15 22:28:27 - RENAMED: 'IMG_2982.HEIC' -> ' 2025.04.05-19.28.33.1295.Prague.HEIC'
2026-03-15 22:28:27 - PROGRESS: {'current': 1296, 'total': 1598, 'filename': 'IMG_2983.HEIC'}
2026-03-15 22:28:27 - RENAMED: 'IMG_2983.HEIC' -> ' 2025.04.05-19.29.01.1296.Prague.HEIC'
2026-03-15 22:28:27 - PROGRESS: {'current': 1297, 'total': 1598, 'filename': 'IMG_2984.MOV'}
2026-03-15 22:28:27 - RENAMED: 'IMG_2984.MOV' -> 'IMG_2984_c1.MOV'
2026-03-15 22:28:27 - PROGRESS: {'current': 1298, 'total': 1598, 'filename': 'IMG_2985.HEIC'}
2026-03-15 22:28:27 - RENAMED: 'IMG_2985.HEIC' -> ' 2025.04.05-20.24.20.1298.Prague.HEIC'
2026-03-15 22:28:27 - PROGRESS: {'current': 1299, 'total': 1598, 'filename': 'IMG_2986.HEIC'}
2026-03-15 22:28:27 - RENAMED: 'IMG_2986.HEIC' -> ' 2025.04.05-20.24.30.1299.Prague.HEIC'
2026-03-15 22:28:27 - PROGRESS: {'current': 1300, 'total': 1598, 'filename': 'IMG_2987.HEIC'}
2026-03-15 22:28:27 - RENAMED: 'IMG_2987.HEIC' -> ' 2025.04.05-20.29.09.1300.Prague.HEIC'
2026-03-15 22:28:27 - PROGRESS: {'current': 1301, 'total': 1598, 'filename': 'IMG_2988.HEIC'}
2026-03-15 22:28:27 - RENAMED: 'IMG_2988.HEIC' -> ' 2025.04.05-20.29.15.1301.Prague.HEIC'
2026-03-15 22:28:27 - PROGRESS: {'current': 1302, 'total': 1598, 'filename': 'IMG_2989.HEIC'}
2026-03-15 22:28:27 - RENAMED: 'IMG_2989.HEIC' -> ' 2025.04.05-20.29.23.1302.Prague.HEIC'
2026-03-15 22:28:27 - PROGRESS: {'current': 1303, 'total': 1598, 'filename': 'IMG_2990.HEIC'}
2026-03-15 22:28:27 - RENAMED: 'IMG_2990.HEIC' -> ' 2025.04.05-20.38.57.1303.Prague.HEIC'
2026-03-15 22:28:27 - PROGRESS: {'current': 1304, 'total': 1598, 'filename': 'IMG_2991.HEIC'}
2026-03-15 22:28:27 - RENAMED: 'IMG_2991.HEIC' -> ' 2025.04.06-10.23.56.1304.KarlovyVary.HEIC'
2026-03-15 22:28:27 - PROGRESS: {'current': 1305, 'total': 1598, 'filename': 'IMG_2992.HEIC'}
2026-03-15 22:28:27 - RENAMED: 'IMG_2992.HEIC' -> ' 2025.04.06-10.24.10.1305.KarlovyVary.HEIC'
2026-03-15 22:28:27 - PROGRESS: {'current': 1306, 'total': 1598, 'filename': 'IMG_2993.HEIC'}
2026-03-15 22:28:27 - RENAMED: 'IMG_2993.HEIC' -> ' 2025.04.06-10.24.11.1306.KarlovyVary.HEIC'
2026-03-15 22:28:27 - PROGRESS: {'current': 1307, 'total': 1598, 'filename': 'IMG_2994.HEIC'}
2026-03-15 22:28:27 - RENAMED: 'IMG_2994.HEIC' -> ' 2025.04.06-10.24.12.1307.KarlovyVary.HEIC'
2026-03-15 22:28:27 - PROGRESS: {'current': 1308, 'total': 1598, 'filename': 'IMG_2995.HEIC'}
2026-03-15 22:28:27 - RENAMED: 'IMG_2995.HEIC' -> ' 2025.04.06-10.24.26.1308.KarlovyVary.HEIC'
2026-03-15 22:28:27 - PROGRESS: {'current': 1309, 'total': 1598, 'filename': 'IMG_2996.HEIC'}
2026-03-15 22:28:27 - RENAMED: 'IMG_2996.HEIC' -> ' 2025.04.06-10.24.29.1309.KarlovyVary.HEIC'
2026-03-15 22:28:27 - PROGRESS: {'current': 1310, 'total': 1598, 'filename': 'IMG_2997.HEIC'}
2026-03-15 22:28:27 - RENAMED: 'IMG_2997.HEIC' -> ' 2025.04.06-10.27.32.1310.KarlovyVary.HEIC'
2026-03-15 22:28:27 - PROGRESS: {'current': 1311, 'total': 1598, 'filename': 'IMG_2998.HEIC'}
2026-03-15 22:28:27 - RENAMED: 'IMG_2998.HEIC' -> ' 2025.04.06-10.29.54.1311.KarlovyVary.HEIC'
2026-03-15 22:28:27 - PROGRESS: {'current': 1312, 'total': 1598, 'filename': 'IMG_2999.HEIC'}
2026-03-15 22:28:27 - RENAMED: 'IMG_2999.HEIC' -> ' 2025.04.06-10.39.19.1312.KarlovyVary.HEIC'
2026-03-15 22:28:27 - PROGRESS: {'current': 1313, 'total': 1598, 'filename': 'IMG_3001.HEIC'}
2026-03-15 22:28:27 - RENAMED: 'IMG_3001.HEIC' -> ' 2025.04.06-10.39.36.1313.KarlovyVary.HEIC'
2026-03-15 22:28:27 - PROGRESS: {'current': 1314, 'total': 1598, 'filename': 'IMG_3002.HEIC'}
2026-03-15 22:28:28 - RENAMED: 'IMG_3002.HEIC' -> ' 2025.04.06-10.45.10.1314.KarlovyVary.HEIC'
2026-03-15 22:28:28 - PROGRESS: {'current': 1315, 'total': 1598, 'filename': 'IMG_3003.HEIC'}
2026-03-15 22:28:28 - RENAMED: 'IMG_3003.HEIC' -> ' 2025.04.06-10.45.23.1315.KarlovyVary.HEIC'
2026-03-15 22:28:28 - PROGRESS: {'current': 1316, 'total': 1598, 'filename': 'IMG_3004.HEIC'}
2026-03-15 22:28:28 - RENAMED: 'IMG_3004.HEIC' -> ' 2025.04.06-10.45.26.1316.KarlovyVary.HEIC'
2026-03-15 22:28:28 - PROGRESS: {'current': 1317, 'total': 1598, 'filename': 'IMG_3005.HEIC'}
2026-03-15 22:28:28 - RENAMED: 'IMG_3005.HEIC' -> ' 2025.04.06-10.50.13.1317.KarlovyVary.HEIC'
2026-03-15 22:28:28 - PROGRESS: {'current': 1318, 'total': 1598, 'filename': 'IMG_3006.HEIC'}
2026-03-15 22:28:28 - RENAMED: 'IMG_3006.HEIC' -> ' 2025.04.06-10.50.20.1318.KarlovyVary.HEIC'
2026-03-15 22:28:28 - PROGRESS: {'current': 1319, 'total': 1598, 'filename': 'IMG_3007.HEIC'}
2026-03-15 22:28:28 - RENAMED: 'IMG_3007.HEIC' -> ' 2025.04.06-10.52.14.1319.KarlovyVary.HEIC'
2026-03-15 22:28:28 - PROGRESS: {'current': 1320, 'total': 1598, 'filename': 'IMG_3008.HEIC'}
2026-03-15 22:28:28 - RENAMED: 'IMG_3008.HEIC' -> ' 2025.04.06-10.55.14.1320.KarlovyVary.HEIC'
2026-03-15 22:28:28 - PROGRESS: {'current': 1321, 'total': 1598, 'filename': 'IMG_3009.HEIC'}
2026-03-15 22:28:28 - RENAMED: 'IMG_3009.HEIC' -> ' 2025.04.06-10.55.40.1321.KarlovyVary.HEIC'
2026-03-15 22:28:28 - PROGRESS: {'current': 1322, 'total': 1598, 'filename': 'IMG_3010.HEIC'}
2026-03-15 22:28:28 - RENAMED: 'IMG_3010.HEIC' -> ' 2025.04.06-10.55.42.1322.KarlovyVary.HEIC'
2026-03-15 22:28:28 - PROGRESS: {'current': 1323, 'total': 1598, 'filename': 'IMG_3011.MOV'}
2026-03-15 22:28:28 - RENAMED: 'IMG_3011.MOV' -> 'IMG_3011_c1.MOV'
2026-03-15 22:28:28 - PROGRESS: {'current': 1324, 'total': 1598, 'filename': 'IMG_3012.HEIC'}
2026-03-15 22:28:28 - RENAMED: 'IMG_3012.HEIC' -> ' 2025.04.06-11.00.50.1324.KarlovyVary.HEIC'
2026-03-15 22:28:28 - PROGRESS: {'current': 1325, 'total': 1598, 'filename': 'IMG_3013.HEIC'}
2026-03-15 22:28:28 - RENAMED: 'IMG_3013.HEIC' -> ' 2025.04.06-11.13.39.1325.KarlovyVary.HEIC'
2026-03-15 22:28:28 - PROGRESS: {'current': 1326, 'total': 1598, 'filename': 'IMG_3014.HEIC'}
2026-03-15 22:28:28 - RENAMED: 'IMG_3014.HEIC' -> ' 2025.04.06-11.13.49.1326.KarlovyVary.HEIC'
2026-03-15 22:28:28 - PROGRESS: {'current': 1327, 'total': 1598, 'filename': 'IMG_3015.HEIC'}
2026-03-15 22:28:28 - RENAMED: 'IMG_3015.HEIC' -> ' 2025.04.06-11.14.26.1327.KarlovyVary.HEIC'
2026-03-15 22:28:28 - PROGRESS: {'current': 1328, 'total': 1598, 'filename': 'IMG_3016.HEIC'}
2026-03-15 22:28:28 - RENAMED: 'IMG_3016.HEIC' -> ' 2025.04.06-12.18.40.1328.KarlovyVary.HEIC'
2026-03-15 22:28:28 - PROGRESS: {'current': 1329, 'total': 1598, 'filename': 'IMG_3017.HEIC'}
2026-03-15 22:28:28 - RENAMED: 'IMG_3017.HEIC' -> ' 2025.04.06-12.18.50.1329.KarlovyVary.HEIC'
2026-03-15 22:28:28 - PROGRESS: {'current': 1330, 'total': 1598, 'filename': 'IMG_3018.HEIC'}
2026-03-15 22:28:28 - RENAMED: 'IMG_3018.HEIC' -> ' 2025.04.06-12.20.03.1330.KarlovyVary.HEIC'
2026-03-15 22:28:28 - PROGRESS: {'current': 1331, 'total': 1598, 'filename': 'IMG_3019.HEIC'}
2026-03-15 22:28:28 - RENAMED: 'IMG_3019.HEIC' -> ' 2025.04.06-12.20.22.1331.KarlovyVary.HEIC'
2026-03-15 22:28:28 - PROGRESS: {'current': 1332, 'total': 1598, 'filename': 'IMG_3020.HEIC'}
2026-03-15 22:28:28 - RENAMED: 'IMG_3020.HEIC' -> ' 2025.04.06-12.44.24.1332.KarlovyVary.HEIC'
2026-03-15 22:28:28 - PROGRESS: {'current': 1333, 'total': 1598, 'filename': 'IMG_3021.HEIC'}
2026-03-15 22:28:28 - RENAMED: 'IMG_3021.HEIC' -> ' 2025.04.06-12.44.33.1333.KarlovyVary.HEIC'
2026-03-15 22:28:28 - PROGRESS: {'current': 1334, 'total': 1598, 'filename': 'IMG_3022.HEIC'}
2026-03-15 22:28:28 - RENAMED: 'IMG_3022.HEIC' -> ' 2025.04.06-12.44.54.1334.KarlovyVary.HEIC'
2026-03-15 22:28:28 - PROGRESS: {'current': 1335, 'total': 1598, 'filename': 'IMG_3023.HEIC'}
2026-03-15 22:28:28 - RENAMED: 'IMG_3023.HEIC' -> ' 2025.04.06-12.45.35.1335.KarlovyVary.HEIC'
2026-03-15 22:28:28 - PROGRESS: {'current': 1336, 'total': 1598, 'filename': 'IMG_3024.HEIC'}
2026-03-15 22:28:28 - RENAMED: 'IMG_3024.HEIC' -> ' 2025.04.06-12.45.42.1336.KarlovyVary.HEIC'
2026-03-15 22:28:28 - PROGRESS: {'current': 1337, 'total': 1598, 'filename': 'IMG_3025.HEIC'}
2026-03-15 22:28:28 - RENAMED: 'IMG_3025.HEIC' -> ' 2025.04.06-12.45.48.1337.KarlovyVary.HEIC'
2026-03-15 22:28:28 - PROGRESS: {'current': 1338, 'total': 1598, 'filename': 'IMG_3026.HEIC'}
2026-03-15 22:28:28 - RENAMED: 'IMG_3026.HEIC' -> ' 2025.04.06-12.45.58.1338.KarlovyVary.HEIC'
2026-03-15 22:28:28 - PROGRESS: {'current': 1339, 'total': 1598, 'filename': 'IMG_3027.HEIC'}
2026-03-15 22:28:28 - RENAMED: 'IMG_3027.HEIC' -> ' 2025.04.06-12.46.44.1339.KarlovyVary.HEIC'
2026-03-15 22:28:28 - PROGRESS: {'current': 1340, 'total': 1598, 'filename': 'IMG_3028.HEIC'}
2026-03-15 22:28:28 - RENAMED: 'IMG_3028.HEIC' -> ' 2025.04.06-12.53.24.1340.KarlovyVary.HEIC'
2026-03-15 22:28:28 - PROGRESS: {'current': 1341, 'total': 1598, 'filename': 'IMG_3029.HEIC'}
2026-03-15 22:28:28 - RENAMED: 'IMG_3029.HEIC' -> ' 2025.04.06-12.53.31.1341.KarlovyVary.HEIC'
2026-03-15 22:28:28 - PROGRESS: {'current': 1342, 'total': 1598, 'filename': 'IMG_3030.HEIC'}
2026-03-15 22:28:28 - RENAMED: 'IMG_3030.HEIC' -> ' 2025.04.06-12.58.07.1342.KarlovyVary.HEIC'
2026-03-15 22:28:28 - PROGRESS: {'current': 1343, 'total': 1598, 'filename': 'IMG_3031.HEIC'}
2026-03-15 22:28:28 - RENAMED: 'IMG_3031.HEIC' -> ' 2025.04.06-12.58.09.1343.KarlovyVary.HEIC'
2026-03-15 22:28:28 - PROGRESS: {'current': 1344, 'total': 1598, 'filename': 'IMG_3032.HEIC'}
2026-03-15 22:28:28 - RENAMED: 'IMG_3032.HEIC' -> ' 2025.04.06-13.06.29.1344.KarlovyVary.HEIC'
2026-03-15 22:28:28 - PROGRESS: {'current': 1345, 'total': 1598, 'filename': 'IMG_3033.MOV'}
2026-03-15 22:28:28 - RENAMED: 'IMG_3033.MOV' -> 'IMG_3033_c1.MOV'
2026-03-15 22:28:28 - PROGRESS: {'current': 1346, 'total': 1598, 'filename': 'IMG_3034.HEIC'}
2026-03-15 22:28:28 - RENAMED: 'IMG_3034.HEIC' -> ' 2025.04.06-13.09.32.1346.KarlovyVary.HEIC'
2026-03-15 22:28:28 - PROGRESS: {'current': 1347, 'total': 1598, 'filename': 'IMG_3035.HEIC'}
2026-03-15 22:28:28 - RENAMED: 'IMG_3035.HEIC' -> ' 2025.04.06-13.09.36.1347.KarlovyVary.HEIC'
2026-03-15 22:28:28 - PROGRESS: {'current': 1348, 'total': 1598, 'filename': 'IMG_3036.MOV'}
2026-03-15 22:28:28 - RENAMED: 'IMG_3036.MOV' -> 'IMG_3036_c1.MOV'
2026-03-15 22:28:28 - PROGRESS: {'current': 1349, 'total': 1598, 'filename': 'IMG_3037.HEIC'}
2026-03-15 22:28:28 - RENAMED: 'IMG_3037.HEIC' -> ' 2025.04.06-13.24.32.1349.KarlovyVary.HEIC'
2026-03-15 22:28:28 - PROGRESS: {'current': 1350, 'total': 1598, 'filename': 'IMG_3038.HEIC'}
2026-03-15 22:28:28 - RENAMED: 'IMG_3038.HEIC' -> ' 2025.04.06-14.01.29.1350.KarlovyVary.HEIC'
2026-03-15 22:28:28 - PROGRESS: {'current': 1351, 'total': 1598, 'filename': 'IMG_3039.HEIC'}
2026-03-15 22:28:28 - RENAMED: 'IMG_3039.HEIC' -> ' 2025.04.06-14.01.44.1351.KarlovyVary.HEIC'
2026-03-15 22:28:28 - PROGRESS: {'current': 1352, 'total': 1598, 'filename': 'IMG_3040.HEIC'}
2026-03-15 22:28:28 - RENAMED: 'IMG_3040.HEIC' -> ' 2025.04.06-14.07.33.1352.KarlovyVary.HEIC'
2026-03-15 22:28:28 - PROGRESS: {'current': 1353, 'total': 1598, 'filename': 'IMG_3041.HEIC'}
2026-03-15 22:28:28 - RENAMED: 'IMG_3041.HEIC' -> ' 2025.04.06-14.10.09.1353.KarlovyVary.HEIC'
2026-03-15 22:28:28 - PROGRESS: {'current': 1354, 'total': 1598, 'filename': 'IMG_3042.HEIC'}
2026-03-15 22:28:28 - RENAMED: 'IMG_3042.HEIC' -> ' 2025.04.06-14.10.11.1354.KarlovyVary.HEIC'
2026-03-15 22:28:28 - PROGRESS: {'current': 1355, 'total': 1598, 'filename': 'IMG_3043.HEIC'}
2026-03-15 22:28:28 - RENAMED: 'IMG_3043.HEIC' -> ' 2025.04.06-14.22.49.1355.KarlovyVary.HEIC'
2026-03-15 22:28:28 - PROGRESS: {'current': 1356, 'total': 1598, 'filename': 'IMG_3044.HEIC'}
2026-03-15 22:28:28 - RENAMED: 'IMG_3044.HEIC' -> ' 2025.04.06-14.33.24.1356.KarlovyVary.HEIC'
2026-03-15 22:28:28 - PROGRESS: {'current': 1357, 'total': 1598, 'filename': 'IMG_3045.HEIC'}
2026-03-15 22:28:28 - RENAMED: 'IMG_3045.HEIC' -> ' 2025.04.06-14.33.45.1357.KarlovyVary.HEIC'
2026-03-15 22:28:28 - PROGRESS: {'current': 1358, 'total': 1598, 'filename': 'IMG_3046.HEIC'}
2026-03-15 22:28:28 - RENAMED: 'IMG_3046.HEIC' -> ' 2025.04.06-14.38.56.1358.KarlovyVary.HEIC'
2026-03-15 22:28:28 - PROGRESS: {'current': 1359, 'total': 1598, 'filename': 'IMG_3047.HEIC'}
2026-03-15 22:28:28 - RENAMED: 'IMG_3047.HEIC' -> ' 2025.04.06-14.38.59.1359.KarlovyVary.HEIC'
2026-03-15 22:28:28 - PROGRESS: {'current': 1360, 'total': 1598, 'filename': 'IMG_3048.HEIC'}
2026-03-15 22:28:28 - RENAMED: 'IMG_3048.HEIC' -> ' 2025.04.06-14.39.03.1360.KarlovyVary.HEIC'
2026-03-15 22:28:28 - PROGRESS: {'current': 1361, 'total': 1598, 'filename': 'IMG_3051.HEIC'}
2026-03-15 22:28:28 - RENAMED: 'IMG_3051.HEIC' -> ' 2025.04.07-12.08.01.1361.Prague.HEIC'
2026-03-15 22:28:28 - PROGRESS: {'current': 1362, 'total': 1598, 'filename': 'IMG_3052.HEIC'}
2026-03-15 22:28:28 - RENAMED: 'IMG_3052.HEIC' -> ' 2025.04.07-12.08.15.1362.Prague.HEIC'
2026-03-15 22:28:28 - PROGRESS: {'current': 1363, 'total': 1598, 'filename': 'IMG_3053.HEIC'}
2026-03-15 22:28:28 - RENAMED: 'IMG_3053.HEIC' -> ' 2025.04.07-12.10.39.1363.Prague.HEIC'
2026-03-15 22:28:28 - PROGRESS: {'current': 1364, 'total': 1598, 'filename': 'IMG_3054.HEIC'}
2026-03-15 22:28:28 - RENAMED: 'IMG_3054.HEIC' -> ' 2025.04.07-12.12.03.1364.Prague.HEIC'
2026-03-15 22:28:28 - PROGRESS: {'current': 1365, 'total': 1598, 'filename': 'IMG_3055.HEIC'}
2026-03-15 22:28:28 - RENAMED: 'IMG_3055.HEIC' -> ' 2025.04.07-12.12.10.1365.Prague.HEIC'
2026-03-15 22:28:28 - PROGRESS: {'current': 1366, 'total': 1598, 'filename': 'IMG_3056.HEIC'}
2026-03-15 22:28:28 - RENAMED: 'IMG_3056.HEIC' -> ' 2025.04.07-12.12.23.1366.Prague.HEIC'
2026-03-15 22:28:28 - PROGRESS: {'current': 1367, 'total': 1598, 'filename': 'IMG_3057.HEIC'}
2026-03-15 22:28:28 - RENAMED: 'IMG_3057.HEIC' -> ' 2025.04.07-12.12.33.1367.Prague.HEIC'
2026-03-15 22:28:28 - PROGRESS: {'current': 1368, 'total': 1598, 'filename': 'IMG_3058.HEIC'}
2026-03-15 22:28:28 - RENAMED: 'IMG_3058.HEIC' -> ' 2025.04.07-12.12.36.1368.Prague.HEIC'
2026-03-15 22:28:28 - PROGRESS: {'current': 1369, 'total': 1598, 'filename': 'IMG_3060.HEIC'}
2026-03-15 22:28:28 - RENAMED: 'IMG_3060.HEIC' -> ' 2025.04.07-13.20.34.1369.Prague.HEIC'
2026-03-15 22:28:28 - PROGRESS: {'current': 1370, 'total': 1598, 'filename': 'IMG_3061.HEIC'}
2026-03-15 22:28:28 - RENAMED: 'IMG_3061.HEIC' -> ' 2025.04.07-13.22.46.1370.Prague.HEIC'
2026-03-15 22:28:28 - PROGRESS: {'current': 1371, 'total': 1598, 'filename': 'IMG_3062.MOV'}
2026-03-15 22:28:28 - RENAMED: 'IMG_3062.MOV' -> 'IMG_3062_c1.MOV'
2026-03-15 22:28:28 - PROGRESS: {'current': 1372, 'total': 1598, 'filename': 'IMG_3063.HEIC'}
2026-03-15 22:28:28 - RENAMED: 'IMG_3063.HEIC' -> ' 2025.04.07-13.30.55.1372.Prague.HEIC'
2026-03-15 22:28:28 - PROGRESS: {'current': 1373, 'total': 1598, 'filename': 'IMG_3064.HEIC'}
2026-03-15 22:28:28 - RENAMED: 'IMG_3064.HEIC' -> ' 2025.04.07-13.31.05.1373.Prague.HEIC'
2026-03-15 22:28:28 - PROGRESS: {'current': 1374, 'total': 1598, 'filename': 'IMG_3065.HEIC'}
2026-03-15 22:28:28 - RENAMED: 'IMG_3065.HEIC' -> ' 2025.04.07-14.51.44.1374.Prague.HEIC'
2026-03-15 22:28:28 - PROGRESS: {'current': 1375, 'total': 1598, 'filename': 'IMG_3093.HEIC'}
2026-03-15 22:28:28 - RENAMED: 'IMG_3093.HEIC' -> ' 2025.04.28-12.56.50.1375.NeoPsychiko.HEIC'
2026-03-15 22:28:28 - PROGRESS: {'current': 1376, 'total': 1598, 'filename': 'IMG_3094.HEIC'}
2026-03-15 22:28:28 - RENAMED: 'IMG_3094.HEIC' -> ' 2025.04.28-12.57.53.1376.NeoPsychiko.HEIC'
2026-03-15 22:28:28 - PROGRESS: {'current': 1377, 'total': 1598, 'filename': 'IMG_3221.JPEG'}
2026-03-15 22:28:28 - RENAMED: 'IMG_3221.JPEG' -> 'IMG_3221_c1.JPEG'
2026-03-15 22:28:28 - PROGRESS: {'current': 1378, 'total': 1598, 'filename': 'IMG_3224.HEIC'}
2026-03-15 22:28:28 - RENAMED: 'IMG_3224.HEIC' -> ' 2025.06.29-09.16.00.1378.AgiaParaskevi.HEIC'
2026-03-15 22:28:28 - PROGRESS: {'current': 1379, 'total': 1598, 'filename': 'IMG_3230.JPEG'}
2026-03-15 22:28:28 - RENAMED: 'IMG_3230.JPEG' -> ' 2025.07.04-21.08.55.1379.Istiaia-Aidipsos.JPEG'
2026-03-15 22:28:28 - PROGRESS: {'current': 1380, 'total': 1598, 'filename': 'IMG_3231.JPEG'}
2026-03-15 22:28:28 - RENAMED: 'IMG_3231.JPEG' -> ' 2025.07.04-21.09.08.1380.Istiaia-Aidipsos.JPEG'
2026-03-15 22:28:28 - PROGRESS: {'current': 1381, 'total': 1598, 'filename': 'IMG_3232.JPEG'}
2026-03-15 22:28:28 - RENAMED: 'IMG_3232.JPEG' -> ' 2025.07.04-21.09.24.1381.Istiaia-Aidipsos.JPEG'
2026-03-15 22:28:28 - PROGRESS: {'current': 1382, 'total': 1598, 'filename': 'IMG_3233.JPEG'}
2026-03-15 22:28:28 - RENAMED: 'IMG_3233.JPEG' -> ' 2025.07.04-21.09.25.1382.Istiaia-Aidipsos.JPEG'
2026-03-15 22:28:28 - PROGRESS: {'current': 1383, 'total': 1598, 'filename': 'IMG_3234.HEIC'}
2026-03-15 22:28:28 - RENAMED: 'IMG_3234.HEIC' -> ' 2025.07.04-21.10.33.1383.Istiaia-Aidipsos.HEIC'
2026-03-15 22:28:28 - PROGRESS: {'current': 1384, 'total': 1598, 'filename': 'IMG_3235.HEIC'}
2026-03-15 22:28:28 - RENAMED: 'IMG_3235.HEIC' -> ' 2025.07.04-21.10.49.1384.Istiaia-Aidipsos.HEIC'
2026-03-15 22:28:28 - PROGRESS: {'current': 1385, 'total': 1598, 'filename': 'IMG_3236.HEIC'}
2026-03-15 22:28:28 - RENAMED: 'IMG_3236.HEIC' -> ' 2025.07.05-09.22.37.1385.Istiaia-Aidipsos.HEIC'
2026-03-15 22:28:28 - PROGRESS: {'current': 1386, 'total': 1598, 'filename': 'IMG_3237.HEIC'}
2026-03-15 22:28:28 - RENAMED: 'IMG_3237.HEIC' -> ' 2025.07.05-09.22.42.1386.Istiaia-Aidipsos.HEIC'
2026-03-15 22:28:28 - PROGRESS: {'current': 1387, 'total': 1598, 'filename': 'IMG_3238.HEIC'}
2026-03-15 22:28:28 - RENAMED: 'IMG_3238.HEIC' -> ' 2025.07.05-13.58.30.1387.Istiaia-Aidipsos.HEIC'
2026-03-15 22:28:28 - PROGRESS: {'current': 1388, 'total': 1598, 'filename': 'IMG_3239.HEIC'}
2026-03-15 22:28:28 - RENAMED: 'IMG_3239.HEIC' -> ' 2025.07.05-21.31.49.1388.Istiaia-Aidipsos.HEIC'
2026-03-15 22:28:28 - PROGRESS: {'current': 1389, 'total': 1598, 'filename': 'IMG_3240.HEIC'}
2026-03-15 22:28:28 - RENAMED: 'IMG_3240.HEIC' -> ' 2025.07.05-21.31.52.1389.Istiaia-Aidipsos.HEIC'
2026-03-15 22:28:28 - PROGRESS: {'current': 1390, 'total': 1598, 'filename': 'IMG_3241.JPEG'}
2026-03-15 22:28:28 - RENAMED: 'IMG_3241.JPEG' -> ' 2025.07.05-21.32.14.1390.Istiaia-Aidipsos.JPEG'
2026-03-15 22:28:28 - PROGRESS: {'current': 1391, 'total': 1598, 'filename': 'IMG_3242.JPEG'}
2026-03-15 22:28:28 - RENAMED: 'IMG_3242.JPEG' -> ' 2025.07.05-21.32.17.1391.Istiaia-Aidipsos.JPEG'
2026-03-15 22:28:28 - PROGRESS: {'current': 1392, 'total': 1598, 'filename': 'IMG_3243.JPEG'}
2026-03-15 22:28:28 - RENAMED: 'IMG_3243.JPEG' -> ' 2025.07.05-23.26.01.1392.Istiaia-Aidipsos.JPEG'
2026-03-15 22:28:28 - PROGRESS: {'current': 1393, 'total': 1598, 'filename': 'IMG_3244.JPEG'}
2026-03-15 22:28:28 - RENAMED: 'IMG_3244.JPEG' -> ' 2025.07.06-09.02.54.1393.Istiaia-Aidipsos.JPEG'
2026-03-15 22:28:28 - PROGRESS: {'current': 1394, 'total': 1598, 'filename': 'IMG_3246.JPEG'}
2026-03-15 22:28:28 - RENAMED: 'IMG_3246.JPEG' -> ' 2025.07.06-20.18.13.1394.Istiaia-Aidipsos.JPEG'
2026-03-15 22:28:28 - PROGRESS: {'current': 1395, 'total': 1598, 'filename': 'IMG_3247.JPEG'}
2026-03-15 22:28:28 - RENAMED: 'IMG_3247.JPEG' -> ' 2025.07.06-20.18.18.1395.Istiaia-Aidipsos.JPEG'
2026-03-15 22:28:28 - PROGRESS: {'current': 1396, 'total': 1598, 'filename': 'IMG_3248.HEIC'}
2026-03-15 22:28:28 - RENAMED: 'IMG_3248.HEIC' -> ' 2025.07.06-20.49.36.1396.Istiaia-Aidipsos.HEIC'
2026-03-15 22:28:28 - PROGRESS: {'current': 1397, 'total': 1598, 'filename': 'IMG_3249.JPEG'}
2026-03-15 22:28:28 - RENAMED: 'IMG_3249.JPEG' -> ' 2025.07.06-20.50.39.1397.Istiaia-Aidipsos.JPEG'
2026-03-15 22:28:28 - PROGRESS: {'current': 1398, 'total': 1598, 'filename': 'IMG_3250.JPEG'}
2026-03-15 22:28:28 - RENAMED: 'IMG_3250.JPEG' -> ' 2025.07.06-20.51.25.1398.Istiaia-Aidipsos.JPEG'
2026-03-15 22:28:28 - PROGRESS: {'current': 1399, 'total': 1598, 'filename': 'IMG_3252.HEIC'}
2026-03-15 22:28:28 - RENAMED: 'IMG_3252.HEIC' -> ' 2025.07.07-16.19.51.1399.Oropos.HEIC'
2026-03-15 22:28:28 - PROGRESS: {'current': 1400, 'total': 1598, 'filename': 'IMG_3253.HEIC'}
2026-03-15 22:28:28 - RENAMED: 'IMG_3253.HEIC' -> ' 2025.07.07-16.19.59.1400.Oropos.HEIC'
2026-03-15 22:28:28 - PROGRESS: {'current': 1401, 'total': 1598, 'filename': 'IMG_3254.HEIC'}
2026-03-15 22:28:28 - RENAMED: 'IMG_3254.HEIC' -> ' 2025.07.07-16.19.59.1401.Oropos.HEIC'
2026-03-15 22:28:28 - PROGRESS: {'current': 1402, 'total': 1598, 'filename': 'IMG_3255.HEIC'}
2026-03-15 22:28:28 - RENAMED: 'IMG_3255.HEIC' -> ' 2025.07.07-16.20.06.1402.Oropos.HEIC'
2026-03-15 22:28:28 - PROGRESS: {'current': 1403, 'total': 1598, 'filename': 'IMG_3256.HEIC'}
2026-03-15 22:28:28 - RENAMED: 'IMG_3256.HEIC' -> ' 2025.07.07-16.20.07.1403.Oropos.HEIC'
2026-03-15 22:28:28 - PROGRESS: {'current': 1404, 'total': 1598, 'filename': 'IMG_3257.HEIC'}
2026-03-15 22:28:28 - RENAMED: 'IMG_3257.HEIC' -> ' 2025.07.07-16.20.09.1404.Oropos.HEIC'
2026-03-15 22:28:28 - PROGRESS: {'current': 1405, 'total': 1598, 'filename': 'IMG_3258.HEIC'}
2026-03-15 22:28:28 - RENAMED: 'IMG_3258.HEIC' -> ' 2025.07.07-16.20.10.1405.Oropos.HEIC'
2026-03-15 22:28:28 - PROGRESS: {'current': 1406, 'total': 1598, 'filename': 'IMG_3259.HEIC'}
2026-03-15 22:28:28 - RENAMED: 'IMG_3259.HEIC' -> ' 2025.07.07-16.20.11.1406.Oropos.HEIC'
2026-03-15 22:28:28 - PROGRESS: {'current': 1407, 'total': 1598, 'filename': 'IMG_3260.HEIC'}
2026-03-15 22:28:28 - RENAMED: 'IMG_3260.HEIC' -> ' 2025.07.07-16.20.12.1407.Oropos.HEIC'
2026-03-15 22:28:28 - PROGRESS: {'current': 1408, 'total': 1598, 'filename': 'IMG_3261.HEIC'}
2026-03-15 22:28:28 - RENAMED: 'IMG_3261.HEIC' -> ' 2025.07.07-16.20.13.1408.Oropos.HEIC'
2026-03-15 22:28:28 - PROGRESS: {'current': 1409, 'total': 1598, 'filename': 'IMG_3274.JPG'}
2026-03-15 22:28:28 - RENAMED: 'IMG_3274.JPG' -> 'IMG_3274_c1.JPG'
2026-03-15 22:28:28 - PROGRESS: {'current': 1410, 'total': 1598, 'filename': 'IMG_3275.HEIC'}
2026-03-15 22:28:28 - RENAMED: 'IMG_3275.HEIC' -> ' 2025.07.20-13.35.55.1410.AgiaParaskevi.HEIC'
2026-03-15 22:28:28 - PROGRESS: {'current': 1411, 'total': 1598, 'filename': 'IMG_3277.JPEG'}
2026-03-15 22:28:28 - RENAMED: 'IMG_3277.JPEG' -> ' 2025.07.20-13.36.53.1411.AgiaParaskevi.JPEG'
2026-03-15 22:28:28 - PROGRESS: {'current': 1412, 'total': 1598, 'filename': 'IMG_3278.JPEG'}
2026-03-15 22:28:28 - RENAMED: 'IMG_3278.JPEG' -> ' 2025.07.20-13.36.57.1412.AgiaParaskevi.JPEG'
2026-03-15 22:28:28 - PROGRESS: {'current': 1413, 'total': 1598, 'filename': 'IMG_3280.HEIC'}
2026-03-15 22:28:28 - RENAMED: 'IMG_3280.HEIC' -> ' 2025.07.20-20.55.03.1413.AgiaParaskevi.HEIC'
2026-03-15 22:28:28 - PROGRESS: {'current': 1414, 'total': 1598, 'filename': 'IMG_3281.HEIC'}
2026-03-15 22:28:28 - RENAMED: 'IMG_3281.HEIC' -> ' 2025.07.20-20.55.06.1414.AgiaParaskevi.HEIC'
2026-03-15 22:28:28 - PROGRESS: {'current': 1415, 'total': 1598, 'filename': 'IMG_3282.HEIC'}
2026-03-15 22:28:28 - RENAMED: 'IMG_3282.HEIC' -> ' 2025.07.20-20.55.16.1415.AgiaParaskevi.HEIC'
2026-03-15 22:28:28 - PROGRESS: {'current': 1416, 'total': 1598, 'filename': 'IMG_3283.HEIC'}
2026-03-15 22:28:28 - RENAMED: 'IMG_3283.HEIC' -> ' 2025.07.20-20.55.25.1416.AgiaParaskevi.HEIC'
2026-03-15 22:28:28 - PROGRESS: {'current': 1417, 'total': 1598, 'filename': 'IMG_3284.HEIC'}
2026-03-15 22:28:28 - RENAMED: 'IMG_3284.HEIC' -> ' 2025.07.20-20.55.27.1417.AgiaParaskevi.HEIC'
2026-03-15 22:28:28 - PROGRESS: {'current': 1418, 'total': 1598, 'filename': 'IMG_3285.HEIC'}
2026-03-15 22:28:28 - RENAMED: 'IMG_3285.HEIC' -> ' 2025.07.20-20.55.47.1418.AgiaParaskevi.HEIC'
2026-03-15 22:28:28 - PROGRESS: {'current': 1419, 'total': 1598, 'filename': 'IMG_3286.HEIC'}
2026-03-15 22:28:28 - RENAMED: 'IMG_3286.HEIC' -> ' 2025.07.20-20.55.50.1419.AgiaParaskevi.HEIC'
2026-03-15 22:28:28 - PROGRESS: {'current': 1420, 'total': 1598, 'filename': 'IMG_3287.HEIC'}
2026-03-15 22:28:28 - RENAMED: 'IMG_3287.HEIC' -> ' 2025.07.20-20.55.51.1420.AgiaParaskevi.HEIC'
2026-03-15 22:28:28 - PROGRESS: {'current': 1421, 'total': 1598, 'filename': 'IMG_3288.HEIC'}
2026-03-15 22:28:28 - RENAMED: 'IMG_3288.HEIC' -> ' 2025.07.20-20.55.53.1421.AgiaParaskevi.HEIC'
2026-03-15 22:28:28 - PROGRESS: {'current': 1422, 'total': 1598, 'filename': 'IMG_3289.HEIC'}
2026-03-15 22:28:28 - RENAMED: 'IMG_3289.HEIC' -> ' 2025.07.20-20.55.54.1422.AgiaParaskevi.HEIC'
2026-03-15 22:28:28 - PROGRESS: {'current': 1423, 'total': 1598, 'filename': 'IMG_3295.JPEG'}
2026-03-15 22:28:28 - RENAMED: 'IMG_3295.JPEG' -> ' 2025.07.26-13.41.47.1423.NeoPsychiko.JPEG'
2026-03-15 22:28:28 - PROGRESS: {'current': 1424, 'total': 1598, 'filename': 'IMG_3296.JPEG'}
2026-03-15 22:28:28 - RENAMED: 'IMG_3296.JPEG' -> ' 2025.07.26-13.41.56.1424.NeoPsychiko.JPEG'
2026-03-15 22:28:28 - PROGRESS: {'current': 1425, 'total': 1598, 'filename': 'IMG_3297.JPEG'}
2026-03-15 22:28:28 - RENAMED: 'IMG_3297.JPEG' -> ' 2025.07.26-13.41.57.1425.NeoPsychiko.JPEG'
2026-03-15 22:28:28 - PROGRESS: {'current': 1426, 'total': 1598, 'filename': 'IMG_3298.JPEG'}
2026-03-15 22:28:28 - RENAMED: 'IMG_3298.JPEG' -> ' 2025.07.26-13.41.58.1426.NeoPsychiko.JPEG'
2026-03-15 22:28:28 - PROGRESS: {'current': 1427, 'total': 1598, 'filename': 'IMG_3305.HEIC'}
2026-03-15 22:28:28 - RENAMED: 'IMG_3305.HEIC' -> ' 2025.08.07-12.22.45.1427.Nafplio.HEIC'
2026-03-15 22:28:28 - PROGRESS: {'current': 1428, 'total': 1598, 'filename': 'IMG_3311.JPEG'}
2026-03-15 22:28:28 - RENAMED: 'IMG_3311.JPEG' -> ' 2025.08.15-12.52.42.1428.NeoPsychiko.JPEG'
2026-03-15 22:28:28 - PROGRESS: {'current': 1429, 'total': 1598, 'filename': 'IMG_3312.JPEG'}
2026-03-15 22:28:28 - RENAMED: 'IMG_3312.JPEG' -> ' 2025.08.15-12.52.49.1429.NeoPsychiko.JPEG'
2026-03-15 22:28:28 - PROGRESS: {'current': 1430, 'total': 1598, 'filename': 'IMG_3313.JPEG'}
2026-03-15 22:28:28 - RENAMED: 'IMG_3313.JPEG' -> ' 2025.08.15-12.53.00.1430.NeoPsychiko.JPEG'
2026-03-15 22:28:28 - PROGRESS: {'current': 1431, 'total': 1598, 'filename': 'IMG_3315.HEIC'}
2026-03-15 22:28:28 - RENAMED: 'IMG_3315.HEIC' -> ' 2025.08.15-14.00.37.1431.AgiaParaskevi.HEIC'
2026-03-15 22:28:28 - PROGRESS: {'current': 1432, 'total': 1598, 'filename': 'IMG_3316.MOV'}
2026-03-15 22:28:28 - RENAMED: 'IMG_3316.MOV' -> 'IMG_3316_c1.MOV'
2026-03-15 22:28:28 - PROGRESS: {'current': 1433, 'total': 1598, 'filename': 'IMG_3344.JPEG'}
2026-03-15 22:28:28 - RENAMED: 'IMG_3344.JPEG' -> ' 2025.09.01-19.05.15.1433.NeoPsychiko.JPEG'
2026-03-15 22:28:28 - PROGRESS: {'current': 1434, 'total': 1598, 'filename': 'IMG_3352.JPEG'}
2026-03-15 22:28:28 - RENAMED: 'IMG_3352.JPEG' -> ' 2025.09.06-15.53.24.1434.LavreotikiMunicipalUnit.JPEG'
2026-03-15 22:28:28 - PROGRESS: {'current': 1435, 'total': 1598, 'filename': 'IMG_3353.JPEG'}
2026-03-15 22:28:28 - RENAMED: 'IMG_3353.JPEG' -> ' 2025.09.06-15.53.29.1435.LavreotikiMunicipalUnit.JPEG'
2026-03-15 22:28:28 - PROGRESS: {'current': 1436, 'total': 1598, 'filename': 'IMG_3371.MOV'}
2026-03-15 22:28:28 - RENAMED: 'IMG_3371.MOV' -> 'IMG_3371_c1.MOV'
2026-03-15 22:28:28 - PROGRESS: {'current': 1437, 'total': 1598, 'filename': 'IMG_3372.JPEG'}
2026-03-15 22:28:28 - RENAMED: 'IMG_3372.JPEG' -> ' 2025.09.13-22.28.49.1437.Athens.JPEG'
2026-03-15 22:28:28 - PROGRESS: {'current': 1438, 'total': 1598, 'filename': 'IMG_3373.JPEG'}
2026-03-15 22:28:28 - RENAMED: 'IMG_3373.JPEG' -> ' 2025.09.13-22.28.54.1438.Athens.JPEG'
2026-03-15 22:28:28 - PROGRESS: {'current': 1439, 'total': 1598, 'filename': 'IMG_3374.JPEG'}
2026-03-15 22:28:28 - RENAMED: 'IMG_3374.JPEG' -> ' 2025.09.13-22.47.28.1439.Athens.JPEG'
2026-03-15 22:28:28 - PROGRESS: {'current': 1440, 'total': 1598, 'filename': 'IMG_3375.JPEG'}
2026-03-15 22:28:28 - RENAMED: 'IMG_3375.JPEG' -> ' 2025.09.13-22.47.40.1440.Athens.JPEG'
2026-03-15 22:28:28 - PROGRESS: {'current': 1441, 'total': 1598, 'filename': 'IMG_3376.JPEG'}
2026-03-15 22:28:28 - RENAMED: 'IMG_3376.JPEG' -> ' 2025.09.13-22.47.52.1441.Athens.JPEG'
2026-03-15 22:28:28 - PROGRESS: {'current': 1442, 'total': 1598, 'filename': 'IMG_3377.JPEG'}
2026-03-15 22:28:28 - RENAMED: 'IMG_3377.JPEG' -> ' 2025.09.13-22.48.00.1442.Athens.JPEG'
2026-03-15 22:28:28 - PROGRESS: {'current': 1443, 'total': 1598, 'filename': 'IMG_3378.MOV'}
2026-03-15 22:28:28 - RENAMED: 'IMG_3378.MOV' -> 'IMG_3378_c1.MOV'
2026-03-15 22:28:28 - PROGRESS: {'current': 1444, 'total': 1598, 'filename': 'IMG_3379.MOV'}
2026-03-15 22:28:28 - RENAMED: 'IMG_3379.MOV' -> 'IMG_3379_c1.MOV'
2026-03-15 22:28:28 - PROGRESS: {'current': 1445, 'total': 1598, 'filename': 'IMG_3380.MOV'}
2026-03-15 22:28:28 - RENAMED: 'IMG_3380.MOV' -> 'IMG_3380_c1.MOV'
2026-03-15 22:28:28 - PROGRESS: {'current': 1446, 'total': 1598, 'filename': 'IMG_3381.HEIC'}
2026-03-15 22:28:28 - RENAMED: 'IMG_3381.HEIC' -> ' 2025.09.14-00.25.10.1446.Athens.HEIC'
2026-03-15 22:28:28 - PROGRESS: {'current': 1447, 'total': 1598, 'filename': 'IMG_3382.HEIC'}
2026-03-15 22:28:28 - RENAMED: 'IMG_3382.HEIC' -> ' 2025.09.14-00.25.16.1447.Athens.HEIC'
2026-03-15 22:28:28 - PROGRESS: {'current': 1448, 'total': 1598, 'filename': 'IMG_3383.MOV'}
2026-03-15 22:28:28 - RENAMED: 'IMG_3383.MOV' -> 'IMG_3383_c1.MOV'
2026-03-15 22:28:28 - PROGRESS: {'current': 1449, 'total': 1598, 'filename': 'IMG_3384.JPEG'}
2026-03-15 22:28:28 - RENAMED: 'IMG_3384.JPEG' -> ' 2025.09.14-00.34.41.1449.Athens.JPEG'
2026-03-15 22:28:28 - PROGRESS: {'current': 1450, 'total': 1598, 'filename': 'IMG_3385.JPEG'}
2026-03-15 22:28:28 - RENAMED: 'IMG_3385.JPEG' -> ' 2025.09.14-00.35.25.1450.Athens.JPEG'
2026-03-15 22:28:28 - PROGRESS: {'current': 1451, 'total': 1598, 'filename': 'IMG_3386.MOV'}
2026-03-15 22:28:28 - RENAMED: 'IMG_3386.MOV' -> 'IMG_3386_c1.MOV'
2026-03-15 22:28:28 - PROGRESS: {'current': 1452, 'total': 1598, 'filename': 'IMG_3390.HEIC'}
2026-03-15 22:28:28 - RENAMED: 'IMG_3390.HEIC' -> ' 2025.09.17-19.39.01.1452.AgiaParaskevi.HEIC'
2026-03-15 22:28:28 - PROGRESS: {'current': 1453, 'total': 1598, 'filename': 'IMG_3418.JPEG'}
2026-03-15 22:28:28 - RENAMED: 'IMG_3418.JPEG' -> ' 2025.09.29-00.08.22.1453.AgiaParaskevi.JPEG'
2026-03-15 22:28:28 - PROGRESS: {'current': 1454, 'total': 1598, 'filename': 'IMG_3419.JPEG'}
2026-03-15 22:28:28 - RENAMED: 'IMG_3419.JPEG' -> ' 2025.09.29-00.08.25.1454.AgiaParaskevi.JPEG'
2026-03-15 22:28:28 - PROGRESS: {'current': 1455, 'total': 1598, 'filename': 'IMG_3420.JPEG'}
2026-03-15 22:28:28 - RENAMED: 'IMG_3420.JPEG' -> ' 2025.09.29-00.08.35.1455.AgiaParaskevi.JPEG'
2026-03-15 22:28:28 - PROGRESS: {'current': 1456, 'total': 1598, 'filename': 'IMG_3421.JPEG'}
2026-03-15 22:28:28 - RENAMED: 'IMG_3421.JPEG' -> ' 2025.09.29-00.08.36.1456.AgiaParaskevi.JPEG'
2026-03-15 22:28:28 - PROGRESS: {'current': 1457, 'total': 1598, 'filename': 'IMG_3422.JPEG'}
2026-03-15 22:28:28 - RENAMED: 'IMG_3422.JPEG' -> ' 2025.09.29-00.08.41.1457.AgiaParaskevi.JPEG'
2026-03-15 22:28:28 - PROGRESS: {'current': 1458, 'total': 1598, 'filename': 'IMG_3423.JPEG'}
2026-03-15 22:28:28 - RENAMED: 'IMG_3423.JPEG' -> ' 2025.09.29-00.08.46.1458.AgiaParaskevi.JPEG'
2026-03-15 22:28:28 - PROGRESS: {'current': 1459, 'total': 1598, 'filename': 'IMG_3425.JPEG'}
2026-03-15 22:28:28 - RENAMED: 'IMG_3425.JPEG' -> ' 2025.09.29-21.43.40.1459.Cholargos.JPEG'
2026-03-15 22:28:28 - PROGRESS: {'current': 1460, 'total': 1598, 'filename': 'IMG_3426.JPEG'}
2026-03-15 22:28:28 - RENAMED: 'IMG_3426.JPEG' -> ' 2025.09.29-21.43.56.1460.Cholargos.JPEG'
2026-03-15 22:28:28 - PROGRESS: {'current': 1461, 'total': 1598, 'filename': 'IMG_3427.JPEG'}
2026-03-15 22:28:28 - RENAMED: 'IMG_3427.JPEG' -> 'IMG_3427_c1.JPEG'
2026-03-15 22:28:28 - PROGRESS: {'current': 1462, 'total': 1598, 'filename': 'IMG_3436.HEIC'}
2026-03-15 22:28:28 - RENAMED: 'IMG_3436.HEIC' -> ' 2025.10.05-10.43.31.1462.AgiaParaskevi.HEIC'
2026-03-15 22:28:28 - PROGRESS: {'current': 1463, 'total': 1598, 'filename': 'IMG_3446.HEIC'}
2026-03-15 22:28:28 - RENAMED: 'IMG_3446.HEIC' -> ' 2025.10.15-08.39.33.1463.AgiaParaskevi.HEIC'
2026-03-15 22:28:28 - PROGRESS: {'current': 1464, 'total': 1598, 'filename': 'IMG_344626AC-DE11-4077-BC0C-2A7B56368ECC.jpeg'}
2026-03-15 22:28:28 - RENAMED: 'IMG_344626AC-DE11-4077-BC0C-2A7B56368ECC.jpeg' -> ' 2025.04.04-17.55.38.1464..jpeg'
2026-03-15 22:28:28 - PROGRESS: {'current': 1465, 'total': 1598, 'filename': 'IMG_3452.JPEG'}
2026-03-15 22:28:28 - RENAMED: 'IMG_3452.JPEG' -> ' 2025.10.17-10.28.16.1465.AgiaParaskevi.JPEG'
2026-03-15 22:28:28 - PROGRESS: {'current': 1466, 'total': 1598, 'filename': 'IMG_3453.JPEG'}
2026-03-15 22:28:28 - RENAMED: 'IMG_3453.JPEG' -> ' 2025.10.17-10.28.20.1466.AgiaParaskevi.JPEG'
2026-03-15 22:28:28 - PROGRESS: {'current': 1467, 'total': 1598, 'filename': 'IMG_3470.HEIC'}
2026-03-15 22:28:28 - RENAMED: 'IMG_3470.HEIC' -> ' 2025.10.21-17.31.18.1467.NeoPsychiko.HEIC'
2026-03-15 22:28:28 - PROGRESS: {'current': 1468, 'total': 1598, 'filename': 'IMG_3473.JPEG'}
2026-03-15 22:28:28 - RENAMED: 'IMG_3473.JPEG' -> ' 2025.10.25-22.15.46.1468.Athens.JPEG'
2026-03-15 22:28:28 - PROGRESS: {'current': 1469, 'total': 1598, 'filename': 'IMG_3474.JPEG'}
2026-03-15 22:28:28 - RENAMED: 'IMG_3474.JPEG' -> ' 2025.10.25-22.15.55.1469.Athens.JPEG'
2026-03-15 22:28:28 - PROGRESS: {'current': 1470, 'total': 1598, 'filename': 'IMG_3475.JPEG'}
2026-03-15 22:28:28 - RENAMED: 'IMG_3475.JPEG' -> ' 2025.10.25-22.15.56.1470.Athens.JPEG'
2026-03-15 22:28:28 - PROGRESS: {'current': 1471, 'total': 1598, 'filename': 'IMG_3567.JPEG'}
2026-03-15 22:28:28 - RENAMED: 'IMG_3567.JPEG' -> ' 2025.12.19-18.33.45.1471.AgiaParaskevi.JPEG'
2026-03-15 22:28:28 - PROGRESS: {'current': 1472, 'total': 1598, 'filename': 'IMG_3568.MOV'}
2026-03-15 22:28:28 - RENAMED: 'IMG_3568.MOV' -> 'IMG_3568_c1.MOV'
2026-03-15 22:28:28 - PROGRESS: {'current': 1473, 'total': 1598, 'filename': 'IMG_3569.JPEG'}
2026-03-15 22:28:28 - RENAMED: 'IMG_3569.JPEG' -> ' 2025.12.19-18.35.41.1473.AgiaParaskevi.JPEG'
2026-03-15 22:28:28 - PROGRESS: {'current': 1474, 'total': 1598, 'filename': 'IMG_3570.JPEG'}
2026-03-15 22:28:28 - RENAMED: 'IMG_3570.JPEG' -> ' 2025.12.19-18.35.51.1474.AgiaParaskevi.JPEG'
2026-03-15 22:28:28 - PROGRESS: {'current': 1475, 'total': 1598, 'filename': 'IMG_3571.JPEG'}
2026-03-15 22:28:28 - RENAMED: 'IMG_3571.JPEG' -> ' 2025.12.19-18.35.56.1475.AgiaParaskevi.JPEG'
2026-03-15 22:28:28 - PROGRESS: {'current': 1476, 'total': 1598, 'filename': 'IMG_3572.JPEG'}
2026-03-15 22:28:28 - RENAMED: 'IMG_3572.JPEG' -> ' 2025.12.19-18.35.58.1476.AgiaParaskevi.JPEG'
2026-03-15 22:28:28 - PROGRESS: {'current': 1477, 'total': 1598, 'filename': 'IMG_3573.JPEG'}
2026-03-15 22:28:28 - RENAMED: 'IMG_3573.JPEG' -> ' 2025.12.19-18.35.59.1477.AgiaParaskevi.JPEG'
2026-03-15 22:28:28 - PROGRESS: {'current': 1478, 'total': 1598, 'filename': 'IMG_3574.JPEG'}
2026-03-15 22:28:28 - RENAMED: 'IMG_3574.JPEG' -> ' 2025.12.19-18.36.05.1478.AgiaParaskevi.JPEG'
2026-03-15 22:28:28 - PROGRESS: {'current': 1479, 'total': 1598, 'filename': 'IMG_3585.JPEG'}
2026-03-15 22:28:28 - RENAMED: 'IMG_3585.JPEG' -> ' 2025.12.25-16.37.27.1479.GerakasMunicipalUnit.JPEG'
2026-03-15 22:28:28 - PROGRESS: {'current': 1480, 'total': 1598, 'filename': 'IMG_3586.JPEG'}
2026-03-15 22:28:29 - RENAMED: 'IMG_3586.JPEG' -> ' 2025.12.25-16.37.33.1480.GerakasMunicipalUnit.JPEG'
2026-03-15 22:28:29 - PROGRESS: {'current': 1481, 'total': 1598, 'filename': 'IMG_3587.JPEG'}
2026-03-15 22:28:29 - RENAMED: 'IMG_3587.JPEG' -> ' 2025.12.25-16.37.55.1481.GerakasMunicipalUnit.JPEG'
2026-03-15 22:28:29 - PROGRESS: {'current': 1482, 'total': 1598, 'filename': 'IMG_3588.JPEG'}
2026-03-15 22:28:29 - RENAMED: 'IMG_3588.JPEG' -> ' 2025.12.25-16.38.00.1482.GerakasMunicipalUnit.JPEG'
2026-03-15 22:28:29 - PROGRESS: {'current': 1483, 'total': 1598, 'filename': 'IMG_3589.JPEG'}
2026-03-15 22:28:29 - RENAMED: 'IMG_3589.JPEG' -> ' 2025.12.25-17.59.55.1483.GerakasMunicipalUnit.JPEG'
2026-03-15 22:28:29 - PROGRESS: {'current': 1484, 'total': 1598, 'filename': 'IMG_3590.JPEG'}
2026-03-15 22:28:29 - RENAMED: 'IMG_3590.JPEG' -> ' 2025.12.25-18.00.10.1484.GerakasMunicipalUnit.JPEG'
2026-03-15 22:28:29 - PROGRESS: {'current': 1485, 'total': 1598, 'filename': 'IMG_3591.JPEG'}
2026-03-15 22:28:29 - RENAMED: 'IMG_3591.JPEG' -> ' 2025.12.25-18.00.12.1485.GerakasMunicipalUnit.JPEG'
2026-03-15 22:28:29 - PROGRESS: {'current': 1486, 'total': 1598, 'filename': 'IMG_3592.JPEG'}
2026-03-15 22:28:29 - RENAMED: 'IMG_3592.JPEG' -> ' 2025.12.25-22.29.55.1486.Athens.JPEG'
2026-03-15 22:28:29 - PROGRESS: {'current': 1487, 'total': 1598, 'filename': 'IMG_3593.JPEG'}
2026-03-15 22:28:29 - RENAMED: 'IMG_3593.JPEG' -> ' 2025.12.25-22.29.59.1487.Athens.JPEG'
2026-03-15 22:28:29 - PROGRESS: {'current': 1488, 'total': 1598, 'filename': 'IMG_3594.JPEG'}
2026-03-15 22:28:29 - RENAMED: 'IMG_3594.JPEG' -> ' 2025.12.25-22.59.57.1488.Athens.JPEG'
2026-03-15 22:28:29 - PROGRESS: {'current': 1489, 'total': 1598, 'filename': 'IMG_3595.MOV'}
2026-03-15 22:28:29 - RENAMED: 'IMG_3595.MOV' -> 'IMG_3595_c1.MOV'
2026-03-15 22:28:29 - PROGRESS: {'current': 1490, 'total': 1598, 'filename': 'IMG_3596.MOV'}
2026-03-15 22:28:29 - RENAMED: 'IMG_3596.MOV' -> 'IMG_3596_c1.MOV'
2026-03-15 22:28:29 - PROGRESS: {'current': 1491, 'total': 1598, 'filename': 'IMG_3597.JPEG'}
2026-03-15 22:28:29 - RENAMED: 'IMG_3597.JPEG' -> ' 2025.12.25-23.48.45.1491.Athens.JPEG'
2026-03-15 22:28:29 - PROGRESS: {'current': 1492, 'total': 1598, 'filename': 'IMG_3598.JPEG'}
2026-03-15 22:28:29 - RENAMED: 'IMG_3598.JPEG' -> ' 2025.12.25-23.48.54.1492.Athens.JPEG'
2026-03-15 22:28:29 - PROGRESS: {'current': 1493, 'total': 1598, 'filename': 'IMG_3599.JPEG'}
2026-03-15 22:28:29 - RENAMED: 'IMG_3599.JPEG' -> ' 2025.12.25-23.48.57.1493.Athens.JPEG'
2026-03-15 22:28:29 - PROGRESS: {'current': 1494, 'total': 1598, 'filename': 'IMG_3600.MOV'}
2026-03-15 22:28:29 - RENAMED: 'IMG_3600.MOV' -> 'IMG_3600_c1.MOV'
2026-03-15 22:28:29 - PROGRESS: {'current': 1495, 'total': 1598, 'filename': 'IMG_3601.MOV'}
2026-03-15 22:28:29 - RENAMED: 'IMG_3601.MOV' -> 'IMG_3601_c1.MOV'
2026-03-15 22:28:29 - PROGRESS: {'current': 1496, 'total': 1598, 'filename': 'IMG_3602.JPEG'}
2026-03-15 22:28:29 - RENAMED: 'IMG_3602.JPEG' -> ' 2025.12.26-00.24.03.1496.Athens.JPEG'
2026-03-15 22:28:29 - PROGRESS: {'current': 1497, 'total': 1598, 'filename': 'IMG_3603.JPEG'}
2026-03-15 22:28:29 - RENAMED: 'IMG_3603.JPEG' -> ' 2025.12.26-00.24.14.1497.Athens.JPEG'
2026-03-15 22:28:29 - PROGRESS: {'current': 1498, 'total': 1598, 'filename': 'IMG_3604.JPEG'}
2026-03-15 22:28:29 - RENAMED: 'IMG_3604.JPEG' -> ' 2025.12.26-00.34.37.1498.Athens.JPEG'
2026-03-15 22:28:29 - PROGRESS: {'current': 1499, 'total': 1598, 'filename': 'IMG_3605.JPEG'}
2026-03-15 22:28:29 - RENAMED: 'IMG_3605.JPEG' -> ' 2025.12.26-00.34.40.1499.Athens.JPEG'
2026-03-15 22:28:29 - PROGRESS: {'current': 1500, 'total': 1598, 'filename': 'IMG_3606.HEIC'}
2026-03-15 22:28:29 - RENAMED: 'IMG_3606.HEIC' -> ' 2025.12.26-00.38.07.1500.Athens.HEIC'
2026-03-15 22:28:29 - PROGRESS: {'current': 1501, 'total': 1598, 'filename': 'IMG_3607.HEIC'}
2026-03-15 22:28:29 - RENAMED: 'IMG_3607.HEIC' -> ' 2025.12.26-00.38.11.1501.Athens.HEIC'
2026-03-15 22:28:29 - PROGRESS: {'current': 1502, 'total': 1598, 'filename': 'IMG_3608.MOV'}
2026-03-15 22:28:29 - RENAMED: 'IMG_3608.MOV' -> 'IMG_3608_c1.MOV'
2026-03-15 22:28:29 - PROGRESS: {'current': 1503, 'total': 1598, 'filename': 'IMG_3609.JPEG'}
2026-03-15 22:28:29 - RENAMED: 'IMG_3609.JPEG' -> ' 2025.12.26-00.59.41.1503.Athens.JPEG'
2026-03-15 22:28:29 - PROGRESS: {'current': 1504, 'total': 1598, 'filename': 'IMG_3610.JPEG'}
2026-03-15 22:28:29 - RENAMED: 'IMG_3610.JPEG' -> ' 2025.12.26-01.01.46.1504.Athens.JPEG'
2026-03-15 22:28:29 - PROGRESS: {'current': 1505, 'total': 1598, 'filename': 'IMG_3611.JPEG'}
2026-03-15 22:28:29 - RENAMED: 'IMG_3611.JPEG' -> ' 2025.12.26-01.01.49.1505.Athens.JPEG'
2026-03-15 22:28:29 - PROGRESS: {'current': 1506, 'total': 1598, 'filename': 'IMG_3612.JPEG'}
2026-03-15 22:28:29 - RENAMED: 'IMG_3612.JPEG' -> ' 2025.12.26-01.01.51.1506.Athens.JPEG'
2026-03-15 22:28:29 - PROGRESS: {'current': 1507, 'total': 1598, 'filename': 'IMG_3613.JPEG'}
2026-03-15 22:28:29 - RENAMED: 'IMG_3613.JPEG' -> ' 2025.12.26-01.01.53.1507.Athens.JPEG'
2026-03-15 22:28:29 - PROGRESS: {'current': 1508, 'total': 1598, 'filename': 'IMG_3625.JPG'}
2026-03-15 22:28:29 - RENAMED: 'IMG_3625.JPG' -> ' 2025.12.28-11.07.21.1508.Oropos.JPG'
2026-03-15 22:28:29 - PROGRESS: {'current': 1509, 'total': 1598, 'filename': 'IMG_3626.JPG'}
2026-03-15 22:28:29 - RENAMED: 'IMG_3626.JPG' -> ' 2025.12.28-11.07.24.1509.Oropos.JPG'
2026-03-15 22:28:29 - PROGRESS: {'current': 1510, 'total': 1598, 'filename': 'IMG_3627.JPG'}
2026-03-15 22:28:29 - RENAMED: 'IMG_3627.JPG' -> ' 2025.12.28-11.07.30.1510.Oropos.JPG'
2026-03-15 22:28:29 - PROGRESS: {'current': 1511, 'total': 1598, 'filename': 'IMG_3630.JPG'}
2026-03-15 22:28:29 - RENAMED: 'IMG_3630.JPG' -> ' 2025.12.28-12.46.57.1511.Oropos.JPG'
2026-03-15 22:28:29 - PROGRESS: {'current': 1512, 'total': 1598, 'filename': 'IMG_3631.JPG'}
2026-03-15 22:28:29 - RENAMED: 'IMG_3631.JPG' -> ' 2025.12.28-12.46.59.1512.Oropos.JPG'
2026-03-15 22:28:29 - PROGRESS: {'current': 1513, 'total': 1598, 'filename': 'IMG_3632.JPG'}
2026-03-15 22:28:29 - RENAMED: 'IMG_3632.JPG' -> ' 2025.12.28-12.47.02.1513.Oropos.JPG'
2026-03-15 22:28:29 - PROGRESS: {'current': 1514, 'total': 1598, 'filename': 'IMG_3633.JPG'}
2026-03-15 22:28:29 - RENAMED: 'IMG_3633.JPG' -> ' 2025.12.28-12.47.57.1514.Oropos.JPG'
2026-03-15 22:28:29 - PROGRESS: {'current': 1515, 'total': 1598, 'filename': 'IMG_3634.JPG'}
2026-03-15 22:28:29 - RENAMED: 'IMG_3634.JPG' -> ' 2025.12.28-12.48.05.1515.Oropos.JPG'
2026-03-15 22:28:29 - PROGRESS: {'current': 1516, 'total': 1598, 'filename': 'IMG_3635.JPG'}
2026-03-15 22:28:29 - RENAMED: 'IMG_3635.JPG' -> ' 2025.12.28-12.48.27.1516.Oropos.JPG'
2026-03-15 22:28:29 - PROGRESS: {'current': 1517, 'total': 1598, 'filename': 'IMG_3636.JPG'}
2026-03-15 22:28:29 - RENAMED: 'IMG_3636.JPG' -> ' 2025.12.28-12.48.32.1517.Oropos.JPG'
2026-03-15 22:28:29 - PROGRESS: {'current': 1518, 'total': 1598, 'filename': 'IMG_3637.JPG'}
2026-03-15 22:28:29 - RENAMED: 'IMG_3637.JPG' -> ' 2025.12.28-12.48.35.1518.Oropos.JPG'
2026-03-15 22:28:29 - PROGRESS: {'current': 1519, 'total': 1598, 'filename': 'IMG_3638.JPG'}
2026-03-15 22:28:29 - RENAMED: 'IMG_3638.JPG' -> ' 2025.12.28-12.48.38.1519.Oropos.JPG'
2026-03-15 22:28:29 - PROGRESS: {'current': 1520, 'total': 1598, 'filename': 'IMG_3639.JPG'}
2026-03-15 22:28:29 - RENAMED: 'IMG_3639.JPG' -> ' 2025.12.28-12.52.18.1520.Oropos.JPG'
2026-03-15 22:28:29 - PROGRESS: {'current': 1521, 'total': 1598, 'filename': 'IMG_3640.JPG'}
2026-03-15 22:28:29 - RENAMED: 'IMG_3640.JPG' -> ' 2025.12.28-12.52.40.1521.Oropos.JPG'
2026-03-15 22:28:29 - PROGRESS: {'current': 1522, 'total': 1598, 'filename': 'IMG_3641.JPG'}
2026-03-15 22:28:29 - RENAMED: 'IMG_3641.JPG' -> ' 2025.12.28-12.54.23.1522.Oropos.JPG'
2026-03-15 22:28:29 - PROGRESS: {'current': 1523, 'total': 1598, 'filename': 'IMG_3642.JPG'}
2026-03-15 22:28:29 - RENAMED: 'IMG_3642.JPG' -> ' 2025.12.28-12.54.24.1523.Oropos.JPG'
2026-03-15 22:28:29 - PROGRESS: {'current': 1524, 'total': 1598, 'filename': 'IMG_3643.JPG'}
2026-03-15 22:28:29 - RENAMED: 'IMG_3643.JPG' -> ' 2025.12.28-12.54.31.1524.Oropos.JPG'
2026-03-15 22:28:29 - PROGRESS: {'current': 1525, 'total': 1598, 'filename': 'IMG_3644.JPG'}
2026-03-15 22:28:29 - RENAMED: 'IMG_3644.JPG' -> ' 2025.12.28-12.54.33.1525.Oropos.JPG'
2026-03-15 22:28:29 - PROGRESS: {'current': 1526, 'total': 1598, 'filename': 'IMG_3645.JPG'}
2026-03-15 22:28:29 - RENAMED: 'IMG_3645.JPG' -> ' 2025.12.28-12.54.34.1526.Oropos.JPG'
2026-03-15 22:28:29 - PROGRESS: {'current': 1527, 'total': 1598, 'filename': 'IMG_3646.JPG'}
2026-03-15 22:28:29 - RENAMED: 'IMG_3646.JPG' -> ' 2025.12.28-13.07.37.1527.Oropos.JPG'
2026-03-15 22:28:29 - PROGRESS: {'current': 1528, 'total': 1598, 'filename': 'IMG_3647.JPEG'}
2026-03-15 22:28:29 - RENAMED: 'IMG_3647.JPEG' -> ' 2025.12.28-13.19.54.1528.Oropos.JPEG'
2026-03-15 22:28:29 - PROGRESS: {'current': 1529, 'total': 1598, 'filename': 'IMG_3654.JPG'}
2026-03-15 22:28:29 - RENAMED: 'IMG_3654.JPG' -> ' 2026.01.01-00.25.52.1529.Kifisia.JPG'
2026-03-15 22:28:29 - PROGRESS: {'current': 1530, 'total': 1598, 'filename': 'IMG_3655.JPG'}
2026-03-15 22:28:29 - RENAMED: 'IMG_3655.JPG' -> ' 2026.01.01-00.26.01.1530.Kifisia.JPG'
2026-03-15 22:28:29 - PROGRESS: {'current': 1531, 'total': 1598, 'filename': 'IMG_3656.JPG'}
2026-03-15 22:28:29 - RENAMED: 'IMG_3656.JPG' -> ' 2026.01.01-00.27.52.1531.Kifisia.JPG'
2026-03-15 22:28:29 - PROGRESS: {'current': 1532, 'total': 1598, 'filename': 'IMG_3657.JPG'}
2026-03-15 22:28:29 - RENAMED: 'IMG_3657.JPG' -> ' 2026.01.01-00.27.56.1532.Kifisia.JPG'
2026-03-15 22:28:29 - PROGRESS: {'current': 1533, 'total': 1598, 'filename': 'IMG_3658.JPG'}
2026-03-15 22:28:29 - RENAMED: 'IMG_3658.JPG' -> ' 2026.01.01-00.28.15.1533.Kifisia.JPG'
2026-03-15 22:28:29 - PROGRESS: {'current': 1534, 'total': 1598, 'filename': 'IMG_3659.HEIC'}
2026-03-15 22:28:29 - RENAMED: 'IMG_3659.HEIC' -> ' 2026.01.01-00.31.32.1534.Kifisia.HEIC'
2026-03-15 22:28:29 - PROGRESS: {'current': 1535, 'total': 1598, 'filename': 'IMG_3660.HEIC'}
2026-03-15 22:28:29 - RENAMED: 'IMG_3660.HEIC' -> ' 2026.01.01-00.31.36.1535.Kifisia.HEIC'
2026-03-15 22:28:29 - PROGRESS: {'current': 1536, 'total': 1598, 'filename': 'IMG_3667.JPG'}
2026-03-15 22:28:29 - RENAMED: 'IMG_3667.JPG' -> ' 2026.01.02-17.44.23.1536.AgiaParaskevi.JPG'
2026-03-15 22:28:29 - PROGRESS: {'current': 1537, 'total': 1598, 'filename': 'IMG_3668.JPG'}
2026-03-15 22:28:29 - RENAMED: 'IMG_3668.JPG' -> ' 2026.01.02-17.44.31.1537.AgiaParaskevi.JPG'
2026-03-15 22:28:29 - PROGRESS: {'current': 1538, 'total': 1598, 'filename': 'IMG_3673.JPG'}
2026-03-15 22:28:29 - RENAMED: 'IMG_3673.JPG' -> ' 2026.01.02-21.10.53.1538.AgiaParaskevi.JPG'
2026-03-15 22:28:29 - PROGRESS: {'current': 1539, 'total': 1598, 'filename': 'IMG_3674.JPG'}
2026-03-15 22:28:29 - RENAMED: 'IMG_3674.JPG' -> ' 2026.01.02-21.12.35.1539.AgiaParaskevi.JPG'
2026-03-15 22:28:29 - PROGRESS: {'current': 1540, 'total': 1598, 'filename': 'IMG_3728.JPG'}
2026-03-15 22:28:29 - RENAMED: 'IMG_3728.JPG' -> ' 2026.01.17-19.15.21.1540.AgiaParaskevi.JPG'
2026-03-15 22:28:29 - PROGRESS: {'current': 1541, 'total': 1598, 'filename': 'IMG_3729.JPG'}
2026-03-15 22:28:29 - RENAMED: 'IMG_3729.JPG' -> ' 2026.01.17-19.18.23.1541.AgiaParaskevi.JPG'
2026-03-15 22:28:29 - PROGRESS: {'current': 1542, 'total': 1598, 'filename': 'IMG_3730.JPG'}
2026-03-15 22:28:29 - RENAMED: 'IMG_3730.JPG' -> ' 2026.01.17-19.18.48.1542.AgiaParaskevi.JPG'
2026-03-15 22:28:29 - PROGRESS: {'current': 1543, 'total': 1598, 'filename': 'IMG_3731.JPG'}
2026-03-15 22:28:29 - RENAMED: 'IMG_3731.JPG' -> ' 2026.01.17-19.18.54.1543.AgiaParaskevi.JPG'
2026-03-15 22:28:29 - PROGRESS: {'current': 1544, 'total': 1598, 'filename': 'IMG_3744.HEIC'}
2026-03-15 22:28:29 - RENAMED: 'IMG_3744.HEIC' -> ' 2026.01.23-20.07.23.1544.AgiaParaskevi.HEIC'
2026-03-15 22:28:29 - PROGRESS: {'current': 1545, 'total': 1598, 'filename': 'IMG_3746.JPG'}
2026-03-15 22:28:29 - RENAMED: 'IMG_3746.JPG' -> ' 2026.01.24-14.30.15.1545.AgiaParaskevi.JPG'
2026-03-15 22:28:29 - PROGRESS: {'current': 1546, 'total': 1598, 'filename': 'IMG_3776.HEIC'}
2026-03-15 22:28:29 - RENAMED: 'IMG_3776.HEIC' -> ' 2026.01.31-13.49.46.1546.AgiaParaskevi.HEIC'
2026-03-15 22:28:29 - PROGRESS: {'current': 1547, 'total': 1598, 'filename': 'IMG_3777.HEIC'}
2026-03-15 22:28:29 - RENAMED: 'IMG_3777.HEIC' -> ' 2026.01.31-13.50.01.1547.AgiaParaskevi.HEIC'
2026-03-15 22:28:29 - PROGRESS: {'current': 1548, 'total': 1598, 'filename': 'IMG_3778.HEIC'}
2026-03-15 22:28:29 - RENAMED: 'IMG_3778.HEIC' -> ' 2026.01.31-13.50.13.1548.AgiaParaskevi.HEIC'
2026-03-15 22:28:29 - PROGRESS: {'current': 1549, 'total': 1598, 'filename': 'IMG_3795.JPG'}
2026-03-15 22:28:29 - RENAMED: 'IMG_3795.JPG' -> ' 2026.02.05-18.02.14.1549.Marousi.JPG'
2026-03-15 22:28:29 - PROGRESS: {'current': 1550, 'total': 1598, 'filename': 'IMG_3796.JPG'}
2026-03-15 22:28:29 - RENAMED: 'IMG_3796.JPG' -> ' 2026.02.05-18.02.37.1550.Marousi.JPG'
2026-03-15 22:28:29 - PROGRESS: {'current': 1551, 'total': 1598, 'filename': 'IMG_3797.HEIC'}
2026-03-15 22:28:29 - RENAMED: 'IMG_3797.HEIC' -> ' 2026.02.05-18.04.17.1551.Marousi.HEIC'
2026-03-15 22:28:29 - PROGRESS: {'current': 1552, 'total': 1598, 'filename': 'IMG_3798.HEIC'}
2026-03-15 22:28:29 - RENAMED: 'IMG_3798.HEIC' -> ' 2026.02.05-18.04.17.1552.Marousi.HEIC'
2026-03-15 22:28:29 - PROGRESS: {'current': 1553, 'total': 1598, 'filename': 'IMG_3799.HEIC'}
2026-03-15 22:28:29 - RENAMED: 'IMG_3799.HEIC' -> ' 2026.02.05-18.04.17.1553.Marousi.HEIC'
2026-03-15 22:28:29 - PROGRESS: {'current': 1554, 'total': 1598, 'filename': 'IMG_3800.JPG'}
2026-03-15 22:28:29 - RENAMED: 'IMG_3800.JPG' -> ' 2026.02.05-18.04.32.1554.Marousi.JPG'
2026-03-15 22:28:29 - PROGRESS: {'current': 1555, 'total': 1598, 'filename': 'IMG_3801.JPG'}
2026-03-15 22:28:29 - RENAMED: 'IMG_3801.JPG' -> ' 2026.02.05-18.08.34.1555.Marousi.JPG'
2026-03-15 22:28:29 - PROGRESS: {'current': 1556, 'total': 1598, 'filename': 'IMG_3802.JPG'}
2026-03-15 22:28:29 - RENAMED: 'IMG_3802.JPG' -> ' 2026.02.05-18.08.39.1556.Marousi.JPG'
2026-03-15 22:28:29 - PROGRESS: {'current': 1557, 'total': 1598, 'filename': 'IMG_3803.JPG'}
2026-03-15 22:28:29 - RENAMED: 'IMG_3803.JPG' -> ' 2026.02.05-18.09.14.1557.Marousi.JPG'
2026-03-15 22:28:29 - PROGRESS: {'current': 1558, 'total': 1598, 'filename': 'IMG_3804.MOV'}
2026-03-15 22:28:29 - RENAMED: 'IMG_3804.MOV' -> 'IMG_3804_c1.MOV'
2026-03-15 22:28:29 - PROGRESS: {'current': 1559, 'total': 1598, 'filename': 'IMG_3805.MOV'}
2026-03-15 22:28:29 - RENAMED: 'IMG_3805.MOV' -> 'IMG_3805_c1.MOV'
2026-03-15 22:28:29 - PROGRESS: {'current': 1560, 'total': 1598, 'filename': 'IMG_3806.JPG'}
2026-03-15 22:28:29 - RENAMED: 'IMG_3806.JPG' -> ' 2026.02.05-19.30.25.1560.Marousi.JPG'
2026-03-15 22:28:29 - PROGRESS: {'current': 1561, 'total': 1598, 'filename': 'IMG_3810.JPG'}
2026-03-15 22:28:29 - RENAMED: 'IMG_3810.JPG' -> ' 2026.02.05-19.31.36.1561.Marousi.JPG'
2026-03-15 22:28:29 - PROGRESS: {'current': 1562, 'total': 1598, 'filename': 'IMG_3812.JPG'}
2026-03-15 22:28:29 - RENAMED: 'IMG_3812.JPG' -> ' 2026.02.05-19.32.56.1562.Marousi.JPG'
2026-03-15 22:28:29 - PROGRESS: {'current': 1563, 'total': 1598, 'filename': 'IMG_3813.MOV'}
2026-03-15 22:28:29 - RENAMED: 'IMG_3813.MOV' -> 'IMG_3813_c1.MOV'
2026-03-15 22:28:29 - PROGRESS: {'current': 1564, 'total': 1598, 'filename': 'IMG_3817.HEIC'}
2026-03-15 22:28:29 - RENAMED: 'IMG_3817.HEIC' -> ' 2026.02.08-20.51.07.1564.AgiaParaskevi.HEIC'
2026-03-15 22:28:29 - PROGRESS: {'current': 1565, 'total': 1598, 'filename': 'IMG_3827.HEIC'}
2026-03-15 22:28:29 - RENAMED: 'IMG_3827.HEIC' -> ' 2026.02.12-18.35.41.1565.Chalandri.HEIC'
2026-03-15 22:28:29 - PROGRESS: {'current': 1566, 'total': 1598, 'filename': 'IMG_3829.JPG'}
2026-03-15 22:28:29 - RENAMED: 'IMG_3829.JPG' -> ' 2026.02.14-11.46.04.1566.MunicipaUnitofFalanthos.JPG'
2026-03-15 22:28:29 - PROGRESS: {'current': 1567, 'total': 1598, 'filename': 'IMG_3831.JPG'}
2026-03-15 22:28:29 - RENAMED: 'IMG_3831.JPG' -> ' 2026.02.14-11.46.08.1567.MunicipaUnitofFalanthos.JPG'
2026-03-15 22:28:29 - PROGRESS: {'current': 1568, 'total': 1598, 'filename': 'IMG_3832.JPG'}
2026-03-15 22:28:29 - RENAMED: 'IMG_3832.JPG' -> ' 2026.02.14-11.46.14.1568.MunicipaUnitofFalanthos.JPG'
2026-03-15 22:28:29 - PROGRESS: {'current': 1569, 'total': 1598, 'filename': 'IMG_3833.JPG'}
2026-03-15 22:28:29 - RENAMED: 'IMG_3833.JPG' -> ' 2026.02.14-14.59.15.1569.Trikolonoi.JPG'
2026-03-15 22:28:29 - PROGRESS: {'current': 1570, 'total': 1598, 'filename': 'IMG_3834.JPG'}
2026-03-15 22:28:29 - RENAMED: 'IMG_3834.JPG' -> ' 2026.02.14-14.59.25.1570.Trikolonoi.JPG'
2026-03-15 22:28:29 - PROGRESS: {'current': 1571, 'total': 1598, 'filename': 'IMG_3838.JPG'}
2026-03-15 22:28:29 - RENAMED: 'IMG_3838.JPG' -> ' 2026.02.14-22.49.46.1571.MunicipaUnitofFalanthos.JPG'
2026-03-15 22:28:29 - PROGRESS: {'current': 1572, 'total': 1598, 'filename': 'IMG_3839.JPG'}
2026-03-15 22:28:29 - RENAMED: 'IMG_3839.JPG' -> ' 2026.02.15-09.34.13.1572.MunicipaUnitofFalanthos.JPG'
2026-03-15 22:28:29 - PROGRESS: {'current': 1573, 'total': 1598, 'filename': 'IMG_3842.JPG'}
2026-03-15 22:28:29 - RENAMED: 'IMG_3842.JPG' -> ' 2026.02.15-14.38.49.1573.MunicipaUnitofFalanthos.JPG'
2026-03-15 22:28:29 - PROGRESS: {'current': 1574, 'total': 1598, 'filename': 'IMG_3844.HEIC'}
2026-03-15 22:28:29 - RENAMED: 'IMG_3844.HEIC' -> ' 2026.02.15-14.40.21.1574.MunicipaUnitofFalanthos.HEIC'
2026-03-15 22:28:29 - PROGRESS: {'current': 1575, 'total': 1598, 'filename': 'IMG_3845.HEIC'}
2026-03-15 22:28:29 - RENAMED: 'IMG_3845.HEIC' -> ' 2026.02.15-14.40.24.1575.MunicipaUnitofFalanthos.HEIC'
2026-03-15 22:28:29 - PROGRESS: {'current': 1576, 'total': 1598, 'filename': 'IMG_3846.HEIC'}
2026-03-15 22:28:29 - RENAMED: 'IMG_3846.HEIC' -> ' 2026.02.15-14.40.27.1576.MunicipaUnitofFalanthos.HEIC'
2026-03-15 22:28:29 - PROGRESS: {'current': 1577, 'total': 1598, 'filename': 'IMG_3847.JPG'}
2026-03-15 22:28:29 - RENAMED: 'IMG_3847.JPG' -> ' 2026.02.15-14.40.43.1577.MunicipaUnitofFalanthos.JPG'
2026-03-15 22:28:29 - PROGRESS: {'current': 1578, 'total': 1598, 'filename': 'IMG_3849.JPG'}
2026-03-15 22:28:29 - RENAMED: 'IMG_3849.JPG' -> ' 2026.02.15-17.31.31.1578.MunicipaUnitofFalanthos.JPG'
2026-03-15 22:28:29 - PROGRESS: {'current': 1579, 'total': 1598, 'filename': 'IMG_3850.JPG'}
2026-03-15 22:28:29 - RENAMED: 'IMG_3850.JPG' -> ' 2026.02.15-17.31.35.1579.MunicipaUnitofFalanthos.JPG'
2026-03-15 22:28:29 - PROGRESS: {'current': 1580, 'total': 1598, 'filename': 'IMG_3851.JPG'}
2026-03-15 22:28:29 - RENAMED: 'IMG_3851.JPG' -> ' 2026.02.15-17.32.05.1580.MunicipaUnitofFalanthos.JPG'
2026-03-15 22:28:29 - PROGRESS: {'current': 1581, 'total': 1598, 'filename': 'IMG_3852.JPG'}
2026-03-15 22:28:29 - RENAMED: 'IMG_3852.JPG' -> ' 2026.02.15-17.32.44.1581.MunicipaUnitofFalanthos.JPG'
2026-03-15 22:28:29 - PROGRESS: {'current': 1582, 'total': 1598, 'filename': 'IMG_3853.JPG'}
2026-03-15 22:28:29 - RENAMED: 'IMG_3853.JPG' -> ' 2026.02.15-17.32.47.1582.MunicipaUnitofFalanthos.JPG'
2026-03-15 22:28:29 - PROGRESS: {'current': 1583, 'total': 1598, 'filename': 'IMG_3854.JPG'}
2026-03-15 22:28:29 - RENAMED: 'IMG_3854.JPG' -> ' 2026.02.15-17.32.51.1583.MunicipaUnitofFalanthos.JPG'
2026-03-15 22:28:29 - PROGRESS: {'current': 1584, 'total': 1598, 'filename': 'IMG_3859.JPG'}
2026-03-15 22:28:29 - RENAMED: 'IMG_3859.JPG' -> ' 2026.02.19-18.04.02.1584.AgiaParaskevi.JPG'
2026-03-15 22:28:29 - PROGRESS: {'current': 1585, 'total': 1598, 'filename': 'IMG_3864.JPG'}
2026-03-15 22:28:29 - RENAMED: 'IMG_3864.JPG' -> ' 2026.02.22-23.04.54.1585.GerakasMunicipalUnit.JPG'
2026-03-15 22:28:29 - PROGRESS: {'current': 1586, 'total': 1598, 'filename': 'IMG_3865.JPG'}
2026-03-15 22:28:29 - RENAMED: 'IMG_3865.JPG' -> ' 2026.02.23-20.01.33.1586.NeoPsychiko.JPG'
2026-03-15 22:28:29 - PROGRESS: {'current': 1587, 'total': 1598, 'filename': 'IMG_3866.JPG'}
2026-03-15 22:28:29 - RENAMED: 'IMG_3866.JPG' -> ' 2026.02.23-20.01.40.1587.NeoPsychiko.JPG'
2026-03-15 22:28:29 - PROGRESS: {'current': 1588, 'total': 1598, 'filename': 'IMG_3867.JPG'}
2026-03-15 22:28:29 - RENAMED: 'IMG_3867.JPG' -> ' 2026.02.23-20.01.47.1588.NeoPsychiko.JPG'
2026-03-15 22:28:29 - PROGRESS: {'current': 1589, 'total': 1598, 'filename': 'IMG_3868.JPG'}
2026-03-15 22:28:29 - RENAMED: 'IMG_3868.JPG' -> ' 2026.02.23-20.03.31.1589.NeoPsychiko.JPG'
2026-03-15 22:28:29 - PROGRESS: {'current': 1590, 'total': 1598, 'filename': 'IMG_3869.JPG'}
2026-03-15 22:28:29 - RENAMED: 'IMG_3869.JPG' -> ' 2026.02.23-20.03.33.1590.NeoPsychiko.JPG'
2026-03-15 22:28:29 - PROGRESS: {'current': 1591, 'total': 1598, 'filename': 'IMG_3870.JPG'}
2026-03-15 22:28:29 - RENAMED: 'IMG_3870.JPG' -> ' 2026.02.23-20.03.35.1591.NeoPsychiko.JPG'
2026-03-15 22:28:29 - PROGRESS: {'current': 1592, 'total': 1598, 'filename': 'IMG_3875.HEIC'}
2026-03-15 22:28:29 - RENAMED: 'IMG_3875.HEIC' -> ' 2026.02.26-22.50.48.1592.AgiaParaskevi.HEIC'
2026-03-15 22:28:29 - PROGRESS: {'current': 1593, 'total': 1598, 'filename': 'IMG_3878.JPG'}
2026-03-15 22:28:29 - RENAMED: 'IMG_3878.JPG' -> ' 2026.02.27-07.55.29.1593.AgiaParaskevi.JPG'
2026-03-15 22:28:29 - PROGRESS: {'current': 1594, 'total': 1598, 'filename': 'IMG_3895.PNG'}
2026-03-15 22:28:29 - RENAMED: 'IMG_3895.PNG' -> ' 2026.03.05-15.48.32.1594..PNG'
2026-03-15 22:28:29 - PROGRESS: {'current': 1595, 'total': 1598, 'filename': 'IMG_3896.JPG'}
2026-03-15 22:28:29 - RENAMED: 'IMG_3896.JPG' -> ' 2026.03.05-18.20.05.1595.AgiaParaskevi.JPG'
2026-03-15 22:28:29 - PROGRESS: {'current': 1596, 'total': 1598, 'filename': 'IMG_3897.JPG'}
2026-03-15 22:28:29 - RENAMED: 'IMG_3897.JPG' -> ' 2026.03.05-18.20.19.1596.AgiaParaskevi.JPG'
2026-03-15 22:28:29 - PROGRESS: {'current': 1597, 'total': 1598, 'filename': 'IMG_9E63AC7D-CAB0-4247-A555-5A35654BD605.jpeg'}
2026-03-15 22:28:29 - RENAMED: 'IMG_9E63AC7D-CAB0-4247-A555-5A35654BD605.jpeg' -> ' 2025.04.04-12.46.20.1597..jpeg'
2026-03-15 22:28:29 - PROGRESS: {'current': 1598, 'total': 1598, 'filename': 'IMG_C04E026F-1B82-421E-B42B-2A175ED249A5.jpeg'}
2026-03-15 22:28:29 - RENAMED: 'IMG_C04E026F-1B82-421E-B42B-2A175ED249A5.jpeg' -> ' 2025.04.04-17.58.04.1598..jpeg'
2026-03-15 22:28:29 - SESSION_COMPLETE: {'processed_count': 1598, 'error_count': 0, 'skipped_count': 0, 'total_files': 1598}
2026-03-15 22:28:29 - === File Processing Session Completed ===
2026-03-15 22:28:29 - Total operations: 3198
2026-03-15 22:31:41 - === File Processing Session Completed ===
2026-03-15 22:31:41 - Total operations: 3198
2026-03-15 22:31:41 - === File Processing Session Completed ===
2026-03-15 22:31:41 - Total operations: 3198
